outer_fold,s2,k,sigma_over_mu,fit_p,r68,r90,tail_safe
0,qS2Bub_C,0.75,0.0478077655794909,1.1049859934294784e-13,0.06457226087049933,0.12665611171412583,True
0,qS2Bub_C,0.76,0.04766719664239847,4.472227421390118e-16,0.0645698937333578,0.12690578535358712,True
0,qS2Bub_C,0.77,0.04777407779498441,1.4785732467612985e-14,0.06474048570932234,0.12673085934222,True
0,qS2Bub_C,0.78,0.047570654341270946,2.0716595255911242e-14,0.06509232540477654,0.12702754798561225,True
0,qS2Bub_C,0.79,0.04592120171924571,8.083496569166721e-13,0.065429559168307,0.12732718337045135,True
0,qS2Bub_C,0.8,0.04513773268152496,1.2505851233589535e-12,0.06566148873364855,0.12697768589017552,True
0,qS2Bub_C,0.81,0.046211848012103825,5.052003079361128e-18,0.06574211673937352,0.1269392216240517,True
0,qS2Bub_C,0.82,0.04690936251367077,5.328352541962559e-15,0.06592202689006443,0.12673553066061521,True
0,qS2Bub_C,0.83,0.046208480477189645,5.3360158902501605e-19,0.06606981640209161,0.12646866418961047,True
0,qS2Bub_C,0.84,0.04626853517988217,2.071438847178693e-16,0.06608583309655541,0.12671307559345854,True
0,qS2Bub_C,0.85,0.04599559252709571,7.036323864985146e-20,0.06594767968832502,0.12703201246453633,True
0,qS2Bub_C,0.86,0.046389856908889665,3.063878640672182e-20,0.06612337395485511,0.12742511427234837,True
0,qS2Bub_C,0.87,0.045059456111786085,4.5332219142425886e-17,0.06626708327184887,0.12756992837089587,True
0,qS2Bub_C,0.88,0.044454734602799126,7.009729913287492e-17,0.06641914913438753,0.12764501959060393,True
0,qS2Bub_C,0.89,0.04529913360801376,1.0440324379036424e-17,0.06663675982754352,0.12780632520646945,True
0,qS2Bub_C,0.9,0.04449763612164056,2.931749163153475e-16,0.06684826579368751,0.1277420397068779,True
0,qS2Bub_C,0.91,0.04442831302377457,5.573974164311294e-17,0.06666295774531049,0.12806453204124843,True
0,qS2Bub_C,0.92,0.042196870698735574,3.270090191081753e-16,0.06661167981075541,0.1285020491360076,True
0,qS2Bub_C,0.93,0.04150326177751389,1.068212687851998e-15,0.06664314457180064,0.12864931096679802,True
0,qS2Bub_C,0.94,0.04124991046620702,6.451684364306772e-20,0.06665320248155776,0.12882431423504265,True
0,qS2Bub_C,0.95,0.040619593571806896,3.5220368321972147e-26,0.06685790811560062,0.12901749892723008,True
0,qS2Bub_C,0.96,0.040332754314872314,6.818722036287889e-33,0.06689991614131,0.12908741382261388,True
0,qS2Bub_C,0.97,0.04003663608537852,3.86822366169116e-37,0.06687992109559636,0.1293451554535166,True
0,qS2Bub_C,0.98,0.03916449474148956,1.4570445113565588e-47,0.0668470107214166,0.1295125126339189,True
0,qS2Bub_C,0.99,0.03897489759651519,2.7257436023426414e-58,0.06678600267499879,0.12967898030387937,True
0,qS2Bub_C,1.0,0.038434652478909356,5.9301761460031906e-58,0.06694344209828065,0.12981625107854486,True
0,qS2Bub_C,1.01,0.03854825019742199,8.709947524939194e-50,0.06734278385337501,0.12982933832487734,False
0,qS2Bub_C,1.02,0.03875068041842701,3.7114708556098283e-53,0.06742092326052772,0.12988905390296807,False
0,qS2Bub_C,1.03,0.038279758834646675,7.846449445955913e-49,0.06783201998068737,0.1302411257750904,False
0,qS2Bub_C,1.04,0.03810101636609915,3.593478445308925e-45,0.06780230139995057,0.13061888511595457,False
0,qS2Bub_C,1.05,0.039089050619265674,1.2648086483377214e-37,0.06798905743233295,0.1307007137990906,False
0,qS2Bub_C,1.06,0.03980330156585158,2.363930908967533e-34,0.06819356192270982,0.13130773349866262,False
0,qS2Bub_C,1.07,0.040137506964595414,3.9180366615819155e-35,0.0680391594423663,0.13147774883352284,False
0,qS2Bub_C,1.08,0.04013240800232509,2.8429123507008024e-32,0.06799628382000986,0.1317412682520119,False
0,qS2Bub_C,1.09,0.040378562896217385,2.535026139073906e-32,0.06808659939751537,0.13169037924717075,False
0,qS2Bub_C,1.1,0.03974032038888439,2.4700320738649618e-23,0.06815132697790348,0.13174498636257934,False
0,qS2Bub_C,1.11,0.03971540306316084,1.935106323104484e-24,0.0680706976091225,0.1319428661194473,False
0,qS2Bub_C,1.12,0.04013744358362894,1.0247858092875658e-18,0.068025269145456,0.13196721479184706,False
0,qS2Bub_C,1.13,0.04025144228133074,3.999829015533331e-17,0.06803996407419476,0.13215294994614987,False
0,qS2Bub_C,1.14,0.04019209623495594,7.365669568726706e-18,0.06815583670899505,0.13239901830008535,False
0,qS2Bub_C,1.15,0.04027149214279072,5.886580476331459e-20,0.06843105241440796,0.13268578861570662,False
0,qS2Bub_C,1.16,0.040356026854720076,3.9085967913730886e-19,0.06871798100772646,0.1328812402860043,False
0,qS2Bub_C,1.17,0.040327353040672996,1.9490248453683477e-20,0.06901271660036036,0.1327916947325428,False
0,qS2Bub_C,1.18,0.04076579739524204,4.119989050166939e-17,0.06904724753872707,0.133117593968639,False
0,qS2Bub_C,1.19,0.040795081399108375,1.0143215850766114e-15,0.06929924391354622,0.13329370283521025,False
0,qS2Bub_C,1.2,0.04065848362651868,7.159520880786094e-14,0.06947954878295848,0.13367437928994805,False
0,qS2Bub_C,1.21,0.040640894884808654,1.1637396799250793e-14,0.06945869463854017,0.13386340673170843,False
0,qS2Bub_C,1.22,0.04061313210617784,1.9401778210537017e-14,0.0696207371510483,0.13388760212872955,False
0,qS2Bub_C,1.23,0.04082150354293493,5.872221386319836e-14,0.06998227442514192,0.13411205689764932,False
0,qS2Bub_C,1.24,0.04095590176901085,1.3897940987985435e-10,0.06997521213642129,0.13431643689999534,False
0,qS2Bub_C,1.25,0.04132151187298121,2.613262838126136e-11,0.06990344858909489,0.1344487757179089,False
0,qS2Bub_C,1.26,0.04125454924527039,2.6598767943890766e-11,0.0701100965867975,0.13472714373087685,False
0,qS2Bub_C,1.27,0.0415163318026949,5.8193252281208184e-11,0.0703589593555344,0.1351303375394511,False
0,qS2Bub_C,1.28,0.04150155657271317,2.6098157279583875e-11,0.07022608005892671,0.1355447001492809,False
0,qS2Bub_C,1.29,0.04166988295072584,1.1734758999193249e-08,0.07038490114396348,0.1357044907363891,False
0,qS2Bub_C,1.3,0.04145798046629617,1.2992448862014974e-07,0.07058193370430821,0.13579395613993273,False
0,qS2Bdesub_C,0.75,0.0477504271491073,7.440652115515045e-14,0.06457175329078488,0.12665673529279037,True
0,qS2Bdesub_C,0.76,0.04763761760957607,5.163099996053329e-16,0.06457003596315135,0.12690569496984228,True
0,qS2Bdesub_C,0.77,0.047702057296741686,1.3059196134064369e-14,0.06474049844885249,0.12673100885656388,True
0,qS2Bdesub_C,0.78,0.04753403912438393,1.8218202828384978e-14,0.06509241490392674,0.12702783883654764,True
0,qS2Bdesub_C,0.79,0.04588768659065454,8.383563299772854e-13,0.06543009247903059,0.12732713413536534,True
0,qS2Bdesub_C,0.8,0.04511483741670136,1.0866597222879565e-12,0.06566153952755174,0.12697735041782113,True
0,qS2Bdesub_C,0.81,0.04620670314054897,3.330903188664702e-18,0.06574226641073393,0.1269388918558356,True
0,qS2Bdesub_C,0.82,0.04691088482844931,8.439507122169032e-15,0.06592212006022423,0.12673519017697069,True
0,qS2Bdesub_C,0.83,0.04622071344773862,9.381346809057922e-19,0.06606958633418179,0.1264682513816199,True
0,qS2Bdesub_C,0.84,0.04626810212570224,2.864432037877398e-16,0.06608599597518787,0.12671309128654132,True
0,qS2Bdesub_C,0.85,0.04598856373184198,6.486900789212047e-20,0.06594778449724194,0.12703160414111214,True
0,qS2Bdesub_C,0.86,0.04637288317996677,2.8237794848801657e-20,0.06612322076092389,0.12742531368411522,True
0,qS2Bdesub_C,0.87,0.045057194088083695,5.206515998638425e-17,0.06624935196379843,0.1275695318300377,True
0,qS2Bdesub_C,0.88,0.04446234260754526,1.0044838429445267e-16,0.06636788816481426,0.12764463555082617,True
0,qS2Bdesub_C,0.89,0.04538383704519715,3.0669439535095275e-18,0.06656584009436854,0.12780615449997465,True
0,qS2Bdesub_C,0.9,0.044530531921874304,1.588761271518175e-16,0.06684846634095896,0.12774235795196504,True
0,qS2Bdesub_C,0.91,0.04446073210800138,2.5586410936263543e-17,0.06666299338014012,0.1280644395250793,True
0,qS2Bdesub_C,0.92,0.04220874362317806,3.5184553228488335e-16,0.06661168696770188,0.12850230622405875,True
0,qS2Bdesub_C,0.93,0.04151360287333622,1.2806999078839588e-15,0.06664332670427216,0.12864953463702913,True
0,qS2Bdesub_C,0.94,0.04126197617006524,6.832593488897222e-20,0.06665307599257594,0.12882457091869526,True
0,qS2Bdesub_C,0.95,0.040635912795259924,5.881808215842617e-26,0.06685809381964401,0.1290181314060335,True
0,qS2Bdesub_C,0.96,0.040327476025652696,5.721715320859822e-33,0.06690008080453702,0.12908787845632919,True
0,qS2Bdesub_C,0.97,0.0400476624703454,5.228661330787099e-37,0.06687966363966702,0.1293455380170517,True
0,qS2Bdesub_C,0.98,0.03918791601137109,5.073127350138362e-47,0.0668472229937045,0.12951282434710049,True
0,qS2Bdesub_C,0.99,0.03899193837291776,7.515272912770713e-58,0.0667862987294654,0.1296783593864345,True
0,qS2Bdesub_C,1.0,0.03844653270532812,9.158102429743365e-58,0.06694358365029693,0.12981618290191171,True
0,qS2Bdesub_C,1.01,0.03856896505539552,1.6953132734389743e-49,0.06734244775889575,0.12982975121593782,False
0,qS2Bdesub_C,1.02,0.03874904348555277,2.8151232057237425e-53,0.0674201572964081,0.12988915996754336,False
0,qS2Bdesub_C,1.03,0.038248440813137115,2.447970877923853e-49,0.06783162306954936,0.13024151267960127,False
0,qS2Bdesub_C,1.04,0.03946611124724342,4.959527267483673e-45,0.06780286171671042,0.13061824964281737,False
0,qS2Bdesub_C,1.05,0.039066865139610274,5.642413832585827e-38,0.06798912447572425,0.13070092534626965,False
0,qS2Bdesub_C,1.06,0.03978918697416194,1.418185066600519e-34,0.06819367239407934,0.1313075610958718,False
0,qS2Bdesub_C,1.07,0.04012711790483816,2.8690494405974886e-35,0.06803946164001896,0.13140709529887745,False
0,qS2Bdesub_C,1.08,0.04012865869591495,2.84877144891112e-32,0.06799615894500544,0.13143758921296086,False
0,qS2Bdesub_C,1.09,0.04039437320063892,3.4495803529067936e-32,0.06808629234562295,0.13140630073535223,False
0,qS2Bdesub_C,1.1,0.03973370500698692,2.5891377453411572e-23,0.06815114581262545,0.1314801447410111,False
0,qS2Bdesub_C,1.11,0.03970764263592985,1.6670292304533764e-24,0.06807071519234904,0.13169737642128618,False
0,qS2Bdesub_C,1.12,0.040134457028643884,1.0054685845716254e-18,0.06802552081563994,0.13190448239283653,False
0,qS2Bdesub_C,1.13,0.04026404542114819,3.791333754086403e-17,0.0680400939350606,0.13215271343197083,False
0,qS2Bdesub_C,1.14,0.0401985041091527,1.26948223428014e-17,0.0681558477428301,0.13239895077925756,False
0,qS2Bdesub_C,1.15,0.0402752316629868,7.747062065487728e-20,0.06843090471812195,0.13268629457310663,False
0,qS2Bdesub_C,1.16,0.040360154903788366,6.651072788868066e-19,0.06871779797195196,0.1328816528417226,False
0,qS2Bdesub_C,1.17,0.0403224153583181,2.3470448204541657e-20,0.06901337767367359,0.13279136847627906,False
0,qS2Bdesub_C,1.18,0.040764390982465565,5.375616011175224e-17,0.0690472354950685,0.13311760291007244,False
0,qS2Bdesub_C,1.19,0.04078986756377754,8.544503223232252e-16,0.0692992819523791,0.1332934838622957,False
0,qS2Bdesub_C,1.2,0.04063592116214222,4.466357757828595e-14,0.06947946420269924,0.1336743162768263,False
0,qS2Bdesub_C,1.21,0.04064374377123902,1.1004819473854989e-14,0.0694585538658308,0.13386368217825448,False
0,qS2Bdesub_C,1.22,0.04061519230462324,1.6635102277082913e-14,0.06961401749005411,0.13388809774010238,False
0,qS2Bdesub_C,1.23,0.040828344631250575,3.7396124535287153e-14,0.06983688516149295,0.13411202405548656,False
0,qS2Bdesub_C,1.24,0.04094967318499236,8.3807449664939e-11,0.06991701800276294,0.13431599461409963,False
0,qS2Bdesub_C,1.25,0.041307647906891565,1.3401081161455795e-11,0.06984872805454247,0.13444859508769438,False
0,qS2Bdesub_C,1.26,0.0412394962450026,9.717781203756048e-12,0.07001123431795175,0.13472710616872777,False
0,qS2Bdesub_C,1.27,0.04149591395490589,1.5324857432999383e-11,0.07017499606185874,0.13513064853550705,False
0,qS2Bdesub_C,1.28,0.04148132986911615,6.362353949167474e-12,0.07018600235819118,0.13554492748365665,False
0,qS2Bdesub_C,1.29,0.04165680681993569,5.938888634386779e-09,0.07038513233652659,0.13570470847989666,False
0,qS2Bdesub_C,1.3,0.04139854506689414,7.701576611638993e-08,0.07058178180361938,0.13579391525674642,False
0,qS2Bub_C_stretch,0.75,0.05020665034176405,3.965197766598375e-05,0.06507535967317113,0.12554749210019414,True
0,qS2Bub_C_stretch,0.76,0.050695475900438616,1.0693252588672512e-07,0.06516311040606287,0.12580816816059223,True
0,qS2Bub_C_stretch,0.77,0.04977726422060174,1.258481736330322e-08,0.06495163840105854,0.12631505149418773,True
0,qS2Bub_C_stretch,0.78,0.0494764102239906,2.227324706461265e-07,0.06531275849742793,0.12636058020441968,True
0,qS2Bub_C_stretch,0.79,0.049628274509315215,7.78732422451807e-09,0.0654314768688137,0.12639778888492842,True
0,qS2Bub_C_stretch,0.8,0.048264740425497936,4.695819912526877e-08,0.06529534102031893,0.12618723784564864,True
0,qS2Bub_C_stretch,0.81,0.049376498393651505,8.593708089408742e-09,0.06522804619138936,0.1263063542525388,True
0,qS2Bub_C_stretch,0.82,0.048773210699236166,3.1081709147398205e-06,0.06509862228287043,0.12621664224515017,True
0,qS2Bub_C_stretch,0.83,0.048504299636250386,4.173714353574072e-08,0.06500813759967014,0.12626742062043855,True
0,qS2Bub_C_stretch,0.84,0.04871299279583617,4.483118217308193e-11,0.06486392332347296,0.12619612154491736,True
0,qS2Bub_C_stretch,0.85,0.0479286472296216,4.478182201861951e-10,0.06489271814361187,0.12623379372635138,True
0,qS2Bub_C_stretch,0.86,0.048832913321526804,1.0608108164312458e-09,0.06504060285156789,0.12645135128449528,True
0,qS2Bub_C_stretch,0.87,0.04874984149622167,2.926793254922096e-10,0.06503945149772998,0.12676112566305364,True
0,qS2Bub_C_stretch,0.88,0.04819063740885981,2.9760084504511724e-12,0.06504466369922374,0.1268266725773028,True
0,qS2Bub_C_stretch,0.89,0.04859115770526539,2.8267956275335525e-11,0.06503464587738295,0.12736794076721075,True
0,qS2Bub_C_stretch,0.9,0.04816547173135032,4.0883630073920905e-11,0.06499480413613987,0.1276239118780482,True
0,qS2Bub_C_stretch,0.91,0.0479693437667038,6.234841963029216e-13,0.06514397020016931,0.1277758753297368,True
0,qS2Bub_C_stretch,0.92,0.04789974610227355,3.1314188238985603e-12,0.0653896944342137,0.12772538871996636,True
0,qS2Bub_C_stretch,0.93,0.047849021424263144,6.469030089669371e-12,0.06572118173236922,0.12795836908853767,True
0,qS2Bub_C_stretch,0.94,0.04650946636024616,9.928565866294458e-11,0.06602932154956326,0.12805463720946456,True
0,qS2Bub_C_stretch,0.95,0.04526182047765997,3.584648162670119e-13,0.06626689028541492,0.12798450810159964,True
0,qS2Bub_C_stretch,0.96,0.046720700431193994,1.0173743137977092e-19,0.06625145184122208,0.12782159247322142,True
0,qS2Bub_C_stretch,0.97,0.047500155167898794,1.3675130947245074e-19,0.06625674982103415,0.12794948663710237,True
0,qS2Bub_C_stretch,0.98,0.04787225632750492,5.890355893837042e-22,0.06641710661786139,0.12767760535869033,True
0,qS2Bub_C_stretch,0.99,0.04655941073898105,1.8327081397372814e-15,0.06654768779846731,0.12757047562301174,True
0,qS2Bub_C_stretch,1.0,0.04634425262445532,5.650292071770739e-15,0.0665523703166375,0.12762907189431485,True
0,qS2Bub_C_stretch,1.01,0.04675112564430601,8.471732721142788e-17,0.06649748347764477,0.12786848528847597,True
0,qS2Bub_C_stretch,1.02,0.04563832006491531,1.801834493595993e-16,0.06657316808133185,0.12819320611278046,True
0,qS2Bub_C_stretch,1.03,0.04569578121250486,2.5460905458397727e-16,0.06666965263547886,0.12852865168648916,True
0,qS2Bub_C_stretch,1.04,0.044860825472562815,9.999264525906291e-15,0.06680813523960956,0.12863248504024097,True
0,qS2Bub_C_stretch,1.05,0.045093379280542,4.754293793314356e-16,0.06692348904624056,0.12890427540044108,True
0,qS2Bub_C_stretch,1.06,0.04416796717486842,4.9447908243818173e-14,0.06717910374981144,0.1286360824117861,False
0,qS2Bub_C_stretch,1.07,0.04468080073268633,7.606317894976331e-17,0.06727728692417417,0.1286074542952378,False
0,qS2Bub_C_stretch,1.08,0.04424918494808191,1.2591534635060236e-21,0.06714354966706879,0.12879664181069547,False
0,qS2Bub_C_stretch,1.09,0.04440661270169404,3.8319399749167984e-20,0.06708901677658724,0.12919158739450848,False
0,qS2Bub_C_stretch,1.1,0.04251446794104544,9.474000039145933e-19,0.06693347812783842,0.1294354064567866,True
0,qS2Bub_C_stretch,1.11,0.04131225952982498,1.7860706521107296e-20,0.06711028272977251,0.12956747223374662,False
0,qS2Bub_C_stretch,1.12,0.04142255889045137,1.2154850348920674e-21,0.06704849510537465,0.12965591240839047,True
0,qS2Bub_C_stretch,1.13,0.04064340067946877,1.7948710608726337e-25,0.0672619367308562,0.12980993277258268,False
0,qS2Bub_C_stretch,1.14,0.040299878067602546,1.5821313212776245e-33,0.06733467296539204,0.12985015366916577,False
0,qS2Bub_C_stretch,1.15,0.039673140918334536,3.270083681406402e-45,0.06733608502196453,0.1300397510549952,False
0,qS2Bub_C_stretch,1.16,0.03961394028146941,1.8208925323256406e-49,0.06732217248088772,0.13019667184588396,False
0,qS2Bub_C_stretch,1.17,0.03967838723035324,9.789618545360722e-57,0.06715306424560775,0.13031568164729496,False
0,qS2Bub_C_stretch,1.18,0.03846111954682301,9.131788375991756e-63,0.06720083751362135,0.13049136209840848,False
0,qS2Bub_C_stretch,1.19,0.03861790757572039,1.2674921274223811e-55,0.0673219422639698,0.1306286635575955,False
0,qS2Bub_C_stretch,1.2,0.03872711091533001,1.6412312922412377e-53,0.06763839545596251,0.13048379352378406,False
0,qS2Bub_C_stretch,1.21,0.03870725003738356,2.4222864119499097e-52,0.06787735008007648,0.13061328261358243,False
0,qS2Bub_C_stretch,1.22,0.038421236378487794,1.5842553378717386e-50,0.06803777090997683,0.13109407741624268,False
0,qS2Bub_C_stretch,1.23,0.038372545768449305,4.722768896813079e-49,0.06825664120952467,0.13137772886315505,False
0,qS2Bub_C_stretch,1.24,0.03905546727543211,1.1896203288312126e-39,0.06822949112230998,0.13155720128345771,False
0,qS2Bub_C_stretch,1.25,0.03921943244883819,7.229686968185343e-33,0.06839471488967022,0.13178922935951062,False
0,qS2Bub_C_stretch,1.26,0.03942446353234656,3.909296798198533e-32,0.06860316812525434,0.13202980025209785,False
0,qS2Bub_C_stretch,1.27,0.03941169174576714,3.3447435899168965e-28,0.0684360753354187,0.1321731768908079,False
0,qS2Bub_C_stretch,1.28,0.04033184053523133,1.9609509959563306e-33,0.06843718933514047,0.13232932779939374,False
0,qS2Bub_C_stretch,1.29,0.04008255057370504,2.8446835447568496e-29,0.06844833520329618,0.13228924146721782,False
0,qS2Bub_C_stretch,1.3,0.040063344938610974,1.1389525065774226e-27,0.06851844215290065,0.13239629811427595,False
0,qS2Bdesub_C_stretch,0.75,0.05060593897548894,1.6394663562213294e-05,0.0650590108125096,0.12555564206671302,True
0,qS2Bdesub_C_stretch,0.76,0.05090984611278732,3.512535039893954e-08,0.06516767075818032,0.12581773601762392,True
0,qS2Bdesub_C_stretch,0.77,0.04986133562665083,3.7400266536090596e-08,0.06495317403297286,0.12631894271703903,True
0,qS2Bdesub_C_stretch,0.78,0.04928554442909039,3.3190894439843424e-09,0.06531610123497651,0.12636864218294488,True
0,qS2Bdesub_C_stretch,0.79,0.04950345138687372,1.7536646646528727e-08,0.06543720260534434,0.12640843633176205,True
0,qS2Bdesub_C_stretch,0.8,0.04854270464811203,3.246503193828205e-08,0.06529666036101552,0.12618834240122642,True
0,qS2Bdesub_C_stretch,0.81,0.04929566968149614,1.9485816704321436e-08,0.06522821305400948,0.1263067802594471,True
0,qS2Bdesub_C_stretch,0.82,0.04878361430295618,3.1489102208792213e-06,0.06509908898844019,0.12621750839737586,True
0,qS2Bdesub_C_stretch,0.83,0.04851302940862456,3.987318854430592e-08,0.0650091148244618,0.12626876978656934,True
0,qS2Bdesub_C_stretch,0.84,0.04868657036542202,2.6170979715621214e-11,0.06486420227452708,0.12619461246163274,True
0,qS2Bdesub_C_stretch,0.85,0.04795098203186783,4.539446829083905e-10,0.06489153702084972,0.12623364940374068,True
0,qS2Bdesub_C_stretch,0.86,0.04885738996242661,1.090884492108967e-09,0.06504078406467792,0.1264520021167375,True
0,qS2Bdesub_C_stretch,0.87,0.04877142465066205,2.5747524917105357e-10,0.0650382738445557,0.12676169888571165,True
0,qS2Bdesub_C_stretch,0.88,0.04819267943070558,1.7932685682314834e-12,0.06504428756096935,0.126826965268803,True
0,qS2Bdesub_C_stretch,0.89,0.048568894236650534,1.3560194404744458e-11,0.0650344827324274,0.12736794076824023,True
0,qS2Bdesub_C_stretch,0.9,0.04814563309968287,3.0100720398052475e-11,0.06499446825848129,0.12762408024845742,True
0,qS2Bdesub_C_stretch,0.91,0.047963065556400765,4.1821212956083313e-13,0.06514371626018066,0.12777626774090248,True
0,qS2Bdesub_C_stretch,0.92,0.04792417966283415,4.007233355004533e-12,0.06538967482920939,0.12772570512190887,True
0,qS2Bdesub_C_stretch,0.93,0.047832679482334856,7.591064982331201e-12,0.06572067792441107,0.127958207319034,True
0,qS2Bdesub_C_stretch,0.94,0.04651162005914565,1.449870006364922e-10,0.0660293431649899,0.12805431449077484,True
0,qS2Bdesub_C_stretch,0.95,0.04524590250849682,4.82287896677197e-13,0.06626694114901968,0.12798408664864788,True
0,qS2Bdesub_C_stretch,0.96,0.0467147873050555,1.6610805646094483e-19,0.06625201572703998,0.12782128044392208,True
0,qS2Bdesub_C_stretch,0.97,0.047478500879706606,5.858619237161404e-20,0.06625673676276855,0.12794936422190112,True
0,qS2Bdesub_C_stretch,0.98,0.04785210047104098,4.432008278008651e-22,0.06641686883399153,0.12767717396955236,True
0,qS2Bdesub_C_stretch,0.99,0.046555200257626876,1.6770745345188053e-15,0.06654727740593637,0.12757015961076448,True
0,qS2Bdesub_C_stretch,1.0,0.04636190679399855,4.404119838791561e-15,0.06655183698610166,0.12762898430318678,True
0,qS2Bdesub_C_stretch,1.01,0.046743701345633916,6.870144765106779e-17,0.06649730868953561,0.1278685990604643,True
0,qS2Bdesub_C_stretch,1.02,0.04563122347311383,1.8720925657800849e-16,0.06657343589369784,0.12819279025426283,True
0,qS2Bdesub_C_stretch,1.03,0.04568974711053464,2.6188352345570724e-16,0.0666701131185938,0.1285291348159455,True
0,qS2Bdesub_C_stretch,1.04,0.04486268469136646,1.3997623025427539e-14,0.06680832453819509,0.12863225204466774,True
0,qS2Bdesub_C_stretch,1.05,0.04509724081162013,7.001573860712172e-16,0.06689538352901514,0.12890380835038898,True
0,qS2Bdesub_C_stretch,1.06,0.044185891797957226,8.045166949051157e-14,0.06709545624383025,0.12863604009955917,False
0,qS2Bdesub_C_stretch,1.07,0.04456835551452216,2.617082242818104e-16,0.06726947565333731,0.12860720087007768,False
0,qS2Bdesub_C_stretch,1.08,0.044092026463423424,9.386040530619175e-21,0.0671437928934965,0.12879674295147386,False
0,qS2Bdesub_C_stretch,1.09,0.04425377471482699,5.144985019321585e-19,0.06708916881490072,0.12919157760703004,False
0,qS2Bdesub_C_stretch,1.1,0.04252240645759401,1.0102974401722907e-18,0.06693353112187336,0.12943525881740908,True
0,qS2Bdesub_C_stretch,1.11,0.04132074093555223,3.2766155584276893e-20,0.06711051475971014,0.1295677868909651,False
0,qS2Bdesub_C_stretch,1.12,0.04143114769435236,1.8534665814897956e-21,0.06704894620254952,0.12965619464519168,True
0,qS2Bdesub_C_stretch,1.13,0.04064677599753923,3.1525813499184192e-25,0.0672620652099734,0.12981044588694376,False
0,qS2Bdesub_C_stretch,1.14,0.0402982766565542,2.4010068163040842e-33,0.06733490630925647,0.12985063196047433,False
0,qS2Bdesub_C_stretch,1.15,0.03967524478217601,3.319198163517017e-45,0.06733641147861336,0.13004006521838332,False
0,qS2Bdesub_C_stretch,1.16,0.03960547539066771,2.5728593897589777e-49,0.0673220465897652,0.1301967907553344,False
0,qS2Bdesub_C_stretch,1.17,0.039705234973575664,2.665356947874812e-56,0.06715331325668664,0.13031621170856658,False
0,qS2Bdesub_C_stretch,1.18,0.038459346760727695,1.8965850453873632e-62,0.06720129581776599,0.13049098839898682,False
0,qS2Bdesub_C_stretch,1.19,0.038612595530376465,2.187545200514521e-55,0.06732174622626654,0.1306283253985324,False
0,qS2Bdesub_C_stretch,1.2,0.03873837845271189,2.383748451644984e-53,0.06763780402525775,0.1304840289367231,False
0,qS2Bdesub_C_stretch,1.21,0.03872294128439017,4.310530501116799e-52,0.06787699624984213,0.13061315926193606,False
0,qS2Bdesub_C_stretch,1.22,0.03843437486641623,2.727049682448391e-50,0.0680370809693045,0.13109414853373608,False
0,qS2Bdesub_C_stretch,1.23,0.03837019543535979,2.957963165609974e-49,0.06825692794529992,0.13137713507717755,False
0,qS2Bdesub_C_stretch,1.24,0.03903653693577212,5.1418257109281745e-40,0.0682298726719292,0.13155684783572866,False
0,qS2Bdesub_C_stretch,1.25,0.03920892457929083,7.421976173606685e-33,0.06839523357739175,0.13178917182574287,False
0,qS2Bdesub_C_stretch,1.26,0.03941776304556292,3.407317956782173e-32,0.06860310354660418,0.13202907017166937,False
0,qS2Bdesub_C_stretch,1.27,0.039523629650814164,8.166606847518174e-30,0.06843615239168213,0.13217017322966337,False
0,qS2Bdesub_C_stretch,1.28,0.040314073336497294,1.6540843290671474e-33,0.0684371216220115,0.13230469326244618,False
0,qS2Bdesub_C_stretch,1.29,0.040050147683345375,3.7460788282438366e-29,0.06844809790874787,0.13204822490864587,False
0,qS2Bdesub_C_stretch,1.3,0.04006371324126461,1.466402912754186e-27,0.06851814656317923,0.13210597978489655,False
0,qS2BC_max,0.75,0.05594344358263356,0.003928832538935828,0.07334917848495141,0.1413815393025963,False
0,qS2BC_max,0.76,0.05640895971663003,0.2653786801091932,0.07313371026521158,0.14155732471544435,False
0,qS2BC_max,0.77,0.05650131540542867,0.14051168310239853,0.07311240639098573,0.14190596070778322,False
0,qS2BC_max,0.78,0.05757648019709274,0.002541403914837097,0.07292282672874227,0.1422406147970678,False
0,qS2BC_max,0.79,0.0558258020582055,0.062842532688135,0.07298590135423298,0.14181438240529665,False
0,qS2BC_max,0.8,0.05542507903159412,0.0010387100502884665,0.07304338462657696,0.14231771843093044,False
0,qS2BC_max,0.81,0.05466159797713188,0.004731428071975527,0.07297388641858303,0.14204385516376647,False
0,qS2BC_max,0.82,0.05466392898720732,0.034006700483291324,0.07294267142309942,0.14168084609223536,False
0,qS2BC_max,0.83,0.05437701400110153,0.07065206831334157,0.0733093871745246,0.14199746078742845,False
0,qS2BC_max,0.84,0.054402782507125005,0.10251672697263303,0.07343021787728067,0.1425257868073652,False
0,qS2BC_max,0.85,0.05421302214173824,0.20466806200472712,0.07315953550131485,0.14274166396398102,False
0,qS2BC_max,0.86,0.05345651945181728,0.3207762226428523,0.07328054441251922,0.14263389039264304,False
0,qS2BC_max,0.87,0.05373033747130604,0.28903729896425545,0.07303770025571517,0.14279318711964278,False
0,qS2BC_max,0.88,0.0534672364061649,0.7996247320788814,0.07279829593591164,0.14302045410046613,False
0,qS2BC_max,0.89,0.05317431730678439,0.7530215878383698,0.07295424988637439,0.14327099730736,False
0,qS2BC_max,0.9,0.05320747686794265,0.7079057125044951,0.07295946566409452,0.14384502740370417,False
0,qS2BC_max,0.91,0.053185973173271915,0.7513561675256542,0.07282602481316545,0.14384046362522485,False
0,qS2BC_max,0.92,0.05289526212540732,0.6452965401789597,0.07300982058015812,0.14374465499083947,False
0,qS2BC_max,0.93,0.053028211725022034,0.7799033839777991,0.0730433612921289,0.14366850678973928,False
0,qS2BC_max,0.94,0.05282672551818734,0.697642786655816,0.0730664483540593,0.1437813111917572,False
0,qS2BC_max,0.95,0.05312382394201046,0.44187742604670305,0.07320709538288662,0.14497562536161582,False
0,qS2BC_max,0.96,0.0525551594835801,0.5135433678570692,0.07344212451049018,0.14526332819290166,False
0,qS2BC_max,0.97,0.05218450556653422,0.6319910530003072,0.07358628544500798,0.14476991571171718,False
0,qS2BC_max,0.98,0.0519302250453628,0.46596058011640795,0.0737238505866156,0.1446677819790497,False
0,qS2BC_max,0.99,0.05201407354533592,0.7689250465400971,0.0739514541031001,0.14483523928167794,False
0,qS2BC_max,1.0,0.05260153743169094,0.17628464132700056,0.07390345228955264,0.1448236413272463,False
0,qS2BC_max,1.01,0.05185729363959723,0.20054704541030158,0.07380504233056794,0.14501136928305372,False
0,qS2BC_max,1.02,0.05144724186038487,0.017295991988516096,0.07394231517550148,0.14523169785042847,False
0,qS2BC_max,1.03,0.053793907907473196,0.08027190817234608,0.0740564932462171,0.1456121757807061,False
0,qS2BC_max,1.04,0.05322641325264207,0.045845785903805,0.07399426450092104,0.14582880214032037,False
0,qS2BC_max,1.05,0.05355661758410495,0.08475351698150439,0.07401078053083841,0.14583031014165268,False
0,qS2BC_max,1.06,0.053544252601268834,0.03875199418014571,0.07401199383120524,0.14613475566656856,False
0,qS2BC_max,1.07,0.053471636284407854,0.0873068771089172,0.07417744580849099,0.14640029049487324,False
0,qS2BC_max,1.08,0.051854550429207745,0.5833412607333734,0.07426834496541722,0.14665840001991656,False
0,qS2BC_max,1.09,0.05186733682558979,0.23686569372227417,0.07436480761155063,0.14655640251784835,False
0,qS2BC_max,1.1,0.05160196520956076,0.24783315315335366,0.07444307923506994,0.14694688547433574,False
0,qS2BC_max,1.11,0.05155705448600343,0.6636643239448126,0.07462668306272277,0.14711884414063695,False
0,qS2BC_max,1.12,0.051876359948887396,0.8206391311563428,0.07465396929026465,0.1471844949280749,False
0,qS2BC_max,1.13,0.052747518129197944,0.27166815875647243,0.0749326877278687,0.14742224661102443,False
0,qS2BC_max,1.14,0.05006198953657625,0.9395198987741666,0.07508930799794994,0.14772660371772198,False
0,qS2BC_max,1.15,0.050258406103147024,0.8467745933936203,0.07502126297955768,0.14788689644180303,False
0,qS2BC_max,1.16,0.050283061709193826,0.6693640093000862,0.07507206813907231,0.14823102002780478,False
0,qS2BC_max,1.17,0.05035011712570004,0.8006068663181068,0.07521832376648138,0.1486525204380643,False
0,qS2BC_max,1.18,0.05272292332010078,0.6067776572471378,0.07522059028130823,0.14898970915166593,False
0,qS2BC_max,1.19,0.05018512956780286,0.9158632746827091,0.07535867040189803,0.14894431763858143,False
0,qS2BC_max,1.2,0.04990665525892386,0.9780739101062418,0.07547778848060682,0.14915134987970277,False
0,qS2BC_max,1.21,0.04992915374048209,0.9970141406207593,0.07579063618547009,0.1493754703573077,False
0,qS2BC_max,1.22,0.049780769460005675,0.9959285741233502,0.0759755149539871,0.14942219626790912,False
0,qS2BC_max,1.23,0.04988486471330461,0.9988595787220409,0.0761868823209193,0.14953771279368766,False
0,qS2BC_max,1.24,0.0498851038438445,0.9995626013532803,0.0762479036795286,0.14962738949098944,False
0,qS2BC_max,1.25,0.04989465746476077,0.9995542235004117,0.07652348957043369,0.14963635906793082,False
0,qS2BC_max,1.26,0.05288983252663149,0.10241964394365011,0.07680108424850884,0.14961536471491374,False
0,qS2BC_max,1.27,0.05319325944590257,0.06899039612151851,0.0768887009003439,0.15005742775446082,False
0,qS2BC_max,1.28,0.052063759357233744,0.5811355964419237,0.07701364390139871,0.1502058926615951,False
0,qS2BC_max,1.29,0.05195568559252988,0.5319449266174643,0.07695903642036929,0.15038664895197465,False
0,qS2BC_max,1.3,0.05131436348938714,0.8966551199366615,0.07700111486120034,0.15073015629243885,False
0,qS2Bdes_max,0.75,0.0677688099479252,0.4609015535590159,0.08942515881553771,0.16363880989537608,False
0,qS2Bdes_max,0.76,0.0671188111669365,0.5042165744731878,0.08919262138748771,0.16393145288112443,False
0,qS2Bdes_max,0.77,0.06637333782191403,0.6247016384118794,0.08917409845469428,0.16389988138376677,False
0,qS2Bdes_max,0.78,0.0659551099068579,0.47624765907977096,0.08903993621199147,0.1636661501762721,False
0,qS2Bdes_max,0.79,0.06534243505434122,0.22315788806794087,0.08899314098489057,0.16326531918141945,False
0,qS2Bdes_max,0.8,0.06422761088408215,0.14858773525418284,0.08906480288226477,0.16301326523029946,False
0,qS2Bdes_max,0.81,0.06373165823511691,0.10422198653722461,0.08910483909310676,0.16292923422478497,False
0,qS2Bdes_max,0.82,0.06427992229983921,0.036764962786325656,0.08912520773731092,0.16316364998777788,False
0,qS2Bdes_max,0.83,0.06454654517417459,0.05756398496077844,0.08910017428951102,0.16372631772211718,False
0,qS2Bdes_max,0.84,0.061384501799537874,0.05515329957349499,0.08891250911060677,0.16317709552518575,False
0,qS2Bdes_max,0.85,0.061294680659376925,0.006225852472925376,0.08872012030123966,0.16296614894458022,False
0,qS2Bdes_max,0.86,0.059183920338732016,0.43427290528999596,0.08859074772838343,0.162572960322235,False
0,qS2Bdes_max,0.87,0.05855825370810245,0.21090596235275924,0.08842791972300297,0.1621539934408931,False
0,qS2Bdes_max,0.88,0.06058130978194883,0.012536827855344778,0.08846993652125364,0.16231520319351314,False
0,qS2Bdes_max,0.89,0.06030428773550313,0.1541187663847086,0.0884518723357401,0.16232105276939432,False
0,qS2Bdes_max,0.9,0.0628088808080442,0.20312835405716675,0.08840007955802068,0.16227706672155384,False
0,qS2Bdes_max,0.91,0.05983839966723273,0.2690953459513527,0.08818471174639338,0.16278139135229883,False
0,qS2Bdes_max,0.92,0.057891147641433334,0.06338771310079422,0.08795566812751669,0.16301230692059082,False
0,qS2Bdes_max,0.93,0.06499036180102302,5.262315501749815e-05,0.0881623078572756,0.16316054678991085,False
0,qS2Bdes_max,0.94,0.06509391431596483,0.01646204451043385,0.08786613251880171,0.16295263408720612,False
0,qS2Bdes_max,0.95,0.059149503275170115,0.1426840413430836,0.08774788378120806,0.1629880636616733,False
0,qS2Bdes_max,0.96,0.058931497400947996,0.5300596450109183,0.08761150252606102,0.16341460389275828,False
0,qS2Bdes_max,0.97,0.059109168879585706,0.7855853516970388,0.0874091673787624,0.1631808278222331,False
0,qS2Bdes_max,0.98,0.05930214442950003,0.5775525594924712,0.0872360404850676,0.16333345734420884,False
0,qS2Bdes_max,0.99,0.05911768505077221,0.3244887584731777,0.08712897267964548,0.1633390475451031,False
0,qS2Bdes_max,1.0,0.05932453684000038,0.3131834968113804,0.08700107041104192,0.16339159668432934,False
0,qS2Bdes_max,1.01,0.058815034161222274,0.13725782303272976,0.08684878827648972,0.16353438146599408,False
0,qS2Bdes_max,1.02,0.0588163328540846,0.5057633781609303,0.08669240575475129,0.16387933710731425,False
0,qS2Bdes_max,1.03,0.05979544672247809,0.3859651168931589,0.08677819441364407,0.16388919526604956,False
0,qS2Bdes_max,1.04,0.05989866866296239,0.7595276294959487,0.08705329318291803,0.16384493861084415,False
0,qS2Bdes_max,1.05,0.05923858370075058,0.3428457621232287,0.08711844533854876,0.16392822143977287,False
0,qS2Bdes_max,1.06,0.0590719098754522,0.5067192674819851,0.08727037612837754,0.16373184174673763,False
0,qS2Bdes_max,1.07,0.059300866311860705,0.7425256886067284,0.0873468126166282,0.16385911221975194,False
0,qS2Bdes_max,1.08,0.0591253789256671,0.43628833161263625,0.08739403450711557,0.16374655531724197,False
0,qS2Bdes_max,1.09,0.05985570127491717,0.26090113904475404,0.0873645719700959,0.16366223550313297,False
0,qS2Bdes_max,1.1,0.05781939135277581,0.7063973964464295,0.08724917803496313,0.16371588531651776,False
0,qS2Bdes_max,1.11,0.057384046379717404,0.3608281169245068,0.08716491644279922,0.16364139144664247,False
0,qS2Bdes_max,1.12,0.057418409094750086,0.2652093899416493,0.0873135393532318,0.16371070855387823,False
0,qS2Bdes_max,1.13,0.05713632073120977,0.23759599355763533,0.08731364176193271,0.16376473027677677,False
0,qS2Bdes_max,1.14,0.05705209861445313,0.6413624858843865,0.08734366280689686,0.16415807294565615,False
0,qS2Bdes_max,1.15,0.06141027892933446,0.7612795693162971,0.08743797952531863,0.16405484890212285,False
0,qS2Bdes_max,1.16,0.05702646277022213,0.35210166736648957,0.08729727327891368,0.16375310649677194,False
0,qS2Bdes_max,1.17,0.0572406298602246,0.3185744766934848,0.08720216932660943,0.16385494022593497,False
0,qS2Bdes_max,1.18,0.06181435235789646,0.9526740041104299,0.0869875359203889,0.16399200897116584,False
0,qS2Bdes_max,1.19,0.06152362279760902,0.9946048991698365,0.08698114741729461,0.16374682876142233,False
0,qS2Bdes_max,1.2,0.057165748198381945,0.18837673750967962,0.08711333154662144,0.16404300099888555,False
0,qS2Bdes_max,1.21,0.05703284801671892,0.3771997853843894,0.08716060270157387,0.16438441447596347,False
0,qS2Bdes_max,1.22,0.06166137764084769,0.6829502345721504,0.08727287627880502,0.1646532538460614,False
0,qS2Bdes_max,1.23,0.05699509991970403,0.3405991814143306,0.08740284179117702,0.16477540825432566,False
0,qS2Bdes_max,1.24,0.05737425843446209,0.3729075499368664,0.08727796011769831,0.16483958845599983,False
0,qS2Bdes_max,1.25,0.061515834818290385,0.5116958660058581,0.0873734530160818,0.16462917397673876,False
0,qS2Bdes_max,1.26,0.0599172511054467,0.32048871564452597,0.08733007646795224,0.16491039372544192,False
0,qS2Bdes_max,1.27,0.061486929856863215,0.387471186477824,0.08736314087042774,0.16526511983224149,False
0,qS2Bdes_max,1.28,0.060001194142719226,0.5194401908644611,0.08738297742919511,0.16565914948691549,False
0,qS2Bdes_max,1.29,0.060217764042422996,0.6970616776526558,0.08742829267560022,0.1659894536192562,False
0,qS2Bdes_max,1.3,0.05996207966302675,0.9207723497363831,0.08738479234685363,0.16614279542564667,False
1,qS2Bub_C,0.75,0.04991808852988618,1.4769094804168253e-15,0.06650647294384497,0.12676096223292285,True
1,qS2Bub_C,0.76,0.049254872834397154,3.1190024951976495e-14,0.0663393764146433,0.1267236138988595,True
1,qS2Bub_C,0.77,0.049556257837842364,2.6696972404255217e-19,0.06640081922668904,0.12693566936511205,True
1,qS2Bub_C,0.78,0.049163136189850666,5.702906615112234e-21,0.06670370593466399,0.12694785925276594,True
1,qS2Bub_C,0.79,0.05006407728847149,3.3557956307094276e-27,0.06684649647355084,0.12690363701851162,True
1,qS2Bub_C,0.8,0.04718101059668661,9.170896064241826e-19,0.06728546371777468,0.127139169487393,True
1,qS2Bub_C,0.81,0.04847356323501337,1.9078691073506132e-29,0.06751161499456014,0.12712539449126115,True
1,qS2Bub_C,0.82,0.04892412967087714,8.354035501195318e-25,0.06762612192542837,0.12756814440261977,True
1,qS2Bub_C,0.83,0.048186853639144774,1.2731548563760666e-29,0.06774916430981746,0.12782705423961346,True
1,qS2Bub_C,0.84,0.04702059571769374,4.362645671884697e-28,0.06781653938834133,0.12793033107239876,True
1,qS2Bub_C,0.85,0.047114961978350564,1.8453893326649238e-30,0.06786442781901623,0.12782143552483605,True
1,qS2Bub_C,0.86,0.047834384686903944,6.703695793720289e-39,0.06795205680969346,0.12802081718222663,True
1,qS2Bub_C,0.87,0.04706026571916118,4.471062388826359e-32,0.06817111331506145,0.1280975901739727,True
1,qS2Bub_C,0.88,0.04569021620235902,5.930587651510664e-48,0.06822094354433464,0.12832667682261134,True
1,qS2Bub_C,0.89,0.04382339369330415,3.7449673302278526e-28,0.0684072575452588,0.12887440437798195,True
1,qS2Bub_C,0.9,0.043762902911376675,1.8645761437378456e-28,0.06839169019347974,0.12914072857981854,True
1,qS2Bub_C,0.91,0.04283121636270729,4.918490910349747e-31,0.06833157166153316,0.12948214116432868,True
1,qS2Bub_C,0.92,0.04249566568782847,6.826574237055998e-33,0.068606988778345,0.12980056528487371,True
1,qS2Bub_C,0.93,0.041972906860636115,1.922806737996456e-37,0.06882142703964135,0.12984045710001102,True
1,qS2Bub_C,0.94,0.04205558523481745,1.6410386229554367e-33,0.06891104658482615,0.12993944719480713,True
1,qS2Bub_C,0.95,0.040975948506839555,2.6066936383894286e-49,0.06885455918919325,0.13005058025738017,True
1,qS2Bub_C,0.96,0.041013464911954955,1.7245998707191508e-44,0.0687884924911727,0.12979707822870837,True
1,qS2Bub_C,0.97,0.040730277148560146,2.843026535865123e-51,0.06872952711663353,0.12994808393255283,True
1,qS2Bub_C,0.98,0.04021648836436757,4.6992850493706605e-55,0.06907299333108183,0.13009607138129284,False
1,qS2Bub_C,0.99,0.03976741672745528,8.463032026552824e-65,0.06878557192708563,0.1304332838912896,True
1,qS2Bub_C,1.0,0.038832706077335674,6.046365701476448e-70,0.0687957716073581,0.1306848975361572,True
1,qS2Bub_C,1.01,0.03881193461760433,2.9998667936845308e-61,0.0688475308667447,0.1306838836915021,True
1,qS2Bub_C,1.02,0.0389051123416543,2.998279982553471e-57,0.0688073923007242,0.13081879485273515,True
1,qS2Bub_C,1.03,0.039013954053314426,7.098125140266408e-60,0.06876707108839529,0.13102328278757613,False
1,qS2Bub_C,1.04,0.039485495958327156,2.8275290572026884e-52,0.06913818015888634,0.1314590788191593,False
1,qS2Bub_C,1.05,0.039805441802723426,3.194415797562843e-46,0.06939639565433638,0.13169193251616804,False
1,qS2Bub_C,1.06,0.04001158936530896,6.404719934348619e-41,0.06980192509818481,0.1318973353659744,False
1,qS2Bub_C,1.07,0.0401250110755203,1.5027585433838468e-38,0.07008130812791763,0.1327373162856388,False
1,qS2Bub_C,1.08,0.039842935836400875,8.133699866270023e-34,0.07005539432554973,0.13281541647393996,False
1,qS2Bub_C,1.09,0.039963079438137004,6.970138424563985e-37,0.07043252006879548,0.13281200143990018,False
1,qS2Bub_C,1.1,0.04141209886297146,3.8410722073502495e-31,0.07064176029898753,0.13302057034674672,False
1,qS2Bub_C,1.11,0.040943860633719305,9.833949845250006e-24,0.07088129504333018,0.13346603177269112,False
1,qS2Bub_C,1.12,0.04083898238792896,1.3576414557114253e-26,0.07115341080396352,0.13368199292991595,False
1,qS2Bub_C,1.13,0.041358128794975704,2.2051976737925937e-21,0.07123467621066316,0.13386231448779345,False
1,qS2Bub_C,1.14,0.04134259227571982,3.40812307269126e-21,0.07140811534968348,0.13391461860126472,False
1,qS2Bub_C,1.15,0.04145169888035693,3.270166816376434e-18,0.07165902289448461,0.13416173095315417,False
1,qS2Bub_C,1.16,0.0428653216681278,2.1885960017613412e-17,0.0716367237343762,0.13441744061307023,False
1,qS2Bub_C,1.17,0.04184882428515629,8.863373986952389e-15,0.07190281604051194,0.1347207351098075,False
1,qS2Bub_C,1.18,0.04221819211482809,1.1582199140874453e-17,0.07204907683211792,0.13490398003610188,False
1,qS2Bub_C,1.19,0.042166029528613536,1.1638443547220265e-14,0.0720394978784681,0.135178789755055,False
1,qS2Bub_C,1.2,0.04234283177524883,1.8800835497664232e-17,0.07219006232325068,0.1353701401146177,False
1,qS2Bub_C,1.21,0.04213167734635381,2.946910825503316e-17,0.07227442058270002,0.13611211844980642,False
1,qS2Bub_C,1.22,0.042267597000925985,2.2816882543534458e-15,0.07242071501519579,0.13655925977339345,False
1,qS2Bub_C,1.23,0.0425311274024728,7.041805434088062e-18,0.07267095088486461,0.13676526592951171,False
1,qS2Bub_C,1.24,0.04266071256521172,3.207041043551433e-12,0.07278106596382797,0.13693783393728992,False
1,qS2Bub_C,1.25,0.04251180001037543,1.2160269716031544e-11,0.07297759114899824,0.13720597513246685,False
1,qS2Bub_C,1.26,0.042842481788281365,1.176701400692334e-10,0.07306996813108178,0.13740836810542237,False
1,qS2Bub_C,1.27,0.043014168506330934,2.329751839230654e-12,0.07315300674542305,0.13776580180664683,False
1,qS2Bub_C,1.28,0.04318574490730698,8.43522698389314e-15,0.07325671968376783,0.13814876269758405,False
1,qS2Bub_C,1.29,0.043411034968838254,8.763442397915717e-16,0.07342539540170474,0.13847553277492794,False
1,qS2Bub_C,1.3,0.04354852121210656,1.4538702377498765e-12,0.07349712505625182,0.138749472232202,False
1,qS2Bdesub_C,0.75,0.04916751040549659,2.9626496551609074e-12,0.06650584728203893,0.12676105633720322,True
1,qS2Bdesub_C,0.76,0.04924872099518426,2.650000187130707e-14,0.0663393320844131,0.12672311961156088,True
1,qS2Bdesub_C,0.77,0.049585065611211225,2.384322171817518e-19,0.0664008016533561,0.12693512312337593,True
1,qS2Bdesub_C,0.78,0.049163357405161257,8.246709836636184e-21,0.06670386505655064,0.12694789253747324,True
1,qS2Bdesub_C,0.79,0.05003269213831673,1.8571810571019172e-27,0.06684687066843661,0.1269036233137967,True
1,qS2Bdesub_C,0.8,0.04716472849052916,6.792096919272781e-19,0.06728510791253063,0.12713948875183767,True
1,qS2Bdesub_C,0.81,0.048472470255316896,2.133271729570439e-29,0.06751264631138891,0.127125337262465,True
1,qS2Bdesub_C,0.82,0.04892572003655934,1.651601048482001e-24,0.06762609172316048,0.12756793206531336,True
1,qS2Bdesub_C,0.83,0.04819535482927779,1.726650478906211e-29,0.06774857419958419,0.12782726441075387,True
1,qS2Bdesub_C,0.84,0.04700528397304399,4.913920200851191e-28,0.06781666098145364,0.12793021345906333,True
1,qS2Bdesub_C,0.85,0.04709658735321566,2.262404784753597e-30,0.06781055870716762,0.1278210576744737,True
1,qS2Bdesub_C,0.86,0.047349813363214734,1.1543775298438395e-34,0.06793172602973432,0.12802093769819362,True
1,qS2Bdesub_C,0.87,0.04690329390345218,4.233966437194164e-30,0.06809668453822947,0.1280979612901515,True
1,qS2Bdesub_C,0.88,0.045576570434743474,6.9852780530047544e-46,0.06822065020689486,0.12832659832060217,True
1,qS2Bdesub_C,0.89,0.0438377472311764,7.643394735145716e-28,0.06840715193721686,0.1288743360987996,True
1,qS2Bdesub_C,0.9,0.04374564496625217,1.4750477970373665e-28,0.06839204411927863,0.1291412052146249,True
1,qS2Bdesub_C,0.91,0.042822106318208604,3.355849316573097e-31,0.06833160942409532,0.12948236358646614,True
1,qS2Bdesub_C,0.92,0.04248227225130543,3.517576490734747e-33,0.06860722555261514,0.12980049993044063,True
1,qS2Bdesub_C,0.93,0.04198006244053451,1.9572707274721493e-37,0.06882155035887247,0.1298403881276283,True
1,qS2Bdesub_C,0.94,0.04209169412612699,4.013379168724318e-33,0.06891098400204931,0.12993946983497354,True
1,qS2Bdesub_C,0.95,0.04100421280811662,5.515831895614063e-49,0.06885460847454937,0.13005039514854688,True
1,qS2Bdesub_C,0.96,0.04100579730254866,1.3206091399663913e-44,0.06878823493590992,0.12979700738168676,True
1,qS2Bdesub_C,0.97,0.04070993610100732,2.0613974320796512e-51,0.06872966417181606,0.12994798182946932,True
1,qS2Bdesub_C,0.98,0.04021831160794785,1.4978338298200385e-54,0.06907294545425108,0.13009603279240048,False
1,qS2Bdesub_C,0.99,0.039781525258921806,2.0959080918879615e-64,0.06878529653784607,0.13043336004126252,True
1,qS2Bdesub_C,1.0,0.03883627093117727,6.644606465571549e-70,0.0687961722198039,0.1306850634042044,True
1,qS2Bdesub_C,1.01,0.038810952052861225,3.1167082551153505e-61,0.06884728567462164,0.1306836476012253,True
1,qS2Bdesub_C,1.02,0.03890427814375363,3.087190557824346e-57,0.06880741091320129,0.13081869923582476,True
1,qS2Bdesub_C,1.03,0.03899427842746229,3.4793566638522303e-60,0.06876675484243751,0.1310229812003376,False
1,qS2Bdesub_C,1.04,0.039458183896660524,1.2803681347824298e-52,0.0691386480997401,0.13145920430110913,False
1,qS2Bdesub_C,1.05,0.03977714430588722,1.0970840044052087e-46,0.06939605542730053,0.13166663467463394,False
1,qS2Bdesub_C,1.06,0.03998616553923299,2.754879935330106e-41,0.06980163137604879,0.13176658728541416,False
1,qS2Bdesub_C,1.07,0.04012246690775082,1.891941523309838e-38,0.0700810791412321,0.13225436538582874,False
1,qS2Bdesub_C,1.08,0.03984216255686705,9.352182394759236e-34,0.0700553147314314,0.1323783674380301,False
1,qS2Bdesub_C,1.09,0.03998544965131798,9.93301799666667e-37,0.07043248376387001,0.13262829863166145,False
1,qS2Bdesub_C,1.1,0.04138832037331565,1.1931597211815075e-30,0.07064168879735132,0.13302072716336932,False
1,qS2Bdesub_C,1.11,0.040950941723953846,1.3389786677356723e-23,0.07088143630540407,0.13346610204012585,False
1,qS2Bdesub_C,1.12,0.04083783943604496,1.2283716235976305e-26,0.07115329163726843,0.13368247274743048,False
1,qS2Bdesub_C,1.13,0.04135987563867598,2.2279075537386274e-21,0.07123490727934702,0.1338626863862616,False
1,qS2Bdesub_C,1.14,0.041353189892061826,4.4097133107769785e-21,0.07140845798669879,0.13391483398901524,False
1,qS2Bdesub_C,1.15,0.04146608662669002,4.844275237160337e-18,0.07165948887044338,0.13416188607718277,False
1,qS2Bdesub_C,1.16,0.04288297754549063,4.312160378268818e-17,0.07158889556598175,0.134417461165565,False
1,qS2Bdesub_C,1.17,0.04187705696716056,7.644730173359987e-15,0.07186869613953054,0.13472089874153584,False
1,qS2Bdesub_C,1.18,0.04221082048413695,9.984724452113767e-18,0.07202064968309749,0.13490361545918095,False
1,qS2Bdesub_C,1.19,0.04217185395209266,1.089902038334403e-14,0.07200878435239237,0.13517866863068875,False
1,qS2Bdesub_C,1.2,0.04234331732247544,1.6879492937015878e-17,0.07213678817640028,0.13537045841702822,False
1,qS2Bdesub_C,1.21,0.04212042236263614,9.242473282461874e-18,0.07227457620888346,0.13611215794918066,False
1,qS2Bdesub_C,1.22,0.042244943602858465,6.668733819122068e-16,0.07242089175953459,0.13655948321685132,False
1,qS2Bdesub_C,1.23,0.042518965756978215,2.9834913985750624e-18,0.07267070589595591,0.13676533594307624,False
1,qS2Bdesub_C,1.24,0.042648510032905276,1.7045230511841135e-12,0.07278115992748393,0.13693803801314092,False
1,qS2Bdesub_C,1.25,0.04250660333952753,9.582632900693935e-12,0.07297775728551974,0.13720603584865165,False
1,qS2Bdesub_C,1.26,0.04283844709256426,8.131623156434732e-11,0.07307030882115781,0.13740858877384957,False
1,qS2Bdesub_C,1.27,0.04301016522618873,1.3843272335010208e-12,0.0731529761436447,0.13776587746392924,False
1,qS2Bdesub_C,1.28,0.04319615004891521,8.421092196236128e-15,0.07325675187444988,0.13814892623574088,False
1,qS2Bdesub_C,1.29,0.04342316123888394,1.0899894492042508e-15,0.0734254815044384,0.13847554702360587,False
1,qS2Bdesub_C,1.3,0.043554773093011555,1.539602826152602e-12,0.07349712386385268,0.13874940010709877,False
1,qS2Bub_C_stretch,0.75,0.05396410201363459,1.2590641876606117e-07,0.06652403427560159,0.12525214537494694,True
1,qS2Bub_C_stretch,0.76,0.054218520973032015,2.3838867194239416e-10,0.06668367401620022,0.12491126204221834,True
1,qS2Bub_C_stretch,0.77,0.05181859815787356,1.5699807837127422e-12,0.06679066891488955,0.12497352252437835,True
1,qS2Bub_C_stretch,0.78,0.052644109418734056,2.0594597339060425e-13,0.06676775250966507,0.1252439215483347,True
1,qS2Bub_C_stretch,0.79,0.0532697798850041,1.488850447678049e-11,0.06676956423308042,0.1253992442499105,True
1,qS2Bub_C_stretch,0.8,0.052488796222796945,6.385985098624823e-10,0.06666989300561336,0.12570333953351873,True
1,qS2Bub_C_stretch,0.81,0.05276096378496728,2.2489704591845548e-10,0.0664728355548311,0.12573089255984568,True
1,qS2Bub_C_stretch,0.82,0.052284749596719464,1.7440230137110596e-11,0.0666573829191326,0.12585024948369625,True
1,qS2Bub_C_stretch,0.83,0.05259465686677194,2.059978817670642e-11,0.06673362142256248,0.12631735365311494,True
1,qS2Bub_C_stretch,0.84,0.0508597896777386,1.200060817833227e-11,0.0667502336711491,0.12634377627899793,True
1,qS2Bub_C_stretch,0.85,0.05008271477573228,1.4191756229491457e-11,0.06691763402887979,0.1263312996734171,True
1,qS2Bub_C_stretch,0.86,0.05023538256220648,1.3362678871521298e-11,0.06701129914762699,0.12682652153206006,True
1,qS2Bub_C_stretch,0.87,0.049965581987120374,1.088687691299463e-15,0.06722914463574953,0.1268238390974399,True
1,qS2Bub_C_stretch,0.88,0.050149498332502956,6.48995928500417e-16,0.0671259422957765,0.12710273004966377,True
1,qS2Bub_C_stretch,0.89,0.05029703358110365,4.907658241060967e-15,0.06717814599785252,0.127650803945217,True
1,qS2Bub_C_stretch,0.9,0.05020976686821461,1.0725607885322885e-14,0.06708163191201065,0.1276517220863993,True
1,qS2Bub_C_stretch,0.91,0.05002653846986199,2.672843724437085e-14,0.06692789261963955,0.12785819106821536,True
1,qS2Bub_C_stretch,0.92,0.04950825928929723,5.880683967833464e-18,0.06697757923890559,0.12794736741057167,True
1,qS2Bub_C_stretch,0.93,0.049198806480337115,2.6491450629355154e-19,0.06721792137397513,0.1277324546914374,True
1,qS2Bub_C_stretch,0.94,0.047643403728295015,3.64110954358294e-18,0.06740908040653253,0.12763747873058096,True
1,qS2Bub_C_stretch,0.95,0.04679431514576035,8.530261515625962e-20,0.06774816218312359,0.12794194131933664,True
1,qS2Bub_C_stretch,0.96,0.04885405099077328,1.1001563329177233e-27,0.0678119334281793,0.12798800364749408,True
1,qS2Bub_C_stretch,0.97,0.049089225362476965,1.3043860325465784e-32,0.06807996918051694,0.12829109358901036,True
1,qS2Bub_C_stretch,0.98,0.04915416979788934,1.0712498856440358e-26,0.06813480062875886,0.1284826480328306,True
1,qS2Bub_C_stretch,0.99,0.04808828693105379,2.9519009418937943e-25,0.06828670009160846,0.12877914992877512,True
1,qS2Bub_C_stretch,1.0,0.04778741498989133,8.295061448182078e-27,0.06817451414016046,0.12872825553034992,True
1,qS2Bub_C_stretch,1.01,0.047481653924094674,7.731699516529706e-30,0.06831918940884332,0.12869353721706908,True
1,qS2Bub_C_stretch,1.02,0.04704244422921607,6.243923300274203e-32,0.06844412126353243,0.12878768812961053,True
1,qS2Bub_C_stretch,1.03,0.04707831454877561,5.347424242179436e-32,0.06861336102551119,0.12875210604094547,True
1,qS2Bub_C_stretch,1.04,0.046115400313988544,1.1773570651140212e-34,0.0686808917700472,0.12888436589725102,True
1,qS2Bub_C_stretch,1.05,0.04569657848531078,7.114587369854931e-33,0.06872550911254525,0.12928917135755658,True
1,qS2Bub_C_stretch,1.06,0.04369715656344467,7.07595332940356e-28,0.06884786502206278,0.12970179676006066,True
1,qS2Bub_C_stretch,1.07,0.04408606797247853,2.6055615426030725e-27,0.06889296892376649,0.13001852336840708,True
1,qS2Bub_C_stretch,1.08,0.043161173723524765,1.405121129040151e-28,0.06885549637263774,0.13026369054916465,True
1,qS2Bub_C_stretch,1.09,0.04289500634350055,6.070530724251891e-29,0.06890669613678413,0.13035316379702327,True
1,qS2Bub_C_stretch,1.1,0.041927172793464966,4.565444379595823e-34,0.06916135836216104,0.13062777734483796,False
1,qS2Bub_C_stretch,1.11,0.042261595739255836,2.608956026979197e-34,0.06919349427453911,0.13069478590209233,False
1,qS2Bub_C_stretch,1.12,0.0409485708564526,1.8121248661952486e-38,0.06942290814788905,0.1307726143288497,False
1,qS2Bub_C_stretch,1.13,0.04120637350377512,2.217128184197368e-47,0.06931769602837638,0.13090268277543884,False
1,qS2Bub_C_stretch,1.14,0.041275066106647815,1.2945749787188044e-54,0.06924248286674917,0.13076471668650436,False
1,qS2Bub_C_stretch,1.15,0.04115254311364209,1.919883504661614e-57,0.06907247634750699,0.13076047679816005,False
1,qS2Bub_C_stretch,1.16,0.040646841076561774,1.412195693595141e-66,0.0690550507605867,0.13073552507013114,False
1,qS2Bub_C_stretch,1.17,0.040160501970410246,1.1344500467239255e-58,0.06926074805717533,0.13098491459592568,False
1,qS2Bub_C_stretch,1.18,0.03890351278293822,2.830522074389449e-79,0.06922059499697071,0.13127692018275203,False
1,qS2Bub_C_stretch,1.19,0.038773081205423124,1.496121324953255e-66,0.06924200590946905,0.1314122788102006,False
1,qS2Bub_C_stretch,1.2,0.038894815438089654,2.1040074270503665e-61,0.0693106200581588,0.13152193068736606,False
1,qS2Bub_C_stretch,1.21,0.039163436441496856,6.368873459889114e-64,0.06919866693356548,0.13147955085020022,False
1,qS2Bub_C_stretch,1.22,0.038906493964774636,7.213528553063947e-66,0.06916940018141902,0.13179015301701144,False
1,qS2Bub_C_stretch,1.23,0.03981707489582431,1.104938501033009e-52,0.06928258284839617,0.1320534557019849,False
1,qS2Bub_C_stretch,1.24,0.03989143252845516,1.3093285978909375e-45,0.06959774448516826,0.13225035604204158,False
1,qS2Bub_C_stretch,1.25,0.03995990080280707,1.6235053248276534e-43,0.06987423761897305,0.13242860972000514,False
1,qS2Bub_C_stretch,1.26,0.0401114710890683,8.00119101448967e-40,0.07017784910909311,0.1330237942837128,False
1,qS2Bub_C_stretch,1.27,0.040042037999436314,4.1609442121190096e-37,0.07034042958927364,0.13342017535502504,False
1,qS2Bub_C_stretch,1.28,0.04008065102105802,2.3305673620165953e-35,0.07050633976408975,0.13339648284062552,False
1,qS2Bub_C_stretch,1.29,0.04003212464577665,2.684308253046331e-37,0.07064415293200885,0.13357852562602487,False
1,qS2Bub_C_stretch,1.3,0.039955389540661926,3.32227407829225e-36,0.07091596858663247,0.13382759537200423,False
1,qS2Bdesub_C_stretch,0.75,0.05397257916553354,6.178250236093604e-08,0.06652671483824608,0.12525699291175513,True
1,qS2Bdesub_C_stretch,0.76,0.054079419587001916,1.2747151361650597e-08,0.06669053105558287,0.12492436966618205,True
1,qS2Bdesub_C_stretch,0.77,0.05180171955841036,1.0127865893766002e-12,0.06679177010618824,0.1249732262688232,True
1,qS2Bdesub_C_stretch,0.78,0.052551365080706826,8.222363331377367e-13,0.06676791733350367,0.12524414166373246,True
1,qS2Bdesub_C_stretch,0.79,0.053348137979787984,2.3636390283809777e-11,0.06677266812733795,0.12540316318835149,True
1,qS2Bdesub_C_stretch,0.8,0.05245829569460504,1.4839071544973947e-09,0.06666992028816159,0.12570271119578436,True
1,qS2Bdesub_C_stretch,0.81,0.052696666163116,3.774619846783185e-10,0.06647259738459227,0.12573097206323403,True
1,qS2Bdesub_C_stretch,0.82,0.05225550319904434,7.636466971223878e-11,0.06665827400195155,0.12585070954323707,True
1,qS2Bdesub_C_stretch,0.83,0.050718270363355064,3.09450191034668e-11,0.06673563637610094,0.12632015861112153,True
1,qS2Bdesub_C_stretch,0.84,0.050988959767877914,1.3188878266849495e-11,0.06675267700856294,0.12634878954088222,True
1,qS2Bdesub_C_stretch,0.85,0.050145049971961675,5.277308990616383e-11,0.06691791900759156,0.12633129857791892,True
1,qS2Bdesub_C_stretch,0.86,0.05022914993144903,2.3477892354511413e-11,0.06701163181547544,0.12682636302555095,True
1,qS2Bdesub_C_stretch,0.87,0.04998248605711771,3.591006382043829e-15,0.06722959923320368,0.12682274725535236,True
1,qS2Bdesub_C_stretch,0.88,0.04934183680072822,1.0568690632888232e-15,0.06712579519562194,0.12710269270777594,True
1,qS2Bdesub_C_stretch,0.89,0.05028435865913319,3.838719309782199e-15,0.06717831828586288,0.1276509463646421,True
1,qS2Bdesub_C_stretch,0.9,0.050199635101026825,8.230075213990573e-15,0.06708039805308826,0.12765192048907453,True
1,qS2Bdesub_C_stretch,0.91,0.05002824308217179,3.056171793666038e-14,0.06692763910466284,0.12785781178007172,True
1,qS2Bdesub_C_stretch,0.92,0.04953233114820886,1.107770353611438e-17,0.06697697361201412,0.1279471254004916,True
1,qS2Bdesub_C_stretch,0.93,0.049205788702775595,4.426399806161523e-19,0.06721772986721423,0.12773227286361497,True
1,qS2Bdesub_C_stretch,0.94,0.047638150969788365,5.061393231140874e-18,0.06740884525823951,0.12763772985802505,True
1,qS2Bdesub_C_stretch,0.95,0.046772304777247,2.201850802342797e-19,0.06774843010460527,0.12794252759010893,True
1,qS2Bdesub_C_stretch,0.96,0.04884746197441793,6.426461185621589e-28,0.06781278074672574,0.12798825864164498,True
1,qS2Bdesub_C_stretch,0.97,0.04906995600504942,6.222288683299517e-33,0.06807956934617987,0.12829100746910102,True
1,qS2Bdesub_C_stretch,0.98,0.0491365659802814,6.825490172124356e-27,0.06813459216524509,0.12848242696454826,True
1,qS2Bdesub_C_stretch,0.99,0.04808202347063149,2.2403936493982104e-25,0.06828664636471438,0.12877916139072362,True
1,qS2Bdesub_C_stretch,1.0,0.047789194477901815,8.54894807420731e-27,0.06817486699909779,0.1287277465516778,True
1,qS2Bdesub_C_stretch,1.01,0.047474003528538845,7.81016523038594e-30,0.06831906410729369,0.12869314528015788,True
1,qS2Bdesub_C_stretch,1.02,0.04704883447101657,1.1061248707355053e-31,0.06838067243696791,0.12878748516588553,True
1,qS2Bdesub_C_stretch,1.03,0.0470863551361402,1.339022231547082e-31,0.06855397178696927,0.12875219942053223,True
1,qS2Bdesub_C_stretch,1.04,0.046131322201113004,2.6773205021867373e-34,0.06860931033451136,0.12888486377484287,True
1,qS2Bdesub_C_stretch,1.05,0.0457235425037359,2.3307435160901805e-32,0.06872401086928495,0.12928934666447983,True
1,qS2Bdesub_C_stretch,1.06,0.043705921645401304,1.2579911589620908e-27,0.06884749047685772,0.12970177301552496,True
1,qS2Bdesub_C_stretch,1.07,0.044088505726107126,4.3295591355622485e-27,0.06889351592037996,0.13001810705669603,True
1,qS2Bdesub_C_stretch,1.08,0.04315877855662688,2.244723344778316e-28,0.06885555942439243,0.13026358145539965,True
1,qS2Bdesub_C_stretch,1.09,0.042885262268974225,4.6138563640702153e-29,0.06890701354868053,0.13035348801666974,True
1,qS2Bdesub_C_stretch,1.1,0.04192825278452172,4.951520311392503e-34,0.06916161274125181,0.1306281453688226,False
1,qS2Bdesub_C_stretch,1.11,0.042279248166456375,4.813423319462384e-34,0.06919334648253286,0.13069457896804773,False
1,qS2Bdesub_C_stretch,1.12,0.04095992007038999,3.743231811000926e-38,0.06942244916281597,0.13077203257123585,False
1,qS2Bdesub_C_stretch,1.13,0.041223943843067073,7.332044717838508e-47,0.0693175589475123,0.13090184091784637,False
1,qS2Bdesub_C_stretch,1.14,0.041290512993773204,2.1940910801784994e-54,0.06924175854043174,0.13076401294739345,False
1,qS2Bdesub_C_stretch,1.15,0.041161478151498926,2.851443289774628e-57,0.06907297512635237,0.13076012262779763,False
1,qS2Bdesub_C_stretch,1.16,0.04063602192053582,7.713896598190529e-67,0.0690553351070278,0.13073534300486234,False
1,qS2Bdesub_C_stretch,1.17,0.04016133239978901,1.2764852613732987e-58,0.06926081733106478,0.1309847406174055,False
1,qS2Bdesub_C_stretch,1.18,0.03890503691581934,3.14430424002904e-79,0.06922055361271812,0.13127716723135968,False
1,qS2Bdesub_C_stretch,1.19,0.03876185183086611,9.308383583839415e-67,0.06924233402095428,0.13141225195703976,False
1,qS2Bdesub_C_stretch,1.2,0.03889430719320007,1.9124884822780098e-61,0.06931071659674834,0.13152192152871994,False
1,qS2Bdesub_C_stretch,1.21,0.03917395074825415,8.833232515853167e-64,0.06919844803895726,0.1314793972902388,False
1,qS2Bdesub_C_stretch,1.22,0.03890863867327066,1.1808242884065874e-65,0.06916921742578745,0.13179001492413717,False
1,qS2Bdesub_C_stretch,1.23,0.03979031720390407,5.068580156495116e-53,0.0692828230814684,0.13205375669634842,False
1,qS2Bdesub_C_stretch,1.24,0.039861917730578116,7.330030308844632e-46,0.06959758940903235,0.13225047386235914,False
1,qS2Bdesub_C_stretch,1.25,0.03994234086343581,8.515142889544419e-44,0.06987389638374525,0.1324288052819148,False
1,qS2Bdesub_C_stretch,1.26,0.04009650859411923,5.268676661898663e-40,0.07017766905295574,0.1327185083022811,False
1,qS2Bdesub_C_stretch,1.27,0.04036550877090902,5.865079118326837e-38,0.07034004957146867,0.1328846020688295,False
1,qS2Bdesub_C_stretch,1.28,0.04007144725561314,2.933653204698604e-35,0.07050668408196152,0.13289228409139367,False
1,qS2Bdesub_C_stretch,1.29,0.04003484181919084,1.8064234562582926e-37,0.07064370562561964,0.1331265237096346,False
1,qS2Bdesub_C_stretch,1.3,0.03995527673405147,3.38263060542019e-36,0.0709156587333508,0.133465212833391,False
1,qS2BC_max,0.75,0.05851020960787446,3.32376341822648e-05,0.07316289589709452,0.1425350068675498,False
1,qS2BC_max,0.76,0.05452164087027359,0.04286356618949594,0.0729373435027874,0.14303699534837414,False
1,qS2BC_max,0.77,0.054439474861202194,0.3031352593168853,0.07331540765188443,0.1432499282509697,False
1,qS2BC_max,0.78,0.054159274194842434,0.04893977406045838,0.07341509305997262,0.14345289320828622,False
1,qS2BC_max,0.79,0.05380871135030329,0.06403662639952584,0.07340564627411998,0.14334359615272574,False
1,qS2BC_max,0.8,0.052962812214315445,0.012934114840701947,0.07339151892632208,0.14314998942321122,False
1,qS2BC_max,0.81,0.056911012226298435,0.00046445675460971843,0.07352689171446526,0.1430090040339872,False
1,qS2BC_max,0.82,0.05378571711380318,0.0023295972254150786,0.07358493401396217,0.1431593890804935,False
1,qS2BC_max,0.83,0.053933170849029155,0.08235693278387142,0.07382746970790424,0.14330384538045213,False
1,qS2BC_max,0.84,0.054943001833052396,0.05006458370071481,0.07393603715716329,0.1435459005607012,False
1,qS2BC_max,0.85,0.054866238361552966,0.15258812899381619,0.07396366878809081,0.14366653430879278,False
1,qS2BC_max,0.86,0.0524662077733601,0.09598507683312622,0.07416046279131182,0.14349194846958752,False
1,qS2BC_max,0.87,0.052127097766153645,0.1443703407989309,0.0741142881054873,0.14394440570515354,False
1,qS2BC_max,0.88,0.052625175144976,0.3480111797582315,0.07409006902746104,0.14487760985173573,False
1,qS2BC_max,0.89,0.05242721148656179,0.5159409808438523,0.07392928320381251,0.1449190238749868,False
1,qS2BC_max,0.9,0.05199236539822223,0.3703019033640492,0.07405340713670229,0.14472324495066555,False
1,qS2BC_max,0.91,0.05216753479098282,0.38871624121798076,0.07397907276246002,0.14483545837774114,False
1,qS2BC_max,0.92,0.05081669316860762,0.2705729960360345,0.07416107757112457,0.14541045925185092,False
1,qS2BC_max,0.93,0.050671464674777435,0.44774164362708585,0.07423782007184965,0.14550193786857882,False
1,qS2BC_max,0.94,0.052865552247379745,0.11140466724607276,0.07458939642833083,0.1456511205164512,False
1,qS2BC_max,0.95,0.05045682937307014,0.5869837662282793,0.07469066204658417,0.14601846620949593,False
1,qS2BC_max,0.96,0.0529809481030309,0.036626964488173076,0.07460430539803078,0.1463804677818666,False
1,qS2BC_max,0.97,0.05239718137161948,0.1247729496041578,0.07484962979120674,0.14672720998238897,False
1,qS2BC_max,0.98,0.05354591313960447,0.009391913324390006,0.07489295592917954,0.1470528521296566,False
1,qS2BC_max,0.99,0.05032518696209617,0.357235222447269,0.0747299230789727,0.14688244071427922,False
1,qS2BC_max,1.0,0.05052603308343376,0.6278923353745318,0.07491589962814056,0.14725452629899666,False
1,qS2BC_max,1.01,0.05067019871454515,0.9801672397932215,0.07493371911861893,0.14741056975236053,False
1,qS2BC_max,1.02,0.0506000214646632,0.8891160917891696,0.07489370468428895,0.14782745638082098,False
1,qS2BC_max,1.03,0.050623397891796255,0.7391395098244395,0.07490882984376067,0.14787626814409705,False
1,qS2BC_max,1.04,0.05046728781272128,0.8363047146416138,0.07491061660603397,0.14798109200998463,False
1,qS2BC_max,1.05,0.052696333314571485,0.43757256857741533,0.07496113355904516,0.14810048163327583,False
1,qS2BC_max,1.06,0.05267346395946259,0.7031974956941515,0.0749832413592143,0.1482208608962325,False
1,qS2BC_max,1.07,0.05258769774160361,0.7582666159558358,0.07513920869515582,0.1484702495164268,False
1,qS2BC_max,1.08,0.05270596267567008,0.689908862328201,0.07523261523563138,0.14853681708121383,False
1,qS2BC_max,1.09,0.052313378568958784,0.34017967370951524,0.07547931640537237,0.14849316644305208,False
1,qS2BC_max,1.1,0.05262912118314722,0.42534848072739195,0.07547024280170313,0.14890912843513504,False
1,qS2BC_max,1.11,0.052742067012923846,0.5605204945268949,0.07546446815630643,0.14921127113872143,False
1,qS2BC_max,1.12,0.05281112174398363,0.8014624398402599,0.075628293810536,0.14958405261626648,False
1,qS2BC_max,1.13,0.05122786236521274,0.8962260694915848,0.07592172947652134,0.14987798673803718,False
1,qS2BC_max,1.14,0.050893291935003485,0.9301371584767973,0.07591152106312113,0.14994156111903784,False
1,qS2BC_max,1.15,0.05041230420098042,0.7726475989566444,0.07613293997068823,0.14990269959567223,False
1,qS2BC_max,1.16,0.04999791614093327,0.48064424995086824,0.07617817198730537,0.14978512492074206,False
1,qS2BC_max,1.17,0.05023914967981196,0.24716228808188723,0.07618178178452531,0.14997712419825293,False
1,qS2BC_max,1.18,0.051796069417352444,0.9997156669764501,0.07646003152364675,0.15019120265465197,False
1,qS2BC_max,1.19,0.053189220024837246,0.44468964501309044,0.07644549632975405,0.15016291995553624,False
1,qS2BC_max,1.2,0.050386901233106796,0.9683867367698356,0.07654742399605921,0.15048911779165985,False
1,qS2BC_max,1.21,0.052759365045299086,0.5859183605847494,0.07662256740526735,0.1507604851468981,False
1,qS2BC_max,1.22,0.05065531621732875,0.9383929551990977,0.07698653753206945,0.15091725457566846,False
1,qS2BC_max,1.23,0.050704543947919636,0.972796029237633,0.07727125092520154,0.15115340918007183,False
1,qS2BC_max,1.24,0.05051939358481389,0.9473556763143584,0.07749487088521996,0.15129457930164264,False
1,qS2BC_max,1.25,0.0526782732509499,0.3065615223364516,0.07766374284535989,0.15159274241122928,False
1,qS2BC_max,1.26,0.053127998259972574,0.43520212570116074,0.07782615311346149,0.15176826271024416,False
1,qS2BC_max,1.27,0.053706326616220594,0.07447321765130217,0.0782068111834796,0.15202996294762505,False
1,qS2BC_max,1.28,0.0532249731337457,0.2287644179137758,0.07850844384797842,0.15222977845941638,False
1,qS2BC_max,1.29,0.05153086772383437,0.7126462804620189,0.0786676464073556,0.15229999722893434,False
1,qS2BC_max,1.3,0.05051408034097219,0.9591961684119802,0.0784576462538063,0.15237991013411775,False
1,qS2Bdes_max,0.75,0.06988813737170964,0.034595442447756135,0.09057624794400866,0.1648904023542525,False
1,qS2Bdes_max,0.76,0.06774469433728107,0.33499704505679206,0.09053027706401562,0.16484405164766516,False
1,qS2Bdes_max,0.77,0.06783783846453449,0.050959730375665556,0.09040135807296898,0.16485409244089552,False
1,qS2Bdes_max,0.78,0.06669790627453434,0.14168964707508092,0.09016347738813826,0.16474154759525428,False
1,qS2Bdes_max,0.79,0.06383039448326615,0.15091598602226775,0.09002256952942694,0.16440780739101685,False
1,qS2Bdes_max,0.8,0.0628346845291276,0.32727768788091116,0.08969655733597387,0.16384752792705898,False
1,qS2Bdes_max,0.81,0.06214548615232855,0.07924441679631136,0.08972024820001433,0.16373773803854563,False
1,qS2Bdes_max,0.82,0.06262996480140844,0.03916172760985984,0.08968109253242855,0.16410197470928833,False
1,qS2Bdes_max,0.83,0.062571543636562,0.015238831683546988,0.08951576768220142,0.16414988522760757,False
1,qS2Bdes_max,0.84,0.06294349545451053,0.08833084729963323,0.08919062647001365,0.16380716928697417,False
1,qS2Bdes_max,0.85,0.062336234558312095,0.006475577008849878,0.08900159756334586,0.16299756385697148,False
1,qS2Bdes_max,0.86,0.06198331202501861,0.017580669905559246,0.08889748615995656,0.16296962099109244,False
1,qS2Bdes_max,0.87,0.06212681861820555,0.004032399444843622,0.08867489636873406,0.16322130204702504,False
1,qS2Bdes_max,0.88,0.06192774130038108,0.0004775403922181398,0.08890341454972561,0.16326615457281532,False
1,qS2Bdes_max,0.89,0.061909611738464036,0.023032635150222275,0.0887993518782414,0.16330233223150306,False
1,qS2Bdes_max,0.9,0.06130507966246318,0.02049019297340554,0.0886866135922735,0.16329378766729094,False
1,qS2Bdes_max,0.91,0.06123965768219669,0.12974613728924939,0.08861446020453738,0.16340695117519358,False
1,qS2Bdes_max,0.92,0.06143396749303883,0.2121862278094404,0.08856179131430814,0.16337960643190064,False
1,qS2Bdes_max,0.93,0.06120547900449181,0.21783306255008783,0.08834448819844856,0.162798923119797,False
1,qS2Bdes_max,0.94,0.060615570955355726,0.38962397567082063,0.0881829904971022,0.16302082490850361,False
1,qS2Bdes_max,0.95,0.06174707407406061,0.9469728641557744,0.0881529055553521,0.16333674091710992,False
1,qS2Bdes_max,0.96,0.06096250334232039,0.8010431321371287,0.08805853444797748,0.16352071595815548,False
1,qS2Bdes_max,0.97,0.06110470156002103,0.8163833626489834,0.08809187166756272,0.16408262766616574,False
1,qS2Bdes_max,0.98,0.061603637584755344,0.5514560949674064,0.08822026219209313,0.16428434986614318,False
1,qS2Bdes_max,0.99,0.061351408981191534,0.1374661642429751,0.08795160690360584,0.16475084505783755,False
1,qS2Bdes_max,1.0,0.06077955173689184,0.11500147064416495,0.08790394283726244,0.16513291275990855,False
1,qS2Bdes_max,1.01,0.060518630124346315,0.1682670177696361,0.0878308975678491,0.1651358393439695,False
1,qS2Bdes_max,1.02,0.06041235686431019,0.6318146171495913,0.08786683001875407,0.16522300581743682,False
1,qS2Bdes_max,1.03,0.06003071565248938,0.3058487160534108,0.08761727762412616,0.16523894435026154,False
1,qS2Bdes_max,1.04,0.06026224500457733,0.30905730021407213,0.08750621286633205,0.16483659494652853,False
1,qS2Bdes_max,1.05,0.060346571683807554,0.2860162555708988,0.08752678329219112,0.1643901380597031,False
1,qS2Bdes_max,1.06,0.06042173983018561,0.32380421767433837,0.08755251200124303,0.16405149096091112,False
1,qS2Bdes_max,1.07,0.060505157721139215,0.4356641339400926,0.08773973878319825,0.1640236893677877,False
1,qS2Bdes_max,1.08,0.06043896223383032,0.493773985245943,0.08786584278253821,0.1638079103319929,False
1,qS2Bdes_max,1.09,0.06050356843782499,0.9076690244309313,0.08766516735718795,0.16371135648379384,False
1,qS2Bdes_max,1.1,0.0602844643273024,0.9440149217402873,0.08773012475934021,0.16368116106024924,False
1,qS2Bdes_max,1.11,0.06143044407747377,0.7909787740558926,0.08782354492254398,0.16412058969411128,False
1,qS2Bdes_max,1.12,0.06393371129429666,0.8879008988852316,0.08775604839796981,0.1641091133670512,False
1,qS2Bdes_max,1.13,0.06171767302610626,0.6851882506013377,0.08776061388812458,0.16445119206060627,False
1,qS2Bdes_max,1.14,0.061283891926518994,0.1855531126074262,0.08781433172813424,0.16445025952818532,False
1,qS2Bdes_max,1.15,0.06050295837111546,0.7771761622025007,0.0876606790550959,0.1647322263165379,False
1,qS2Bdes_max,1.16,0.06009748942485072,0.6555651790561932,0.08789726224713551,0.1646965001934398,False
1,qS2Bdes_max,1.17,0.060006807127900866,0.33096267302644367,0.08784356393877277,0.1649071691854376,False
1,qS2Bdes_max,1.18,0.06105553445393079,0.614915158558635,0.0881246608789805,0.16508614176682698,False
1,qS2Bdes_max,1.19,0.06144836499058719,0.7908811986278069,0.0880337211181295,0.16527697614867226,False
1,qS2Bdes_max,1.2,0.06106346406539507,0.34900815755931197,0.08781925251303603,0.1654325535098249,False
1,qS2Bdes_max,1.21,0.06131789349351737,0.09689663009111399,0.08771374100622092,0.16543971684826253,False
1,qS2Bdes_max,1.22,0.06346330456137102,0.11167064318875945,0.08775599264082379,0.16555580168742434,False
1,qS2Bdes_max,1.23,0.0635941716588816,0.2899800935043973,0.08799288389351903,0.1656848983427739,False
1,qS2Bdes_max,1.24,0.06770319998638756,0.00029523659042466585,0.08789516699402712,0.16561231643046845,False
1,qS2Bdes_max,1.25,0.06345079690739629,0.17165217408377575,0.08787158698550075,0.16590891748051373,False
1,qS2Bdes_max,1.26,0.062402122472741454,0.4112971168644384,0.08792612187905807,0.1660710701543668,False
1,qS2Bdes_max,1.27,0.06239103371578746,0.4609625977089806,0.08806864574998526,0.1661513229703416,False
1,qS2Bdes_max,1.28,0.06224322409991046,0.6351972051020734,0.08821816502730614,0.1663474551952841,False
1,qS2Bdes_max,1.29,0.061548709342879065,0.4422164111132447,0.08831384534376999,0.16672872457854399,False
1,qS2Bdes_max,1.3,0.061346499673898,0.20055292418561382,0.08837019218803538,0.16705763849182817,False
2,qS2Bub_C,0.75,0.047072755270112565,4.0955339297781335e-16,0.06496464184293481,0.12570467958170425,True
2,qS2Bub_C,0.76,0.04746182649651203,3.1949436596783343e-13,0.0649125509028133,0.12606783521809672,True
2,qS2Bub_C,0.77,0.0467007631088701,4.423218924444132e-16,0.06514677653197996,0.1263316592133311,True
2,qS2Bub_C,0.78,0.045029751922041776,1.5756547803497586e-14,0.0653941886749652,0.12645197373501438,True
2,qS2Bub_C,0.79,0.04504177897520541,2.5300251933823684e-15,0.0658262719877391,0.1265587064027668,True
2,qS2Bub_C,0.8,0.04579314383565565,1.4102727033555479e-19,0.06580815172680972,0.12654030535230038,True
2,qS2Bub_C,0.81,0.045039894189782013,1.1582583966931467e-27,0.06592504323184492,0.12680224591142142,True
2,qS2Bub_C,0.82,0.04536964526361851,7.83432315209337e-27,0.06604407188675025,0.12650195436130726,True
2,qS2Bub_C,0.83,0.045079112970934775,2.452318644711688e-21,0.06626102489827951,0.1266852858980331,True
2,qS2Bub_C,0.84,0.04473553969614918,2.9286207118631606e-21,0.06631875603397377,0.12686047600601458,True
2,qS2Bub_C,0.85,0.0454293758979853,3.577273990781514e-22,0.06618830048355868,0.12760185907957455,True
2,qS2Bub_C,0.86,0.04450015686767423,5.233398984858851e-23,0.06636814563165032,0.1277339818666092,True
2,qS2Bub_C,0.87,0.04291988428580079,1.3045712086862813e-19,0.06641046828487703,0.12796631268568026,True
2,qS2Bub_C,0.88,0.04298692722255357,2.360612032957662e-17,0.06662861269371909,0.12818746091784833,True
2,qS2Bub_C,0.89,0.04416548573707238,3.551451494155736e-21,0.0667799707908683,0.12867751496467933,True
2,qS2Bub_C,0.9,0.04189633034659184,1.4332743776316895e-21,0.06675381827789996,0.1290328152384779,True
2,qS2Bub_C,0.91,0.041785006302408154,4.782138735316012e-21,0.06675269464694966,0.12935288217692112,True
2,qS2Bub_C,0.92,0.04168942288273375,4.010664060489187e-20,0.06660725551044856,0.12939242100050338,True
2,qS2Bub_C,0.93,0.04137539415485261,9.5526460809197e-25,0.06668903291045959,0.12970569098135565,True
2,qS2Bub_C,0.94,0.04027907106383214,2.013716081225788e-35,0.06679347782542754,0.1298107067525203,True
2,qS2Bub_C,0.95,0.04068113631389482,5.9508142410613825e-34,0.06685233654187173,0.1298804398849297,True
2,qS2Bub_C,0.96,0.040466557983647386,2.0471097474504217e-38,0.0669106516835702,0.12984162267332428,True
2,qS2Bub_C,0.97,0.03967547826103052,1.7256411100471229e-40,0.06692013438422746,0.12982129881487078,True
2,qS2Bub_C,0.98,0.03887787442151401,3.683749861881795e-49,0.06679838000884475,0.12999983819016014,True
2,qS2Bub_C,0.99,0.038960891318571,3.1152759125842034e-45,0.06670234925809494,0.1303031837112456,True
2,qS2Bub_C,1.0,0.03857087156700513,1.36280215143132e-50,0.0669413121302086,0.13043306058681137,True
2,qS2Bub_C,1.01,0.03862010934523447,8.738063509008788e-50,0.06719362777772979,0.13045341820687031,False
2,qS2Bub_C,1.02,0.03873797769028773,4.302506670582165e-54,0.06741379959620501,0.13069190388369184,False
2,qS2Bub_C,1.03,0.03878743922698318,2.0699910236695996e-56,0.06765903950282166,0.13089782328327135,False
2,qS2Bub_C,1.04,0.038563695909920495,9.19635632886151e-49,0.067689012611195,0.13135131107503026,False
2,qS2Bub_C,1.05,0.03919818033347966,7.229145551355557e-40,0.06777760107730488,0.13161819855994605,False
2,qS2Bub_C,1.06,0.03967405002225347,2.359172747441406e-42,0.06791078797167188,0.13177637568014355,False
2,qS2Bub_C,1.07,0.03995745611245507,5.724343313421298e-35,0.06791212331683927,0.13233320590357867,False
2,qS2Bub_C,1.08,0.040212164780957106,7.659576769534905e-36,0.06792161256639705,0.13257258447084305,False
2,qS2Bub_C,1.09,0.0394875420744629,2.4409473234783437e-27,0.06805157749917577,0.13242629308073897,False
2,qS2Bub_C,1.1,0.03970980639671189,2.856155928351224e-26,0.06812833420667823,0.13244745559007692,False
2,qS2Bub_C,1.11,0.04006832090711069,5.743596396066829e-22,0.06817057014870112,0.1329819287679744,False
2,qS2Bub_C,1.12,0.040244264723231137,7.029419942450936e-19,0.06827544833972211,0.1333070122190522,False
2,qS2Bub_C,1.13,0.040071154484107606,1.6406529284806583e-19,0.06841503488758681,0.13347753431866474,False
2,qS2Bub_C,1.14,0.04048616394363957,4.245444041801348e-17,0.06860056740289772,0.13372166537676408,False
2,qS2Bub_C,1.15,0.04057110551045052,7.761434525569567e-15,0.06874543442198412,0.13391266765529472,False
2,qS2Bub_C,1.16,0.04084522397643757,2.833677322679003e-13,0.0688236683478495,0.1341777052787816,False
2,qS2Bub_C,1.17,0.04106710686077145,2.8446934239100765e-15,0.06893364682095453,0.1343712088396911,False
2,qS2Bub_C,1.18,0.041325652901321376,1.3343495583479112e-15,0.06916219033984625,0.13460400171042566,False
2,qS2Bub_C,1.19,0.04136000139592241,5.985325366632397e-14,0.06930978871060746,0.13483567012403488,False
2,qS2Bub_C,1.2,0.041762756855031606,4.64625509506559e-13,0.06935096296330635,0.13509140691946692,False
2,qS2Bub_C,1.21,0.04157163735681885,3.008116242486003e-13,0.06953697290525908,0.13562680329449886,False
2,qS2Bub_C,1.22,0.0398134624101986,2.95443636187954e-06,0.069668629099058,0.1357907477433744,False
2,qS2Bub_C,1.23,0.03989861712347122,1.0150989629474979e-05,0.07005111756310263,0.13599128604309468,False
2,qS2Bub_C,1.24,0.039806316646405764,3.3102698165073676e-05,0.07042045975691735,0.13616143068619124,False
2,qS2Bub_C,1.25,0.03983560997131786,2.6635250588971706e-06,0.07056447195150929,0.13628283163786528,False
2,qS2Bub_C,1.26,0.04001048259077644,0.00018232794916608644,0.07068833618158211,0.13633356896017648,False
2,qS2Bub_C,1.27,0.04014203001266972,0.00034392853529800646,0.0709086958998446,0.1363619290093428,False
2,qS2Bub_C,1.28,0.04026214336444439,0.0012140417874335558,0.07105510333178462,0.1365235959559582,False
2,qS2Bub_C,1.29,0.04049169470994491,0.0007087386654416559,0.07100296299339658,0.13663913203511524,False
2,qS2Bub_C,1.3,0.040716880393055134,0.0007809976806661666,0.07108208943671382,0.13676295924841705,False
2,qS2Bdesub_C,0.75,0.04700222154903442,3.8711993294241965e-16,0.06496484530877658,0.12570464721522123,True
2,qS2Bdesub_C,0.76,0.04739394319605328,3.2910835216608765e-13,0.06491210105187409,0.12606825647435577,True
2,qS2Bdesub_C,0.77,0.04668743329153551,7.253290838407444e-16,0.06514578522593452,0.12633166098537865,True
2,qS2Bdesub_C,0.78,0.04502987095727661,2.5871935071472634e-14,0.06539358770539193,0.12645197883670553,True
2,qS2Bdesub_C,0.79,0.04505767695513446,4.533231597619127e-15,0.06582644468000562,0.1265586353694648,True
2,qS2Bdesub_C,0.8,0.04578242514625834,1.0915978189970982e-19,0.06580827161399853,0.12654035024348662,True
2,qS2Bdesub_C,0.81,0.04501784263887897,3.3045293347627374e-28,0.0659254247705411,0.1268025462558397,True
2,qS2Bdesub_C,0.82,0.04535778175408086,3.930292678866197e-27,0.06604417232851784,0.1265017384022368,True
2,qS2Bdesub_C,0.83,0.04507706302266184,2.016354902817449e-21,0.06626098935495792,0.1266856909136925,True
2,qS2Bdesub_C,0.84,0.04473636709120919,2.0806969223752547e-21,0.06631869834485227,0.1268606700829198,True
2,qS2Bdesub_C,0.85,0.0454318613504691,3.5028250443035707e-22,0.06618870453708954,0.12760200999814214,True
2,qS2Bdesub_C,0.86,0.04451059098054757,6.418286723601265e-23,0.06636816681360325,0.12773364536452975,True
2,qS2Bdesub_C,0.87,0.04376025441836868,6.968560076010495e-23,0.06634551422521087,0.12796618528406492,True
2,qS2Bdesub_C,0.88,0.042996920000677695,3.021260889835014e-17,0.0664777972665182,0.12818732384137746,True
2,qS2Bdesub_C,0.89,0.04415592117131023,3.146670659616851e-21,0.06671622684115211,0.12867757036211971,True
2,qS2Bdesub_C,0.9,0.041901559867909895,2.0888499467002804e-21,0.06675403310067647,0.12903297186052953,True
2,qS2Bdesub_C,0.91,0.04179286585557887,6.580582381873748e-21,0.06675282103364077,0.1293527417355012,True
2,qS2Bdesub_C,0.92,0.04168294346732978,4.093188199041054e-20,0.06660710082274149,0.12939218042606546,True
2,qS2Bdesub_C,0.93,0.04138596558940143,1.2101423990625625e-24,0.06668940914037969,0.12970548859887507,True
2,qS2Bdesub_C,0.94,0.040284346429667564,2.550718628384504e-35,0.06679380926101049,0.12981066737068056,True
2,qS2Bdesub_C,0.95,0.04067814609272594,9.569044492404e-34,0.06685245623516642,0.1298802260320729,True
2,qS2Bdesub_C,0.96,0.040464272895635776,2.7318113353255455e-38,0.0669106657770876,0.12984110670693647,True
2,qS2Bdesub_C,0.97,0.03967692436587011,1.0228349853471844e-40,0.06692000300022533,0.12982089193018492,True
2,qS2Bdesub_C,0.98,0.03888946639788622,1.1881232064608487e-48,0.06679810703851666,0.12999906402506073,True
2,qS2Bdesub_C,0.99,0.03896198270289345,4.873910313231755e-45,0.06670199308518328,0.13030305589551108,True
2,qS2Bdesub_C,1.0,0.03857165222097374,1.9185083580862855e-50,0.06694131587773568,0.1304331693193498,True
2,qS2Bdesub_C,1.01,0.038630321200327083,1.4761610296045936e-49,0.06719344879708483,0.13045314908684313,False
2,qS2Bdesub_C,1.02,0.038759859880502914,1.4799342360748447e-53,0.06741318977127382,0.13069179213232487,False
2,qS2Bdesub_C,1.03,0.03878717180911774,3.093792982002851e-56,0.06765921357975489,0.13089770146270127,False
2,qS2Bdesub_C,1.04,0.03854698549538948,1.253666659647956e-48,0.06768844931738158,0.13135124235008655,False
2,qS2Bdesub_C,1.05,0.039190105085546,3.2531006220960088e-40,0.06777779482646666,0.13161055603652938,False
2,qS2Bdesub_C,1.06,0.039670745461807426,4.24002264331817e-42,0.06791070210194126,0.13160574763492852,False
2,qS2Bdesub_C,1.07,0.03994754942049443,1.0320846113448624e-34,0.06791222472349798,0.1319085586751401,False
2,qS2Bdesub_C,1.08,0.040213070256698256,1.17375955266655e-35,0.06792167441999399,0.13213485218156434,False
2,qS2Bdesub_C,1.09,0.03948905590506034,3.669018765176305e-27,0.06805182567608621,0.13224190289010146,False
2,qS2Bdesub_C,1.1,0.03972100889312256,3.099169107789009e-26,0.0681285835795243,0.13244760023477423,False
2,qS2Bdesub_C,1.11,0.04007478879782156,6.227214997757969e-22,0.06817060447810955,0.13298210071810104,False
2,qS2Bdesub_C,1.12,0.04025154364068995,8.114281905858871e-19,0.06827560721793051,0.1333071474128858,False
2,qS2Bdesub_C,1.13,0.04008594834101179,3.9140414641161966e-19,0.06841513006550085,0.13347750214375684,False
2,qS2Bdesub_C,1.14,0.040478914657001284,6.48458102782593e-17,0.06860084633062632,0.13372171883900463,False
2,qS2Bdesub_C,1.15,0.04057660681713718,1.26795350285377e-14,0.0687456837757003,0.13391316312329204,False
2,qS2Bdesub_C,1.16,0.04085029758490908,4.026166499166304e-13,0.06882363741392032,0.1341777083888339,False
2,qS2Bdesub_C,1.17,0.04107948757765912,5.690441588444237e-15,0.06893383273251619,0.13437139929696756,False
2,qS2Bdesub_C,1.18,0.04133241847258724,2.0820037403439686e-15,0.0691621462242271,0.13460384990744642,False
2,qS2Bdesub_C,1.19,0.04136205631350091,7.48387961148925e-14,0.0693100084832417,0.13483628443698029,False
2,qS2Bdesub_C,1.2,0.04175925143828861,4.295243091001141e-13,0.06935110034499581,0.13509171076632873,False
2,qS2Bdesub_C,1.21,0.04157464387620005,2.811434240481395e-13,0.06953696660825001,0.1356268158046422,False
2,qS2Bdesub_C,1.22,0.03979609074869858,1.510024527578162e-06,0.06966870559062091,0.13579090459614543,False
2,qS2Bdesub_C,1.23,0.03988279732405574,4.3462827131157865e-06,0.07005119747509748,0.13599126740309223,False
2,qS2Bdesub_C,1.24,0.03981099462128484,2.8696180107536308e-05,0.07015912111213084,0.1361613240933961,False
2,qS2Bdesub_C,1.25,0.039835773315311594,1.989675046363845e-06,0.07032802535980587,0.1362827745095931,False
2,qS2Bdesub_C,1.26,0.04001047763461589,0.0001941447792155712,0.07065068419159987,0.1363333968924824,False
2,qS2Bdesub_C,1.27,0.04014760215148856,0.0004131796009573538,0.07078702548947245,0.1363618877673434,False
2,qS2Bdesub_C,1.28,0.04027502346687325,0.0012887061799117363,0.07105508375662817,0.13652331102552992,False
2,qS2Bdesub_C,1.29,0.04051010645975532,0.0007350030799157391,0.07100332693617879,0.13663906414914428,False
2,qS2Bdesub_C,1.3,0.040738097444581775,0.0010074744762042093,0.07108184913710587,0.13676340815381632,False
2,qS2Bub_C_stretch,0.75,0.05119018353927116,7.278384129777976e-06,0.06496172846279304,0.12415040349899317,True
2,qS2Bub_C_stretch,0.76,0.05252202813647556,1.238590357132598e-06,0.06491828272061201,0.12449262260537299,True
2,qS2Bub_C_stretch,0.77,0.051980890652053656,3.382154569359741e-09,0.06490512998552114,0.1247542475081268,True
2,qS2Bub_C_stretch,0.78,0.05105159821182477,2.182915517083893e-08,0.06500501427042331,0.1249898000297881,True
2,qS2Bub_C_stretch,0.79,0.05128047292852688,2.388765417909339e-11,0.06524938739479821,0.1249917301825596,True
2,qS2Bub_C_stretch,0.8,0.04986685914008549,3.3952948626690863e-10,0.06527375323549546,0.12507775465473092,True
2,qS2Bub_C_stretch,0.81,0.049456519111812355,1.2466409579888165e-11,0.06522919109889512,0.12520344509711612,True
2,qS2Bub_C_stretch,0.82,0.04981941089625348,2.333515984940308e-09,0.06505175199448453,0.125282923445283,True
2,qS2Bub_C_stretch,0.83,0.05025930073151271,5.931502901504396e-12,0.06498862528769231,0.1255424821801589,True
2,qS2Bub_C_stretch,0.84,0.047058131154857054,1.295230019304357e-09,0.06501927068292597,0.12576201256441755,True
2,qS2Bub_C_stretch,0.85,0.046856217364138045,3.08037298556677e-10,0.06524460231817227,0.12586287759611592,True
2,qS2Bub_C_stretch,0.86,0.04878272104156601,6.848821281541771e-14,0.06526257401138554,0.12590722711094046,True
2,qS2Bub_C_stretch,0.87,0.046337014444429586,7.243009281780429e-12,0.0654217262767784,0.12617693267632907,True
2,qS2Bub_C_stretch,0.88,0.04861122901242668,4.6108199699646284e-12,0.0653848589510674,0.1262169216566624,True
2,qS2Bub_C_stretch,0.89,0.04815130666286733,3.5685206146011414e-15,0.06540034768646899,0.12634416726158462,True
2,qS2Bub_C_stretch,0.9,0.048309412415054154,5.946205044942352e-13,0.06536119215880146,0.1266690012325953,True
2,qS2Bub_C_stretch,0.91,0.047755308141115047,3.910121638798097e-12,0.06549721647479756,0.1271319018515084,True
2,qS2Bub_C_stretch,0.92,0.047590427995211966,8.483060470516264e-13,0.06571300391413558,0.12713069815521488,True
2,qS2Bub_C_stretch,0.93,0.04685785398587291,2.4609038138095686e-15,0.06596413827326786,0.12723487839017028,True
2,qS2Bub_C_stretch,0.94,0.04591752930464248,1.3921385517005063e-15,0.06626758307977543,0.1272847048052381,True
2,qS2Bub_C_stretch,0.95,0.04595035177757526,1.2347580093689464e-19,0.06632000032407943,0.12745985021669456,True
2,qS2Bub_C_stretch,0.96,0.04498257093263029,5.929693426839884e-28,0.06641081480763517,0.12741639177384217,True
2,qS2Bub_C_stretch,0.97,0.045739040895782644,2.3242133752221063e-23,0.06650488988848201,0.12753389174241972,True
2,qS2Bub_C_stretch,0.98,0.04530908291845237,8.142511579831899e-18,0.06654722140753126,0.12750567227909787,True
2,qS2Bub_C_stretch,0.99,0.04509784439816084,1.8565342794441253e-16,0.0667560936236594,0.12774529044346905,True
2,qS2Bub_C_stretch,1.0,0.04541920269572471,1.9880781754906972e-19,0.06688646991621029,0.12773407122206448,True
2,qS2Bub_C_stretch,1.01,0.04546708625118262,9.596087854808566e-19,0.06675231783564108,0.1281908535249881,True
2,qS2Bub_C_stretch,1.02,0.04452442838259384,1.499969932411746e-20,0.06681867410062187,0.12845033771803827,True
2,qS2Bub_C_stretch,1.03,0.04388174526823095,6.133703213168495e-27,0.06686166367838363,0.12866425773273657,True
2,qS2Bub_C_stretch,1.04,0.04352726105257651,4.144213856663905e-19,0.06702115215883216,0.12884747568711508,True
2,qS2Bub_C_stretch,1.05,0.04275590292245491,5.588314130719772e-20,0.06711779619220874,0.12914920231345348,False
2,qS2Bub_C_stretch,1.06,0.044319823763771346,2.7328682339516004e-23,0.06709240665654294,0.12944024916545988,False
2,qS2Bub_C_stretch,1.07,0.042047290878157804,1.3218377313195488e-21,0.06725724164070596,0.1298175138457125,False
2,qS2Bub_C_stretch,1.08,0.04170595430268759,6.726108326509858e-26,0.06720435521894312,0.13007929057527137,False
2,qS2Bub_C_stretch,1.09,0.040972361533244794,1.2077035488816817e-27,0.06714182711827825,0.13037141944457944,False
2,qS2Bub_C_stretch,1.1,0.041624089269885964,1.440202110132507e-23,0.06702385416150566,0.13040796118268902,True
2,qS2Bub_C_stretch,1.11,0.04035661501322292,8.392068023630991e-35,0.06717751048482867,0.13053766769219102,False
2,qS2Bub_C_stretch,1.12,0.04108375891795209,1.1157624266515614e-28,0.06711418007952466,0.13051177471272435,False
2,qS2Bub_C_stretch,1.13,0.04089847082753349,8.92546486730206e-35,0.06732884122703309,0.13059330861555624,False
2,qS2Bub_C_stretch,1.14,0.04033409450025242,6.490625060263791e-40,0.06726267985875702,0.13072654762632174,False
2,qS2Bub_C_stretch,1.15,0.03961988532407122,2.3537230178363957e-43,0.06735778427566554,0.13066769376456183,False
2,qS2Bub_C_stretch,1.16,0.03923097020391167,1.7137946377387117e-48,0.0672468282503079,0.1307706864074199,False
2,qS2Bub_C_stretch,1.17,0.038560706300855146,1.343925324591714e-57,0.06718877893848062,0.13081885067118323,False
2,qS2Bub_C_stretch,1.18,0.03848560664238937,2.1073841516549317e-54,0.06715325054239883,0.1309545779820724,False
2,qS2Bub_C_stretch,1.19,0.03871508835076974,9.746154537806545e-55,0.06731601674521304,0.1311934492509202,False
2,qS2Bub_C_stretch,1.2,0.03877935859703335,1.3904882781458692e-54,0.0676415228700948,0.13122690567335563,False
2,qS2Bub_C_stretch,1.21,0.038836109664286994,8.355402348468154e-53,0.06774965660814652,0.1313732165374731,False
2,qS2Bub_C_stretch,1.22,0.03896132718903154,1.355693315990777e-54,0.06801036366383835,0.13153557366139765,False
2,qS2Bub_C_stretch,1.23,0.038409588573960714,1.9795401940238203e-47,0.06813076830522855,0.1318183778322379,False
2,qS2Bub_C_stretch,1.24,0.03937097221245517,1.148006288304329e-43,0.0681242552983317,0.1321468643439788,False
2,qS2Bub_C_stretch,1.25,0.03988816987335933,3.2532053297233842e-40,0.06822425067917803,0.13233570435594452,False
2,qS2Bub_C_stretch,1.26,0.039824954718447575,6.478177619537701e-36,0.06827165243586383,0.13275231565869328,False
2,qS2Bub_C_stretch,1.27,0.0399979015798152,2.8650879875676068e-33,0.06829142178908285,0.1329785368957073,False
2,qS2Bub_C_stretch,1.28,0.0399040195569424,1.1961262929403175e-29,0.06829667298029195,0.13313823727454932,False
2,qS2Bub_C_stretch,1.29,0.039980576976642965,8.17554346887846e-27,0.06836713646814813,0.1332834489472152,False
2,qS2Bub_C_stretch,1.3,0.0398042188812912,1.7390674684741546e-24,0.06853465108174524,0.13330398786168834,False
2,qS2Bdesub_C_stretch,0.75,0.051245684293122575,6.9989051087935804e-06,0.06494758016134043,0.1241526599328965,True
2,qS2Bdesub_C_stretch,0.76,0.052344307721859516,3.7561611730024456e-06,0.06491888213956956,0.12449386205720842,True
2,qS2Bdesub_C_stretch,0.77,0.051405927998777586,7.127814273400924e-09,0.06490856437885202,0.12476258014212159,True
2,qS2Bdesub_C_stretch,0.78,0.05105202185153955,9.13121820614139e-08,0.06500578964023128,0.12499233282710118,True
2,qS2Bdesub_C_stretch,0.79,0.05121043121475931,1.2778826147654454e-11,0.06525065907440446,0.12499330801400264,True
2,qS2Bdesub_C_stretch,0.8,0.04980266406160709,2.1839898298505877e-10,0.06527350608967547,0.12507810895298205,True
2,qS2Bdesub_C_stretch,0.81,0.04948881813321397,1.476793189337533e-11,0.06522951070813135,0.12520409060977164,True
2,qS2Bdesub_C_stretch,0.82,0.04976885276904204,6.977571477786546e-11,0.06506559462297416,0.12530987936803784,True
2,qS2Bdesub_C_stretch,0.83,0.05020960231658977,6.796082136445948e-12,0.06499038508087247,0.12554371055870678,True
2,qS2Bdesub_C_stretch,0.84,0.04706715459122013,7.125309544119408e-10,0.06502008929687145,0.1257629429531336,True
2,qS2Bdesub_C_stretch,0.85,0.04683396103580505,3.42807446936855e-10,0.06524561483751651,0.12586600918323307,True
2,qS2Bdesub_C_stretch,0.86,0.048858184271490565,3.965420725812551e-13,0.06526298056157083,0.12590860507985055,True
2,qS2Bdesub_C_stretch,0.87,0.046350717566555816,1.469092527963551e-11,0.06542204617271988,0.12617661662482826,True
2,qS2Bdesub_C_stretch,0.88,0.048593696946044325,3.2681442987042663e-12,0.06538476074788421,0.12621574773925967,True
2,qS2Bdesub_C_stretch,0.89,0.04813936761951203,1.4369486662913028e-15,0.06540013333701063,0.1263434894285201,True
2,qS2Bdesub_C_stretch,0.9,0.048303206056558856,4.327110507234254e-13,0.06536097071749353,0.12666895192854127,True
2,qS2Bdesub_C_stretch,0.91,0.047757315141204106,3.5278530171411116e-12,0.06549709781078261,0.12713174847258996,True
2,qS2Bdesub_C_stretch,0.92,0.04756308570927584,2.7690114134420993e-13,0.06571232530931412,0.12713058508112982,True
2,qS2Bdesub_C_stretch,0.93,0.04687253287478395,5.283391342585837e-15,0.06596423099717527,0.12723481498654893,True
2,qS2Bdesub_C_stretch,0.94,0.045929378339316485,2.216736801719619e-15,0.06626795206335077,0.12728462064290644,True
2,qS2Bdesub_C_stretch,0.95,0.045958900395547266,2.0238513964391524e-19,0.06632016460778484,0.1274598568707405,True
2,qS2Bdesub_C_stretch,0.96,0.044975567939767314,5.479365714768271e-28,0.06641075810106604,0.1274162441462782,True
2,qS2Bdesub_C_stretch,0.97,0.04575478856383841,2.855370807406274e-23,0.06650526282774896,0.1275336853375217,True
2,qS2Bdesub_C_stretch,0.98,0.04529433085501436,2.6787395992431618e-18,0.06654754546215584,0.12750556601216087,True
2,qS2Bdesub_C_stretch,0.99,0.04509049819743892,9.590805661016476e-17,0.06675634004324357,0.12774544243058977,True
2,qS2Bdesub_C_stretch,1.0,0.04540885136439483,1.4435398915320617e-19,0.06688603803463897,0.12773410654908188,True
2,qS2Bdesub_C_stretch,1.01,0.045476293212508796,6.48759006543756e-19,0.06675242088235,0.12819092392980164,True
2,qS2Bdesub_C_stretch,1.02,0.04450753079219568,5.48177930791225e-21,0.06681837664451139,0.12845066325672874,True
2,qS2Bdesub_C_stretch,1.03,0.04387243728299973,2.686358395541592e-27,0.06686206701175422,0.12866388325789238,True
2,qS2Bdesub_C_stretch,1.04,0.04352188296570311,2.494853347144027e-19,0.06698910302634903,0.12884730780444262,True
2,qS2Bdesub_C_stretch,1.05,0.042764985028282146,6.687956040350647e-20,0.06699627390693451,0.12914922138991006,True
2,qS2Bdesub_C_stretch,1.06,0.04424906258146099,2.1993821943294047e-22,0.06704992319544782,0.1294404791310495,True
2,qS2Bdesub_C_stretch,1.07,0.0420597285750831,2.595749060342903e-21,0.06720129794106586,0.129818252539363,False
2,qS2Bdesub_C_stretch,1.08,0.04172371757467447,1.0205378441443379e-25,0.0672045457740386,0.13007939020139733,False
2,qS2Bdesub_C_stretch,1.09,0.0410120197968925,2.3694180282667376e-27,0.06714214688984849,0.13037118199636513,False
2,qS2Bdesub_C_stretch,1.1,0.04182423498301041,1.3842287787195245e-25,0.0670236763286181,0.13040758257195692,True
2,qS2Bdesub_C_stretch,1.11,0.040365687088245956,3.966280253622924e-34,0.06717799944906028,0.13053787450562576,False
2,qS2Bdesub_C_stretch,1.12,0.041086043734208245,1.7823294206782266e-28,0.06711458036903052,0.13051147963527662,False
2,qS2Bdesub_C_stretch,1.13,0.040896635798466655,1.2395499590134614e-34,0.06732924526389578,0.1305934041665702,False
2,qS2Bdesub_C_stretch,1.14,0.04033385911788033,7.948954118226228e-40,0.06726290074011915,0.13072658546344879,False
2,qS2Bdesub_C_stretch,1.15,0.03962038268589862,3.844278157084834e-43,0.06735797761669596,0.13066757752052527,False
2,qS2Bdesub_C_stretch,1.16,0.03922729262362308,2.759425285286642e-48,0.06724682174285722,0.13077054065472887,False
2,qS2Bdesub_C_stretch,1.17,0.03855174794302309,1.8026628802130276e-57,0.06718837626320075,0.13081822357126113,False
2,qS2Bdesub_C_stretch,1.18,0.03848238004159308,3.6303087101052406e-54,0.0671528754420665,0.13095462189629853,False
2,qS2Bdesub_C_stretch,1.19,0.03871474637145146,1.5665067377687396e-54,0.067315581733154,0.13119323018645096,False
2,qS2Bdesub_C_stretch,1.2,0.038776531425977666,8.212626333186874e-55,0.0676410682085843,0.1312265181303499,False
2,qS2Bdesub_C_stretch,1.21,0.03884452333797153,2.1064592282436192e-52,0.06774954521038219,0.13137297060352102,False
2,qS2Bdesub_C_stretch,1.22,0.03898010702660452,2.0966735711137292e-54,0.06801068736015924,0.13153582076366824,False
2,qS2Bdesub_C_stretch,1.23,0.03842041378740955,3.8260768006652084e-47,0.0681302915584137,0.1318183346515226,False
2,qS2Bdesub_C_stretch,1.24,0.03937142956433702,2.425979728216917e-43,0.06812403742807074,0.13214686523403502,False
2,qS2Bdesub_C_stretch,1.25,0.039884542499191274,6.698532439447804e-40,0.06822393966735489,0.13233656837856878,False
2,qS2Bdesub_C_stretch,1.26,0.03982002010080628,1.259690880700093e-35,0.0682718594569838,0.13252768609454985,False
2,qS2Bdesub_C_stretch,1.27,0.03999204074131704,4.6716807629896765e-33,0.06829153684251973,0.13260724068512306,False
2,qS2Bdesub_C_stretch,1.28,0.03989928650895301,1.8108896061243745e-29,0.06829706865266923,0.1326974686949031,False
2,qS2Bdesub_C_stretch,1.29,0.03997070546763744,1.0720015760490226e-26,0.06836681192307964,0.13283056588041942,False
2,qS2Bdesub_C_stretch,1.3,0.03981239266745371,4.0281808020167194e-24,0.06853449680877377,0.13294129194653315,False
2,qS2BC_max,0.75,0.058509789043986335,0.00017097912103522178,0.07239912751821716,0.1429900503229047,False
2,qS2BC_max,0.76,0.05501980182944259,0.023838567863981846,0.07218741220140731,0.14350840154792555,False
2,qS2BC_max,0.77,0.05855297797783414,4.184741722188824e-07,0.07219769970070714,0.14341036992983683,False
2,qS2BC_max,0.78,0.0572529504890934,7.219094707149322e-05,0.07219515012177073,0.14321669341938287,False
2,qS2BC_max,0.79,0.054367474586763456,0.010167155390042966,0.07207680458711127,0.14365805982469304,False
2,qS2BC_max,0.8,0.053944555101868866,0.0022639411840490293,0.07204544042202012,0.14431081785383304,False
2,qS2BC_max,0.81,0.053008617396620585,0.00040132922751597787,0.07192967918965061,0.14428217669771573,False
2,qS2BC_max,0.82,0.05263651546820426,0.017061946758119645,0.07181231685066322,0.14413955163040745,False
2,qS2BC_max,0.83,0.052793222929564634,0.04917177221295103,0.07174748076446817,0.14433287620024607,False
2,qS2BC_max,0.84,0.052824356777658725,0.18241404943421088,0.07187330629158681,0.14423165372147675,False
2,qS2BC_max,0.85,0.05268033462983789,0.16052930182906394,0.07185513141298683,0.14410821239597724,False
2,qS2BC_max,0.86,0.05501847035308456,0.10508132980554083,0.07177041478646533,0.14439384099303645,False
2,qS2BC_max,0.87,0.05526446609776172,0.027846275811168397,0.07198478661285296,0.14489352614749085,False
2,qS2BC_max,0.88,0.054520215877645814,0.014661869008438657,0.07216689959113712,0.14490204809509802,False
2,qS2BC_max,0.89,0.05443249867174414,0.014394689041085616,0.07219932725256253,0.14503644637107133,False
2,qS2BC_max,0.9,0.05416417420263911,0.09529350929095107,0.0722829570420551,0.14470158982265216,False
2,qS2BC_max,0.91,0.05358076096770873,0.11479092908747139,0.07204863522048643,0.14524078481077884,False
2,qS2BC_max,0.92,0.050889658936881646,0.8273253839541117,0.07230287763943859,0.14525352209872158,False
2,qS2BC_max,0.93,0.05071084059110472,0.9310125029080321,0.07215136642277534,0.1452562711344752,False
2,qS2BC_max,0.94,0.05017931128654095,0.8601448881723524,0.0725106818814358,0.14561414730923342,False
2,qS2BC_max,0.95,0.05076490554103655,0.45762491945646494,0.07251083211416544,0.14580975572773214,False
2,qS2BC_max,0.96,0.05062959603729869,0.5876850554755068,0.07279454760125414,0.1460998033183129,False
2,qS2BC_max,0.97,0.05054546116171267,0.2200132202101116,0.07285854839832283,0.14600549350863823,False
2,qS2BC_max,0.98,0.05061106680464082,0.4020436937685839,0.0731112043394883,0.14584821164115794,False
2,qS2BC_max,0.99,0.05027676824475716,0.21285688962996183,0.07316718407434888,0.145879627463399,False
2,qS2BC_max,1.0,0.05053165170626847,0.03735493182617802,0.07336029754956301,0.14592888402598636,False
2,qS2BC_max,1.01,0.05040251694795215,0.03948058590787411,0.07322147381758448,0.1458874546054834,False
2,qS2BC_max,1.02,0.0507177708875811,0.0022685135571016077,0.07307138722906016,0.1463396285343203,False
2,qS2BC_max,1.03,0.050738994749802535,0.17365636626899272,0.07301554115991597,0.1467532883024227,False
2,qS2BC_max,1.04,0.049173886851010644,0.47786824573785386,0.07323443543986424,0.14712396141576758,False
2,qS2BC_max,1.05,0.04932077014031681,0.6732780342836019,0.07318587713051297,0.14720203081120659,False
2,qS2BC_max,1.06,0.04932262854909851,0.5725111559764033,0.07321923666545024,0.14776604974966734,False
2,qS2BC_max,1.07,0.04911888350134342,0.8738105688546997,0.07340864642195613,0.1477761239560069,False
2,qS2BC_max,1.08,0.049041163352176904,0.8696828027122411,0.0735015257520726,0.1478934643155415,False
2,qS2BC_max,1.09,0.04889418476537361,0.914421672501994,0.07380641547390535,0.1479026572877528,False
2,qS2BC_max,1.1,0.05070935973907188,0.7502402466486708,0.0739628879775419,0.1477906265203134,False
2,qS2BC_max,1.11,0.05231495901563981,0.44627091337380675,0.07418873701075687,0.1476857991251241,False
2,qS2BC_max,1.12,0.05115843473282801,0.6233337172664922,0.07432745261692689,0.14760550896902677,False
2,qS2BC_max,1.13,0.05134800748048695,0.555175872018681,0.07441999336256334,0.1475938058244103,False
2,qS2BC_max,1.14,0.050388470792769105,0.6955040827195833,0.0743013892976126,0.14779678486061618,False
2,qS2BC_max,1.15,0.05021236356364915,0.7104463982473842,0.07443342863089862,0.14797500452283466,False
2,qS2BC_max,1.16,0.05060611380277576,0.9902100527458515,0.07467310561834935,0.14845324205488344,False
2,qS2BC_max,1.17,0.05053475374518997,0.9992551572659724,0.07491440597172863,0.14899339520845592,False
2,qS2BC_max,1.18,0.050527944324465064,0.9888466870109843,0.07517288989384903,0.14922499888996205,False
2,qS2BC_max,1.19,0.04976396694123952,0.6122004347717138,0.07520890792148595,0.14939138702105256,False
2,qS2BC_max,1.2,0.04985106165747252,0.8342285280705007,0.07519820331482951,0.1495022051012818,False
2,qS2BC_max,1.21,0.050846484289169436,0.5005431417581527,0.07517702843085564,0.14957733956671376,False
2,qS2BC_max,1.22,0.051077986224656015,0.5235295096077603,0.07527958422310241,0.1496460173232485,False
2,qS2BC_max,1.23,0.05092998702262038,0.838779786998473,0.07540646688949273,0.1498798878321086,False
2,qS2BC_max,1.24,0.05089306050954234,0.8355152924474333,0.07547610391877753,0.1499073289005976,False
2,qS2BC_max,1.25,0.05015641039066249,0.980858095982778,0.0757552637765565,0.14993663119570977,False
2,qS2BC_max,1.26,0.049466534872225874,0.9489316990788027,0.07591986798910827,0.14995588152350628,False
2,qS2BC_max,1.27,0.050268274482302144,0.9287605446307774,0.07613326873996697,0.1503618512167347,False
2,qS2BC_max,1.28,0.050081031544212486,0.9037695319294654,0.07640231284580329,0.15051138093412786,False
2,qS2BC_max,1.29,0.04998135966156765,0.9729642544571071,0.0763411186090934,0.1506914307853818,False
2,qS2BC_max,1.3,0.049464228712818095,0.8736952155502755,0.07657352229052844,0.1508927098357365,False
2,qS2Bdes_max,0.75,0.06343802958959804,0.5880342473978288,0.09051197705179544,0.16349598976674026,False
2,qS2Bdes_max,0.76,0.06355675513259113,0.5674014771921362,0.09055077441448192,0.16390506333929608,False
2,qS2Bdes_max,0.77,0.06757542431065756,0.31933612608661066,0.0900612588039784,0.16394318554380996,False
2,qS2Bdes_max,0.78,0.062162723350093825,0.6899107354966799,0.09032847276060532,0.16351658605762506,False
2,qS2Bdes_max,0.79,0.06254058949076109,0.10337746910511261,0.09037520807869133,0.16282971884617817,False
2,qS2Bdes_max,0.8,0.06466003093116696,0.47215935551410376,0.09006827765220118,0.16225730698007787,False
2,qS2Bdes_max,0.81,0.06456058773793269,0.19504511213870987,0.08991835211393145,0.16250275601662084,False
2,qS2Bdes_max,0.82,0.06726281997735492,0.01919465907838871,0.09007101977547309,0.1629259182548697,False
2,qS2Bdes_max,0.83,0.06813702698117396,0.027736798050552524,0.08995836873279109,0.16369257979165827,False
2,qS2Bdes_max,0.84,0.06201046672307591,0.02788296102286554,0.08957265261221338,0.16287659186182646,False
2,qS2Bdes_max,0.85,0.06100817843843841,0.003753388829782719,0.0893053626819212,0.16217652910752203,False
2,qS2Bdes_max,0.86,0.06065022893964732,0.030752399178557363,0.08931927543909604,0.16250236559559192,False
2,qS2Bdes_max,0.87,0.060638574547528926,0.09683802219801489,0.0889996153173046,0.16242182829573737,False
2,qS2Bdes_max,0.88,0.06271571927479336,0.2432924812999861,0.089366321612068,0.1624027380009332,False
2,qS2Bdes_max,0.89,0.0640743477242493,0.2473332718401087,0.08925104175721475,0.16222874073321508,False
2,qS2Bdes_max,0.9,0.059988394587713115,0.12724911061440075,0.08922912599037998,0.16246722809788608,False
2,qS2Bdes_max,0.91,0.060368105621775504,0.5036414563358104,0.08908734809357031,0.16313534423385267,False
2,qS2Bdes_max,0.92,0.05955845660528253,0.19379313799923592,0.08888057080277648,0.16304429646554178,False
2,qS2Bdes_max,0.93,0.058501773901680314,0.07237428666821018,0.08872666267171712,0.16279285501644772,False
2,qS2Bdes_max,0.94,0.05897074945773795,0.30161419898948555,0.08858594319225506,0.162869562298975,False
2,qS2Bdes_max,0.95,0.059176380094330704,0.5733636159752975,0.08844428411424833,0.1630413943846373,False
2,qS2Bdes_max,0.96,0.05882450860559104,0.774243782983842,0.08839310406390372,0.16339045034569225,False
2,qS2Bdes_max,0.97,0.06056532496189635,0.9506870975863325,0.08812910358167429,0.163616599572007,False
2,qS2Bdes_max,0.98,0.060602779807965586,0.8384728843107263,0.08795621220254822,0.16387927685298484,False
2,qS2Bdes_max,0.99,0.0606913482942651,0.7704567387156672,0.087729315622639,0.16399170576091998,False
2,qS2Bdes_max,1.0,0.060957475429245116,0.7125667398349984,0.0879024879453384,0.1640451737899345,False
2,qS2Bdes_max,1.01,0.060934331177549275,0.34885433649848235,0.0876331329884558,0.16413067082578048,False
2,qS2Bdes_max,1.02,0.06288980741985517,0.4056349428361057,0.0872771474659276,0.16405860467099967,False
2,qS2Bdes_max,1.03,0.061113737828077525,0.6033338043241712,0.08714459524831933,0.16417604513034048,False
2,qS2Bdes_max,1.04,0.0614006116208549,0.7040863164749728,0.08716149528092117,0.16402861934572238,False
2,qS2Bdes_max,1.05,0.060156684531205276,0.1916917569901516,0.08728424865293964,0.16408042432114447,False
2,qS2Bdes_max,1.06,0.06050350275030944,0.6939474895348647,0.08741943008269566,0.1642918201878745,False
2,qS2Bdes_max,1.07,0.060795543803554224,0.8045770239601968,0.08748571493250373,0.1639065979366391,False
2,qS2Bdes_max,1.08,0.060900760643873765,0.6387444243422412,0.08726024983491912,0.1636954937202382,False
2,qS2Bdes_max,1.09,0.061238731588535635,0.566675106409447,0.08743152417703282,0.1635903877014996,False
2,qS2Bdes_max,1.1,0.06243697009243537,0.8889103417989594,0.08734804160216914,0.16365788804442166,False
2,qS2Bdes_max,1.11,0.06217028102458547,0.7341303517134926,0.08757917556360627,0.16366978518437222,False
2,qS2Bdes_max,1.12,0.062025721065656,0.7557456519104683,0.08753886522340458,0.16385695712879475,False
2,qS2Bdes_max,1.13,0.06235825413142969,0.5350453021684268,0.08754800856574749,0.16393058942423383,False
2,qS2Bdes_max,1.14,0.06217102988402037,0.36469164357049183,0.08762523048844253,0.16397406937520861,False
2,qS2Bdes_max,1.15,0.06151661790210649,0.6001280967331473,0.08758938379244896,0.1643472565333421,False
2,qS2Bdes_max,1.16,0.06180049282579583,0.2381458584599013,0.08746381811023467,0.16400375487938193,False
2,qS2Bdes_max,1.17,0.061891719710317435,0.5485036835832666,0.08765072144152083,0.16406450769745456,False
2,qS2Bdes_max,1.18,0.062255651471817455,0.39188225969187696,0.08777006286508836,0.1642275472424741,False
2,qS2Bdes_max,1.19,0.062327739152099985,0.3916202926729403,0.0876021731620966,0.1646797187078135,False
2,qS2Bdes_max,1.2,0.058253511042624065,0.19866293180626035,0.08761834886570245,0.16497167068093782,False
2,qS2Bdes_max,1.21,0.06210744223789035,0.09121300366075698,0.08755994988837126,0.1654953930870912,False
2,qS2Bdes_max,1.22,0.06158179528766539,0.2371624542734739,0.08742615147364231,0.16552692943284927,False
2,qS2Bdes_max,1.23,0.06154983489679305,0.2134396107800281,0.08724082571042734,0.16537435215765536,False
2,qS2Bdes_max,1.24,0.061585061566760864,0.23890451254551373,0.08726200308708634,0.16535372680367313,False
2,qS2Bdes_max,1.25,0.06109550272853661,0.34811434517698264,0.08734717374965462,0.1655474150696019,False
2,qS2Bdes_max,1.26,0.06091522502136341,0.4818232322299954,0.08735874066311496,0.1655945952288627,False
2,qS2Bdes_max,1.27,0.06085799664703789,0.5759658767938955,0.08736162028308724,0.1659159219290611,False
2,qS2Bdes_max,1.28,0.06083200685626274,0.4045351497414895,0.08739857285692135,0.16613585901923775,False
2,qS2Bdes_max,1.29,0.06070183800844769,0.5628869453357804,0.08757471288988737,0.1664682990373666,False
2,qS2Bdes_max,1.3,0.060501012822766334,0.8545211817164178,0.08771567995830656,0.16669607834353442,False
3,qS2Bub_C,0.75,0.04807319431583286,1.6213418387197245e-11,0.06608580497557064,0.12867130412740552,True
3,qS2Bub_C,0.76,0.04625595059860347,2.7168888934309768e-09,0.0662374322452563,0.12821155142344026,True
3,qS2Bub_C,0.77,0.04603772978305649,2.2723215397695198e-07,0.06651394390603811,0.12861447189830447,True
3,qS2Bub_C,0.78,0.045947581407316515,7.166613861117377e-09,0.06658993944175914,0.12903218886205936,True
3,qS2Bub_C,0.79,0.04792734803377471,4.734888461220659e-12,0.06673370857792832,0.12922049917070225,True
3,qS2Bub_C,0.8,0.04745861813726034,2.3150467117315146e-11,0.06702864900622972,0.12937011853827274,True
3,qS2Bub_C,0.81,0.04590483995809372,2.5642058708239618e-12,0.06733064012857945,0.12959495161603704,True
3,qS2Bub_C,0.82,0.04471051214580658,2.0475329562706894e-11,0.0674633368619407,0.12977771815444203,True
3,qS2Bub_C,0.83,0.04608438681322783,8.448623935631079e-19,0.06765202099031353,0.12986975705235,True
3,qS2Bub_C,0.84,0.04557724660208934,5.032989871978912e-16,0.06790854493149445,0.13043153059737128,True
3,qS2Bub_C,0.85,0.04385517159938751,6.097746228796934e-10,0.06792995364835397,0.13051466623300528,True
3,qS2Bub_C,0.86,0.04343357955186858,1.4531151728102115e-11,0.06806081903693682,0.13104647734562713,True
3,qS2Bub_C,0.87,0.043023472419916844,3.0929801088459194e-14,0.06808112602719117,0.13121884281434948,True
3,qS2Bub_C,0.88,0.04255513084246377,1.2479556652830152e-14,0.06836342852351826,0.1316460077823274,True
3,qS2Bub_C,0.89,0.04203923510757671,3.844651696555721e-16,0.06848339227401803,0.13187071289103247,True
3,qS2Bub_C,0.9,0.04191415982189602,1.626360025230482e-16,0.06853194625852467,0.13207739031317114,True
3,qS2Bub_C,0.91,0.04116814734138166,2.210018980451025e-22,0.06849745048577059,0.1320873147491953,True
3,qS2Bub_C,0.92,0.041430881809470035,3.123268686767597e-21,0.06892766929485622,0.1324356700603331,True
3,qS2Bub_C,0.93,0.04041849975000733,3.922119931435912e-24,0.06901647408477622,0.13270342210406824,True
3,qS2Bub_C,0.94,0.0405654294147693,2.7735796905083066e-26,0.0691255121090533,0.1329323968119628,True
3,qS2Bub_C,0.95,0.03991903299347941,1.9011374100055318e-35,0.0689694192415391,0.13311145978683414,True
3,qS2Bub_C,0.96,0.0398084114013873,2.9784598233527835e-34,0.06925110294160425,0.1333567642550062,True
3,qS2Bub_C,0.97,0.03919549042323213,5.301898875964911e-52,0.0693757222295761,0.1335365479781066,True
3,qS2Bub_C,0.98,0.03903964523209666,2.1659840156435894e-47,0.06969137359470108,0.1337026277514376,True
3,qS2Bub_C,0.99,0.038229250993415925,1.844491664210734e-65,0.06976716365787197,0.13377475983257453,True
3,qS2Bub_C,1.0,0.03805177781554378,2.1985893242668016e-62,0.06985666261232726,0.1336801469572775,True
3,qS2Bub_C,1.01,0.03807596566771586,1.5413539555280707e-56,0.06989786586463415,0.13363742843257442,True
3,qS2Bub_C,1.02,0.03814233246184386,5.693899979821204e-51,0.06978540685845981,0.13368612766257745,True
3,qS2Bub_C,1.03,0.03828460242819177,3.833932786612922e-50,0.07015164697179785,0.13399175859260923,False
3,qS2Bub_C,1.04,0.03821229668222601,3.9355900841345837e-50,0.07019230400972712,0.13442164132415985,False
3,qS2Bub_C,1.05,0.03816839903725398,1.579975169755117e-47,0.07023428902284491,0.13476732246317671,False
3,qS2Bub_C,1.06,0.03838513229813104,2.2490531778240333e-34,0.07025611648681705,0.13492780225980533,False
3,qS2Bub_C,1.07,0.038468834492248506,9.764004564937855e-33,0.07039681968346145,0.13512972313699903,False
3,qS2Bub_C,1.08,0.0388075450587369,2.6667936690526514e-28,0.07056526160022872,0.13515540111057703,False
3,qS2Bub_C,1.09,0.038868609605222273,1.5807476639094462e-29,0.07081439233700065,0.13503606558884904,False
3,qS2Bub_C,1.1,0.03915597948534277,2.843713967286418e-23,0.0711006427082984,0.1354857827692257,False
3,qS2Bub_C,1.11,0.03937658154234609,5.515659599770101e-20,0.07132502245383675,0.13553015486091172,False
3,qS2Bub_C,1.12,0.03952478111448045,5.613681315322569e-19,0.07152399032756715,0.13597624080031673,False
3,qS2Bub_C,1.13,0.03965618246583716,1.0247964420545204e-18,0.0714459202541298,0.13619029629727783,False
3,qS2Bub_C,1.14,0.039919299986209134,3.7788056314288874e-13,0.07162363050980956,0.1364864621732842,False
3,qS2Bub_C,1.15,0.04012355023810251,3.5270707445994576e-14,0.07185803497264706,0.13666388591561046,False
3,qS2Bub_C,1.16,0.04005012593061941,6.482791847411878e-15,0.07213100505859586,0.1368986420872036,False
3,qS2Bub_C,1.17,0.04012637392821638,3.338290653853339e-14,0.07232569814717262,0.13711382522360746,False
3,qS2Bub_C,1.18,0.04042013354571447,1.7593985861969302e-15,0.07253493116593375,0.13707162209124676,False
3,qS2Bub_C,1.19,0.04017070163300785,3.1009885792142794e-14,0.07277336064568583,0.1373510286358959,False
3,qS2Bub_C,1.2,0.04005333983675616,1.1171880583494905e-14,0.07298455991173096,0.13749197504724336,False
3,qS2Bub_C,1.21,0.04015072670300328,1.026076530012001e-14,0.07315738829591398,0.13772740342601414,False
3,qS2Bub_C,1.22,0.04058824506656315,2.2072929077733472e-10,0.07322657246363762,0.13801669075155237,False
3,qS2Bub_C,1.23,0.04069148313646289,8.862468117691555e-12,0.07346467893304863,0.13822052342807592,False
3,qS2Bub_C,1.24,0.04057622049011226,3.794415346657931e-10,0.07348103011717902,0.1384981860912725,False
3,qS2Bub_C,1.25,0.040836509425267044,1.8957623897095747e-08,0.0735329324404888,0.13884362105397763,False
3,qS2Bub_C,1.26,0.04071676545576635,1.0096682162009618e-08,0.07361804991972583,0.13903911596792368,False
3,qS2Bub_C,1.27,0.04079008209511791,9.05532539187194e-09,0.07382399525620918,0.13924481154340312,False
3,qS2Bub_C,1.28,0.04098192108998478,3.0089717650821505e-10,0.0737879292925341,0.13955634133333555,False
3,qS2Bub_C,1.29,0.04117897527814421,1.1039704208641883e-09,0.07395717884566694,0.13994041566525822,False
3,qS2Bub_C,1.3,0.041477425360330215,5.8670045543334114e-08,0.07410254806201348,0.14014687414280264,False
3,qS2Bdesub_C,0.75,0.04799538185849084,1.5693476574634694e-11,0.0660868434040551,0.12867137915481444,True
3,qS2Bdesub_C,0.76,0.04625702187966429,2.1386414941485173e-09,0.06623749746633643,0.1282109175931197,True
3,qS2Bdesub_C,0.77,0.04603993696468716,2.259600863307216e-07,0.06651476487284595,0.12861482429421045,True
3,qS2Bdesub_C,0.78,0.045951857816378235,1.0661772106470375e-08,0.06659027079121388,0.1290324091041763,True
3,qS2Bdesub_C,0.79,0.048052130811977456,1.8174167321180544e-12,0.06673425914194968,0.12922060308601938,True
3,qS2Bdesub_C,0.8,0.04746283156840122,2.4414630149745363e-11,0.06702886733322252,0.12937013656858137,True
3,qS2Bdesub_C,0.81,0.045910088535629,3.132016641894774e-12,0.06733089628109544,0.12959470799706,True
3,qS2Bdesub_C,0.82,0.044712888099071764,2.0310716710579888e-11,0.06746338620772015,0.1297778498837516,True
3,qS2Bdesub_C,0.83,0.046094333427139915,1.0439217004454106e-18,0.0676517847370753,0.12986974381957703,True
3,qS2Bdesub_C,0.84,0.04558277931878894,6.648807745066573e-16,0.0679083735620522,0.1304316299139786,True
3,qS2Bdesub_C,0.85,0.04385802825606724,7.175441306529125e-10,0.06792967428500976,0.13051469714653455,True
3,qS2Bdesub_C,0.86,0.04343592810463944,1.7204876616447892e-11,0.06806052562550913,0.1310468598364598,True
3,qS2Bdesub_C,0.87,0.04301368685827053,4.6972678254993896e-14,0.06808172727261759,0.13121923315204367,True
3,qS2Bdesub_C,0.88,0.04255513087837008,1.2479554247327387e-14,0.06836312053527221,0.13164599730193025,True
3,qS2Bdesub_C,0.89,0.04204027651811884,2.5932263788281394e-16,0.06848351979674659,0.13187107245561025,True
3,qS2Bdesub_C,0.9,0.041906560539334205,8.030104205859057e-17,0.06853216981136957,0.13207704311001733,True
3,qS2Bdesub_C,0.91,0.04116946061616886,1.3986102650071806e-22,0.06849765781801397,0.13208724782509124,True
3,qS2Bdesub_C,0.92,0.0414320655383737,2.6199970362500022e-21,0.06892745690413415,0.1324354938010156,True
3,qS2Bdesub_C,0.93,0.04042112702338034,3.076595088263304e-24,0.06901654145823798,0.132703208301527,True
3,qS2Bdesub_C,0.94,0.04056687114505938,2.042946040827593e-26,0.06912641675738267,0.1329328765406125,True
3,qS2Bdesub_C,0.95,0.039920306453901724,1.54663256257133e-35,0.06896909901914593,0.13311150435292046,True
3,qS2Bdesub_C,0.96,0.039809751854833146,2.574127313591562e-34,0.0692513876605623,0.1333171356256327,True
3,qS2Bdesub_C,0.97,0.03919132656252485,4.2274256862237724e-52,0.06937555581714414,0.13353176304794778,True
3,qS2Bdesub_C,0.98,0.03903964523068602,2.1659835729529205e-47,0.06969193348555175,0.13362944743289887,True
3,qS2Bdesub_C,0.99,0.03822864648717891,1.6908159595395607e-65,0.06976755982286165,0.13364101142973872,True
3,qS2Bdesub_C,1.0,0.03805305459869699,1.7394916805246687e-62,0.06985657243219785,0.13355818045677842,True
3,qS2Bdesub_C,1.01,0.03807734947532696,6.938809878632897e-57,0.06989817529005606,0.13363696049622772,True
3,qS2Bdesub_C,1.02,0.038143668655527804,2.3177876382007735e-51,0.06978574317756024,0.13368621051726937,True
3,qS2Bdesub_C,1.03,0.038285690333045436,1.937504137309091e-50,0.0701518826537975,0.13399090055019947,False
3,qS2Bdesub_C,1.04,0.0382134447160842,2.2278618201988443e-50,0.07019251573355254,0.13442167773345737,False
3,qS2Bdesub_C,1.05,0.038167776233516866,9.84977889671549e-48,0.07023431804575109,0.13476744555311615,False
3,qS2Bdesub_C,1.06,0.038386565536955235,1.3857663252208751e-34,0.07025587871691018,0.1349278274005829,False
3,qS2Bdesub_C,1.07,0.03847076050845693,9.496909806793421e-33,0.07039717396557739,0.13512979650334053,False
3,qS2Bdesub_C,1.08,0.03880957371965071,2.656619024032016e-28,0.07056529062194589,0.13515489910028913,False
3,qS2Bdesub_C,1.09,0.03887350272361148,1.8311966340525573e-29,0.0708146835969404,0.1350358219781966,False
3,qS2Bdesub_C,1.1,0.039160859067212464,6.859000734277458e-23,0.0711005422482121,0.13548571976874374,False
3,qS2Bdesub_C,1.11,0.03937970001660919,8.723455858284086e-20,0.07132512312858015,0.13553001040162296,False
3,qS2Bdesub_C,1.12,0.03952782071121445,7.641245900706388e-19,0.07148156091894192,0.13597618588095808,False
3,qS2Bdesub_C,1.13,0.03965903543763271,1.418022239173991e-18,0.07143720356517506,0.13619040428483886,False
3,qS2Bdesub_C,1.14,0.03991864311162287,3.535852432016845e-13,0.0715068372363543,0.1364860949973674,False
3,qS2Bdesub_C,1.15,0.040092934531446495,6.004233707808008e-14,0.07183260686365808,0.13666423930713434,False
3,qS2Bdesub_C,1.16,0.04005012700778868,6.482843135646718e-15,0.0720819297053555,0.1368989776106571,False
3,qS2Bdesub_C,1.17,0.040126373924643896,3.338290513354793e-14,0.07232567179258041,0.13711417463025607,False
3,qS2Bdesub_C,1.18,0.040417713433010115,1.5285577535212386e-15,0.072534632185728,0.1370715555145001,False
3,qS2Bdesub_C,1.19,0.04017111317666949,2.682977120128571e-14,0.07277293164197494,0.13735076838233165,False
3,qS2Bdesub_C,1.2,0.04005484794134225,9.866818631280544e-15,0.07298453654930309,0.13749102821003562,False
3,qS2Bdesub_C,1.21,0.040145688236430825,5.8539650808756735e-15,0.07315720541896861,0.1377280781300868,False
3,qS2Bdesub_C,1.22,0.04058704784397411,1.5553558050686955e-10,0.07322677291687432,0.13801753951896148,False
3,qS2Bdesub_C,1.23,0.0406854816175164,4.600316605537857e-12,0.07346428270382555,0.13822108896772223,False
3,qS2Bdesub_C,1.24,0.04057355526624483,2.2724063892525678e-10,0.07348069561785164,0.13849855656215615,False
3,qS2Bdesub_C,1.25,0.040829738514667736,1.448532464023388e-08,0.07353288989630456,0.1388438934816399,False
3,qS2Bdesub_C,1.26,0.04071764763103851,4.35002232900051e-09,0.07361770453013104,0.13903945272674065,False
3,qS2Bdesub_C,1.27,0.04078469284810789,4.085075473400879e-09,0.07382418845471792,0.13924536617171634,False
3,qS2Bdesub_C,1.28,0.04096592634565515,9.10913316563113e-11,0.0737880504323628,0.13955693028645588,False
3,qS2Bdesub_C,1.29,0.04117897525077648,1.1039705039868058e-09,0.07395732410485789,0.13994067726850126,False
3,qS2Bdesub_C,1.3,0.0414730832549164,5.96506175534651e-08,0.0741015971918279,0.14014699980879813,False
3,qS2Bub_C_stretch,0.75,0.05031225504934674,4.511801696421802e-07,0.06629347925895929,0.12867988935869662,True
3,qS2Bub_C_stretch,0.76,0.05083324781111037,1.7019068062912752e-09,0.06617013970383291,0.12875622907133424,True
3,qS2Bub_C_stretch,0.77,0.05045871067668008,2.771788672734137e-09,0.0661946468312885,0.12868166286716862,True
3,qS2Bub_C_stretch,0.78,0.05100280084158841,7.602068213160256e-09,0.0661764394651178,0.12895009504129287,True
3,qS2Bub_C_stretch,0.79,0.05036582724071552,1.876235827405448e-07,0.06610733256114697,0.12840662984528264,True
3,qS2Bub_C_stretch,0.8,0.04986720837842236,2.0736484151453287e-07,0.06607672537836681,0.12840384997737464,True
3,qS2Bub_C_stretch,0.81,0.04971008787180248,6.073779314044196e-07,0.0663234445089242,0.1285901103149712,True
3,qS2Bub_C_stretch,0.82,0.04956919466069897,1.1828187757573076e-08,0.06647917099238498,0.12869694107815566,True
3,qS2Bub_C_stretch,0.83,0.0497110186805907,7.797551268736666e-10,0.06642534307733929,0.12899387192459855,True
3,qS2Bub_C_stretch,0.84,0.04764881166329453,7.982062270616608e-07,0.06643937952951988,0.12901576037281556,True
3,qS2Bub_C_stretch,0.85,0.046966555548465176,1.584958919335329e-08,0.06643046100372087,0.12898027012536742,True
3,qS2Bub_C_stretch,0.86,0.047498745942251286,6.956578340042645e-06,0.06632900800826427,0.12911813467883754,True
3,qS2Bub_C_stretch,0.87,0.04849854765749786,1.1879463796562651e-09,0.06645844742868807,0.12915205187683654,True
3,qS2Bub_C_stretch,0.88,0.048325070465956736,6.101384253032667e-12,0.06664611407899636,0.12922097142673833,True
3,qS2Bub_C_stretch,0.89,0.04852994630225832,3.2205856028261343e-14,0.06655224610605927,0.1295713622001379,True
3,qS2Bub_C_stretch,0.9,0.04633763611304757,5.289393199787387e-10,0.06665675939703666,0.12935021501869903,True
3,qS2Bub_C_stretch,0.91,0.04661517510198511,1.5325114804183724e-08,0.06683587949758266,0.12905263132415376,True
3,qS2Bub_C_stretch,0.92,0.04725208863098672,4.086101667549818e-07,0.06696524345982297,0.12967186807893477,True
3,qS2Bub_C_stretch,0.93,0.04680570294332631,1.7118675814102384e-07,0.06713578222911493,0.1300079332932492,True
3,qS2Bub_C_stretch,0.94,0.04622092502388664,4.391999220421759e-07,0.06717713065183466,0.13002057972659176,True
3,qS2Bub_C_stretch,0.95,0.04544836407410683,1.7379709817929915e-09,0.06745134973668204,0.13026628044952734,True
3,qS2Bub_C_stretch,0.96,0.045445077145575,1.868767919377937e-11,0.06774026438147168,0.1303052225316509,True
3,qS2Bub_C_stretch,0.97,0.045169982583688095,1.2991373514420454e-09,0.0678701821476131,0.1303319941953613,True
3,qS2Bub_C_stretch,0.98,0.044709592331566364,2.8083147902350072e-09,0.06795963616149381,0.1306046895751298,True
3,qS2Bub_C_stretch,0.99,0.046261729510325464,1.8663344042959737e-15,0.06816436866630708,0.1307929671560706,True
3,qS2Bub_C_stretch,1.0,0.045570508578000136,3.3712438140661807e-16,0.06832285614005508,0.13133227121033206,True
3,qS2Bub_C_stretch,1.01,0.04425123727540022,7.33383514097947e-12,0.06830774939139385,0.13152403318959877,True
3,qS2Bub_C_stretch,1.02,0.0438505142554464,8.711636448929875e-12,0.06841509835867651,0.13177586669180283,True
3,qS2Bub_C_stretch,1.03,0.04336363948402216,2.6068101981907893e-13,0.06858798866481505,0.13201531159840044,True
3,qS2Bub_C_stretch,1.04,0.042744245869598976,3.6978031312776456e-14,0.06857640713391494,0.13216294358903533,True
3,qS2Bub_C_stretch,1.05,0.0425627017021919,1.0048248769810617e-14,0.06889787484251715,0.13246910089212585,True
3,qS2Bub_C_stretch,1.06,0.042365483354113484,1.5717714908944153e-15,0.06885938093761138,0.13285875062060792,True
3,qS2Bub_C_stretch,1.07,0.04217824201610192,2.57082321301259e-17,0.06897275427109062,0.13307449424717505,True
3,qS2Bub_C_stretch,1.08,0.04169246968947823,1.8758825928679867e-17,0.06900905094843766,0.13305598100871258,True
3,qS2Bub_C_stretch,1.09,0.04146045082664075,1.6916420449595365e-20,0.06919411373942619,0.1331240872685653,True
3,qS2Bub_C_stretch,1.1,0.04086395458631793,1.2669463343979438e-23,0.06948660785243743,0.13335425771668732,True
3,qS2Bub_C_stretch,1.11,0.04049125127249617,3.0093800534689154e-24,0.06952589272127559,0.1334733215185989,True
3,qS2Bub_C_stretch,1.12,0.040224833868060916,2.3505079189917124e-29,0.06957452587418264,0.13377810921908848,True
3,qS2Bub_C_stretch,1.13,0.040126460574013104,4.4517074474152635e-36,0.06959329910526577,0.13391889224436795,False
3,qS2Bub_C_stretch,1.14,0.03950443493911859,1.0742332256962939e-44,0.06965109248741509,0.13409205591198414,False
3,qS2Bub_C_stretch,1.15,0.03960177461290996,2.720478967236385e-47,0.0698500111679922,0.13421940217449674,False
3,qS2Bub_C_stretch,1.16,0.0393665224115594,4.7290439413725996e-48,0.0698924882261417,0.13440869500655178,False
3,qS2Bub_C_stretch,1.17,0.039011015673733565,2.5470077462638828e-49,0.07005736477114602,0.13458310698012582,False
3,qS2Bub_C_stretch,1.18,0.03790899626750093,9.932791180082501e-60,0.07014984569951586,0.134546473342095,False
3,qS2Bub_C_stretch,1.19,0.03791517059614624,1.15843990611857e-58,0.07035946587996399,0.13448311364364754,False
3,qS2Bub_C_stretch,1.2,0.03803629085633914,3.4721340915745267e-53,0.07031765239336008,0.13452014294275053,False
3,qS2Bub_C_stretch,1.21,0.03832756151503221,2.9432368008832244e-54,0.070304680702482,0.1344109989307259,False
3,qS2Bub_C_stretch,1.22,0.03839061596649155,1.7047641316681338e-55,0.07036353004247871,0.13465522510065997,False
3,qS2Bub_C_stretch,1.23,0.03836139443992113,3.078300467302636e-53,0.07067638832623879,0.13485446284112843,False
3,qS2Bub_C_stretch,1.24,0.03869135338868774,1.837107920655722e-40,0.07066624761269956,0.13532982035654947,False
3,qS2Bub_C_stretch,1.25,0.03864532305073232,3.191778603852913e-39,0.07072102815347468,0.1355293805085791,False
3,qS2Bub_C_stretch,1.26,0.039341239495758816,9.42020284545435e-36,0.07070302110350961,0.13572936768610497,False
3,qS2Bub_C_stretch,1.27,0.03895666565643962,4.444753141128112e-32,0.07085353357946138,0.135865144606464,False
3,qS2Bub_C_stretch,1.28,0.03879933654087865,3.5881262055584366e-31,0.0709653805977626,0.13601221046863984,False
3,qS2Bub_C_stretch,1.29,0.03891411491781079,1.3371475319688348e-28,0.07105038633790924,0.13622191112480533,False
3,qS2Bub_C_stretch,1.3,0.03888958544437229,2.233098966123841e-27,0.0712641805552396,0.1361420147040206,False
3,qS2Bdesub_C_stretch,0.75,0.05031355659289173,4.202629658952001e-07,0.066292872184287,0.1286797676617447,True
3,qS2Bdesub_C_stretch,0.76,0.050837233713966694,1.9694507421534618e-09,0.06616989549412089,0.12875632680207155,True
3,qS2Bdesub_C_stretch,0.77,0.05034186583062995,5.31527393869219e-09,0.06619490509945818,0.128681921312802,True
3,qS2Bdesub_C_stretch,0.78,0.05093603735384675,1.3603729075111143e-08,0.06617653698947344,0.1289504907215136,True
3,qS2Bdesub_C_stretch,0.79,0.05029409366914074,2.470663480128494e-07,0.06610723959752271,0.12840681773135126,True
3,qS2Bdesub_C_stretch,0.8,0.04982769871259865,3.1532682387565035e-07,0.06607675246162854,0.12840353755927614,True
3,qS2Bdesub_C_stretch,0.81,0.049663780928517406,8.137657510633804e-07,0.06632380649960949,0.12859006705835024,True
3,qS2Bdesub_C_stretch,0.82,0.04948207210032702,2.3087587857755023e-08,0.06647892009553609,0.1286968035058417,True
3,qS2Bdesub_C_stretch,0.83,0.04959978560756467,2.094264883877054e-09,0.06642580225907771,0.12899401014037065,True
3,qS2Bdesub_C_stretch,0.84,0.04765485777548003,9.961687624041663e-07,0.06643960911915284,0.12901568355235044,True
3,qS2Bdesub_C_stretch,0.85,0.04697019133681436,2.1831606966370033e-08,0.06643018323453934,0.12898008328676164,True
3,qS2Bdesub_C_stretch,0.86,0.04751195273048855,8.555776795945429e-06,0.06632910149224198,0.12911829089216995,True
3,qS2Bdesub_C_stretch,0.87,0.04849705310029276,9.597702028437013e-10,0.06645808646930249,0.12915222073304658,True
3,qS2Bdesub_C_stretch,0.88,0.04832199519839733,3.954286002235093e-12,0.06664637124764053,0.12922147385240573,True
3,qS2Bdesub_C_stretch,0.89,0.048515283466134894,1.2434777787724971e-14,0.06655219516352308,0.12957112769377976,True
3,qS2Bdesub_C_stretch,0.9,0.046338869737563286,4.1394961038034113e-10,0.06665704435118544,0.12935062313114948,True
3,qS2Bdesub_C_stretch,0.91,0.04661650730654713,1.2544755962514013e-08,0.06683614693020087,0.12905326269933448,True
3,qS2Bdesub_C_stretch,0.92,0.04725244454482267,4.975780318973935e-07,0.0669656875959136,0.12967221567106724,True
3,qS2Bdesub_C_stretch,0.93,0.046811671134966856,2.5043085422365606e-07,0.06713596366357295,0.13000815635656324,True
3,qS2Bdesub_C_stretch,0.94,0.046225367244834566,5.982254314551846e-07,0.0671773536714253,0.13002068812357945,True
3,qS2Bdesub_C_stretch,0.95,0.04545117756757073,2.139555400416243e-09,0.06745115149461478,0.13026593949508694,True
3,qS2Bdesub_C_stretch,0.96,0.04544719515278488,1.7508154936428453e-11,0.06774041840516652,0.1303049399668899,True
3,qS2Bdesub_C_stretch,0.97,0.045169982568059826,1.2991375147200615e-09,0.06787039915603678,0.13033211664176517,True
3,qS2Bdesub_C_stretch,0.98,0.04471189333927203,2.66221557947294e-09,0.06795966940977577,0.13060491929364323,True
3,qS2Bdesub_C_stretch,0.99,0.04626579163903037,2.0860911322017247e-15,0.0681642096117137,0.1307933174361004,True
3,qS2Bdesub_C_stretch,1.0,0.04557552130607464,4.176047574782764e-16,0.0683224187467526,0.13133188947609317,True
3,qS2Bdesub_C_stretch,1.01,0.04425276959336046,5.970188280291339e-12,0.06830801368946317,0.13152438032500094,True
3,qS2Bdesub_C_stretch,1.02,0.04385288006893503,8.572107379174071e-12,0.06841494955209014,0.1317759031638726,True
3,qS2Bdesub_C_stretch,1.03,0.04336034317371055,3.5521824981424476e-13,0.06858758270571061,0.1320155120514378,True
3,qS2Bdesub_C_stretch,1.04,0.0427557153333133,4.1157435457973665e-14,0.06857664554826333,0.13216303470080176,True
3,qS2Bdesub_C_stretch,1.05,0.04256497411113825,9.313919244408377e-15,0.06889768741292984,0.13246951692061856,True
3,qS2Bdesub_C_stretch,1.06,0.04236751073223294,1.5512247321473227e-15,0.0688593594921148,0.1328589370649778,True
3,qS2Bdesub_C_stretch,1.07,0.04217824202999125,2.5708233236930673e-17,0.06897280238417526,0.13307434157024572,True
3,qS2Bdesub_C_stretch,1.08,0.04169248598185906,2.2414009495843035e-17,0.06900913695397884,0.1330558557876698,True
3,qS2Bdesub_C_stretch,1.09,0.04146157766740268,1.2838716596685562e-20,0.06919425169665631,0.13312404289199434,True
3,qS2Bdesub_C_stretch,1.1,0.04086555040935925,1.3177665233093857e-23,0.06948667949951519,0.13335449858726198,True
3,qS2Bdesub_C_stretch,1.11,0.04048875805890406,3.351380836933328e-24,0.06952586018891958,0.13347365114009468,True
3,qS2Bdesub_C_stretch,1.12,0.040226156402955335,2.45074292703418e-29,0.0695751738557301,0.13377819855408657,True
3,qS2Bdesub_C_stretch,1.13,0.04012927206217011,5.338185432633167e-36,0.06959352670953223,0.13391895855789954,False
3,qS2Bdesub_C_stretch,1.14,0.03950266714813128,8.919918130066735e-45,0.06965072631480612,0.13409227621167674,False
3,qS2Bdesub_C_stretch,1.15,0.039602861591493455,2.1851013778877078e-47,0.06984979958721188,0.13418881558664938,False
3,qS2Bdesub_C_stretch,1.16,0.03936776896503751,3.7691386313219264e-48,0.06989254560063345,0.1344050749100231,False
3,qS2Bdesub_C_stretch,1.17,0.03901101563952835,2.5470067845707513e-49,0.07005756399922462,0.13452523895274485,False
3,qS2Bdesub_C_stretch,1.18,0.03790899623302857,9.932788560130027e-60,0.0701500421009697,0.13443225479393134,False
3,qS2Bdesub_C_stretch,1.19,0.03791517063030826,1.1584401425578157e-58,0.07035922493285723,0.13432292112013472,False
3,qS2Bdesub_C_stretch,1.2,0.038043841665741145,2.1047647523117516e-53,0.07031760119573593,0.13440979339983822,False
3,qS2Bdesub_C_stretch,1.21,0.03832871433965492,1.91592405471398e-54,0.07030480521913252,0.13441065294463347,False
3,qS2Bdesub_C_stretch,1.22,0.03839177835018199,1.2678271816637653e-55,0.07036378895313508,0.13465509968030476,False
3,qS2Bdesub_C_stretch,1.23,0.03836245575825397,1.9786014765290912e-53,0.07067674461634406,0.13485400197081734,False
3,qS2Bdesub_C_stretch,1.24,0.03869172429364271,1.5281339028757232e-40,0.07066633717339768,0.13533040813266672,False
3,qS2Bdesub_C_stretch,1.25,0.03864387431497787,2.4890206620791818e-39,0.07072104232844581,0.1355295249259813,False
3,qS2Bdesub_C_stretch,1.26,0.03934186567395912,5.618226508581914e-36,0.07070317277143587,0.13572935554279195,False
3,qS2Bdesub_C_stretch,1.27,0.03895788444556995,4.653292871122461e-32,0.07085352867501514,0.13586536240251834,False
3,qS2Bdesub_C_stretch,1.28,0.03880035159538499,3.962608724617072e-31,0.07096506546637804,0.1360120278237206,False
3,qS2Bdesub_C_stretch,1.29,0.03891518468420299,1.1847151465110385e-28,0.07105014500304342,0.13622166023812068,False
3,qS2Bdesub_C_stretch,1.3,0.03888958546923576,2.233099049799376e-27,0.07126397073991836,0.1361417380450095,False
3,qS2BC_max,0.75,0.05477966812208788,0.5033031281226696,0.0736969911121834,0.14379791528421218,False
3,qS2BC_max,0.76,0.055045602756067194,0.7963626266379349,0.07364952587378946,0.14373738354257184,False
3,qS2BC_max,0.77,0.05461967227165312,0.18739417202469294,0.07353279063554673,0.14377586242023185,False
3,qS2BC_max,0.78,0.05415858025790332,0.14308275370342322,0.07364085715649621,0.14382839302291656,False
3,qS2BC_max,0.79,0.05379316099966617,0.07038730495924736,0.07353113028950127,0.14383718157385142,False
3,qS2BC_max,0.8,0.05650170980233686,0.007920388903335887,0.07359931609966322,0.14382055185621054,False
3,qS2BC_max,0.81,0.05664878327997191,0.02258600500403027,0.07372368206149318,0.1437219142294551,False
3,qS2BC_max,0.82,0.05341458430193244,0.37340261479095666,0.07359746660906104,0.1439240996373529,False
3,qS2BC_max,0.83,0.053376103993734256,0.569529453242881,0.07376986479509298,0.14433958704612604,False
3,qS2BC_max,0.84,0.053871368296470525,0.46146823299006484,0.07407069542762026,0.1447771560515118,False
3,qS2BC_max,0.85,0.05516344875263981,0.28103872656612305,0.07432211891199798,0.1450825278939131,False
3,qS2BC_max,0.86,0.0552135784073533,0.24752562133740053,0.07457665531328568,0.14503545183345462,False
3,qS2BC_max,0.87,0.052230876613640294,0.5735259917528349,0.07481229804728763,0.1453911327228339,False
3,qS2BC_max,0.88,0.052657554435070114,0.7192823026104416,0.07501901787006515,0.14599424531286137,False
3,qS2BC_max,0.89,0.052803365408512,0.7075043312016813,0.07494093217733123,0.1461947000425554,False
3,qS2BC_max,0.9,0.05208563069266557,0.600428156719914,0.07476316769089991,0.1463697044981189,False
3,qS2BC_max,0.91,0.05217852855292645,0.5495619068422969,0.07464213308324245,0.14648811077326296,False
3,qS2BC_max,0.92,0.052045439637076044,0.723619242773799,0.07492086361766363,0.14666123049052296,False
3,qS2BC_max,0.93,0.053181297202383175,0.0848168280439862,0.07491083740503353,0.1471272590678059,False
3,qS2BC_max,0.94,0.0530977015707806,0.054611347525068646,0.07502987594425527,0.14733499142275136,False
3,qS2BC_max,0.95,0.053063401548493996,0.12772570322682075,0.0749947333011594,0.14730806163060003,False
3,qS2BC_max,0.96,0.05285747780026967,0.052814871314462046,0.07520570593525483,0.14708056991893212,False
3,qS2BC_max,0.97,0.0532964895528259,0.00902306849950361,0.07518517747305623,0.14743370533353353,False
3,qS2BC_max,0.98,0.05313309052283821,0.08557351586634802,0.07522647510635139,0.14791801687088463,False
3,qS2BC_max,0.99,0.052877314558194506,0.16316855256461266,0.07545600665168718,0.14820500487133173,False
3,qS2BC_max,1.0,0.05326997326724528,0.1597285694363717,0.07556665285296514,0.14830650353683594,False
3,qS2BC_max,1.01,0.05311970384428499,0.09293041939654738,0.07562205206126842,0.14850116455549886,False
3,qS2BC_max,1.02,0.05081950494862772,0.07429106402856049,0.075645694202917,0.14866668926163892,False
3,qS2BC_max,1.03,0.050489467315095925,0.23206388092579855,0.07576046387326765,0.148500329347522,False
3,qS2BC_max,1.04,0.054055318400105176,0.0029150838629965277,0.07557573969104923,0.14865588119393328,False
3,qS2BC_max,1.05,0.052812902804893515,0.10799226996964205,0.07567186889673833,0.14908066859003938,False
3,qS2BC_max,1.06,0.0511963977732136,0.6979291333539912,0.07568795022403389,0.1488743370441833,False
3,qS2BC_max,1.07,0.05092602969255138,0.5250885887519668,0.07583596288393957,0.14868334846370465,False
3,qS2BC_max,1.08,0.0507150328115417,0.5061884208161962,0.076110773812068,0.14859912344330914,False
3,qS2BC_max,1.09,0.05074747475252922,0.25664359118824437,0.07615426435201345,0.14872241366401365,False
3,qS2BC_max,1.1,0.05079175700012373,0.2659031290724038,0.07622437178528306,0.14911578783757418,False
3,qS2BC_max,1.11,0.05061917493068346,0.12550732450978586,0.07639725727749805,0.14920358434366704,False
3,qS2BC_max,1.12,0.050943096433860566,0.594761397926743,0.07664184182773183,0.14964267866706218,False
3,qS2BC_max,1.13,0.05085131914813523,0.284621399306832,0.07680229969163205,0.14983076436644902,False
3,qS2BC_max,1.14,0.051936018094027384,0.26888940079074486,0.07689185291337094,0.15013502146373717,False
3,qS2BC_max,1.15,0.05177622479121031,0.3347036942428299,0.07681709076916861,0.15054112887314455,False
3,qS2BC_max,1.16,0.05178871613066927,0.5662754063179756,0.07699100482181274,0.1511394844649121,False
3,qS2BC_max,1.17,0.04972717686477762,0.67893197214533,0.07706771238612915,0.15158787556609907,False
3,qS2BC_max,1.18,0.05058077031516185,0.9724655937149406,0.0772493447983321,0.15175891480022152,False
3,qS2BC_max,1.19,0.05126333554631399,0.5990059574225526,0.07737167720572717,0.15208042474577524,False
3,qS2BC_max,1.2,0.05123168910852716,0.828656535669097,0.07773391395606127,0.15229129360609764,False
3,qS2BC_max,1.21,0.05114599537651717,0.81678894046576,0.07798290975192898,0.1524156715396263,False
3,qS2BC_max,1.22,0.05029722866928187,0.6280825031810118,0.078459177984144,0.15261493994674785,False
3,qS2BC_max,1.23,0.0515999387110329,0.21509118911126554,0.07875204726646962,0.15298948319928185,False
3,qS2BC_max,1.24,0.05142490496888308,0.5118661618665298,0.07902295038900992,0.1529286105675063,False
3,qS2BC_max,1.25,0.05071460874564844,0.4137393745781055,0.07921330848017112,0.15270160251657194,False
3,qS2BC_max,1.26,0.05135916047531383,0.3227225459907564,0.07933474926075358,0.15268161130220428,False
3,qS2BC_max,1.27,0.05156550128775512,0.12118817875179744,0.07945721456817177,0.1530418691654068,False
3,qS2BC_max,1.28,0.05109114158747874,0.1124768615493756,0.0793404356270561,0.15306077425975909,False
3,qS2BC_max,1.29,0.04987528360651539,0.08315796054166719,0.07964341673970605,0.15309341162050466,False
3,qS2BC_max,1.3,0.049134061289229196,0.06709977926465852,0.07984034329058062,0.15298714418594087,False
3,qS2Bdes_max,0.75,0.07020846645917224,0.030420636629566258,0.09112301933853227,0.16552158680747703,False
3,qS2Bdes_max,0.76,0.0683959881641021,0.2446047968325379,0.09122903927889886,0.16488191576422648,False
3,qS2Bdes_max,0.77,0.0679488904474251,0.17083135821845596,0.09108423075024756,0.16492294459044782,False
3,qS2Bdes_max,0.78,0.06695837593497678,0.2070735499070009,0.09104946595376648,0.16452119868246984,False
3,qS2Bdes_max,0.79,0.06584311660837186,0.24296695080656305,0.09104102016945045,0.1648366698386058,False
3,qS2Bdes_max,0.8,0.06623333313041647,0.09856649824453613,0.09069151243741796,0.16510630138572524,False
3,qS2Bdes_max,0.81,0.06282502134659528,0.12484216137343838,0.09056738314915666,0.16530976831175329,False
3,qS2Bdes_max,0.82,0.06350944316303793,0.0705451248397675,0.09053612247177192,0.1646837164088197,False
3,qS2Bdes_max,0.83,0.06634183830964445,0.03852420830176396,0.09041764552354564,0.16455197551812994,False
3,qS2Bdes_max,0.84,0.06602005563293434,0.034926134381723484,0.09012661115326057,0.16414566192003335,False
3,qS2Bdes_max,0.85,0.06456292226541965,0.0023321397230501614,0.09015647664992485,0.16390675079787104,False
3,qS2Bdes_max,0.86,0.061432353773183325,0.038944173833630254,0.0900620796677926,0.1637664929339522,False
3,qS2Bdes_max,0.87,0.061461480562628915,0.040085428647387435,0.09021253851127421,0.16455176482721015,False
3,qS2Bdes_max,0.88,0.06132813530653414,0.020985584253908625,0.09014095813488424,0.16491657114534003,False
3,qS2Bdes_max,0.89,0.06225050068328776,0.006615885491380432,0.09048390541410233,0.16524035660892197,False
3,qS2Bdes_max,0.9,0.06051848568702871,0.018338904849120242,0.09040962460526449,0.16485987783758244,False
3,qS2Bdes_max,0.91,0.06130325896142472,0.055197005438651574,0.09013403176821501,0.16451395156295967,False
3,qS2Bdes_max,0.92,0.06209504033614596,0.24402015405701594,0.09025772559641788,0.16492793099132125,False
3,qS2Bdes_max,0.93,0.061686184323114304,0.6735411121112564,0.09012767779630666,0.16541811190098063,False
3,qS2Bdes_max,0.94,0.06994256077215259,0.2035858670017909,0.09002399646029137,0.16577985114876662,False
3,qS2Bdes_max,0.95,0.0612046650339202,0.7892971021437093,0.09005353655032576,0.16610488927489017,False
3,qS2Bdes_max,0.96,0.06210159592647607,0.4842453668401428,0.09002417495924098,0.1658765206511651,False
3,qS2Bdes_max,0.97,0.061651842474509,0.7529196750265478,0.08962712094540627,0.1657483172442374,False
3,qS2Bdes_max,0.98,0.06076121202395568,0.746782531866756,0.08931546893070758,0.16573655394541847,False
3,qS2Bdes_max,0.99,0.061682166172628713,0.7822762946859908,0.0892673332774579,0.16581598668627268,False
3,qS2Bdes_max,1.0,0.06153485387277776,0.8085650788730124,0.0894584859275443,0.1661279485408372,False
3,qS2Bdes_max,1.01,0.06098206458901186,0.2581019056889046,0.08944371070231735,0.16612262143649054,False
3,qS2Bdes_max,1.02,0.06124089384065632,0.5531554062404159,0.08918201396502712,0.16655794656933282,False
3,qS2Bdes_max,1.03,0.06054138088488713,0.303118441364469,0.08921061579478765,0.16662071369671613,False
3,qS2Bdes_max,1.04,0.059902432999104964,0.2741727038029922,0.08885037999121606,0.166760495481271,False
3,qS2Bdes_max,1.05,0.059602523606016214,0.05658132653269883,0.0886497827304193,0.16648780600163401,False
3,qS2Bdes_max,1.06,0.05954713590067,0.14107085909060316,0.0887214355467671,0.16674291324677704,False
3,qS2Bdes_max,1.07,0.059161879589030235,0.5454396378746313,0.0886960782587823,0.1668871942672733,False
3,qS2Bdes_max,1.08,0.0594843281285536,0.6046289693523134,0.08862147498870869,0.16688559779534348,False
3,qS2Bdes_max,1.09,0.06387148906224314,0.7178244929263906,0.08881082431403618,0.16683630996549997,False
3,qS2Bdes_max,1.1,0.06374534142780895,0.7140074443184821,0.08892080043820882,0.16693585603258806,False
3,qS2Bdes_max,1.11,0.06406185573366736,0.6865899001168482,0.08891808270205485,0.1668693287694628,False
3,qS2Bdes_max,1.12,0.06279391719463959,0.27862253994956293,0.08888076690042701,0.166422100722624,False
3,qS2Bdes_max,1.13,0.06281291948976206,0.3268500388712415,0.08893649742689883,0.16609412931748518,False
3,qS2Bdes_max,1.14,0.06109425140630745,0.5597337745310904,0.08896592039946902,0.16623676858990383,False
3,qS2Bdes_max,1.15,0.061239550866773795,0.5501137589572304,0.08906371657179467,0.16640519429130105,False
3,qS2Bdes_max,1.16,0.0606875115916454,0.512930085960198,0.08907686891251142,0.16670613755778263,False
3,qS2Bdes_max,1.17,0.06271997807681064,0.31741622552087073,0.08905474738608901,0.16703217215106306,False
3,qS2Bdes_max,1.18,0.06051042754263338,0.7983267677844105,0.08932753279809906,0.16758572412915645,False
3,qS2Bdes_max,1.19,0.06079789364215787,0.8582754141738508,0.08957795398864628,0.1678557179009594,False
3,qS2Bdes_max,1.2,0.059245343861798486,0.5576616845065736,0.08959374599305431,0.1684856719855158,False
3,qS2Bdes_max,1.21,0.05816451492263103,0.3689267672074257,0.08981217360333937,0.1690481497012803,False
3,qS2Bdes_max,1.22,0.06518881182643135,9.574928987299667e-06,0.08987302929029702,0.1695516576180401,False
3,qS2Bdes_max,1.23,0.06518234051573256,0.0012899421581012683,0.08988373804806675,0.16970465417008632,False
3,qS2Bdes_max,1.24,0.06657125590216799,3.970083576918865e-05,0.0900707719595904,0.16955357152158135,False
3,qS2Bdes_max,1.25,0.06029105190152428,0.3558197370348171,0.09011437249935532,0.16943987720316595,False
3,qS2Bdes_max,1.26,0.0602489597204124,0.34361551021503145,0.09014975856822892,0.1692971936275146,False
3,qS2Bdes_max,1.27,0.06432735308982533,0.00011637710758957237,0.08995248572183545,0.16923639931845408,False
3,qS2Bdes_max,1.28,0.06349346950382262,0.0007754700703909687,0.08983120362384475,0.1694171869474847,False
3,qS2Bdes_max,1.29,0.06383957874136695,0.03954008212354285,0.08997463031436927,0.16953937732805122,False
3,qS2Bdes_max,1.3,0.06382604108829021,0.003453624727593428,0.0899953729560326,0.16961570621290245,False
4,qS2Bub_C,0.75,0.04949598449861347,3.4575046254608e-11,0.06580747019157906,0.12690589805779495,True
4,qS2Bub_C,0.76,0.04857379493116103,5.263300286159194e-12,0.06600560595245708,0.12719870654696855,True
4,qS2Bub_C,0.77,0.048734450719039854,4.480030060958054e-11,0.06610097624908734,0.12720964839592827,True
4,qS2Bub_C,0.78,0.046110184189255735,3.4770788644899207e-09,0.06648231392431835,0.12694853473694148,True
4,qS2Bub_C,0.79,0.04758184956189458,3.310516501481963e-10,0.06696524789265841,0.127075216496499,True
4,qS2Bub_C,0.8,0.047136733607178086,6.0787707903190824e-12,0.06709349735405569,0.12713184013270232,True
4,qS2Bub_C,0.81,0.04584398238602149,2.238072249308187e-12,0.06733282656818368,0.12699878992918548,True
4,qS2Bub_C,0.82,0.04481702686673283,1.6036108405357748e-10,0.06728492168430525,0.12719785536204864,True
4,qS2Bub_C,0.83,0.04699074375194265,9.04038055905141e-16,0.06740776914509242,0.12744994486249112,True
4,qS2Bub_C,0.84,0.04646451843718797,4.3845450346931685e-13,0.0673554332156867,0.12747751009598066,True
4,qS2Bub_C,0.85,0.046272049208102226,7.098321055244024e-16,0.06724119753208307,0.12740070105780238,True
4,qS2Bub_C,0.86,0.04513573892019663,7.957698884201991e-16,0.06749405173641834,0.1277319665996284,True
4,qS2Bub_C,0.87,0.0456862108693462,4.733212970968842e-19,0.06758691940397504,0.12764286462970884,True
4,qS2Bub_C,0.88,0.044409402006706046,1.189050940905725e-20,0.06781901418652016,0.12787349355387073,True
4,qS2Bub_C,0.89,0.04442912083643103,1.2725911255256596e-18,0.06785201862629392,0.12776720385045223,True
4,qS2Bub_C,0.9,0.04399756339719006,7.459691015022319e-22,0.06784673330554618,0.12803079368072773,True
4,qS2Bub_C,0.91,0.04129206979188649,9.365229165076866e-21,0.0679831048741755,0.12834838716481595,True
4,qS2Bub_C,0.92,0.04126143380733835,1.363471429241473e-18,0.06794549552611541,0.12839055057153462,True
4,qS2Bub_C,0.93,0.04174622744102368,4.611729426747069e-21,0.06804741738739388,0.1284683662411576,True
4,qS2Bub_C,0.94,0.04016471156712361,8.473960774204383e-32,0.06807792355002518,0.12871518549860653,True
4,qS2Bub_C,0.95,0.0407757479656269,4.098103050138614e-28,0.06812267516429266,0.12895498026051772,True
4,qS2Bub_C,0.96,0.039872885591174315,4.742292374963051e-31,0.06818778565820661,0.12918637544005487,True
4,qS2Bub_C,0.97,0.03909195388053538,8.982055820295053e-37,0.06828499829981657,0.12936860036304226,True
4,qS2Bub_C,0.98,0.038673393710357745,2.005051435387034e-46,0.06832006463648264,0.12973590859495196,True
4,qS2Bub_C,0.99,0.038208691152090524,1.3394871955913798e-50,0.0683303314709365,0.13013755150218453,True
4,qS2Bub_C,1.0,0.038602738574756795,7.591180822295512e-56,0.06825077607541596,0.13020112775632015,True
4,qS2Bub_C,1.01,0.038752884156983004,1.2335184930998394e-53,0.06846214031265763,0.13033218384522333,False
4,qS2Bub_C,1.02,0.03834568668368155,7.094540861498709e-46,0.06867195868999203,0.13035590525443447,False
4,qS2Bub_C,1.03,0.038637537528830396,8.566619125836671e-48,0.06880355688930562,0.13043614178769686,False
4,qS2Bub_C,1.04,0.03874546347408342,2.7243874425895667e-45,0.06886232187373033,0.13061048194500685,False
4,qS2Bub_C,1.05,0.03896837736396821,2.7061591184367118e-42,0.06894977022744196,0.13079914987099117,False
4,qS2Bub_C,1.06,0.03956555957729518,3.0147916894290756e-35,0.06900518041830564,0.13113533623656617,False
4,qS2Bub_C,1.07,0.040220801147374585,1.6482070368787771e-31,0.06914576012351285,0.13145794129292573,False
4,qS2Bub_C,1.08,0.03984675372380034,2.0199408658223962e-25,0.06924666722389315,0.1315777620152159,False
4,qS2Bub_C,1.09,0.03971284515998178,3.3495573010779385e-25,0.06922904353534404,0.13203509074682385,False
4,qS2Bub_C,1.1,0.03969812694013864,3.3838800146520617e-26,0.06933845012153117,0.13249632563416613,False
4,qS2Bub_C,1.11,0.04007063945317155,5.429507879743269e-22,0.06952935013913837,0.13265149450988617,False
4,qS2Bub_C,1.12,0.04108853141662848,1.831911269881e-19,0.06965659506924764,0.13276572097284087,False
4,qS2Bub_C,1.13,0.03995118968500521,1.91401357874077e-17,0.06983951598381477,0.1329261431794163,False
4,qS2Bub_C,1.14,0.04007586375254728,1.4504440212847164e-15,0.07026650758642378,0.13300364814862364,False
4,qS2Bub_C,1.15,0.04127433810896321,8.967460297483717e-15,0.07039251062915028,0.13334131136152128,False
4,qS2Bub_C,1.16,0.04079245026760748,3.2284601973914616e-13,0.0703983224421116,0.13354905623206473,False
4,qS2Bub_C,1.17,0.04081495689757373,5.1569629633850763e-17,0.0707370618184427,0.1336510641669369,False
4,qS2Bub_C,1.18,0.040663399080702954,2.724862869684036e-17,0.07068978241188856,0.13377107283346806,False
4,qS2Bub_C,1.19,0.04081662114842898,1.0335856121345423e-14,0.07100338139854168,0.1341033307183213,False
4,qS2Bub_C,1.2,0.03979510816073794,4.519554206256042e-12,0.07108154230095583,0.13423351668935368,False
4,qS2Bub_C,1.21,0.04110913813028143,2.6048032662474055e-13,0.0710234292031728,0.134445816050331,False
4,qS2Bub_C,1.22,0.04089606121605987,9.236187895587794e-14,0.07102838192141891,0.13463121915025275,False
4,qS2Bub_C,1.23,0.04110813081021457,9.85326102839297e-10,0.07134330440803328,0.13484816413917353,False
4,qS2Bub_C,1.24,0.040357629302022954,5.0664119480068546e-11,0.07179883603010712,0.13523777419324398,False
4,qS2Bub_C,1.25,0.04014998647686326,3.628054460076639e-10,0.07199771089286533,0.13561638313502805,False
4,qS2Bub_C,1.26,0.040179868783719964,9.915944378481088e-09,0.07234035022795934,0.1359322294055049,False
4,qS2Bub_C,1.27,0.04033042048924231,4.088618336000099e-08,0.07271080198972617,0.13632116426530294,False
4,qS2Bub_C,1.28,0.04040820977760532,2.0358388065519594e-08,0.07288051450423852,0.13649420018333522,False
4,qS2Bub_C,1.29,0.04057146849454686,1.907391061852294e-07,0.07288575417001965,0.1368352743436877,False
4,qS2Bub_C,1.3,0.04070992829113594,6.894714956118199e-08,0.0730036208425472,0.137225108417304,False
4,qS2Bdesub_C,0.75,0.049478350826576804,3.335347547653744e-11,0.06580685836271546,0.12690553919501527,True
4,qS2Bdesub_C,0.76,0.04855868918749926,3.835588874683007e-12,0.06600575342662635,0.1271984216491957,True
4,qS2Bdesub_C,0.77,0.04874702030461673,5.498616908782405e-11,0.06610140380604321,0.1272097809817693,True
4,qS2Bdesub_C,0.78,0.04612281084183335,4.711237692061701e-09,0.0664818931346505,0.1269482060194018,True
4,qS2Bdesub_C,0.79,0.0475642228147503,2.4215568447614495e-10,0.06696576898400322,0.12707461367133716,True
4,qS2Bdesub_C,0.8,0.04713566601075531,5.737607953234842e-12,0.06709340268924482,0.12713225745678483,True
4,qS2Bdesub_C,0.81,0.04583551465352964,2.7815257218454035e-12,0.06733260304868156,0.12699800378153983,True
4,qS2Bdesub_C,0.82,0.04480729233952247,9.629824069729826e-11,0.06728469940054042,0.12719785815987603,True
4,qS2Bdesub_C,0.83,0.04698248617146369,7.43933225664278e-16,0.06740803798857274,0.1274504749487844,True
4,qS2Bdesub_C,0.84,0.046455144659789574,3.1807897497819534e-13,0.06735576919190707,0.12747738691831223,True
4,qS2Bdesub_C,0.85,0.04627316897272484,7.756471149255805e-16,0.06724125851502982,0.1274002734016921,True
4,qS2Bdesub_C,0.86,0.045146585955085625,6.611974309964379e-16,0.0673644866362586,0.12773198681070896,True
4,qS2Bdesub_C,0.87,0.0456962204941156,6.150354868077734e-19,0.06750582782846623,0.12764303878988323,True
4,qS2Bdesub_C,0.88,0.04442576401045789,2.6995644318763902e-20,0.06768385029987263,0.12787367696904758,True
4,qS2Bdesub_C,0.89,0.04443724225761885,2.380965722601141e-18,0.06785207030325385,0.12776734646480115,True
4,qS2Bdesub_C,0.9,0.04398298963851891,9.07488278063535e-22,0.06784628630683222,0.1280307427132965,True
4,qS2Bdesub_C,0.91,0.04129475562895613,9.795887001507209e-21,0.06798235221752962,0.12834801894065648,True
4,qS2Bdesub_C,0.92,0.041252513460953044,1.4300315763806405e-18,0.06794595034587339,0.1283904631944595,True
4,qS2Bdesub_C,0.93,0.04175879570214667,7.299810588823628e-21,0.06804662764810862,0.1284679399534512,True
4,qS2Bdesub_C,0.94,0.04018077345397441,1.9127338394663297e-31,0.0680774703062315,0.12871495566339122,True
4,qS2Bdesub_C,0.95,0.0407800236044207,7.599546666245089e-28,0.0681227030550363,0.12895530345067405,True
4,qS2Bdesub_C,0.96,0.03987358636945965,5.355215868796457e-31,0.06818766536076325,0.129185817656707,True
4,qS2Bdesub_C,0.97,0.03908852010156147,8.488506492103206e-37,0.06828529316611641,0.1293688287365689,True
4,qS2Bdesub_C,0.98,0.03867287920262577,2.0481614027408027e-46,0.06831957133316126,0.1297355461078522,True
4,qS2Bdesub_C,0.99,0.038201792593584846,1.2534638255210733e-50,0.06833013539082572,0.13013796155683927,True
4,qS2Bdesub_C,1.0,0.03860551999040418,9.58712901646709e-56,0.06825070823428514,0.1302007250604806,True
4,qS2Bdesub_C,1.01,0.038757553071472016,1.1219607057447212e-53,0.0684617657499349,0.13033193046833746,False
4,qS2Bdesub_C,1.02,0.03835833189280156,9.487570318471708e-46,0.06867166596786238,0.1303558119087665,False
4,qS2Bdesub_C,1.03,0.0386329903658903,1.0533975456093309e-47,0.0688034020499974,0.13043562221784075,False
4,qS2Bdesub_C,1.04,0.03873334950777778,1.9740635926700543e-45,0.06886244495027065,0.13061042443033619,False
4,qS2Bdesub_C,1.05,0.038960816423926056,2.226761696667887e-42,0.06894966049269004,0.13079915192829952,False
4,qS2Bdesub_C,1.06,0.03955726161502157,2.2077540642892827e-35,0.06900512590419823,0.1311352084057489,False
4,qS2Bdesub_C,1.07,0.04020554070774731,1.0375142056263768e-31,0.06914523976868212,0.13145828798920864,False
4,qS2Bdesub_C,1.08,0.03983891846653105,1.7334180523569293e-25,0.0692457491630397,0.1315771212036642,False
4,qS2Bdesub_C,1.09,0.0397147470903369,2.879443447869891e-25,0.06922824683321746,0.13203452488078046,False
4,qS2Bdesub_C,1.1,0.039698926790989394,2.578248946428226e-26,0.06933809388933725,0.13249600037583184,False
4,qS2Bdesub_C,1.11,0.04006798026551204,3.891772181881146e-22,0.06952885989288954,0.13265141513648637,False
4,qS2Bdesub_C,1.12,0.04108460210662534,1.4589413061853118e-19,0.06965569741856345,0.13276572669927048,False
4,qS2Bdesub_C,1.13,0.03995559299770318,1.9066565242190026e-17,0.0698389747585487,0.13292595083094835,False
4,qS2Bdesub_C,1.14,0.04008181924346202,1.4508405103508355e-15,0.07026623954709231,0.133003470219044,False
4,qS2Bdesub_C,1.15,0.04127098201914507,9.529212705879937e-15,0.07039249607300561,0.1333413280009619,False
4,qS2Bdesub_C,1.16,0.040795371860348255,3.008565224196804e-13,0.07039856206688512,0.13354906108611028,False
4,qS2Bdesub_C,1.17,0.04080211885825303,4.6300555421213415e-17,0.07073729830956782,0.13365091946456747,False
4,qS2Bdesub_C,1.18,0.040648146344636066,2.2942315298684986e-17,0.07069010903758484,0.1337707535772178,False
4,qS2Bdesub_C,1.19,0.040792397923191726,8.038366441054236e-15,0.07100337028204178,0.13410386385698292,False
4,qS2Bdesub_C,1.2,0.03976758021334103,3.7911634201203575e-12,0.071081426286817,0.1342335021140881,False
4,qS2Bdesub_C,1.21,0.04109365772525698,2.2803140410613313e-13,0.07102304093672059,0.13444565381116894,False
4,qS2Bdesub_C,1.22,0.040896149421810496,7.892980558541182e-14,0.07102836758723648,0.13463128271007638,False
4,qS2Bdesub_C,1.23,0.041106673296855974,9.118139450778713e-10,0.07134368780814261,0.13484850688659006,False
4,qS2Bdesub_C,1.24,0.04035859410793974,5.511239017207397e-11,0.07179948261018115,0.13523770845401384,False
4,qS2Bdesub_C,1.25,0.0401485476483458,3.4969594182922886e-10,0.07199756299955067,0.13561642074476765,False
4,qS2Bdesub_C,1.26,0.04017814770584774,9.774422120468572e-09,0.0723402419073803,0.13593233939534374,False
4,qS2Bdesub_C,1.27,0.0403398908696925,4.722466350264501e-08,0.07271077346342565,0.13632067239092943,False
4,qS2Bdesub_C,1.28,0.040408084219427376,1.7822991457881213e-08,0.07288048007202347,0.13649433296165683,False
4,qS2Bdesub_C,1.29,0.04057966919403316,1.9210653335667865e-07,0.07288576592958201,0.13683533493606925,False
4,qS2Bdesub_C,1.3,0.04071730011063841,8.677036407912657e-08,0.07300367864520646,0.1372245356449635,False
4,qS2Bub_C_stretch,0.75,0.051996411032463906,6.199758889930008e-05,0.06632498604812077,0.12486992731650427,True
4,qS2Bub_C_stretch,0.76,0.0524070041308513,1.151850147572593e-05,0.06638012149451913,0.1249187714194902,True
4,qS2Bub_C_stretch,0.77,0.052686433787375614,4.637624340712474e-07,0.06634459004537135,0.12503555284277484,True
4,qS2Bub_C_stretch,0.78,0.05075773888987554,5.7441987320479e-07,0.066573979749011,0.12527736534948128,True
4,qS2Bub_C_stretch,0.79,0.05139956663292644,4.7209949695640986e-08,0.06647082315095375,0.12527169310121064,True
4,qS2Bub_C_stretch,0.8,0.05013231845332943,1.1172387617289592e-08,0.06668351214077534,0.1250800614343696,True
4,qS2Bub_C_stretch,0.81,0.05053104034133768,1.0221296971006703e-06,0.0666773184401858,0.1254593492144247,True
4,qS2Bub_C_stretch,0.82,0.050291797755057106,6.887810598990937e-07,0.06642055411495393,0.12585570380140967,True
4,qS2Bub_C_stretch,0.83,0.05046244448139863,2.3647388213694312e-07,0.06626516309391854,0.1258966802292055,True
4,qS2Bub_C_stretch,0.84,0.05072677071476067,3.2862327041690434e-08,0.06615855115539206,0.12612206848850924,True
4,qS2Bub_C_stretch,0.85,0.05005869473650886,4.865097796290827e-07,0.06627476903838057,0.12647027517867135,True
4,qS2Bub_C_stretch,0.86,0.05069493892721111,2.9675047359140895e-08,0.06621977761670442,0.1270142392596507,True
4,qS2Bub_C_stretch,0.87,0.050094913366324455,2.2969639314143557e-08,0.06617321571087434,0.12723299138603789,True
4,qS2Bub_C_stretch,0.88,0.04927706573539583,7.205570844169747e-10,0.06614192264913592,0.12748146979048322,True
4,qS2Bub_C_stretch,0.89,0.04948050472068415,1.7022543982426728e-10,0.06615531174073833,0.12758005312498988,True
4,qS2Bub_C_stretch,0.9,0.04907957387813526,3.5054268752098113e-09,0.06636178615146716,0.1277868048762878,True
4,qS2Bub_C_stretch,0.91,0.04933140859040734,8.179786952296566e-09,0.06660255474854448,0.1280172025961495,True
4,qS2Bub_C_stretch,0.92,0.04906751426249653,2.3403736714544324e-09,0.06679508497636036,0.12786778867460816,True
4,qS2Bub_C_stretch,0.93,0.04897614315193328,2.2685080215600847e-10,0.0670888029023665,0.12782551997855188,True
4,qS2Bub_C_stretch,0.94,0.04649243376747298,3.410347568449107e-10,0.06746163351882811,0.12791563308897144,True
4,qS2Bub_C_stretch,0.95,0.047559055687117074,1.1202917127116702e-11,0.0675605785741757,0.12783278765573766,True
4,qS2Bub_C_stretch,0.96,0.046794711260407434,1.8734483854696783e-17,0.06771343836860083,0.12769908985358772,True
4,qS2Bub_C_stretch,0.97,0.04530550841548006,5.6917442073949106e-11,0.06782412341515472,0.12805474121686194,True
4,qS2Bub_C_stretch,0.98,0.04650901912220341,7.094464937396192e-13,0.06780395771544485,0.12835277837723374,True
4,qS2Bub_C_stretch,0.99,0.04690615510599123,2.9080365390757765e-11,0.0679031775110801,0.12825639256126528,True
4,qS2Bub_C_stretch,1.0,0.04629278208648051,1.2380529545367548e-11,0.06790206209687788,0.12826536368377978,True
4,qS2Bub_C_stretch,1.01,0.046022836479690056,6.630292744684011e-13,0.06775545792635361,0.12811233794026608,True
4,qS2Bub_C_stretch,1.02,0.04561973792318031,2.550396245441549e-17,0.06785928270690327,0.1283514389657101,True
4,qS2Bub_C_stretch,1.03,0.045746271179190987,4.0230157268832907e-16,0.06803112584697799,0.12834522059465403,True
4,qS2Bub_C_stretch,1.04,0.04480574926236816,4.140966532007359e-21,0.06820468514465483,0.12849448067217237,True
4,qS2Bub_C_stretch,1.05,0.04500376242897544,2.367808278889826e-19,0.06827653479714146,0.1288169613405764,True
4,qS2Bub_C_stretch,1.06,0.04510915435770544,1.415728140606256e-19,0.0682851808059188,0.12879115994264395,True
4,qS2Bub_C_stretch,1.07,0.042455891048718636,1.100049792358376e-15,0.06831619906964825,0.12879193248185394,True
4,qS2Bub_C_stretch,1.08,0.04130053512053006,3.2042555617931186e-23,0.06840479955596204,0.12913272561336037,False
4,qS2Bub_C_stretch,1.09,0.04116447849340896,2.6899546904157626e-21,0.06837809291548275,0.1292393819517776,True
4,qS2Bub_C_stretch,1.1,0.041637129765573655,8.973424038823147e-19,0.06848053449974488,0.12922529371516217,False
4,qS2Bub_C_stretch,1.11,0.041299908238417504,3.246231912825891e-22,0.06852686079729782,0.129491579345627,False
4,qS2Bub_C_stretch,1.12,0.04099721789046543,3.1458558846045028e-24,0.06856633151138651,0.12955466531515955,False
4,qS2Bub_C_stretch,1.13,0.040538723526259264,4.16792696820363e-32,0.06861273362862641,0.1296824695889659,False
4,qS2Bub_C_stretch,1.14,0.039861713733136316,7.192095315395046e-33,0.06850446463542778,0.12988388711440293,False
4,qS2Bub_C_stretch,1.15,0.039251975522932414,4.6275817651089836e-43,0.06872985888201139,0.13010182355155772,False
4,qS2Bub_C_stretch,1.16,0.03901533144206761,3.6800091978466534e-48,0.06877234277928718,0.13037550114164817,False
4,qS2Bub_C_stretch,1.17,0.03850569450528947,6.627149480236868e-53,0.06876469458861721,0.13062060228731456,False
4,qS2Bub_C_stretch,1.18,0.0384379766125237,2.971644955316202e-59,0.06877945400297084,0.1309069545697651,False
4,qS2Bub_C_stretch,1.19,0.03851399600557889,1.4438452550923983e-49,0.06875998700106972,0.1310029747112187,False
4,qS2Bub_C_stretch,1.2,0.03861820988062092,1.276150994691858e-50,0.0688129186471837,0.13115835814560062,False
4,qS2Bub_C_stretch,1.21,0.038671994630087365,1.863698254405635e-49,0.06899192375254339,0.13110659763909932,False
4,qS2Bub_C_stretch,1.22,0.03842855882672436,1.2064974958633129e-48,0.06910215071994297,0.13121582179378996,False
4,qS2Bub_C_stretch,1.23,0.03851706121592883,7.292760618120995e-44,0.06915679969066268,0.13121234827487138,False
4,qS2Bub_C_stretch,1.24,0.0388773061840872,5.492777614471945e-46,0.0692600249490075,0.13141773229189646,False
4,qS2Bub_C_stretch,1.25,0.039522914184625696,3.0403370198516804e-37,0.06938633986073539,0.13136267504225824,False
4,qS2Bub_C_stretch,1.26,0.04008074086738901,2.515900772682969e-36,0.0694661276949799,0.13174822555179524,False
4,qS2Bub_C_stretch,1.27,0.039613831631563665,2.203828848615477e-29,0.06951468764796735,0.13213339099330842,False
4,qS2Bub_C_stretch,1.28,0.039609481592090726,2.1365058578878577e-27,0.06952687055971417,0.1321163931955608,False
4,qS2Bub_C_stretch,1.29,0.03975619191268863,6.666962037722473e-26,0.06967856690543268,0.13239162896677317,False
4,qS2Bub_C_stretch,1.3,0.03975898929053964,1.0305837296866504e-26,0.06968321556005885,0.13293364957457862,False
4,qS2Bdesub_C_stretch,0.75,0.052019851781858854,7.786903042654691e-05,0.06632648384379257,0.12487302324813031,True
4,qS2Bdesub_C_stretch,0.76,0.05238005493722666,7.030366256932679e-06,0.06638110922554209,0.12492044529465095,True
4,qS2Bdesub_C_stretch,0.77,0.05267384019742559,2.927003494832776e-07,0.06634587245256363,0.12503704242846042,True
4,qS2Bdesub_C_stretch,0.78,0.05199774082796904,9.108178006592815e-09,0.06657952068156656,0.12528655953318987,True
4,qS2Bdesub_C_stretch,0.79,0.051585089783854156,1.9642840196174155e-07,0.06647394021583655,0.12527632907182626,True
4,qS2Bdesub_C_stretch,0.8,0.0502500242165032,2.1234187919269806e-08,0.06668722016364362,0.12508362273373497,True
4,qS2Bdesub_C_stretch,0.81,0.05054045109708715,1.452102575317235e-06,0.06667795369916367,0.12546156506650394,True
4,qS2Bdesub_C_stretch,0.82,0.05030757587998792,1.5831557818530098e-06,0.06642178029587614,0.12585785257098397,True
4,qS2Bdesub_C_stretch,0.83,0.05049725618312592,1.445561645443514e-07,0.06626578816728063,0.1258988834434188,True
4,qS2Bdesub_C_stretch,0.84,0.0506090702138352,4.792195873506313e-08,0.06616354001402903,0.12613039351267197,True
4,qS2Bdesub_C_stretch,0.85,0.050065552737076045,5.435965364651777e-07,0.06627446748624335,0.12647047803020423,True
4,qS2Bdesub_C_stretch,0.86,0.05070210322555016,3.3798037138097616e-08,0.0662204298047803,0.12701414351654594,True
4,qS2Bdesub_C_stretch,0.87,0.050105899416629344,2.6253596979564773e-08,0.06617356097339733,0.12723284822320827,True
4,qS2Bdesub_C_stretch,0.88,0.04928791912216976,9.120274524352323e-10,0.06614146639374584,0.12748030029586954,True
4,qS2Bdesub_C_stretch,0.89,0.04946971503027596,1.999699700941319e-10,0.06615527183476254,0.1275794768764203,True
4,qS2Bdesub_C_stretch,0.9,0.04906532115971065,2.868652876094209e-09,0.06636176061783172,0.12778714965642046,True
4,qS2Bdesub_C_stretch,0.91,0.04931009536269757,6.996381743023831e-09,0.06660310175579374,0.12801738763755371,True
4,qS2Bdesub_C_stretch,0.92,0.04907247160624418,2.597323427861722e-09,0.06679419185503602,0.12786820152718173,True
4,qS2Bdesub_C_stretch,0.93,0.04895732721989219,1.8661755179229878e-10,0.06708897465315512,0.12782610623802113,True
4,qS2Bdesub_C_stretch,0.94,0.04649271050601731,3.613669340282384e-10,0.06746174477627175,0.12791555236431248,True
4,qS2Bdesub_C_stretch,0.95,0.047543349865559054,1.275740499761965e-11,0.06756091999936503,0.1278323367128062,True
4,qS2Bdesub_C_stretch,0.96,0.04679449981113658,2.0154678896497134e-17,0.06771282254164207,0.12769846537422078,True
4,qS2Bdesub_C_stretch,0.97,0.04530172311426359,5.4303536231267455e-11,0.06782425534168655,0.1280546302752985,True
4,qS2Bdesub_C_stretch,0.98,0.0465008638071701,3.499929552544173e-13,0.06780442687221987,0.12835275103727398,True
4,qS2Bdesub_C_stretch,0.99,0.046888699238546966,2.0360413153505468e-11,0.06790296588973371,0.12825604046841224,True
4,qS2Bdesub_C_stretch,1.0,0.046284457825811136,1.039083988236303e-11,0.06790202798471948,0.12826535019319826,True
4,qS2Bdesub_C_stretch,1.01,0.04601418472016778,4.777930297790895e-13,0.06775556961968031,0.12811239056587356,True
4,qS2Bdesub_C_stretch,1.02,0.04560691507037553,1.877239433311924e-17,0.06785957341814253,0.12835139097955597,True
4,qS2Bdesub_C_stretch,1.03,0.045740212427433494,3.825551401743354e-16,0.06785404842699021,0.12834539445846627,True
4,qS2Bdesub_C_stretch,1.04,0.0448112345216837,7.320600064072664e-21,0.06810249907225933,0.12849448625857662,True
4,qS2Bdesub_C_stretch,1.05,0.04501260354033537,3.9813652890576944e-19,0.06827576502170543,0.12881708637704095,True
4,qS2Bdesub_C_stretch,1.06,0.045126881787676466,3.2776150973747697e-19,0.06822834111579436,0.1287909576651022,True
4,qS2Bdesub_C_stretch,1.07,0.04441797535607349,6.675591303058997e-23,0.06831576083310407,0.12879177677324577,True
4,qS2Bdesub_C_stretch,1.08,0.04130926587255895,4.451137431102065e-23,0.06840503855837247,0.1291322326870983,False
4,qS2Bdesub_C_stretch,1.09,0.04116348867950034,3.484973249585682e-21,0.06837776777987978,0.129239200272913,True
4,qS2Bdesub_C_stretch,1.1,0.0416314732194387,9.813079259379654e-19,0.06848091105253254,0.12922540287762802,False
4,qS2Bdesub_C_stretch,1.11,0.041293092430789616,4.0057289803913984e-22,0.06852664325920607,0.12949170130393833,False
4,qS2Bdesub_C_stretch,1.12,0.04100500318955243,5.7223960231365395e-24,0.06856552241946945,0.1295542283601275,False
4,qS2Bdesub_C_stretch,1.13,0.04054019473933595,1.040271335969763e-31,0.06861354014746154,0.12968241071206593,False
4,qS2Bdesub_C_stretch,1.14,0.03985554225941394,6.613833002628888e-33,0.06850401513043562,0.12988415931994213,False
4,qS2Bdesub_C_stretch,1.15,0.039246492445166245,5.531815559132881e-43,0.06872972320223322,0.13010199204697168,False
4,qS2Bdesub_C_stretch,1.16,0.03901058308583019,2.8818475127629155e-48,0.06877297574829647,0.13037519910967604,False
4,qS2Bdesub_C_stretch,1.17,0.038509189174519606,7.71919288119891e-53,0.06876480578981048,0.13062087092029037,False
4,qS2Bdesub_C_stretch,1.18,0.03843545102169992,2.9209494816192737e-59,0.06878013370396509,0.13090648460744095,False
4,qS2Bdesub_C_stretch,1.19,0.038508851753844366,1.4058590928612612e-49,0.06876056717046962,0.13100259197759506,False
4,qS2Bdesub_C_stretch,1.2,0.03862077644794,1.4623323498046102e-50,0.06881330275715941,0.1311581668070361,False
4,qS2Bdesub_C_stretch,1.21,0.038668644644790424,1.2179352016263573e-49,0.06899206946593187,0.13110640481186683,False
4,qS2Bdesub_C_stretch,1.22,0.03843105953922437,1.2665861423102711e-48,0.06910237896271966,0.1312155111162436,False
4,qS2Bdesub_C_stretch,1.23,0.03851976868095452,6.612884701506988e-44,0.06915684412201983,0.13121239884318736,False
4,qS2Bdesub_C_stretch,1.24,0.03887814754417936,5.89630371914967e-46,0.0692597642025381,0.1314178778878953,False
4,qS2Bdesub_C_stretch,1.25,0.039521316739654797,3.2158926366357116e-37,0.06938582355540596,0.13136282659477908,False
4,qS2Bdesub_C_stretch,1.26,0.040068109450824764,1.717370080359154e-36,0.06946600970501877,0.13174846309083307,False
4,qS2Bdesub_C_stretch,1.27,0.039608977187891754,1.676795306149163e-29,0.06951428826033654,0.13213364429797256,False
4,qS2Bdesub_C_stretch,1.28,0.03960943296357945,2.4099585023843114e-27,0.06952686550309155,0.1321166751762347,False
4,qS2Bdesub_C_stretch,1.29,0.039751844349331586,5.502302591312982e-26,0.0696783477821677,0.13239109313436628,False
4,qS2Bdesub_C_stretch,1.3,0.039772184052133494,1.0896351900527376e-26,0.06968225476469311,0.1329330575928518,False
4,qS2BC_max,0.75,0.056972463342032056,0.01721716985976277,0.07374403592311853,0.1417902404501422,False
4,qS2BC_max,0.76,0.05714070418643627,0.1385335873933172,0.07375561549026531,0.1419241766041901,False
4,qS2BC_max,0.77,0.05692954286902408,0.10516650935710947,0.07383748011802976,0.14247593053893612,False
4,qS2BC_max,0.78,0.05638241139105023,0.10982551267885003,0.07380237102195587,0.1428877913117456,False
4,qS2BC_max,0.79,0.05578058467144912,0.020753311659214107,0.07356455829052687,0.14315312327083798,False
4,qS2BC_max,0.8,0.05574161784841449,0.08705453261745506,0.07361067349772707,0.14322279770126775,False
4,qS2BC_max,0.81,0.05540647512616044,0.15772081166178345,0.07357500188779871,0.14288698860377985,False
4,qS2BC_max,0.82,0.05507164650432904,0.20570552396415145,0.07380733934552429,0.14253554011043532,False
4,qS2BC_max,0.83,0.05535820579463472,0.16743460604397817,0.07406996754085177,0.14282582356612614,False
4,qS2BC_max,0.84,0.05490001376245667,0.28315246365453695,0.07394577069439066,0.14309193820913227,False
4,qS2BC_max,0.85,0.055139035405018515,0.40737019605005925,0.07363559031141138,0.1429398642344378,False
4,qS2BC_max,0.86,0.054772822666913294,0.5996095640805136,0.07376578839383116,0.1430173634000967,False
4,qS2BC_max,0.87,0.05472954007230401,0.23783258365620752,0.07399722639026708,0.1433425402467629,False
4,qS2BC_max,0.88,0.05445898196940969,0.1720723795510126,0.07399266370613033,0.14361052145662495,False
4,qS2BC_max,0.89,0.053539667592903746,0.40534971163994127,0.07406085133873924,0.14422576357274405,False
4,qS2BC_max,0.9,0.05275286648575134,0.5423039888728827,0.07415351955154525,0.14474186025017546,False
4,qS2BC_max,0.91,0.05267894908803546,0.6116367769584146,0.07414797088402333,0.1446388642309722,False
4,qS2BC_max,0.92,0.05330923222376136,0.6558054938788848,0.07397793177104187,0.14462041202591436,False
4,qS2BC_max,0.93,0.052893457490514516,0.23338571927655885,0.07415769307814415,0.1448269137507726,False
4,qS2BC_max,0.94,0.05292133652958755,0.3047509748450015,0.07433141043851503,0.14500639314585523,False
4,qS2BC_max,0.95,0.052909901183521034,0.3325432914550048,0.0744817071274924,0.145532666941166,False
4,qS2BC_max,0.96,0.05249880175302767,0.22806691793883713,0.0746838570164745,0.14577851369324898,False
4,qS2BC_max,0.97,0.05197765060379175,0.18374519785544613,0.07471773091298423,0.14596750948069773,False
4,qS2BC_max,0.98,0.052354049395501895,0.28002448169667965,0.07486783763284538,0.14580764024948312,False
4,qS2BC_max,0.99,0.05218362657529375,0.6578115326554206,0.07482576378500008,0.14596861686338647,False
4,qS2BC_max,1.0,0.05223398133733706,0.9195120337197993,0.07491913320700445,0.14606424974619597,False
4,qS2BC_max,1.01,0.05211423385797434,0.9249312825507193,0.07476113658522783,0.14657112711324827,False
4,qS2BC_max,1.02,0.05259993968614265,0.20358921983960848,0.07474353422195659,0.14663778142705125,False
4,qS2BC_max,1.03,0.05222127074986888,0.2578313153470151,0.07488911223692821,0.1469254564564689,False
4,qS2BC_max,1.04,0.05133250109676975,0.8962995628836364,0.07504640443379608,0.14703993197984766,False
4,qS2BC_max,1.05,0.052025703849199544,0.3390721233953539,0.07513478774295818,0.14724399675964547,False
4,qS2BC_max,1.06,0.0524947593404383,0.4528099896163383,0.07516095343991061,0.1478012937181631,False
4,qS2BC_max,1.07,0.05273767727140863,0.5822892895717593,0.07515704384212427,0.14796502876139714,False
4,qS2BC_max,1.08,0.05223208706952034,0.5325185835670336,0.07535880350891948,0.14805604449926857,False
4,qS2BC_max,1.09,0.052372781148942046,0.2547141249586375,0.07537743107166642,0.1481853987662379,False
4,qS2BC_max,1.1,0.05168928679176219,0.752193672054119,0.07561815187942736,0.14776969546746355,False
4,qS2BC_max,1.11,0.052329097016188236,0.6133190630430312,0.07575466935339552,0.14795072817530938,False
4,qS2BC_max,1.12,0.05191584019808454,0.7892504236649204,0.07582635617166311,0.14815808326468177,False
4,qS2BC_max,1.13,0.051762765140287284,0.933980876908656,0.0758898026524161,0.14828774743361592,False
4,qS2BC_max,1.14,0.05192163099353864,0.9344152489950525,0.07598181631314767,0.1483016290116093,False
4,qS2BC_max,1.15,0.05179582051502788,0.9296497886801238,0.07615842319911441,0.1487059537603864,False
4,qS2BC_max,1.16,0.051801442965377704,0.928263582513148,0.07619385460686122,0.14910444814368418,False
4,qS2BC_max,1.17,0.05256745657742705,0.5998289983798478,0.07635358699732234,0.14917718907730185,False
4,qS2BC_max,1.18,0.05236402267514028,0.7466195609443533,0.07620760792145816,0.1493389561566978,False
4,qS2BC_max,1.19,0.05227507867527454,0.7693372255937374,0.07641874805031089,0.1495750346953793,False
4,qS2BC_max,1.2,0.05218183962765603,0.771046387495982,0.07662203351999612,0.14985525773766942,False
4,qS2BC_max,1.21,0.05412286469250814,0.051777496682256924,0.07681475579813049,0.15003697469235963,False
4,qS2BC_max,1.22,0.05253180630178753,0.5849701780125807,0.07699789353314501,0.1499787052289984,False
4,qS2BC_max,1.23,0.052409515018174604,0.7382268393817335,0.07691095646063069,0.1500655895133399,False
4,qS2BC_max,1.24,0.052407683567042514,0.7866270911538477,0.07730371259982725,0.1503244272288195,False
4,qS2BC_max,1.25,0.05188864693765742,0.6979107870987996,0.07748247429668212,0.15062899520601533,False
4,qS2BC_max,1.26,0.050651734167249336,0.21027190755704375,0.07751770297794935,0.15076243669148542,False
4,qS2BC_max,1.27,0.05055049196312439,0.34605826566191067,0.07761678026934775,0.1507588004495279,False
4,qS2BC_max,1.28,0.05131509546303387,0.6624269885082738,0.07775950551555755,0.15118745588249585,False
4,qS2BC_max,1.29,0.05417015928014762,0.0060873334020631435,0.07781000776442486,0.15130528859921857,False
4,qS2BC_max,1.3,0.051504715311682416,0.8826798963828367,0.07794366284519454,0.15164541276651486,False
4,qS2Bdes_max,0.75,0.06760642890614696,0.10566248515085744,0.09205417017022474,0.16385757369248835,False
4,qS2Bdes_max,0.76,0.06595958330402729,0.12269545856755365,0.09170027701195238,0.163857039020714,False
4,qS2Bdes_max,0.77,0.06774606043048144,0.11807583900484657,0.09127321384430605,0.16337483859392166,False
4,qS2Bdes_max,0.78,0.0674262538244198,0.7693880510850525,0.0910258310784319,0.1632893490810208,False
4,qS2Bdes_max,0.79,0.06609416932306418,0.6172502674193585,0.09112376993508732,0.16315557135728584,False
4,qS2Bdes_max,0.8,0.06513125868138811,0.6509328082395021,0.09117028409859666,0.16233455533331909,False
4,qS2Bdes_max,0.81,0.0647127677293917,0.2779680005378725,0.0911737457250182,0.1622470057478387,False
4,qS2Bdes_max,0.82,0.06546410254170823,0.07914165111424079,0.09118178154130685,0.1618648051074878,False
4,qS2Bdes_max,0.83,0.06284100775826969,0.06337631159201106,0.09088481838544797,0.16140261060426392,False
4,qS2Bdes_max,0.84,0.06258908757369959,0.017100313102508837,0.09066779888510676,0.16160077249903712,False
4,qS2Bdes_max,0.85,0.06213869977302685,0.0010780095462471467,0.09079899903780365,0.16168541076237422,False
4,qS2Bdes_max,0.86,0.06191921287307616,0.06954055960326838,0.0909382621851205,0.16128698089743657,False
4,qS2Bdes_max,0.87,0.062061364909112904,0.27485743145479247,0.09082430494768394,0.16105239880993502,False
4,qS2Bdes_max,0.88,0.06179053429329763,0.27298628385369456,0.09092694726269616,0.16125326467204584,False
4,qS2Bdes_max,0.89,0.06147898655580227,0.05521138335808873,0.09077657307003753,0.16133239611898145,False
4,qS2Bdes_max,0.9,0.0611323575432283,0.09599109101224391,0.0905662676098761,0.16151650054751643,False
4,qS2Bdes_max,0.91,0.06176824842527907,0.1169542943112751,0.09058896113912121,0.1619135859685433,False
4,qS2Bdes_max,0.92,0.061019966318933756,0.06733222956900234,0.09034762392687992,0.161727780120717,False
4,qS2Bdes_max,0.93,0.060050358530424994,0.0077968161978759585,0.0901458639983208,0.16195997576750454,False
4,qS2Bdes_max,0.94,0.06338918035013139,0.358797743526955,0.08998048979991358,0.16186554688090254,False
4,qS2Bdes_max,0.95,0.06812143990175575,0.8210942592950357,0.08984807409751511,0.1619486773760606,False
4,qS2Bdes_max,0.96,0.05997852209611976,0.4751063901398639,0.08989770047713919,0.16230991513431425,False
4,qS2Bdes_max,0.97,0.06059333326642401,0.6849439696857813,0.08998838315300474,0.162508465271626,False
4,qS2Bdes_max,0.98,0.06083068799726271,0.6943987472905401,0.08980088901976581,0.1626745261937455,False
4,qS2Bdes_max,0.99,0.06129560645045394,0.5262912152942151,0.08940694647885122,0.1627982506157782,False
4,qS2Bdes_max,1.0,0.06523595453026303,0.41002999312117133,0.08922399041681169,0.16283724259873755,False
4,qS2Bdes_max,1.01,0.06104118727010185,0.4904838955404707,0.08899377477278024,0.1630342082773977,False
4,qS2Bdes_max,1.02,0.06054321761328763,0.7336231694407888,0.08903150040851536,0.1626521438321277,False
4,qS2Bdes_max,1.03,0.059493525394208935,0.8619143328342252,0.08892701775238405,0.16251988728018865,False
4,qS2Bdes_max,1.04,0.06000124369266669,0.8874357425798186,0.08885241625763911,0.16266976067457015,False
4,qS2Bdes_max,1.05,0.059927171320964236,0.8990858952210002,0.08893022205487103,0.16290961769977372,False
4,qS2Bdes_max,1.06,0.05992940780938989,0.8392305186783958,0.08899351963661643,0.16292706789978562,False
4,qS2Bdes_max,1.07,0.060347732068390975,0.871915418088415,0.08898029480431208,0.1628184715402579,False
4,qS2Bdes_max,1.08,0.059458026628133466,0.5023302853025832,0.08898870462838646,0.16325020571596266,False
4,qS2Bdes_max,1.09,0.059421745686060554,0.40081216387451823,0.08887201134233907,0.16333712690404736,False
4,qS2Bdes_max,1.1,0.05978126847575085,0.3985220176440385,0.08885073720409697,0.16330661222824103,False
4,qS2Bdes_max,1.11,0.05934251300073683,0.28603232899114567,0.08905908855945813,0.16339749865302436,False
4,qS2Bdes_max,1.12,0.059249729201926955,0.1263102422108342,0.08896368459084583,0.16370483795237328,False
4,qS2Bdes_max,1.13,0.06222368328620541,0.7067995940547329,0.08908200038916539,0.1635339178790195,False
4,qS2Bdes_max,1.14,0.06213303355448179,0.8242916620193843,0.08899480623119847,0.1637442701677822,False
4,qS2Bdes_max,1.15,0.06211152434645106,0.7911899412810652,0.08881713909308941,0.16412274475722738,False
4,qS2Bdes_max,1.16,0.061694153124075536,0.657684547216865,0.08904712394363354,0.16417550101958664,False
4,qS2Bdes_max,1.17,0.05742959406922217,0.4563894991129047,0.08911059939306044,0.1642093200949418,False
4,qS2Bdes_max,1.18,0.057239740759254566,0.40597842892850994,0.08913762047316705,0.16438610911627158,False
4,qS2Bdes_max,1.19,0.058026078560396675,0.5448113778867575,0.08912265366979202,0.16448310909091443,False
4,qS2Bdes_max,1.2,0.05775611031489351,0.3099829518678013,0.0887299454624165,0.16442857761493657,False
4,qS2Bdes_max,1.21,0.057967105074646356,0.32312124711151324,0.08851292060715181,0.16448374557597892,False
4,qS2Bdes_max,1.22,0.05904444557081138,0.069993464178869,0.08859562479607241,0.16444355187748408,False
4,qS2Bdes_max,1.23,0.06390369142270041,0.0636279775856266,0.08870034192947387,0.16449843760306787,False
4,qS2Bdes_max,1.24,0.06201188701653955,0.07671664959437306,0.0885137633814345,0.16463527319509358,False
4,qS2Bdes_max,1.25,0.062125128564847705,0.16847277110918285,0.08858405736010551,0.16464055434514657,False
4,qS2Bdes_max,1.26,0.060457947721355085,0.05692769772282957,0.08878529304246442,0.1649838080936925,False
4,qS2Bdes_max,1.27,0.06073058396089351,0.20438709726889023,0.08891821452509072,0.16536681910951248,False
4,qS2Bdes_max,1.28,0.060742341728914705,0.5402390125578961,0.08907516294829194,0.16557517281160786,False
4,qS2Bdes_max,1.29,0.06081830580270601,0.761633326188986,0.08884487572472344,0.16586163034758136,False
4,qS2Bdes_max,1.3,0.06047136276928914,0.8727909984286133,0.08893018548385062,0.16614450217546123,False
