model_id,feature_set,features,feature_count,alpha,cap,dev_base_sigma,dev_new_sigma,dev_sigma_gain,dev_base_r68,dev_new_r68,dev_r68_gain,dev_base_r90,dev_new_r90,dev_r90_gain,dev_protocol_successes,dev_center_bias_max,hold_base_sigma,hold_new_sigma,hold_sigma_gain,hold_base_r68,hold_new_r68,hold_r68_gain,hold_base_r90,hold_new_r90,hold_r90_gain,hold_protocol_successes,hold_center_bias_max,background_applied,background_ood,background_strong,background_near_cap,background_energy_trend,background_rank_corr,background_spike_growth,background_2600_spike_growth,background_median_scale_shift,time_ratio_span,time_applied_fraction_span,time_supported_blocks,safety_pass_count,safe
A05_plus_qS2hitStdevTo1_max_a300_c75,A05_plus_qS2hitStdevTo1_max,dt|wS2CDF_max|yS2Tcor_max|xS2Bcor_max|qS2hitStdevTo1_max,5,300.0,0.0075,0.04237804561569755,0.042081241742788184,0.007003717811833843,0.06841353944679428,0.06842859794858124,-0.00022010996520172021,0.13139431589248823,0.13078279214490465,0.004654111126724536,12,0.1573253478223009,0.04199252184928828,0.04228901720273116,-0.007060670338090436,0.06542480619034491,0.06443404797750157,0.015143464238332682,0.13005254847924436,0.13110985396575683,-0.008129832893518651,12,0.15880500644067097,0.3342970317403159,0.02851998559596687,0.6578116158238593,0.0,0.0048711495800532936,0.9999775867368633,1.012735326688815,1.012735326688815,0.0,0.00039407717611106285,0.016136432224681363,10,16,True
A09_plus_nPMTS2_max_a3000_c75,A09_plus_nPMTS2_max,dt|wS2CDF_max|yS2Tcor_max|xS2Bcor_max|nPMTS2_max,5,3000.0,0.0075,0.04237804561569755,0.04217698896181042,0.004744358805745752,0.06841353944679428,0.06821359234769626,0.002922624683868502,0.13139431589248823,0.13146127547186814,-0.0005096078846720253,12,0.1565050195539851,0.04199252184928828,0.04320984069671362,-0.02898894359796511,0.06542480619034491,0.06492795574080208,0.007594221190312833,0.13005254847924436,0.1298984800967112,0.0011846625409093203,12,0.1571531816964673,0.70217603786203,0.0054220896136632545,0.2926282216163383,0.0,0.00468912869959584,0.9999681836555993,1.019140989729225,0.9516129032258064,0.0,0.00023573593154946337,0.01503915666578226,10,16,True
B04_S10_a3000_c75,B04_S10,dt|wS2CDF_max|yS2Tcor_max|xS2Bcor_max,4,3000.0,0.0075,0.04237804561569755,0.04217813883314053,0.004717225149311055,0.06841353944679428,0.06822321348864649,0.0027819925658985056,0.13139431589248823,0.13142556568918456,-0.00023783218082207291,12,0.15654691481424254,0.04199252184928828,0.042701321330360656,-0.016879183479769688,0.06542480619034491,0.06493819537496837,0.007437711224712151,0.13005254847924436,0.12988238727290746,0.0013084034748004347,12,0.15706475357079708,0.7266526055867072,0.004928237049230928,0.26839858017387724,0.0,0.004523212220773851,0.9999678249432825,1.0759878419452888,1.0081232492997199,0.0,0.00021718604590748036,0.012592898431048716,10,16,True
A02_plus_xS2T_max_a3000_c75,A02_plus_xS2T_max,dt|wS2CDF_max|yS2Tcor_max|xS2Bcor_max|xS2T_max,5,3000.0,0.0075,0.04237804561569755,0.042184311798400126,0.004571560922235207,0.06841353944679428,0.06815536493509917,0.0037737341728369955,0.13139431589248823,0.13147628025995464,-0.0006238045147515248,12,0.15649283449612394,0.04199252184928828,0.043104663296036363,-0.0264842738128368,0.06542480619034491,0.06495207559627163,0.007225555895388314,0.13005254847924436,0.12992444089454402,0.0009850447853452238,12,0.15705196391048426,0.7207057976233345,0.004928237049230928,0.27438654251761924,0.0,0.004522852262302146,0.9999679817039527,1.03015873015873,1.03015873015873,0.0,0.00022063225692670052,0.009702725020644065,10,16,True
A02_plus_xS2T_max_a3000_c50,A02_plus_xS2T_max,dt|wS2CDF_max|yS2Tcor_max|xS2Bcor_max|xS2T_max,5,3000.0,0.005,0.04237804561569755,0.04218556545420285,0.004541978250724332,0.06841353944679428,0.06831203996480341,0.001483616880687877,0.13139431589248823,0.13146478197536368,-0.0005362947582383537,12,0.15663295955217638,0.04199252184928828,0.04221372690146799,-0.005267724881435232,0.06542480619034491,0.06495871687733902,0.0071240457579631045,0.13005254847924436,0.13126848288819282,-0.009349562335893236,12,0.15533463829371763,0.5640619373424559,0.004928237049230928,0.43243994032614846,0.0,0.002772940662027171,0.9999865277212401,0.9885361552028219,0.9161490683229814,0.0,0.00014422436441297037,0.012902559867877805,10,16,True
P07_plus_pair_a300_c75,P07_plus_pair,dt|wS2CDF_max|yS2Tcor_max|xS2Bcor_max|xS2T_max|qS2hitStdevTo1_max,6,300.0,0.0075,0.04237804561569755,0.04218640332224228,0.004522206974648335,0.06841353944679428,0.06836989339963291,0.0006379738208883712,0.13139431589248823,0.13071838984112982,0.005144256406886538,12,0.15736903936759128,0.04199252184928828,0.04198880219041498,8.85790781189888e-05,0.06542480619034491,0.06443589173315856,0.015115282944961783,0.13005254847924436,0.13109150305899342,-0.007988729109102088,12,0.1571735258279674,0.3324347960286023,0.02851998559596687,0.6595915427748341,0.0,0.0047140752257449165,0.9999777538854658,1.046685340802988,0.9849480021893816,0.0,0.0004068977231832527,0.015723315934821513,10,16,True
A08_plus_tDiffBottomTopS2_max_a3000_c75,A08_plus_tDiffBottomTopS2_max,dt|wS2CDF_max|yS2Tcor_max|xS2Bcor_max|tDiffBottomTopS2_max,5,3000.0,0.0075,0.04237804561569755,0.04220993082798827,0.0039670255026346135,0.06841353944679428,0.06827451733139535,0.0020320848259436364,0.13139431589248823,0.13148902776280524,-0.000720821670813443,12,0.15658375277730352,0.04199252184928828,0.04334269696382771,-0.032152751372857,0.06542480619034491,0.06517939077952214,0.0037511064245074888,0.13005254847924436,0.12996178980556297,0.0006978615547534872,12,0.1568825574971524,0.7218375430834919,0.005998250938834302,0.2727918102783065,0.0,0.004439899979442354,0.9999675003726913,1.0656814449917897,1.0656814449917897,0.0,0.00018797288241012566,0.012873678588239623,10,16,True
P05_plus_pair_a3000_c50,P05_plus_pair,dt|wS2CDF_max|yS2Tcor_max|xS2Bcor_max|xS2T_max|yS2B_max,6,3000.0,0.005,0.04237804561569755,0.042232560846475566,0.0034330221488103607,0.06841353944679428,0.06831392352444392,0.0014560849088627315,0.13139431589248823,0.1316145224179331,-0.0016759212447594596,12,0.15667272504280993,0.04199252184928828,0.04257742107383713,-0.01392865202637883,0.06542480619034491,0.06472386356199943,0.010713713485160037,0.13005254847924436,0.13103158846243326,-0.0075280338189231966,12,0.1552237825220909,0.5545655640722259,0.005699881681156438,0.4416790987190699,0.0,0.0030600164609292085,0.9999865925572005,1.0911989795918369,1.0911989795918369,0.0,0.00018756998296498573,0.01393476465730803,10,16,True
P05_plus_pair_a3000_c75,P05_plus_pair,dt|wS2CDF_max|yS2Tcor_max|xS2Bcor_max|xS2T_max|yS2B_max,6,3000.0,0.0075,0.04237804561569755,0.04228767789993292,0.002132418200313513,0.06841353944679428,0.06839542099967696,0.0002648371545138639,0.13139431589248823,0.1315878751488884,-0.0014731174258597601,12,0.15644728598278823,0.04199252184928828,0.04315375748282159,-0.027653391184768505,0.06542480619034491,0.06506066442933324,0.005565805727452133,0.13005254847924436,0.12983217961922736,0.001694460143948473,12,0.1563317841071885,0.7109110550954267,0.005699881681156438,0.28385205000257213,0.0,0.0046119737645997135,0.9999678980631047,1.0184523809523809,0.9902419984387197,0.0,0.000276177704156666,0.0107349298100744,10,16,True
P04_plus_pair_a300_c75,P04_plus_pair,dt|wS2CDF_max|yS2Tcor_max|xS2Bcor_max|qS2channelStdevTo1_max|qS2hitStdevTo1_max,6,300.0,0.0075,0.04237804561569755,0.042302443601061626,0.0017839901188817509,0.06841353944679428,0.06842838292915358,-0.00021696702844686833,0.13139431589248823,0.13003055173801065,0.010379171619520178,12,0.1569187236372298,0.04199252184928828,0.04303505327073073,-0.024826597106601733,0.06542480619034491,0.06492419084214705,0.007651766621079137,0.13005254847924436,0.13092128651709972,-0.00667990014816211,12,0.15891072760869585,0.2207109419208807,0.11567467462318021,0.7621688358454654,0.0,0.003643860453173656,0.9999827013728718,1.0535714285714286,1.0535714285714286,0.0,0.0006700807492705518,0.011147811725846418,10,16,True
P02_plus_pair_a3000_c50,P02_plus_pair,dt|wS2CDF_max|yS2Tcor_max|xS2Bcor_max|qS2channelStdevTo1_max|yS2B_max,6,3000.0,0.005,0.04237804561569755,0.042309807516344916,0.0016102228963422727,0.06841353944679428,0.06833396260171805,0.001163173923169336,0.13139431589248823,0.13114540342324627,0.0018943929769811296,12,0.1573929549718046,0.04199252184928828,0.043783394408564505,-0.04264741626386925,0.06542480619034491,0.06486145313083785,0.008610695121786915,0.13005254847924436,0.13113745791883724,-0.00834208519770785,12,0.15728896323885977,0.33293893718812695,0.03822213076804362,0.658984515664386,0.0,0.002696595510715976,0.999989955371927,1.03015873015873,1.03015873015873,0.0,0.00023372577961366936,0.014794384891172407,10,16,True
G02_plus_s2_shape_a300_c75,G02_plus_s2_shape,dt|wS2CDF_max|yS2Tcor_max|xS2Bcor_max|wS2FWHM_max|tDiffBottomTopS2_max,6,300.0,0.0075,0.04237804561569755,0.04192978443633698,0.010577674662621273,0.06841353944679428,0.06864876444672584,-0.0034382813962505754,0.13139431589248823,0.13081797976471826,0.004386309437019675,12,0.15714370488811058,0.04199252184928828,0.042982583094038844,-0.0235770847081751,0.06542480619034491,0.06495152956066316,0.0072339018980783765,0.13005254847924436,0.13108757166382487,-0.007958499827057874,12,0.15667467133559154,0.4163074232213591,0.014527496270384278,0.5799886825453984,0.0,0.003869132914234147,0.999974852561886,1.0993788819875776,1.0993788819875776,0.0,0.0003604323213723948,0.014906213291158488,10,15,False
B04_S10_a300_c75,B04_S10,dt|wS2CDF_max|yS2Tcor_max|xS2Bcor_max,4,300.0,0.0075,0.04237804561569755,0.04206753815774157,0.007327083008305646,0.06841353944679428,0.06886925918633795,-0.006661250729442125,0.13139431589248823,0.13090224865575217,0.003744965932458544,12,0.15738938838832117,0.04199252184928828,0.0418498990845732,0.0033963848426860066,0.06542480619034491,0.06445678670141515,0.014795909155824405,0.13005254847924436,0.131393710943694,-0.010312465846554986,12,0.15771093689460247,0.42256288903750194,0.004928237049230928,0.5757806471526313,0.0,0.004236237569494254,0.9999744584789966,1.0828373015873016,1.0828373015873016,0.0,0.0003366731469496287,0.0157927332782824,10,15,False
A07_plus_wS2FWHM_max_a300_c75,A07_plus_wS2FWHM_max,dt|wS2CDF_max|yS2Tcor_max|xS2Bcor_max|wS2FWHM_max,5,300.0,0.0075,0.04237804561569755,0.042108838767946,0.006352507385376738,0.06841353944679428,0.06877990861503286,-0.005355214350859727,0.13139431589248823,0.13095604853806156,0.0033355122818652383,12,0.15739181526192303,0.04199252184928828,0.04125675932436683,0.017521275039449113,0.06542480619034491,0.06417681311706847,0.019075227668929884,0.13005254847924436,0.1311984162998206,-0.008810806354626166,12,0.1559483782989297,0.4254334070682648,0.013313442049488143,0.5714079942383867,0.0,0.0040578016936789005,0.999974399325514,1.0535714285714286,1.0535714285714286,0.0,0.00040795873207688516,0.009805945499587132,10,15,False
P07_plus_pair_a1000_c75,P07_plus_pair,dt|wS2CDF_max|yS2Tcor_max|xS2Bcor_max|xS2T_max|qS2hitStdevTo1_max,6,1000.0,0.0075,0.04237804561569755,0.04211572572687823,0.006189994961026568,0.06841353944679428,0.06890761481170059,-0.007221894509500615,0.13139431589248823,0.1308598005028926,0.004068025210717696,12,0.15686545185797263,0.04199252184928828,0.04327287230831296,-0.03048996351350075,0.06542480619034491,0.06486065351130026,0.008622917084436188,0.13005254847924436,0.13106376360025868,-0.0077754348748937385,12,0.15718267470691571,0.449848243222388,0.02851998559596687,0.5380729461392046,0.0,0.00509900622436022,0.9999727143619241,1.0982683982683983,1.0982683982683983,0.0,0.00036851244036117947,0.014966969446738254,10,15,False
P05_plus_pair_a300_c75,P05_plus_pair,dt|wS2CDF_max|yS2Tcor_max|xS2Bcor_max|xS2T_max|yS2B_max,6,300.0,0.0075,0.04237804561569755,0.04215871017297213,0.005175685653709627,0.06841353944679428,0.06877687177629128,-0.005310824910317313,0.13139431589248823,0.1309628114673534,0.003284041795901693,12,0.15743886073847813,0.04199252184928828,0.04196424700993108,0.0006733303481673003,0.06542480619034491,0.06472741327181897,0.01065945715600547,0.13005254847924436,0.1314004721934185,-0.010364454445037419,12,0.15575433715510723,0.4168218529759761,0.005699881681156438,0.5811821595761099,0.0,0.004012850968028348,0.9999747495195935,1.0759878419452888,1.016210739614995,0.0,0.00026916133962395783,0.014141205615194052,10,15,False
A08_plus_tDiffBottomTopS2_max_a300_c75,A08_plus_tDiffBottomTopS2_max,dt|wS2CDF_max|yS2Tcor_max|xS2Bcor_max|tDiffBottomTopS2_max,5,300.0,0.0075,0.04237804561569755,0.04217913786056575,0.004693650975214458,0.06841353944679428,0.06876295936097084,-0.005107467279167777,0.13139431589248823,0.13081953825291454,0.0043744482831662435,12,0.1570771920675802,0.04199252184928828,0.04217136183549881,-0.004258853203729762,0.06542480619034491,0.06494804738146044,0.007287126040502079,0.13005254847924436,0.13108263850508425,-0.007920567784984955,12,0.15885250302317644,0.413611811307166,0.005998250938834302,0.5844024898400123,0.0,0.003898833008585034,0.999974912182595,1.0742296918767507,1.0742296918767507,0.0,0.0003176964149915751,0.02058288153821669,10,15,False
A05_plus_qS2hitStdevTo1_max_a1000_c75,A05_plus_qS2hitStdevTo1_max,dt|wS2CDF_max|yS2Tcor_max|xS2Bcor_max|qS2hitStdevTo1_max,5,1000.0,0.0075,0.04237804561569755,0.04221518488172616,0.0038430449447405257,0.06841353944679428,0.06897751870861342,-0.00824367904919976,0.13139431589248823,0.13083574477828225,0.004251105616037698,12,0.15699107705498327,0.04199252184928828,0.043842597630690885,-0.04405726781645902,0.06542480619034491,0.06487655053829071,0.008379935440070319,0.13005254847924436,0.13105332851763948,-0.007695197442092683,12,0.156209272354338,0.45059931066412884,0.02851998559596687,0.5372807243170945,0.0,0.005148730545924212,0.9999726415015859,1.0854978354978355,1.0742296918767507,0.0,0.000350925703893612,0.014141205615194052,10,15,False
A02_plus_xS2T_max_a300_c75,A02_plus_xS2T_max,dt|wS2CDF_max|yS2Tcor_max|xS2Bcor_max|xS2T_max,5,300.0,0.0075,0.04237804561569755,0.04221594364087402,0.003825140410993577,0.06841353944679428,0.06895587265855974,-0.007927278958973272,0.13139431589248823,0.13093704054846098,0.003480175994838408,12,0.15724248334725854,0.04199252184928828,0.04217263445480786,-0.0042891590594631435,0.06542480619034491,0.06450016476156127,0.014132887548700013,0.13005254847924436,0.13142242872439944,-0.010533282593641058,12,0.15727718553832593,0.4217809558104841,0.004928237049230928,0.5763670970728947,0.0,0.004095646174001737,0.9999745291379314,1.060197663971249,0.9688013136288999,0.0,0.00028880505676531776,0.011500672568405035,10,15,False
A02_plus_xS2T_max_a1000_c75,A02_plus_xS2T_max,dt|wS2CDF_max|yS2Tcor_max|xS2Bcor_max|xS2T_max,5,1000.0,0.0075,0.04237804561569755,0.04221672029869662,0.003806813519998009,0.06841353944679428,0.06890350579377146,-0.007161833036839482,0.13139431589248823,0.13109743715180758,0.0022594488860809836,12,0.15704632601851687,0.04199252184928828,0.04324012737384557,-0.029710183375862842,0.06542480619034491,0.06451370735616706,0.013925892749718338,0.13005254847924436,0.13128128262857067,-0.009447982094118013,12,0.15692547812674662,0.5348114614949329,0.004928237049230928,0.46252379237615104,0.0,0.004055153714878044,0.9999706463435326,0.9995421245421245,0.9995421245421245,0.0,0.0002513080501609366,0.0162056151940545,10,15,False
A03_plus_yS2B_max_a300_c75,A03_plus_yS2B_max,dt|wS2CDF_max|yS2Tcor_max|xS2Bcor_max|yS2B_max,5,300.0,0.0075,0.04237804561569755,0.04222106679279135,0.0037042487595996265,0.06841353944679428,0.06879723468386324,-0.005608469320131704,0.13139431589248823,0.1309374556477379,0.0034770168073644525,12,0.1573111594463894,0.04199252184928828,0.04206183892689716,-0.0016507005189556612,0.06542480619034491,0.06471747487018456,0.010811362865981722,0.13005254847924436,0.1313928723609265,-0.010306017816298807,12,0.1558736943293333,0.41828283347908846,0.005699881681156438,0.5799063737846597,0.0,0.004023805013462435,0.9999747366785958,1.0894071914480077,1.0230331262939958,0.0,0.00028418752752545906,0.014657308009909165,10,15,False
P09_plus_pair_a300_c75,P09_plus_pair,dt|wS2CDF_max|yS2Tcor_max|xS2Bcor_max|yS2B_max|qS2hitStdevTo1_max,6,300.0,0.0075,0.04237804561569755,0.04222733190282256,0.0035564101809160142,0.06841353944679428,0.06860817655943593,-0.0028450086666400587,0.13139431589248823,0.13062631679941739,0.0058449947994649865,12,0.15730354795187107,0.04199252184928828,0.04236709711054034,-0.008920046826347061,0.06542480619034491,0.06442906361362416,0.015219648856486745,0.13005254847924436,0.13107793827444678,-0.007884426773582698,12,0.15852186307718485,0.33067544626781215,0.029651731056124286,0.6610216574926694,0.0,0.004656990356574435,0.9999777085951708,1.019140989729225,0.9625220458553793,0.0,0.000357374029816393,0.014381385788356404,10,15,False
A01_plus_qS2channelStdevTo1_max_a3000_c50,A01_plus_qS2channelStdevTo1_max,dt|wS2CDF_max|yS2Tcor_max|xS2Bcor_max|qS2channelStdevTo1_max,5,3000.0,0.005,0.04237804561569755,0.04229883592129309,0.0018691209859644786,0.06841353944679428,0.06854580744886772,-0.0019333600211739466,0.13139431589248823,0.13151272745954853,-0.0009011924622157608,12,0.15754939413478608,0.04199252184928828,0.04349296756110266,-0.03573125989430914,0.06542480619034491,0.06507667662202545,0.005321063807306126,0.13005254847924436,0.13105399798389053,-0.007700345101703254,12,0.15781922325004938,0.3342250115746695,0.03648335819743814,0.6589433612840166,0.0,0.002889416854062628,0.999989851106162,1.0479969765684052,1.0479969765684052,0.0,0.00020338036166367424,0.013831544178365018,10,15,False
A07_plus_wS2FWHM_max_a3000_c50,A07_plus_wS2FWHM_max,dt|wS2CDF_max|yS2Tcor_max|xS2Bcor_max|wS2FWHM_max,5,3000.0,0.005,0.04237804561569755,0.04230777911074094,0.0016580874350322627,0.06841353944679428,0.06875210537685321,-0.004948814705344029,0.13139431589248823,0.13084707008038152,0.004164912373793239,12,0.15701744018082542,0.04199252184928828,0.04344507117615182,-0.03459066669243516,0.06542480619034491,0.06501168189859673,0.006314490111690274,0.13005254847924436,0.13019822615340337,-0.001120144709676918,12,0.1560255361969901,0.5372704357220022,0.013313442049488143,0.4568033335048099,0.0,0.002435912592416761,0.9999867356988138,1.0479969765684052,1.0479969765684052,0.0,0.00021350503597084014,0.010377274952083182,10,15,False
P01_plus_pair_a300_c75,P01_plus_pair,dt|wS2CDF_max|yS2Tcor_max|xS2Bcor_max|qS2channelStdevTo1_max|xS2T_max,6,300.0,0.0075,0.04237804561569755,0.04232733274377867,0.0011966779303312913,0.06841353944679428,0.06871696518546602,-0.0044351708905183695,0.13139431589248823,0.13014403156239915,0.00951551306916587,12,0.1570256633807715,0.04199252184928828,0.04288389511542676,-0.021226952487817252,0.06542480619034491,0.06495315423332053,0.007209069227536835,0.13005254847924436,0.1306968014908997,-0.004953789980964407,12,0.15575050055547468,0.23366428314213694,0.03648335819743814,0.7615412315448326,0.0,0.003532631186933134,0.9999822058415784,1.032069970845481,1.032069970845481,0.0,0.0005305258626544518,0.008797423146392869,10,15,False
P02_plus_pair_a1000_c50,P02_plus_pair,dt|wS2CDF_max|yS2Tcor_max|xS2Bcor_max|qS2channelStdevTo1_max|yS2B_max,6,1000.0,0.005,0.04237804561569755,0.04233119296820347,0.0011055877356629384,0.06841353944679428,0.0686967800628229,-0.00414012516117368,0.13139431589248823,0.13081064343031343,0.004442143925406872,12,0.15708046941737785,0.04199252184928828,0.04371353541940441,-0.040983810791189734,0.06542480619034491,0.0645322067892857,0.013643134050138506,0.13005254847924436,0.1309868926242141,-0.007184358598854024,12,0.15765856377373322,0.20637892895725088,0.03822213076804362,0.7889088944904573,0.0,0.0024337241505988524,0.9999929299122794,1.0395238095238095,1.0195852534562213,0.0,0.0004416988924083043,0.008691379525028547,10,15,False
A08_plus_tDiffBottomTopS2_max_a3000_c25,A08_plus_tDiffBottomTopS2_max,dt|wS2CDF_max|yS2Tcor_max|xS2Bcor_max|tDiffBottomTopS2_max,5,3000.0,0.0025,0.04237804561569755,0.042333443217794885,0.0010524883168785415,0.06841353944679428,0.0685632691909587,-0.002188598125095753,0.13139431589248823,0.1313257706136457,0.0005216761347470733,12,0.15700985103948362,0.04199252184928828,0.041255530055662876,0.017550548554108758,0.06542480619034491,0.06516842182361038,0.003918763870520481,0.13005254847924436,0.13076368274131664,-0.005468053262991379,12,0.15887068635438317,0.3137609959360049,0.005998250938834302,0.6844282113277432,0.0,0.0013296247714358175,0.9999978055328785,1.0742296918767507,1.0132708821233412,0.0,0.00013565388563474556,0.010011353080813301,10,15,False
A08_plus_tDiffBottomTopS2_max_a300_c50,A08_plus_tDiffBottomTopS2_max,dt|wS2CDF_max|yS2Tcor_max|xS2Bcor_max|tDiffBottomTopS2_max,5,300.0,0.005,0.04237804561569755,0.04236575045442442,0.00029013044595371795,0.06841353944679428,0.06855857399319504,-0.0021199684678432362,0.13139431589248823,0.13064712978104456,0.005686593871039647,12,0.15740842975617564,0.04199252184928828,0.04257972709357345,-0.013983567035879885,0.06542480619034491,0.06541089556353032,0.00021262006912359244,0.13005254847924436,0.13114493169524338,-0.008399552556045187,12,0.15958660015325654,0.28804979680024695,0.005998250938834302,0.7106435516230258,0.0,0.0023369145227663587,0.9999917271003194,1.0642135642135642,1.0642135642135642,0.0,0.000508960225754862,0.012931792708647694,10,15,False
A01_plus_qS2channelStdevTo1_max_a300_c75,A01_plus_qS2channelStdevTo1_max,dt|wS2CDF_max|yS2Tcor_max|xS2Bcor_max|qS2channelStdevTo1_max,5,300.0,0.0075,0.04237804561569755,0.04236721178653676,0.0002556472107996255,0.06841353944679428,0.06850408859763402,-0.0013235560032698324,0.13139431589248823,0.13011666346034767,0.009723802916908442,12,0.15689393221706238,0.04199252184928828,0.04085410011991612,0.02711010625791832,0.06542480619034491,0.06498706290316478,0.006690784622373602,0.13005254847924436,0.13095091882421508,-0.006907748871327168,12,0.15961564467185096,0.23956993672514018,0.03648335819743814,0.7543289263851021,0.0,0.0034023589824821103,0.9999818328723288,1.0535714285714286,1.0535714285714286,0.0,0.0005337142726176136,0.010631709331131306,10,15,False
P04_plus_pair_a3000_c50,P04_plus_pair,dt|wS2CDF_max|yS2Tcor_max|xS2Bcor_max|qS2channelStdevTo1_max|qS2hitStdevTo1_max,6,3000.0,0.005,0.04237804561569755,0.04236892360972197,0.00021525310672187992,0.06841353944679428,0.0686527996557107,-0.0034972640043349212,0.13139431589248823,0.13081049156113214,0.00444329975304103,12,0.15733221449418677,0.04199252184928828,0.04327511938888577,-0.030543474959678463,0.06542480619034491,0.06529590148324675,0.0019702726626827927,0.13005254847924436,0.13103268060231463,-0.007536431500430707,12,0.15798256859885207,0.275559442358146,0.11567467462318021,0.7097381552548999,0.0,0.00333569659037756,0.9999910045574905,1.0535714285714286,1.0535714285714286,0.0,0.0003441571315483394,0.01796036333608586,10,15,False
A03_plus_yS2B_max_a3000_c25,A03_plus_yS2B_max,dt|wS2CDF_max|yS2Tcor_max|xS2Bcor_max|yS2B_max,5,3000.0,0.0025,0.04237804561569755,0.042369226396010595,0.00020810822110417515,0.06841353944679428,0.06859278230232917,-0.002619990969394026,0.13139431589248823,0.13147450318541917,-0.0006102797703710916,12,0.15716465432639104,0.04199252184928828,0.041668242627916165,0.0077223088086008085,0.06542480619034491,0.06509212308761352,0.005084968868894979,0.13005254847924436,0.13043712470243043,-0.0029570833304159994,12,0.15727892923114228,0.31468696949431557,0.005699881681156438,0.683512526364525,0.0,0.0013697535119834704,0.9999977663557089,1.058974358974359,1.058974358974359,0.0,0.00016587555593061687,0.011799222542798637,10,15,False
A03_plus_yS2B_max_a3000_c75,A03_plus_yS2B_max,dt|wS2CDF_max|yS2Tcor_max|xS2Bcor_max|yS2B_max,5,3000.0,0.0075,0.04237804561569755,0.042385244395663116,-0.00016987050395966818,0.06841353944679428,0.06843771663689835,-0.00035339773821929654,0.13139431589248823,0.13158211205388373,-0.0014292563580082795,12,0.1565052440240381,0.04199252184928828,0.04304268458010356,-0.02500832730609326,0.06542480619034491,0.06499848518933254,0.006516198149246977,0.13005254847924436,0.12988440184973823,0.0012929129914971416,12,0.15689491162851577,0.7152631308194866,0.005699881681156438,0.279520551468697,0.0,0.00467124251394565,0.9999678455406597,1.0535714285714286,1.0535714285714286,0.0,0.00023312278791243202,0.012283236994219626,10,15,False
B04_S10_a300_c50,B04_S10,dt|wS2CDF_max|yS2Tcor_max|xS2Bcor_max,4,300.0,0.005,0.04237804561569755,0.04239068304911833,-0.0002982070842856288,0.06841353944679428,0.06848173594567329,-0.0009968275202607568,0.13139431589248823,0.13057913214695993,0.0062041020571644845,12,0.157554607559388,0.04199252184928828,0.041521878361493667,0.011207792889499801,0.06542480619034491,0.06531840021457401,0.0016263858002318887,0.13005254847924436,0.1311419372244602,-0.008376527472583106,12,0.15797049035249733,0.29584855188024073,0.004928237049230928,0.7030299912546941,0.0,0.0024684496503254625,0.999991564348348,0.9950396825396826,0.9941391941391942,0.0,0.00036371878754448694,0.0153798513625103,10,15,False
A09_plus_nPMTS2_max_a3000_c25,A09_plus_nPMTS2_max,dt|wS2CDF_max|yS2Tcor_max|xS2Bcor_max|nPMTS2_max,5,3000.0,0.0025,0.04237804561569755,0.042420713956602435,-0.0010068501339541847,0.06841353944679428,0.0684805008562364,-0.000978774230709023,0.13139431589248823,0.13136870216701776,0.00019493785021440502,12,0.15709168611881497,0.04199252184928828,0.04229980647587044,-0.007317603541054485,0.06542480619034491,0.0650168121338872,0.00623607588948305,0.13005254847924436,0.13065690389466636,-0.004647009401114843,12,0.15726257026768564,0.3082771747517876,0.0054220896136632545,0.6897885693708524,0.0,0.0012942538074838127,0.9999978273453854,1.0383022774327122,0.9725274725274725,0.0,0.0001287543284180792,0.009909165978530143,10,15,False
A04_plus_qS1channelStdevTo1_max_a10000_c50,A04_plus_qS1channelStdevTo1_max,dt|wS2CDF_max|yS2Tcor_max|xS2Bcor_max|qS1channelStdevTo1_max,5,10000.0,0.005,0.04237804561569755,0.042423492205336436,-0.0010724088140121601,0.06841353944679428,0.06745701801757865,0.01398146385861998,0.13139431589248823,0.12935612827267592,0.01551199232606093,12,0.1557780748237192,0.04199252184928828,0.04379351024460189,-0.04288831239470148,0.06542480619034491,0.06447940091669267,0.01445025715325321,0.13005254847924436,0.12704171917965795,0.02315086735933447,12,0.1567411545191041,0.5738875456556407,0.018365142239827152,0.4244457019394002,0.0,0.005903786412078861,0.9999883433318869,0.9588057445200303,0.9588057445200303,0.0,0.000153106320478269,0.018786127167630062,10,15,False
G02_plus_s2_shape_a10000_c75,G02_plus_s2_shape,dt|wS2CDF_max|yS2Tcor_max|xS2Bcor_max|wS2FWHM_max|tDiffBottomTopS2_max,6,10000.0,0.0075,0.04237804561569755,0.042427536063290416,-0.0011678322318511292,0.06841353944679428,0.06833563445079872,0.0011387365224122536,0.13139431589248823,0.1307980844138281,0.004537726572190537,12,0.15695340134266844,0.04199252184928828,0.04235522101977002,-0.008637232404937967,0.06542480619034491,0.06517533404137542,0.003813112540886787,0.13005254847924436,0.13018532317812423,-0.0010209311576931945,12,0.1564429170960111,0.8903338649107464,0.014527496270384278,0.09306034261021658,0.0,0.005049720471460281,0.999973046974249,1.0336927223719676,0.8896825396825396,0.0,0.0001141328431102373,0.008762235073119129,10,15,False
P04_plus_pair_a10000_c25,P04_plus_pair,dt|wS2CDF_max|yS2Tcor_max|xS2Bcor_max|qS2channelStdevTo1_max|qS2hitStdevTo1_max,6,10000.0,0.0025,0.04237804561569755,0.042476053171696684,-0.0023126964581592357,0.06841353944679428,0.06834885031773882,0.0009455603317493066,0.13139431589248823,0.1312325925272969,0.00123082466766411,12,0.15759713735667236,0.04199252184928828,0.0411668673926527,0.01966194027591084,0.06542480619034491,0.06512205941274667,0.0046274004498758625,0.13005254847924436,0.13033072269018908,-0.002138937023514975,12,0.1584326828353444,0.2828437676835228,0.11567467462318021,0.6948094037759144,0.0,0.0017143444404535849,0.9999977100916104,1.0383022774327122,0.9672131147540983,0.0,0.00016069485416259077,0.02219240297274977,10,15,False
G05_plus_top5_a10000_c25,G05_plus_top5,dt|wS2CDF_max|yS2Tcor_max|xS2Bcor_max|qS2channelStdevTo1_max|xS2T_max|yS2B_max|qS1channelStdevTo1_max|qS2hitStdevTo1_max,9,10000.0,0.0025,0.04237804561569755,0.04247650849982163,-0.002323440892413542,0.06841353944679428,0.06819379265805783,0.0032120365429615383,0.13139431589248823,0.13096351381833943,0.0032786964277914388,12,0.1574015947332853,0.04199252184928828,0.04203669078373844,-0.0010518285757801227,0.06542480619034491,0.06552525517133224,-0.001535334788689946,0.13005254847924436,0.12952193733111506,0.0040799750126694345,12,0.15892951664753796,0.19063737846597048,0.13216729255620144,0.8012346314110809,0.0,0.002899222232184236,0.9999982895301507,1.0593286494925838,1.0593286494925838,0.0,0.00017803764426127522,0.019011669613672233,10,15,False
G03_plus_topology_a10000_c50,G03_plus_topology,dt|wS2CDF_max|yS2Tcor_max|xS2Bcor_max|nPMTS2_max|rmsCogS1T_max,6,10000.0,0.005,0.04237804561569755,0.04250144613452224,-0.0029118973523163394,0.06841353944679428,0.06811134837543999,0.004417123771081943,0.13139431589248823,0.13037006984471974,0.00779520819307411,12,0.15651382059373276,0.04199252184928828,0.04289897396521765,-0.021586036656303653,0.06542480619034491,0.06508490129009172,0.005195352039168211,0.13005254847924436,0.1294020572233752,0.005001757085698166,12,0.1548612601669106,0.6390246411852462,0.005627861515510057,0.3553474972992438,0.0,0.003590643762750295,0.9999846717947772,0.9833333333333333,0.9737554112554113,0.0,0.00019451078338028616,0.01857968620974404,10,15,False
P07_plus_pair_a10000_c25,P07_plus_pair,dt|wS2CDF_max|yS2Tcor_max|xS2Bcor_max|xS2T_max|qS2hitStdevTo1_max,6,10000.0,0.0025,0.04237804561569755,0.04250738785997549,-0.003052104984993198,0.06841353944679428,0.06844639274850305,-0.0004802163719992425,0.13139431589248823,0.13114615184875794,0.001888696950432367,12,0.1574912371641819,0.04199252184928828,0.042521566745597816,-0.012598550242071349,0.06542480619034491,0.06498944974294407,0.006654302438959037,0.13005254847924436,0.13089745345839915,-0.006496643003421232,12,0.1566908606385503,0.49056021400277794,0.02851998559596687,0.4960954781624569,0.0,0.001703556404739084,0.9999968334943398,1.0077639751552794,0.997584541062802,0.0,8.326963248750374e-05,0.011973575557390592,10,15,False
A01_plus_qS2channelStdevTo1_max_a10000_c50,A01_plus_qS2channelStdevTo1_max,dt|wS2CDF_max|yS2Tcor_max|xS2Bcor_max|qS2channelStdevTo1_max,5,10000.0,0.005,0.04237804561569755,0.04252451791783654,-0.0034563250855705885,0.06841353944679428,0.06848055237173643,-0.0009795272322414839,0.13139431589248823,0.13103961402311487,0.002699522174639535,12,0.1570575842417241,0.04199252184928828,0.0413616204959891,0.015024135858367815,0.06542480619034491,0.0653039756835025,0.001846860753257129,0.13005254847924436,0.13034352940115962,-0.0022374103800180123,12,0.1572329716767018,0.7488451052008848,0.03648335819743814,0.2315036781727455,0.0,0.0030970739641871087,0.9999857406183372,1.0067460317460317,1.0067460317460317,0.0009660538538538432,8.908104485660928e-05,0.015586292320396322,10,15,False
A06_plus_rmsCogS1T_max_a10000_c50,A06_plus_rmsCogS1T_max,dt|wS2CDF_max|yS2Tcor_max|xS2Bcor_max|rmsCogS1T_max,5,10000.0,0.005,0.04237804561569755,0.04252559260452293,-0.0034816846006398006,0.06841353944679428,0.06804488775215309,0.005388578015728784,0.13139431589248823,0.13034590491041098,0.007979119758385167,12,0.15651425851150447,0.04199252184928828,0.04276489643773734,-0.01839314607541609,0.06542480619034491,0.06510128417432423,0.004944944201736412,0.13005254847924436,0.12941288002077686,0.004918538436558095,12,0.15490394622286496,0.6344256391789701,0.00513400895107773,0.3610988219558619,0.0,0.0025208040161932383,0.9999851195457187,1.068840579710145,0.9208994708994709,0.0,0.00019369302806238053,0.0153798513625103,10,15,False
A05_plus_qS2hitStdevTo1_max_a10000_c25,A05_plus_qS2hitStdevTo1_max,dt|wS2CDF_max|yS2Tcor_max|xS2Bcor_max|qS2hitStdevTo1_max,5,10000.0,0.0025,0.04237804561569755,0.04253569741076825,-0.0037201289672570415,0.06841353944679428,0.06838192335969713,0.00046213201879041765,0.13139431589248823,0.13111188454149153,0.0021494944364853774,12,0.15760170218344494,0.04199252184928828,0.04246562726522325,-0.011266420664921117,0.06542480619034491,0.06525586348614838,0.0025822423333591304,0.13005254847924436,0.13091747335531798,-0.006650579986225091,12,0.15732881622182338,0.4927311075672617,0.02851998559596687,0.4943567055918514,0.0,0.0016076383918059683,0.9999968305464451,0.9694835680751174,0.9694835680751174,0.0,0.0001014489320787515,0.01218001651527667,10,15,False
P01_plus_pair_a10000_c25,P01_plus_pair,dt|wS2CDF_max|yS2Tcor_max|xS2Bcor_max|qS2channelStdevTo1_max|xS2T_max,6,10000.0,0.0025,0.04237804561569755,0.042545548672246074,-0.0039525904065400574,0.06841353944679428,0.06841397848771891,-6.4174566640762265e-06,0.13139431589248823,0.13121598343626287,0.0013572311329760334,12,0.15740106672021725,0.04199252184928828,0.041214766279264944,0.018521287500062877,0.06542480619034491,0.06527913330576234,0.002226569600508377,0.13005254847924436,0.13051924723288175,-0.0035885398563479942,12,0.15848880677047616,0.3873758938216986,0.03648335819743814,0.6046401563866454,0.0,0.0014844414004159994,0.9999972228156493,1.0034013605442178,1.0034013605442178,0.0,0.00020290973641379217,0.012592898431048716,10,15,False
G05_plus_top5_a10000_c50,G05_plus_top5,dt|wS2CDF_max|yS2Tcor_max|xS2Bcor_max|qS2channelStdevTo1_max|xS2T_max|yS2B_max|qS1channelStdevTo1_max|qS2hitStdevTo1_max,9,10000.0,0.005,0.04237804561569755,0.04254872927217928,-0.0040276434177630716,0.06841353944679428,0.0675086786744944,0.013226340569670425,0.13139431589248823,0.12964275765716643,0.013330548002966847,12,0.1563843681282412,0.04199252184928828,0.04257717728575025,-0.013922846514441423,0.06542480619034491,0.06398949056962014,0.021938400803953595,0.13005254847924436,0.12702426561500232,0.0232850713012005,12,0.15449690058267407,0.3741859149133186,0.13216729255620144,0.6074077884664849,0.0,0.006099649943864869,0.9999910190902502,1.0963995354239258,0.9669140383426098,0.0,0.00017091959797843614,0.020785242256301406,10,15,False
A07_plus_wS2FWHM_max_a10000_c25,A07_plus_wS2FWHM_max,dt|wS2CDF_max|yS2Tcor_max|xS2Bcor_max|wS2FWHM_max,5,10000.0,0.0025,0.04237804561569755,0.04255570553036009,-0.004192263047560818,0.06841353944679428,0.06847612201770407,-0.0009147687930759485,0.13139431589248823,0.13106483689352216,0.0025075589969635326,12,0.1575163596761594,0.04199252184928828,0.042407964965317825,-0.009893264270256719,0.06542480619034491,0.0653718693102246,0.0008091255168001243,0.13005254847924436,0.13028551232663782,-0.0017913055154827884,12,0.15794944894076124,0.5537218992746541,0.013313442049488143,0.4389731982097845,0.0,0.001433596461697969,0.9999965988379006,1.0727272727272728,1.0727272727272728,0.0,8.24582543590413e-05,0.011823895742223978,10,15,False
A04_plus_qS1channelStdevTo1_max_a10000_c25,A04_plus_qS1channelStdevTo1_max,dt|wS2CDF_max|yS2Tcor_max|xS2Bcor_max|qS1channelStdevTo1_max,5,10000.0,0.0025,0.04237804561569755,0.04255640603485164,-0.004208792938955597,0.06841353944679428,0.06802557355066274,0.0056708934995719495,0.13139431589248823,0.13015123462090505,0.009460692900903789,12,0.15645435809406116,0.04199252184928828,0.04417279054908705,-0.05192040400964193,0.06542480619034491,0.06550825251211922,-0.001275453862737308,0.13005254847924436,0.12874892602669058,0.010023813203182463,12,0.1567024212810404,0.33622099902258346,0.018365142239827152,0.663007356345491,0.0,0.0027822242586043626,0.9999974158615054,1.0769841269841272,1.0769841269841272,0.0,0.0001543873139708829,0.021090780839858658,10,15,False
A02_plus_xS2T_max_a10000_c25,A02_plus_xS2T_max,dt|wS2CDF_max|yS2Tcor_max|xS2Bcor_max|xS2T_max,5,10000.0,0.0025,0.04237804561569755,0.04255889025861548,-0.004267413475314674,0.06841353944679428,0.06847509778089954,-0.0008997975342750486,0.13139431589248823,0.13095548669634352,0.003339788278998168,12,0.15754713212170435,0.04199252184928828,0.0411095569042422,0.02102671871470485,0.06542480619034491,0.06535713393068103,0.0010343517024260507,0.13005254847924436,0.13078999416486717,-0.00567036704967383,12,0.15674963591362934,0.6065847008590977,0.004928237049230928,0.3894644786254437,0.0,0.0015619359770384297,0.9999964847483468,1.0867026055705302,1.0867026055705302,0.0,0.00011643872769950825,0.010940241510991822,10,15,False
P05_plus_pair_a10000_c25,P05_plus_pair,dt|wS2CDF_max|yS2Tcor_max|xS2Bcor_max|xS2T_max|yS2B_max,6,10000.0,0.0025,0.04237804561569755,0.042573778101054886,-0.0046187237404085035,0.06841353944679428,0.06841706863097333,-5.158604872046446e-05,0.13139431589248823,0.13105719009456235,0.0025657563315123477,12,0.15752784100858397,0.04199252184928828,0.04261305344833591,-0.014777192979138487,0.06542480619034491,0.06550240191772871,-0.0011860291516654353,0.13005254847924436,0.130786215981988,-0.005641315847499495,12,0.15706411173288126,0.5759761304593858,0.005699881681156438,0.4198672771233088,0.0,0.0017466900431223472,0.9999965431109803,0.9854299928926795,0.9854299928926795,0.0,9.84082256456631e-05,0.011560693641618491,10,15,False
A01_plus_qS2channelStdevTo1_max_a10000_c25,A01_plus_qS2channelStdevTo1_max,dt|wS2CDF_max|yS2Tcor_max|xS2Bcor_max|qS2channelStdevTo1_max,5,10000.0,0.0025,0.04237804561569755,0.042576107031998635,-0.004673679812825515,0.06841353944679428,0.06836663783309445,0.0006855604033804141,0.13139431589248823,0.13123384969311383,0.0012212567818055131,12,0.15748621088432202,0.04199252184928828,0.041891135432571544,0.002414392188223813,0.06542480619034491,0.06545561575498164,-0.00047091564241097394,0.13005254847924436,0.13057922154255444,-0.004049694292566297,12,0.15724191480701533,0.38739647101188335,0.03648335819743814,0.6047739081228458,0.0,0.001574105116735423,0.9999972083609299,1.0216450216450217,0.985797827903091,0.0,0.00010358224418238748,0.013005780346820817,10,15,False
A09_plus_nPMTS2_max_a10000_c25,A09_plus_nPMTS2_max,dt|wS2CDF_max|yS2Tcor_max|xS2Bcor_max|nPMTS2_max,5,10000.0,0.0025,0.04237804561569755,0.04258458346197558,-0.004873699182614599,0.06841353944679428,0.06843573657386312,-0.00032445517726942263,0.13139431589248823,0.13094441211859778,0.0034240733385954014,12,0.157574761111137,0.04199252184928828,0.041606133838112486,0.009201352863791978,0.06542480619034491,0.0654120892846222,0.00019437437362390675,0.13005254847924436,0.13080559857516427,-0.005790352474639215,12,0.15701114544840988,0.5866042491897732,0.0054220896136632545,0.40921858120273674,0.0,0.0016471822019915117,0.9999965426321676,1.0982683982683983,1.0982683982683983,0.0,9.520318499078861e-05,0.010072577984568731,10,15,False
P08_plus_pair_a10000_c50,P08_plus_pair,dt|wS2CDF_max|yS2Tcor_max|xS2Bcor_max|yS2B_max|qS1channelStdevTo1_max,6,10000.0,0.005,0.04237804561569755,0.04258667990146685,-0.004923169125383486,0.06841353944679428,0.06756943477588692,0.012338269262677448,0.13139431589248823,0.12925107951585482,0.01631148472500965,12,0.15568427246545236,0.04199252184928828,0.04379860111560388,-0.04300954519468103,0.06542480619034491,0.0645176960784627,0.01386492623674107,0.13005254847924436,0.12688676965040774,0.024342305213202797,12,0.15572052927763103,0.5554503832501672,0.019239672822676062,0.4426770924430269,0.0,0.005911231388787085,0.9999886866016933,0.9577922077922078,0.9577922077922078,0.0,0.00016320988935292213,0.01651527663088359,10,15,False
B04_S10_a10000_c25,B04_S10,dt|wS2CDF_max|yS2Tcor_max|xS2Bcor_max,4,10000.0,0.0025,0.04237804561569755,0.04260598741671113,-0.005378770957978007,0.06841353944679428,0.06843288481718321,-0.0002827710793120719,0.13139431589248823,0.130874151541396,0.0039588040590572415,12,0.15763807703684063,0.04199252184928828,0.041416424549782935,0.013719045061712842,0.06542480619034491,0.06539916982180212,0.00039184477624898406,0.13005254847924436,0.130804916444426,-0.0057851074352588405,12,0.1573536720110701,0.6130768043623643,0.004928237049230928,0.38309583826328514,0.0,0.00146552699432818,0.9999964785424608,1.0805860805860807,1.0805860805860807,0.0,0.00010213327450125931,0.011313950993997568,10,15,False
P02_plus_pair_a10000_c25,P02_plus_pair,dt|wS2CDF_max|yS2Tcor_max|xS2Bcor_max|qS2channelStdevTo1_max|yS2B_max,6,10000.0,0.0025,0.04237804561569755,0.04261322262808142,-0.00554950113831465,0.06841353944679428,0.0683418232156818,0.0010482754099903069,0.13139431589248823,0.13131190035694917,0.0006272382102624485,12,0.15762905276504746,0.04199252184928828,0.04201107982306942,-0.00044193520569546507,0.06542480619034491,0.06499181260961208,0.006618186677895377,0.13005254847924436,0.13055448248305962,-0.003859470726906844,12,0.157293839857801,0.38552394670507745,0.03822213076804362,0.6028705180307629,0.0,0.0013208836807121682,0.9999972467649262,1.0476190476190477,1.0476190476190477,0.0,0.00012870612451054697,0.01176713459950457,10,15,False
P08_plus_pair_a10000_c25,P08_plus_pair,dt|wS2CDF_max|yS2Tcor_max|xS2Bcor_max|yS2B_max|qS1channelStdevTo1_max,6,10000.0,0.0025,0.04237804561569755,0.0426326719933932,-0.006008450224550543,0.06841353944679428,0.06824283121952772,0.0024952403960815106,0.13139431589248823,0.1301402455960366,0.00954432684498896,12,0.15655341222295238,0.04199252184928828,0.04443974829207669,-0.0582776726668508,0.06542480619034491,0.06560856299243883,-0.0028086717071704737,0.13005254847924436,0.1292648350244367,0.006056885958935054,12,0.15702146871260936,0.3232573692062349,0.019239672822676062,0.6758475230207315,0.0,0.0027976848172527997,0.9999974626115985,1.03015873015873,1.03015873015873,0.0,0.00014648719306742386,0.01861229616805188,10,15,False
A03_plus_yS2B_max_a300_c25,A03_plus_yS2B_max,dt|wS2CDF_max|yS2Tcor_max|xS2Bcor_max|yS2B_max,5,300.0,0.0025,0.04237804561569755,0.042640022878139436,-0.006181909963890453,0.06841353944679428,0.06847245016692283,-0.0008610973881035822,0.13139431589248823,0.1314134733804829,-0.00014580149730636371,12,0.15747448917821183,0.04199252184928828,0.04310060756675433,-0.026387691633357413,0.06542480619034491,0.06521105284732949,0.0032671605077977395,0.13005254847924436,0.13099196142617567,-0.007223333628723516,12,0.15683255033706567,0.15214774422552602,0.005699881681156438,0.847245228664026,0.0,0.0009631270151296943,0.9999988631453601,1.0823575331772053,1.0823575331772053,0.0,0.0004029672487175784,0.012076796036333604,10,15,False
P10_plus_pair_a10000_c25,P10_plus_pair,dt|wS2CDF_max|yS2Tcor_max|xS2Bcor_max|qS1channelStdevTo1_max|qS2hitStdevTo1_max,6,10000.0,0.0025,0.04237804561569755,0.04266022197951631,-0.006658550665069818,0.06841353944679428,0.0680865671780845,0.004779350277061223,0.13139431589248823,0.13046118243810484,0.007101779464698588,12,0.15681897529836086,0.04199252184928828,0.04326064810479835,-0.030198859217395624,0.06542480619034491,0.06528060242068817,0.002204114586708772,0.13005254847924436,0.12941202495717893,0.0049251131912085855,12,0.15684157928697084,0.2794793970883276,0.0612582951797932,0.7185040382735738,0.0,0.002860551295534167,0.9999977000809749,1.0336927223719676,1.0195852534562213,0.0,0.00022290994727836022,0.017781908774957278,10,15,False
P03_plus_pair_a10000_c25,P03_plus_pair,dt|wS2CDF_max|yS2Tcor_max|xS2Bcor_max|qS2channelStdevTo1_max|qS1channelStdevTo1_max,6,10000.0,0.0025,0.04237804561569755,0.04266254143476646,-0.006713283138369164,0.06841353944679428,0.06802201958238202,0.005722841817250912,0.13139431589248823,0.1305612849684295,0.00633993120935572,12,0.15694266668531198,0.04199252184928828,0.04149080689942134,0.011947721350663465,0.06542480619034491,0.06469135477309276,0.011210601298814127,0.13005254847924436,0.12911053027658267,0.007243365959968218,12,0.15858102123090556,0.2535109830752611,0.08133134420494881,0.7445753382375636,0.0,0.0031189642167899325,0.9999978992571772,1.060197663971249,0.9625220458553793,0.0,0.00015882049678483945,0.017263366759055487,10,15,False
P05_plus_pair_a1000_c25,P05_plus_pair,dt|wS2CDF_max|yS2Tcor_max|xS2Bcor_max|xS2T_max|yS2B_max,6,1000.0,0.0025,0.04237804561569755,0.04267193866347881,-0.006935030710156109,0.06841353944679428,0.06839394928535844,0.00028634918751824223,0.13139431589248823,0.13135105559159876,0.00032924027645808707,12,0.15743437244652836,0.04199252184928828,0.04275387727159584,-0.01813073825477951,0.06542480619034491,0.06541379938803527,0.00016823591769798973,0.13005254847924436,0.13075441235961555,-0.005396771447990556,12,0.15676151466817523,0.20243839703688463,0.005699881681156438,0.796553320644066,0.0,0.0010705877712195609,0.9999985231670362,1.068840579710145,1.0350877192982455,0.0,0.0003079653534947546,0.014264859253246664,10,15,False
P06_plus_pair_a10000_c25,P06_plus_pair,dt|wS2CDF_max|yS2Tcor_max|xS2Bcor_max|xS2T_max|qS1channelStdevTo1_max,6,10000.0,0.0025,0.04237804561569755,0.042712254811146905,-0.0078863758484784,0.06841353944679428,0.06811097424934053,0.004422592368416467,0.13139431589248823,0.12994411069913445,0.011037046644699622,12,0.156529875860284,0.04199252184928828,0.04366175280966248,-0.03975067194976023,0.06542480619034491,0.06548945910662998,-0.0009882018770828171,0.13005254847924436,0.12875713424292112,0.009960698590462225,12,0.15693317241016425,0.33211584958073975,0.018365142239827152,0.667153660167704,0.0,0.002757646324654761,0.9999974231869897,1.0769841269841272,1.0769841269841272,0.0,0.00017893801898560824,0.019438954882476767,10,15,False
A07_plus_wS2FWHM_max_a10000_c75,A07_plus_wS2FWHM_max,dt|wS2CDF_max|yS2Tcor_max|xS2Bcor_max|wS2FWHM_max,5,10000.0,0.0075,0.04237804561569755,0.04274186727883317,-0.008585144922323984,0.06841353944679428,0.068329471574033,0.0012288192284899413,0.13139431589248823,0.1308121968303748,0.004430321495716427,12,0.15680059851509187,0.04199252184928828,0.04066629406507212,0.03158247530300784,0.06542480619034491,0.06513987837278006,0.004355042592497638,0.13005254847924436,0.1301939550569054,-0.0010873033963161305,12,0.15789255918858236,0.889140387880035,0.013313442049488143,0.09533412212562374,0.0,0.005020179504383738,0.9999734218872721,1.0535714285714286,1.0535714285714286,0.0,0.00011214398805448056,0.009897553807816206,10,15,False
P10_plus_pair_a3000_c50,P10_plus_pair,dt|wS2CDF_max|yS2Tcor_max|xS2Bcor_max|qS1channelStdevTo1_max|qS2hitStdevTo1_max,6,3000.0,0.005,0.04237804561569755,0.042870215079709104,-0.011613783902985064,0.06841353944679428,0.0677232736753086,0.01008960765759681,0.13139431589248823,0.13035017381336156,0.007946630507068786,12,0.15635123171103693,0.04199252184928828,0.04407652360141527,-0.04962792564844043,0.06542480619034491,0.06480400505239475,0.009488773052594435,0.13005254847924436,0.1284772181671346,0.012113029160371935,12,0.1545632352858135,0.2060291167241113,0.0612582951797932,0.7922321107052832,0.0,0.006015523217085781,0.9999922552002307,1.0886904761904763,0.9833333333333333,0.0,0.00029854796831862984,0.015503718067915478,10,15,False
A09_plus_nPMTS2_max_a10000_c75,A09_plus_nPMTS2_max,dt|wS2CDF_max|yS2Tcor_max|xS2Bcor_max|nPMTS2_max,5,10000.0,0.0075,0.04237804561569755,0.0429503564427022,-0.013504889588222602,0.06841353944679428,0.06834303599155535,0.0010305482775636587,0.13139431589248823,0.13047065686791082,0.007029672617902216,12,0.15747597697662286,0.04199252184928828,0.04263154085595108,-0.015217447738820056,0.06542480619034491,0.0653704168353993,0.0008313261912823444,0.13005254847924436,0.13073077750974602,-0.005215038370508296,12,0.1567192340032254,0.93000668758681,0.0054220896136632545,0.061793302124594884,0.0,0.004722574525189141,0.9999739049119086,1.0,1.0,0.0003057227662857098,0.00011738121992110884,0.006805232746679324,10,15,False
G03_plus_topology_a300_c75,G03_plus_topology,dt|wS2CDF_max|yS2Tcor_max|xS2Bcor_max|nPMTS2_max|rmsCogS1T_max,6,300.0,0.0075,0.04237804561569755,0.042963714078687876,-0.013820091381783417,0.06841353944679428,0.06830179831313453,0.0016333189974281348,0.13139431589248823,0.13123903818206778,0.0011817688563294793,12,0.15673018158095675,0.04199252184928828,0.04249340485587455,-0.011927909649816826,0.06542480619034491,0.06491447316596723,0.007800298603757971,0.13005254847924436,0.13017760560300173,-0.000961589182370659,12,0.1553348184474166,0.22279952672462575,0.005627861515510057,0.775708626986985,0.0,0.002302838172537853,0.9999856057053543,1.0755208333333333,1.0755208333333333,0.0,0.0005399714958485013,0.007844756399669695,10,15,False
P06_plus_pair_a10000_c50,P06_plus_pair,dt|wS2CDF_max|yS2Tcor_max|xS2Bcor_max|xS2T_max|qS1channelStdevTo1_max,6,10000.0,0.005,0.04237804561569755,0.042964736231430635,-0.013844211246867077,0.06841353944679428,0.06743600154454148,0.01428866142809404,0.13139431589248823,0.12938679157684632,0.015278623751765252,12,0.156243098766078,0.04199252184928828,0.043540900970136465,-0.03687273477895259,0.06542480619034491,0.06449440489296387,0.014220925541210683,0.13005254847924436,0.1270612826640169,0.02300043982379052,12,0.15623855236356776,0.5718195380420803,0.018365142239827152,0.4265548639333299,0.0,0.005850195617091514,0.9999882714239684,0.9811035525321239,0.9811035525321239,0.0,0.00016410781150999476,0.017753922378199838,10,15,False
B04_S10_a10000_c75,B04_S10,dt|wS2CDF_max|yS2Tcor_max|xS2Bcor_max,4,10000.0,0.0075,0.04237804561569755,0.04297391964945313,-0.014060913501279027,0.06841353944679428,0.06835885689168597,0.0007992943436413436,0.13139431589248823,0.1304683301866464,0.007047380242837353,12,0.15750672580029002,0.04199252184928828,0.042266761282354376,-0.006530673105329177,0.06542480619034491,0.06536548552763981,0.0009066998614029043,0.13005254847924436,0.13073100629027504,-0.005216797509653981,12,0.1566469658469899,0.9444827408817326,0.004928237049230928,0.047739081228458255,0.0,0.0032445869382936665,0.9999749639512282,1.068840579710145,1.068840579710145,0.0005878587189491746,0.00012047084931054997,0.003922378199834764,10,15,False
A06_plus_rmsCogS1T_max_a300_c75,A06_plus_rmsCogS1T_max,dt|wS2CDF_max|yS2Tcor_max|xS2Bcor_max|rmsCogS1T_max,5,300.0,0.0075,0.04237804561569755,0.042991821166916404,-0.014483337829800602,0.06841353944679428,0.06830026367710351,0.0016557507564546325,0.13139431589248823,0.13124378977947349,0.0011456059723154999,12,0.15672044992536527,0.04199252184928828,0.04253652122415108,-0.012954672663271216,0.06542480619034491,0.06515423170669164,0.004135655868296562,0.13005254847924436,0.13019989797051554,-0.0011329996450988311,12,0.15529071817503515,0.22080353927671176,0.00513400895107773,0.7778177889809147,0.0,0.0027620298278444267,0.9999856633866379,1.0925925925925926,1.0925925925925926,0.0,0.0007844348871086648,0.0077183541927692,10,15,False
A08_plus_tDiffBottomTopS2_max_a10000_c75,A08_plus_tDiffBottomTopS2_max,dt|wS2CDF_max|yS2Tcor_max|xS2Bcor_max|tDiffBottomTopS2_max,5,10000.0,0.0075,0.04237804561569755,0.043001938865928846,-0.014722086428643477,0.06841353944679428,0.06837411891675066,0.0005762094807896245,0.13139431589248823,0.13042843540112767,0.007351006661131976,12,0.15740268158355875,0.04199252184928828,0.04237265174280233,-0.009052323527468431,0.06542480619034491,0.065279764186099,0.0022169267697015327,0.13005254847924436,0.13065954384390194,-0.004667308497645184,12,0.15718692689163338,0.9449663048510726,0.005998250938834302,0.04628838932043829,0.0,0.0032456430005369363,0.9999746701679225,1.016210739614995,1.016210739614995,0.0006281579635820655,0.00013112020109962153,0.004123183526245855,10,15,False
P03_plus_pair_a3000_c50,P03_plus_pair,dt|wS2CDF_max|yS2Tcor_max|xS2Bcor_max|qS2channelStdevTo1_max|qS1channelStdevTo1_max,6,3000.0,0.005,0.04237804561569755,0.04302739284212069,-0.015322727062774488,0.06841353944679428,0.06741076717815277,0.01465751190115483,0.13139431589248823,0.13032228827345943,0.008158858408349845,12,0.15554228190118413,0.04199252184928828,0.04280976294832141,-0.01946158656453667,0.06542480619034491,0.06493534376250189,0.007481297329624437,0.13005254847924436,0.12977594785460053,0.00212683740440478,12,0.15643898087691188,0.17130510828746334,0.08133134420494881,0.8263696692216678,0.0,0.006373362245930764,0.9999932992462212,0.9941391941391942,0.9941391941391942,0.0,0.00034282058712276076,0.013022889655230602,10,15,False
P03_plus_pair_a10000_c50,P03_plus_pair,dt|wS2CDF_max|yS2Tcor_max|xS2Bcor_max|qS2channelStdevTo1_max|qS1channelStdevTo1_max,6,10000.0,0.005,0.04237804561569755,0.04310190613944772,-0.01708102658424715,0.06841353944679428,0.0675772218083551,0.012224446289459845,0.13139431589248823,0.1293049953966315,0.015901148247282504,12,0.15665357752180498,0.04199252184928828,0.04159988420819086,0.009350180075076375,0.06542480619034491,0.06403368402862725,0.021262916051602465,0.13005254847924436,0.12706266528481577,0.022989808576536652,12,0.15528952486270964,0.4507536395905139,0.08133134420494881,0.5446885127835794,0.0,0.0061092703628238265,0.9999907504087765,1.0535714285714286,0.8779761904761905,0.0,0.00017696471064243546,0.01976076115840114,10,15,False
P10_plus_pair_a10000_c50,P10_plus_pair,dt|wS2CDF_max|yS2Tcor_max|xS2Bcor_max|qS1channelStdevTo1_max|qS2hitStdevTo1_max,6,10000.0,0.005,0.04237804561569755,0.04314813197148455,-0.01817182327779987,0.06841353944679428,0.06771199914881144,0.01025440729504179,0.13139431589248823,0.12937917646870442,0.01533657989766224,12,0.15645743745279173,0.04199252184928828,0.04246287934910527,-0.011200982439328211,0.06542480619034491,0.06440994719778985,0.015511837965594633,0.13005254847924436,0.1270984158410079,0.022714915415194104,12,0.1547454900642229,0.4913215700396111,0.0612582951797932,0.5041102937393899,0.0,0.0059146213768842115,0.999989557687528,1.0034013605442178,0.9429223744292238,0.0,0.0002012761476628544,0.020694081389512786,10,15,False
P10_plus_pair_a10000_c75,P10_plus_pair,dt|wS2CDF_max|yS2Tcor_max|xS2Bcor_max|qS1channelStdevTo1_max|qS2hitStdevTo1_max,6,10000.0,0.0075,0.04237804561569755,0.04318292983269796,-0.01899295272602819,0.06841353944679428,0.0673188120644195,0.016001618849528332,0.13139431589248823,0.12868088528124935,0.020651050182864172,12,0.15644949626468418,0.04199252184928828,0.04251029699064241,-0.01233017495858979,0.06542480619034491,0.06388508638707589,0.023534189750435086,0.13005254847924436,0.12692390401578732,0.024056771666849386,12,0.154059251029386,0.6667524049591028,0.0612582951797932,0.324924121611194,0.0,0.00892147721729426,0.9999769947662013,1.0077639751552794,0.9365079365079365,0.00018568719433020853,0.0002648389879482682,0.014622333003988075,10,15,False
P08_plus_pair_a3000_c50,P08_plus_pair,dt|wS2CDF_max|yS2Tcor_max|xS2Bcor_max|yS2B_max|qS1channelStdevTo1_max,6,3000.0,0.005,0.04237804561569755,0.043385512101120995,-0.02377331164725205,0.06841353944679428,0.06768586846592949,0.010636359217033431,0.13139431589248823,0.12965578167458533,0.01323142638320396,12,0.15570560650773435,0.04199252184928828,0.04483078927727906,-0.06758983035544652,0.06542480619034491,0.06525040233488175,0.0026657145143962335,0.13005254847924436,0.1297293676354174,0.002485002005774173,12,0.1553996049706463,0.26509594114923607,0.019239672822676062,0.7342764545501311,0.0,0.005510489879168932,0.9999909061999056,1.046685340802988,1.046685340802988,0.0,0.00031215461266409505,0.0210548044173805,10,15,False
P03_plus_pair_a3000_c75,P03_plus_pair,dt|wS2CDF_max|yS2Tcor_max|xS2Bcor_max|qS2channelStdevTo1_max|qS1channelStdevTo1_max,6,3000.0,0.0075,0.04237804561569755,0.04364137347962489,-0.02981090433909439,0.06841353944679428,0.06668676147861752,0.02524029573882358,0.13139431589248823,0.12788641293713113,0.02669752440605877,12,0.15446411667845372,0.04199252184928828,0.04316971504915074,-0.028033400901413374,0.06542480619034491,0.06383224552197284,0.024341847704351216,0.13005254847924436,0.12662466998534988,0.026357641845377144,12,0.1545367829809816,0.2629559133700293,0.08133134420494881,0.7333299038016359,0.0,0.009988740315332034,0.9999806880394834,0.9936120789779326,0.959920634920635,0.0,0.00036794831954867213,0.018193224645688177,10,15,False
A04_plus_qS1channelStdevTo1_max_a3000_c50,A04_plus_qS1channelStdevTo1_max,dt|wS2CDF_max|yS2Tcor_max|xS2Bcor_max|qS1channelStdevTo1_max,5,3000.0,0.005,0.04237804561569755,0.04375206037328949,-0.032422796701200074,0.06841353944679428,0.06756873149645741,0.012348549090840155,0.13139431589248823,0.12970488429292545,0.012857722102264546,12,0.15677355462418363,0.04199252184928828,0.044083685998312166,-0.0497984892769503,0.06542480619034491,0.06495547573571468,0.00717358570791593,0.13005254847924436,0.1297293676354174,0.002485002005774173,12,0.15355714258161368,0.27099130613714695,0.018365142239827152,0.7284119553474973,0.0,0.005506807097296161,0.9999908124227442,1.0265567765567765,1.0265567765567765,0.0,0.00030956615456223524,0.020538755289503552,10,15,False
A04_plus_qS1channelStdevTo1_max_a3000_c75,A04_plus_qS1channelStdevTo1_max,dt|wS2CDF_max|yS2Tcor_max|xS2Bcor_max|qS1channelStdevTo1_max,5,3000.0,0.0075,0.04237804561569755,0.043755256186998194,-0.03249820871377085,0.06841353944679428,0.06661150096030324,0.02634037795826205,0.13139431589248823,0.12783905403987858,0.027057957785013298,12,0.15489963319744915,0.04199252184928828,0.04492072215617368,-0.06973147069839603,0.06542480619034491,0.06403213643388347,0.021286570607632282,0.13005254847924436,0.12640227238366875,0.0280677013888595,12,0.1541825634976609,0.37727249344102065,0.018365142239827152,0.6217500900252071,0.0,0.008506706131376818,0.999976199023811,1.0129575639779722,0.9418290043290043,0.0,0.00032155269288858257,0.016515276630883535,10,15,False
P06_plus_pair_a3000_c50,P06_plus_pair,dt|wS2CDF_max|yS2Tcor_max|xS2Bcor_max|xS2T_max|qS1channelStdevTo1_max,6,3000.0,0.005,0.04237804561569755,0.04375865739295308,-0.032578467392656796,0.06841353944679428,0.0675410481246602,0.012753196650680754,0.13139431589248823,0.12973152246767677,0.012654987497115355,12,0.1566151434768175,0.04199252184928828,0.044171453382046144,-0.051888561029463265,0.06542480619034491,0.06503506457126715,0.005957092451200463,0.13005254847924436,0.1297293676354174,0.002485002005774173,12,0.15352900318008833,0.2718761253150882,0.018365142239827152,0.7275477133597408,0.0,0.005517566625333478,0.9999907906271805,1.0535714285714286,1.0535714285714286,0.0,0.0003073684979260083,0.01971307668490041,10,15,False
P06_plus_pair_a3000_c75,P06_plus_pair,dt|wS2CDF_max|yS2Tcor_max|xS2Bcor_max|xS2T_max|qS1channelStdevTo1_max,6,3000.0,0.0075,0.04237804561569755,0.043791325074856835,-0.03334933073543578,0.06841353944679428,0.06662317736387209,0.026169704087808054,0.13139431589248823,0.12775144311104847,0.02772473646744733,12,0.155025398804588,0.04199252184928828,0.04520953477097969,-0.07660918611264433,0.06542480619034491,0.064032617357948,0.021279219816815576,0.13005254847924436,0.1264203541355461,0.027928667190077805,12,0.15459983266139765,0.3776840372447142,0.018365142239827152,0.6213385462215134,0.0,0.008578627427313204,0.9999762316587513,1.0129575639779722,0.9577922077922078,0.0,0.0002435292258193833,0.01610239471511149,10,15,False
P08_plus_pair_a3000_c75,P08_plus_pair,dt|wS2CDF_max|yS2Tcor_max|xS2Bcor_max|yS2B_max|qS1channelStdevTo1_max,6,3000.0,0.0075,0.04237804561569755,0.04384160537646168,-0.03453580125040023,0.06841353944679428,0.06682455695142861,0.023226140734926237,0.13139431589248823,0.12773676480689197,0.02783644833303911,12,0.15508733930631202,0.04199252184928828,0.04536266184764845,-0.08025571815990573,0.06542480619034491,0.06403030292992119,0.021314595206695652,0.13005254847924436,0.12705938473305808,0.023015033393705142,12,0.15391876235766122,0.37340398168630073,0.019239672822676062,0.6255774473995576,0.0,0.008634300150312546,0.9999761966783481,0.9995421245421245,0.9926984126984127,0.0,0.000319152644852716,0.01614050181111515,10,15,False
G05_plus_top5_a3000_c75,G05_plus_top5,dt|wS2CDF_max|yS2Tcor_max|xS2Bcor_max|qS2channelStdevTo1_max|xS2T_max|yS2B_max|qS1channelStdevTo1_max|qS2hitStdevTo1_max,9,3000.0,0.0075,0.04237804561569755,0.04384997498401685,-0.034733299918249916,0.06841353944679428,0.0665715928508928,0.02692371438162433,0.13139431589248823,0.1286110542583582,0.02118251170322627,12,0.15515973838609853,0.04199252184928828,0.04411368588647016,-0.050512899529939315,0.06542480619034491,0.06433245339898364,0.016696309167247847,0.13005254847924436,0.12689977893999277,0.024242274189303914,12,0.15551946895658386,0.21210967642368433,0.13216729255620144,0.777889809146561,0.0,0.009842443807909189,0.9999827964093956,1.0696810834425514,1.0696810834425514,0.0,0.0004925552098131725,0.015504325309870254,10,15,False
A04_plus_qS1channelStdevTo1_max_a1000_c75,A04_plus_qS1channelStdevTo1_max,dt|wS2CDF_max|yS2Tcor_max|xS2Bcor_max|qS1channelStdevTo1_max,5,1000.0,0.0075,0.04237804561569755,0.04419248588683276,-0.042815572185403106,0.06841353944679428,0.06843817272378144,-0.0003600643554821925,0.13139431589248823,0.13088039810369914,0.003911263476645388,12,0.15598940247351012,0.04199252184928828,0.044306189993720255,-0.05509714688571821,0.06542480619034491,0.06549947173029072,-0.0011412420501266674,0.13005254847924436,0.12961760223064422,0.0033443885082309333,12,0.15861112475754036,0.18143937445341837,0.018365142239827152,0.8169864704974535,0.0,0.007806842873924787,0.9999836396444116,0.9365079365079365,0.9365079365079365,0.0,0.00038979637890990126,0.01217875941789659,10,15,False
P10_plus_pair_a3000_c75,P10_plus_pair,dt|wS2CDF_max|yS2Tcor_max|xS2Bcor_max|qS1channelStdevTo1_max|qS2hitStdevTo1_max,6,3000.0,0.0075,0.04237804561569755,0.044226486281468025,-0.04361788371584985,0.06841353944679428,0.0665458345871742,0.027300222656548967,0.13139431589248823,0.12780082956339947,0.02734887201687697,12,0.15534551108923023,0.04199252184928828,0.044516657847717855,-0.06010917866492349,0.06542480619034491,0.06376718342691487,0.025336303765385315,0.13005254847924436,0.12699373677358766,0.023519813655515254,12,0.15567599539009136,0.30992334996656207,0.0612582951797932,0.6873398837388754,0.0,0.009299343716427263,0.9999781279012415,1.06657848324515,1.06657848324515,0.0,0.0002999668639858122,0.017650701899256827,10,15,False
P06_plus_pair_a1000_c75,P06_plus_pair,dt|wS2CDF_max|yS2Tcor_max|xS2Bcor_max|xS2T_max|qS1channelStdevTo1_max,6,1000.0,0.0075,0.04237804561569755,0.04432492850986221,-0.04594083719244235,0.06841353944679428,0.0683418265955001,0.001048226007221098,0.13139431589248823,0.13066873760668551,0.00552214363973258,12,0.15604330042639858,0.04199252184928828,0.04462483862959808,-0.06268537026085785,0.06542480619034491,0.0654853109116179,-0.000924797867905891,0.13005254847924436,0.12961760223064422,0.0033443885082309333,12,0.1581580738221715,0.18120273676629456,0.018365142239827152,0.8171922423993003,0.0,0.0077546187517256076,0.9999836657352225,0.9472108843537415,0.9441842310694769,0.0,0.0003980760523536464,0.011888519070252485,10,15,False
A08_plus_tDiffBottomTopS2_max_a1000_c75,A08_plus_tDiffBottomTopS2_max,dt|wS2CDF_max|yS2Tcor_max|xS2Bcor_max|tDiffBottomTopS2_max,5,1000.0,0.0075,0.04237804561569755,0.04201503302780338,0.008566053073474134,0.06841353944679428,0.06897794652528388,-0.00824993244105654,0.13139431589248823,0.13099493359602496,0.0030395705761736558,12,0.1569439901036418,0.04199252184928828,0.04338388399508415,-0.03313356961007208,0.06542480619034491,0.06487267322793445,0.008439199052483137,0.13005254847924436,0.1313427725053359,-0.009920790028174364,12,0.15667246791142164,0.5282679150162045,0.005998250938834302,0.4688204125726632,0.0,0.004131604413779489,0.9999707943561562,1.2414174972314507,0.903061224489796,0.0,0.0002980287277558613,0.010012386457473155,10,14,False
A07_plus_wS2FWHM_max_a1000_c75,A07_plus_wS2FWHM_max,dt|wS2CDF_max|yS2Tcor_max|xS2Bcor_max|wS2FWHM_max,5,1000.0,0.0075,0.04237804561569755,0.042160348811645404,0.005137018493639789,0.06841353944679428,0.06906180862557501,-0.00947574389547401,0.13139431589248823,0.1310519050190804,0.002605979346077647,12,0.1572974767620995,0.04199252184928828,0.04311026607900869,-0.026617697163604737,0.06542480619034491,0.06483027204629324,0.009087289342851856,0.13005254847924436,0.13081261799562155,-0.005844326199409222,12,0.15914701363856532,0.5282884922063892,0.013313442049488143,0.4672565461186275,0.0,0.0037845104322473447,0.9999708312862513,1.372835497835498,0.9365079365079365,0.0,0.00027931394019087286,0.01187035507844758,10,14,False
P03_plus_pair_a3000_c25,P03_plus_pair,dt|wS2CDF_max|yS2Tcor_max|xS2Bcor_max|qS2channelStdevTo1_max|qS1channelStdevTo1_max,6,3000.0,0.0025,0.04237804561569755,0.04220683147712685,0.00404016126943052,0.06841353944679428,0.06812812510811994,0.004171898442651201,0.13139431589248823,0.13131863746876946,0.0005759642127951548,12,0.15847050154389564,0.04199252184928828,0.04257833365002024,-0.01395038390012493,0.06542480619034491,0.0653792849193179,0.0006957799904607764,0.13005254847924436,0.1300163901905811,0.0002780282976848625,12,0.1570290057744984,0.07982920932146716,0.08133134420494881,0.9189978908380061,0.0,0.0022054566240137284,0.999999182017117,0.959920634920635,0.959920634920635,0.0,0.00027291646623828214,0.0090912749856627,10,14,False
A01_plus_qS2channelStdevTo1_max_a1000_c75,A01_plus_qS2channelStdevTo1_max,dt|wS2CDF_max|yS2Tcor_max|xS2Bcor_max|qS2channelStdevTo1_max,5,1000.0,0.0075,0.04237804561569755,0.042211620224637925,0.003927160600298629,0.06841353944679428,0.06876584830896192,-0.0051496950021368,0.13139431589248823,0.13054798278224528,0.006441169882382636,12,0.15676581550440793,0.04199252184928828,0.0428602444214255,-0.020663740445298284,0.06542480619034491,0.06556325170939498,-0.002116101324737274,0.13005254847924436,0.1306147936192481,-0.0043232150894256804,12,0.15872350363211718,0.3091619939297289,0.03648335819743814,0.6837594526467411,0.0,0.003902903027557211,0.999978310447792,1.1862433862433863,1.0894071914480077,0.0,0.0003827694748594901,0.013553320829404691,10,14,False
A09_plus_nPMTS2_max_a1000_c75,A09_plus_nPMTS2_max,dt|wS2CDF_max|yS2Tcor_max|xS2Bcor_max|nPMTS2_max,5,1000.0,0.0075,0.04237804561569755,0.04221535359991184,0.0038390636807811296,0.06841353944679428,0.06898448330758405,-0.008345480520472126,0.13139431589248823,0.13106448028556777,0.0025102730257399175,12,0.15690832695194845,0.04199252184928828,0.04360045688992339,-0.03829098539035125,0.06542480619034491,0.06450980897491981,0.01398547842485054,0.13005254847924436,0.13130457549922642,-0.009627085625176113,12,0.15698859453676028,0.5250681619424867,0.0054220896136632545,0.47221564895313545,0.0,0.004292096319716186,0.9999708870583478,1.5296296296296295,1.045767195767196,0.0,0.0003594978192920095,0.01827002477291495,10,14,False
B04_S10_a3000_c50,B04_S10,dt|wS2CDF_max|yS2Tcor_max|xS2Bcor_max,4,3000.0,0.005,0.04237804561569755,0.042216819636884444,0.00380446942445567,0.06841353944679428,0.06852934091489281,-0.0016926688640133136,0.13139431589248823,0.13140204237195005,-5.880375729594434e-05,12,0.15667516104076795,0.04199252184928828,0.04231656763742932,-0.007716749884754126,0.06542480619034491,0.06497053746372651,0.0069433713765504335,0.13005254847924436,0.131303222471728,-0.009616681926715387,12,0.15547350830103845,0.5694120067904728,0.004928237049230928,0.42718246823396266,0.0,0.0027107030080321336,0.9999864321466013,1.1467444120505346,0.9404761904761905,0.0,0.0001455508271333006,0.014554087530966098,10,14,False
B04_S10_a1000_c75,B04_S10,dt|wS2CDF_max|yS2Tcor_max|xS2Bcor_max,4,1000.0,0.0075,0.04237804561569755,0.04222222264736661,0.0036769739157868075,0.06841353944679428,0.06898078729300314,-0.008291455913489454,0.13139431589248823,0.13107566851246663,0.0024251230188856443,12,0.15701539616118687,0.04199252184928828,0.04344617925734001,-0.03461705427620965,0.06542480619034491,0.06451992497690708,0.013830858142784508,0.13005254847924436,0.13133453421188285,-0.009857444145687788,12,0.15715945990767,0.5378157312618962,0.004928237049230928,0.4596224085601111,0.0,0.0041608525856493776,0.9999704628150105,1.372835497835498,1.0122549019607843,0.0,0.00024845653180260996,0.01713459950454166,10,14,False
G02_plus_s2_shape_a1000_c75,G02_plus_s2_shape,dt|wS2CDF_max|yS2Tcor_max|xS2Bcor_max|wS2FWHM_max|tDiffBottomTopS2_max,6,1000.0,0.0075,0.04237804561569755,0.04225396049641231,0.0029280519543185557,0.06841353944679428,0.06903455976185516,-0.0090774475357156,0.13139431589248823,0.13110168755591958,0.0022271004234923897,12,0.1573224140870325,0.04199252184928828,0.04289286106630999,-0.021440465525100816,0.06542480619034491,0.06511184783197808,0.0047834816270806435,0.13005254847924436,0.13076659543053296,-0.005490449511664552,12,0.1582387345967584,0.5201399248932558,0.014527496270384278,0.4750038582231596,0.0,0.003597933865964959,0.9999709775024992,1.1519047619047618,1.03015873015873,0.0,0.0002979678919514672,0.010994765446509458,10,14,False
P05_plus_pair_a1000_c75,P05_plus_pair,dt|wS2CDF_max|yS2Tcor_max|xS2Bcor_max|xS2T_max|yS2B_max,6,1000.0,0.0075,0.04237804561569755,0.04225505120608649,0.0029023143428186238,0.06841353944679428,0.06894658313109489,-0.007791494031896606,0.13139431589248823,0.13091868904225804,0.003619843423206981,12,0.15694035712443366,0.04199252184928828,0.043660807466487705,-0.039728159770611615,0.06542480619034491,0.06446807511230404,0.014623368929170155,0.13005254847924436,0.13108091440084993,-0.007907310803445755,12,0.15642749871290584,0.5309635269303976,0.005699881681156438,0.46611451206337773,0.0,0.0038962265728762326,0.9999707369653272,1.4047619047619049,1.0769841269841272,0.0,0.00026073249101377094,0.017237819983484726,10,14,False
A03_plus_yS2B_max_a1000_c75,A03_plus_yS2B_max,dt|wS2CDF_max|yS2Tcor_max|xS2Bcor_max|yS2B_max,5,1000.0,0.0075,0.04237804561569755,0.04228279665421576,0.0022476015610900513,0.06841353944679428,0.0689901554816768,-0.00842839063064349,0.13139431589248823,0.1309128300292701,0.0036644344920682137,12,0.15714060508064343,0.04199252184928828,0.04366124194429146,-0.039738506322440914,0.06542480619034491,0.06445982195815031,0.014749516099246907,0.13005254847924436,0.1312788178776647,-0.009429030132508842,12,0.15639183266659074,0.533484232728021,0.005699881681156438,0.4637378465970472,0.0,0.0038958622094871754,0.9999706836646483,1.3111111111111111,0.980406746031746,0.0,0.0003120478739722099,0.017237819983484726,10,14,False
P02_plus_pair_a1000_c75,P02_plus_pair,dt|wS2CDF_max|yS2Tcor_max|xS2Bcor_max|qS2channelStdevTo1_max|yS2B_max,6,1000.0,0.0075,0.04237804561569755,0.042289179054714784,0.0020969952646860968,0.06841353944679428,0.06870426051592757,-0.00424946686699923,0.13139431589248823,0.1305366416652988,0.006527483486357344,12,0.1568956202464935,0.04199252184928828,0.04280189795050146,-0.019274291363544194,0.06542480619034491,0.06573976658781994,-0.004814082239062323,0.13005254847924436,0.13079008556588526,-0.005671069850342825,12,0.15656155884751677,0.30368846134060395,0.03822213076804362,0.68881115283708,0.0,0.0038309451859655794,0.9999785721124727,1.3067552602436323,1.0805860805860807,0.0,0.0002995173823543418,0.014481612670996125,10,14,False
P07_plus_pair_a3000_c50,P07_plus_pair,dt|wS2CDF_max|yS2Tcor_max|xS2Bcor_max|xS2T_max|qS2hitStdevTo1_max,6,3000.0,0.005,0.04237804561569755,0.04230756382953087,0.0016631674524550943,0.06841353944679428,0.06831506092793894,0.001439459493714934,0.13139431589248823,0.131608155352636,-0.0016274635527060433,12,0.15732609020534027,0.04199252184928828,0.04379643766899011,-0.04295802538785609,0.06542480619034491,0.06448203334042849,0.014410021287240005,0.13005254847924436,0.13127235620632988,-0.009379345052051846,12,0.1573813625922139,0.47110448068316274,0.02851998559596687,0.5155615000771645,0.0,0.0033430211456441437,0.9999875437500946,1.2215320910973084,1.1003968253968255,0.0,0.000282387480805113,0.017237819983484726,10,14,False
A09_plus_nPMTS2_max_a300_c50,A09_plus_nPMTS2_max,dt|wS2CDF_max|yS2Tcor_max|xS2Bcor_max|nPMTS2_max,5,300.0,0.005,0.04237804561569755,0.04234246109740858,0.0008396922928364248,0.06841353944679428,0.06842745761597668,-0.00020344173529029952,0.13139431589248823,0.13060427043086043,0.006012782640264724,12,0.15750785551329483,0.04199252184928828,0.04229300061748436,-0.007155530436454782,0.06542480619034491,0.0653516889977927,0.0011175759900531324,0.13005254847924436,0.13115984833475913,-0.008514249574213428,12,0.15979636102664074,0.2908071402849941,0.0054220896136632545,0.7080919800401255,0.0,0.0026381933983157446,0.999991661142656,1.1194196428571428,1.1194196428571428,0.0,0.00032789108473396666,0.013418662262592862,10,14,False
A08_plus_tDiffBottomTopS2_max_a300_c25,A08_plus_tDiffBottomTopS2_max,dt|wS2CDF_max|yS2Tcor_max|xS2Bcor_max|tDiffBottomTopS2_max,5,300.0,0.0025,0.04237804561569755,0.042366778300728034,0.0002658762292082617,0.06841353944679428,0.06851611676910686,-0.0014993716615461228,0.13139431589248823,0.13114625076980832,0.0018879440940420267,12,0.15729262260009025,0.04199252184928828,0.04254228135448199,-0.013091843046883378,0.06542480619034491,0.06521352049573587,0.0032294431869516194,0.13005254847924436,0.13117086010907905,-0.008598921304592277,12,0.15633791574416867,0.1489685683419929,0.005998250938834302,0.8504141159524667,0.0,0.0008255768424053803,0.9999988793796105,1.0395238095238095,1.0216450216450217,0.0,0.0003700458120561301,0.010336973262348365,10,14,False
A05_plus_qS2hitStdevTo1_max_a3000_c50,A05_plus_qS2hitStdevTo1_max,dt|wS2CDF_max|yS2Tcor_max|xS2Bcor_max|qS2hitStdevTo1_max,5,3000.0,0.005,0.04237804561569755,0.04237468015558926,7.941517970910805e-05,0.06841353944679428,0.0684425528155067,-0.0004240881110233463,0.13139431589248823,0.1316154201332233,-0.0016827534679353384,12,0.1574202201940148,0.04199252184928828,0.04365519858625457,-0.03959459122111442,0.06542480619034491,0.06448997422878794,0.014288647013140587,0.13005254847924436,0.1313127979150814,-0.009690309421642507,12,0.15690064178080154,0.4718761253150882,0.02851998559596687,0.5144194660219147,0.0,0.003421448178009821,0.9999875588859458,1.25944170771757,1.25944170771757,0.0,0.00033814753473593306,0.01599917423616848,10,14,False
A02_plus_xS2T_max_a1000_c50,A02_plus_xS2T_max,dt|wS2CDF_max|yS2Tcor_max|xS2Bcor_max|xS2T_max,5,1000.0,0.005,0.04237804561569755,0.04238510104810851,-0.00016648791392936957,0.06841353944679428,0.06879864293731824,-0.005629053746348811,0.13139431589248823,0.13088672909087787,0.0038630803635805178,12,0.15743151868887295,0.04199252184928828,0.04308911270319864,-0.02611395566682173,0.06542480619034491,0.06460997869489093,0.012454412063267584,0.13005254847924436,0.13101295645479538,-0.007384768593783564,12,0.15606238319775467,0.38837388754565566,0.004928237049230928,0.6097535881475384,0.0,0.002708250138513442,0.9999893641928237,1.0188383045525902,1.0188383045525902,0.0,0.000289923818872051,0.014347646573080075,10,14,False
A09_plus_nPMTS2_max_a3000_c50,A09_plus_nPMTS2_max,dt|wS2CDF_max|yS2Tcor_max|xS2Bcor_max|nPMTS2_max,5,3000.0,0.005,0.04237804561569755,0.04239978878404669,-0.000513076241087429,0.06841353944679428,0.06833799002008475,0.0011043051904701118,0.13139431589248823,0.1314402763235415,-0.000349790101200842,12,0.15712855342111898,0.04199252184928828,0.04231843231141995,-0.007761154790878244,0.06542480619034491,0.06497093867796824,0.006937238928246825,0.13005254847924436,0.1312766240121993,-0.009412161063112823,12,0.15545949447944896,0.5491743402438397,0.0054220896136632545,0.4472349400689336,0.0,0.002881107995050514,0.9999866541551151,1.1121031746031746,0.9611528822055139,0.0,0.0001682900311785751,0.014966969446738254,10,14,False
A05_plus_qS2hitStdevTo1_max_a300_c25,A05_plus_qS2hitStdevTo1_max,dt|wS2CDF_max|yS2Tcor_max|xS2Bcor_max|qS2hitStdevTo1_max,5,300.0,0.0025,0.04237804561569755,0.042400581643018305,-0.0005317854326063465,0.06841353944679428,0.06842413979154358,-0.00015494512979463693,0.13139431589248823,0.13121455366277238,0.0013681126804826471,12,0.15726514764364885,0.04199252184928828,0.04233004254768729,-0.008037638215927512,0.06542480619034491,0.06520292215424221,0.0033914358944702183,0.13005254847924436,0.1304296972769093,-0.0028999723732836546,12,0.15779806293687149,0.11125057873347395,0.02851998559596687,0.8861875610885334,0.0,0.0010300843863997212,0.9999991084545732,1.0702947845804989,1.0702947845804989,0.0,0.00016086664409531437,0.007844756399669695,10,14,False
P05_plus_pair_a3000_c25,P05_plus_pair,dt|wS2CDF_max|yS2Tcor_max|xS2Bcor_max|xS2T_max|yS2B_max,6,3000.0,0.0025,0.04237804561569755,0.04241011447833964,-0.0007567329303692638,0.06841353944679428,0.06859870163738431,-0.0027065138288018264,0.13139431589248823,0.13147770673700812,-0.0006346609741332276,12,0.1572941314743036,0.04199252184928828,0.041699346498677785,0.006981608574562648,0.06542480619034491,0.06489590077196436,0.008084172490198438,0.13005254847924436,0.1304794002273397,-0.003282148278420438,12,0.15775394795252118,0.31109624980708883,0.005699881681156438,0.6871958434075827,0.0,0.0013770985250012055,0.9999977844933335,1.0,1.0,0.0,0.00016497220655908862,0.01066346702002896,10,14,False
G03_plus_topology_a3000_c25,G03_plus_topology,dt|wS2CDF_max|yS2Tcor_max|xS2Bcor_max|nPMTS2_max|rmsCogS1T_max,6,3000.0,0.0025,0.04237804561569755,0.04241361505179958,-0.0008393363965999434,0.06841353944679428,0.06852224651410826,-0.0015889700809665896,0.13139431589248823,0.13141370422461376,-0.0001475583779544376,12,0.15668865579442037,0.04199252184928828,0.04190019863176399,0.0021985633026672113,0.06542480619034491,0.06515699468865507,0.004093424456018568,0.13005254847924436,0.13011605973689203,-0.0004883507350708083,12,0.15665131247054043,0.1533000668758681,0.005627861515510057,0.8449302947682494,0.0,0.0007483546202040978,0.9999989550175635,1.0104427736006685,1.0104427736006685,0.0,0.00031346883458049923,0.008447737007387213,10,14,False
A07_plus_wS2FWHM_max_a300_c50,A07_plus_wS2FWHM_max,dt|wS2CDF_max|yS2Tcor_max|xS2Bcor_max|wS2FWHM_max,5,300.0,0.005,0.04237804561569755,0.04241766790762426,-0.000934972138310064,0.06841353944679428,0.06854121155924768,-0.0018661819500318533,0.13139431589248823,0.1306960827714926,0.005314028360001055,12,0.157605587719568,0.04199252184928828,0.04165544769577384,0.008027004301485063,0.06542480619034491,0.06508824866671899,0.0051441883166876146,0.13005254847924436,0.13089920944496056,-0.006510145134536405,12,0.15646570942577576,0.3002006276043006,0.013313442049488143,0.6976284788312156,0.0,0.002354781103463313,0.9999914971568957,1.0755208333333333,1.0755208333333333,0.0,0.0003026081444130746,0.011767134599504514,10,14,False
B04_S10_a3000_c25,B04_S10,dt|wS2CDF_max|yS2Tcor_max|xS2Bcor_max,4,3000.0,0.0025,0.04237804561569755,0.04242198207109253,-0.0010367739889047822,0.06841353944679428,0.06852211127086574,-0.001586993231886602,0.13139431589248823,0.13133706268281345,0.0004357358176866333,12,0.15707726919381737,0.04199252184928828,0.042187807763883256,-0.004650492659046712,0.06542480619034491,0.0649992699152642,0.006504203831229849,0.13005254847924436,0.13063580207866657,-0.004484753326577717,12,0.15734140784640926,0.3201707906785328,0.004928237049230928,0.6781521683214157,0.0,0.001270186229688233,0.999997765347253,1.046685340802988,0.9657738095238095,0.0,0.0001714528440708296,0.009083402146985942,10,14,False
P04_plus_pair_a10000_c50,P04_plus_pair,dt|wS2CDF_max|yS2Tcor_max|xS2Bcor_max|qS2channelStdevTo1_max|qS2hitStdevTo1_max,6,10000.0,0.005,0.04237804561569755,0.042428327201415886,-0.0011865008163498558,0.06841353944679428,0.06836442669523571,0.000717880582640551,0.13139431589248823,0.1309302706131584,0.0035316998013029677,12,0.1566163389582711,0.04199252184928828,0.04263817034790103,-0.015375320894753353,0.06542480619034491,0.06518959225078493,0.003595179768292489,0.13005254847924436,0.13018755017259892,-0.0010380549626531899,12,0.15724522112010253,0.6042183239878595,0.11567467462318021,0.3392972889551932,0.0,0.0031292045717009635,0.9999858019844793,1.1493506493506493,1.03015873015873,0.0,0.0001895300171457226,0.014966969446738254,10,14,False
P09_plus_pair_a3000_c25,P09_plus_pair,dt|wS2CDF_max|yS2Tcor_max|xS2Bcor_max|yS2B_max|qS2hitStdevTo1_max,6,3000.0,0.0025,0.04237804561569755,0.04242929237544643,-0.0012092761476922842,0.06841353944679428,0.06856458055920772,-0.0022077663812571924,0.13139431589248823,0.13130246304940515,0.0006990625314281518,12,0.15704680535699678,0.04199252184928828,0.04176650248591685,0.005382371751394666,0.06542480619034491,0.0654584836514783,-0.0005147506442038097,0.13005254847924436,0.13056438273923215,-0.003935595772423417,12,0.15849526942809244,0.23610268017902156,0.029651731056124286,0.756263182262462,0.0,0.0015180807658413831,0.9999982034570106,1.0003607503607503,1.0003607503607503,0.0,0.00020989066249610389,0.010012386457473155,10,14,False
P05_plus_pair_a300_c50,P05_plus_pair,dt|wS2CDF_max|yS2Tcor_max|xS2Bcor_max|xS2T_max|yS2B_max,6,300.0,0.005,0.04237804561569755,0.04243516988826201,-0.0013479685467914226,0.06841353944679428,0.06858426417294648,-0.002495481560122803,0.13139431589248823,0.13071402313301206,0.005177490021964215,12,0.15753960108659537,0.04199252184928828,0.0423391589576234,-0.008254734249569573,0.06542480619034491,0.06543064882120504,-8.930299072096304e-05,0.13005254847924436,0.13103580486434632,-0.007560454574705222,12,0.1581048700494153,0.2910232007819332,0.005699881681156438,0.7076495704511548,0.0,0.002376648155516967,0.999991663828322,1.0702947845804989,1.0702947845804989,0.0,0.00041790320420664884,0.016308835672997568,10,14,False
P07_plus_pair_a300_c25,P07_plus_pair,dt|wS2CDF_max|yS2Tcor_max|xS2Bcor_max|xS2T_max|qS2hitStdevTo1_max,6,300.0,0.0025,0.04237804561569755,0.0424423764927159,-0.0015180236861729313,0.06841353944679428,0.06841628427553974,-4.012113344309398e-05,0.13139431589248823,0.13116057176846516,0.0017789515660200372,12,0.15753731931247483,0.04199252184928828,0.042285334152204763,-0.006972963042500391,0.06542480619034491,0.06519960265823607,0.003442173469396903,0.13005254847924436,0.13041744064528912,-0.0028057286866853826,12,0.15796336543818257,0.11193991460466074,0.02851998559596687,0.8851689901743917,0.0,0.0010235883719000632,0.999999109336982,1.0479969765684052,1.0479969765684052,0.0,0.00019662818842647312,0.008154417836498756,10,14,False
P01_plus_pair_a1000_c50,P01_plus_pair,dt|wS2CDF_max|yS2Tcor_max|xS2Bcor_max|qS2channelStdevTo1_max|xS2T_max,6,1000.0,0.005,0.04237804561569755,0.04245126027511362,-0.0017276554015730472,0.06841353944679428,0.06876718203594233,-0.005169190075644092,0.13139431589248823,0.1307791755237342,0.004681636070599682,12,0.15698909658942828,0.04199252184928828,0.04311774808436049,-0.026795871872393295,0.06542480619034491,0.06452285857453978,0.013786018917366416,0.13005254847924436,0.13084377760118987,-0.006083918625183982,12,0.1562115587162457,0.20511343176089306,0.03648335819743814,0.7915633520242811,0.0,0.0022991839356760343,0.9999929790028047,1.0593286494925838,1.0593286494925838,0.0,0.0005245987841790978,0.009909165978530116,10,14,False
A05_plus_qS2hitStdevTo1_max_a3000_c25,A05_plus_qS2hitStdevTo1_max,dt|wS2CDF_max|yS2Tcor_max|xS2Bcor_max|qS2hitStdevTo1_max,5,3000.0,0.0025,0.04237804561569755,0.04245658863634198,-0.0018533894025385411,0.06841353944679428,0.06854989449609149,-0.0019931003482616116,0.13139431589248823,0.13137273505605931,0.00016424482506971483,12,0.15712875568812912,0.04199252184928828,0.042266408623210114,-0.006522274963737917,0.06542480619034491,0.06511200619242526,0.004781061131608144,0.13005254847924436,0.1307978519883879,-0.005730787422919992,12,0.15868684789123555,0.23481660579247904,0.02851998559596687,0.7579196460723289,0.0,0.0014819927822670414,0.9999981924687051,1.0593286494925838,1.0593286494925838,0.0,0.00017604354693290247,0.012100553046142964,10,14,False
A02_plus_xS2T_max_a300_c50,A02_plus_xS2T_max,dt|wS2CDF_max|yS2Tcor_max|xS2Bcor_max|xS2T_max,5,300.0,0.005,0.04237804561569755,0.04246967842600892,-0.002162270793286014,0.06841353944679428,0.068616591468352,-0.0029680093034163413,0.13139431589248823,0.13071291081176728,0.005185955542235998,12,0.15757045176753426,0.04199252184928828,0.04186378004065977,0.0030658270320265135,0.06542480619034491,0.06536191918294222,0.000961210450050487,0.13005254847924436,0.1310691081658353,-0.00781653030623386,12,0.15794216084220614,0.2947991151808221,0.004928237049230928,0.7040794279541128,0.0,0.002470884429970157,0.9999915483730933,1.0195852534562213,1.0195852534562213,0.0,0.0004490031419208673,0.017341040462427737,10,14,False
A03_plus_yS2B_max_a300_c50,A03_plus_yS2B_max,dt|wS2CDF_max|yS2Tcor_max|xS2Bcor_max|yS2B_max,5,300.0,0.005,0.04237804561569755,0.04247133504785309,-0.0022013623044707664,0.06841353944679428,0.06860194302578866,-0.0027538931696540203,0.13139431589248823,0.13057316932141977,0.006249483210067908,12,0.15760482652713403,0.04199252184928828,0.042189413505660994,-0.004688731414592251,0.06542480619034491,0.06543589274494438,-0.00016945490930786455,0.13005254847924436,0.13108654555221846,-0.007950609850134072,12,0.15764461531413476,0.2928648593034621,0.005699881681156438,0.7059519522609188,0.0,0.002490066550057147,0.9999916470361233,1.0607385811467445,1.0316220238095237,0.0,0.00040175216732585284,0.017341040462427737,10,14,False
P07_plus_pair_a3000_c25,P07_plus_pair,dt|wS2CDF_max|yS2Tcor_max|xS2Bcor_max|xS2T_max|qS2hitStdevTo1_max,6,3000.0,0.0025,0.04237804561569755,0.04247276837365471,-0.00223518467123629,0.06841353944679428,0.06854948392152184,-0.0019870989840145015,0.13139431589248823,0.1314400995230294,-0.00034844452920346214,12,0.1570054619138579,0.04199252184928828,0.04100290629255807,0.02356647119889488,0.06542480619034491,0.06508133735557403,0.005249825788884999,0.13005254847924436,0.1307483997019846,-0.005350538923512893,12,0.15665698812198092,0.23569113637532796,0.02851998559596687,0.7569936725140182,0.0,0.001499592706177794,0.9999981893115898,1.0362997658079627,1.0362997658079627,0.0,0.00020668463402317983,0.010139406559696057,10,14,False
A01_plus_qS2channelStdevTo1_max_a3000_c75,A01_plus_qS2channelStdevTo1_max,dt|wS2CDF_max|yS2Tcor_max|xS2Bcor_max|qS2channelStdevTo1_max,5,3000.0,0.0075,0.04237804561569755,0.04248246074032869,-0.0024638966501195902,0.06841353944679428,0.0685868055844695,-0.0025326293461249705,0.13139431589248823,0.1311446834573591,0.0018998724064546169,12,0.15724014433961342,0.04199252184928828,0.0422688011185923,-0.0065792492838507854,0.06542480619034491,0.06529546077483227,0.0019770087684528592,0.13005254847924436,0.13045213915719198,-0.003072532469530209,12,0.15785217502212578,0.501846802819075,0.03648335819743814,0.48730901795359843,0.0,0.0052750337131363565,0.9999708209722127,1.0780730897009967,1.0071877807726863,0.0,0.0002691066589519675,0.009805945499587077,10,14,False
A09_plus_nPMTS2_max_a10000_c50,A09_plus_nPMTS2_max,dt|wS2CDF_max|yS2Tcor_max|xS2Bcor_max|nPMTS2_max,5,10000.0,0.005,0.04237804561569755,0.042482928432603144,-0.0024749328427440265,0.06841353944679428,0.06864980931023443,-0.0034535541553715188,0.13139431589248823,0.13084501680215013,0.004180539215924317,12,0.15736459848072215,0.04199252184928828,0.04200984416632634,-0.0004125095677802726,0.06542480619034491,0.06553526975471964,-0.0016884049156118408,0.13005254847924436,0.13073725139858317,-0.005264817393779042,12,0.15693428451469993,0.821688358454653,0.0054220896136632545,0.1713668398580174,0.0,0.0032626725701956384,0.9999867314466446,1.0278745644599303,0.9625220458553793,0.0,0.00013708181085614335,0.015483071841453366,10,14,False
A09_plus_nPMTS2_max_a1000_c50,A09_plus_nPMTS2_max,dt|wS2CDF_max|yS2Tcor_max|xS2Bcor_max|nPMTS2_max,5,1000.0,0.005,0.04237804561569755,0.04248716370811698,-0.0025748731644910094,0.06841353944679428,0.06859668024791922,-0.0026769671998534417,0.13139431589248823,0.13085123604598187,0.0041332065456373135,12,0.15729308846918888,0.04199252184928828,0.04339495412936698,-0.03339719117399165,0.06542480619034491,0.06462518208071844,0.012222032531515215,0.13005254847924436,0.1311230971272155,-0.008231662204927881,12,0.156443700779481,0.38148052883378775,0.0054220896136632545,0.6167086784299604,0.0,0.0027699353120366464,0.999989496280449,1.0535714285714286,0.9941391941391942,0.0,0.00019448286891354805,0.0153798513625103,10,14,False
A02_plus_xS2T_max_a3000_c25,A02_plus_xS2T_max,dt|wS2CDF_max|yS2Tcor_max|xS2Bcor_max|xS2T_max,5,3000.0,0.0025,0.04237804561569755,0.0424959700060725,-0.0027826764698952733,0.06841353944679428,0.06848786664533146,-0.001086439893889679,0.13139431589248823,0.1313764088062541,0.0001362850905117785,12,0.1571099102759571,0.04199252184928828,0.041942831556366356,0.0011833129027178924,0.06542480619034491,0.06480082081971678,0.009537443165100523,0.13005254847924436,0.13064254321576343,-0.004536587275052462,12,0.15716911618828266,0.3176192190956325,0.004928237049230928,0.680642008333762,0.0,0.0013268139824528808,0.9999977716221468,0.9995421245421245,0.950915750915751,0.0,0.00013565966419726294,0.008464079273327818,10,14,False
A02_plus_xS2T_max_a10000_c50,A02_plus_xS2T_max,dt|wS2CDF_max|yS2Tcor_max|xS2Bcor_max|xS2T_max,5,10000.0,0.005,0.04237804561569755,0.042498481140367333,-0.00284193201739269,0.06841353944679428,0.06860874329712902,-0.0028532926656505975,0.13139431589248823,0.13088696231219987,0.0038613053908930217,12,0.1572428152816182,0.04199252184928828,0.041089837669885804,0.021496307905541467,0.06542480619034491,0.06549691763534508,-0.0011022034179264395,0.13005254847924436,0.13070946415388518,-0.005051155723762468,12,0.1566064394582033,0.840804568136221,0.004928237049230928,0.15269303976542004,0.0,0.002920723181193823,0.99998688467731,1.0362997658079627,1.0362997658079627,0.00018152372023561014,0.0001556944506748703,0.0107349298100744,10,14,False
P09_plus_pair_a300_c25,P09_plus_pair,dt|wS2CDF_max|yS2Tcor_max|xS2Bcor_max|yS2B_max|qS2hitStdevTo1_max,6,300.0,0.0025,0.04237804561569755,0.042502596489519096,-0.0029390424218951328,0.06841353944679428,0.06845696465869458,-0.0006347458741566836,0.13139431589248823,0.13112662363296274,0.0020373199381359397,12,0.15749150338393636,0.04199252184928828,0.04256010549816729,-0.013516302995949525,0.06542480619034491,0.06519624505734575,0.0034934934668997553,0.13005254847924436,0.13041426145560087,-0.0027812832626976647,12,0.1580164865975806,0.10971757806471526,0.029651731056124286,0.8875250784505376,0.0,0.0011340434655269303,0.9999991187560988,1.0316220238095237,1.0316220238095237,0.0,0.000182879392141011,0.006399669694467383,10,14,False
G02_plus_s2_shape_a3000_c25,G02_plus_s2_shape,dt|wS2CDF_max|yS2Tcor_max|xS2Bcor_max|wS2FWHM_max|tDiffBottomTopS2_max,6,3000.0,0.0025,0.04237804561569755,0.04250321726887128,-0.0029536910292853324,0.06841353944679428,0.06850908221880088,-0.0013965477123267789,0.13139431589248823,0.1313979174110123,-2.7410002477079587e-05,12,0.15708798263751533,0.04199252184928828,0.04151901639995654,0.011275946965775496,0.06542480619034491,0.0651219984387882,0.004628332419904013,0.13005254847924436,0.1305538723044168,-0.003854778941548176,12,0.15916723616378625,0.2999948557024538,0.014527496270384278,0.6968568341992901,0.0,0.0008518419902387657,0.9999979033260885,1.059732664995823,1.059732664995823,0.0,0.00022345875708773555,0.014997193050697522,10,14,False
P07_plus_pair_a300_c50,P07_plus_pair,dt|wS2CDF_max|yS2Tcor_max|xS2Bcor_max|xS2T_max|qS2hitStdevTo1_max,6,300.0,0.005,0.04237804561569755,0.04250587251141931,-0.0030163471171122946,0.06841353944679428,0.06849658318148229,-0.0012138494128430821,0.13139431589248823,0.13036594238300822,0.00782662098048037,12,0.1576342830598061,0.04199252184928828,0.041798371017606556,0.004623462062567696,0.06542480619034491,0.06495737317947473,0.007144583806794169,0.13005254847924436,0.13102856445061462,-0.007504781588544063,12,0.15991462733167883,0.22299501003138023,0.02851998559596687,0.7712845310972787,0.0,0.0025351600600677262,0.9999930956565496,1.0256991685563113,1.0256991685563113,0.0,0.0005400757579558935,0.008899599595308394,10,14,False
A01_plus_qS2channelStdevTo1_max_a300_c50,A01_plus_qS2channelStdevTo1_max,dt|wS2CDF_max|yS2Tcor_max|xS2Bcor_max|qS2channelStdevTo1_max,5,300.0,0.005,0.04237804561569755,0.04250949053874347,-0.003101722156748865,0.06841353944679428,0.06869968179960888,-0.004182539817825681,0.13139431589248823,0.13058003130772144,0.006197258832970065,12,0.1572113819798161,0.04199252184928828,0.04307073718257151,-0.025676365357454767,0.06542480619034491,0.06461073640764099,0.012442830634232016,0.13005254847924436,0.13115435249584126,-0.008471990971962828,12,0.15617853330463138,0.1610370903853079,0.03648335819743814,0.8347137198415556,0.0,0.0018761619980083863,0.9999943285065397,1.0974702380952381,1.0974702380952381,0.0,0.0004315491389659254,0.008876961189099919,10,14,False
P02_plus_pair_a3000_c75,P02_plus_pair,dt|wS2CDF_max|yS2Tcor_max|xS2Bcor_max|qS2channelStdevTo1_max|yS2B_max,6,3000.0,0.0075,0.04237804561569755,0.04251722217543398,-0.0032841665469554027,0.06841353944679428,0.068625367115571,-0.003096282848243259,0.13139431589248823,0.13068518140809246,0.005396995140764083,12,0.1574451992726269,0.04199252184928828,0.04342583649816174,-0.03413261661249223,0.06542480619034491,0.06532931802944572,0.0014595100308189002,0.13005254847924436,0.1301364155348294,-0.000644870527842345,12,0.1576054973357035,0.49577653171459435,0.03822213076804362,0.49195946293533616,0.0,0.005037888474219259,0.9999713841142972,1.0454042081949058,1.0034013605442178,0.0,0.0003420987576316925,0.01326377295065645,10,14,False
A07_plus_wS2FWHM_max_a1000_c50,A07_plus_wS2FWHM_max,dt|wS2CDF_max|yS2Tcor_max|xS2Bcor_max|wS2FWHM_max,5,1000.0,0.005,0.04237804561569755,0.04252173830817363,-0.0033907342915042715,0.06841353944679428,0.06880488509745317,-0.005720295336615999,0.13139431589248823,0.130645074579687,0.005702235349467455,12,0.15759081328436242,0.04199252184928828,0.04360314908221949,-0.03835509662200742,0.06542480619034491,0.06452971208979127,0.013681264839355833,0.13005254847924436,0.13106952130633248,-0.00781970702596757,12,0.15634698492637522,0.3871083903492978,0.013313442049488143,0.6097741653377231,0.0,0.0023758990340629472,0.9999894870579112,1.0886904761904763,0.9365079365079365,0.0,0.0002111803722459893,0.01187035507844758,10,14,False
A08_plus_tDiffBottomTopS2_max_a3000_c50,A08_plus_tDiffBottomTopS2_max,dt|wS2CDF_max|yS2Tcor_max|xS2Bcor_max|tDiffBottomTopS2_max,5,3000.0,0.005,0.04237804561569755,0.04252676739232406,-0.0035094062141323157,0.06841353944679428,0.06853019001345757,-0.0017050801289708595,0.13139431589248823,0.13147588574900512,-0.0006208020184346186,12,0.15649300850153802,0.04199252184928828,0.04211343186869908,-0.0028793226528462945,0.06542480619034491,0.06537891259288267,0.0007014708966613936,0.13005254847924436,0.1313367865760856,-0.009874763023549615,12,0.15688122332363863,0.5602757343484747,0.005998250938834302,0.4361129687741139,0.0,0.0026799435335233676,0.9999865513232874,1.0256991685563113,1.0256991685563113,0.0,0.00016697908487062207,0.010012386457473155,10,14,False
A07_plus_wS2FWHM_max_a3000_c25,A07_plus_wS2FWHM_max,dt|wS2CDF_max|yS2Tcor_max|xS2Bcor_max|wS2FWHM_max,5,3000.0,0.0025,0.04237804561569755,0.0425311820402515,-0.003613579208976647,0.06841353944679428,0.06857367795605188,-0.0023407429370343458,0.13139431589248823,0.13137505023239787,0.00014662476043580952,12,0.1571397248998334,0.04199252184928828,0.040971878000463424,0.02430537162040336,0.06542480619034491,0.06498124266418576,0.0067797453594079515,0.13005254847924436,0.1306526551586682,-0.0046143400220997055,12,0.1579717040640608,0.30678532846339834,0.013313442049488143,0.6901589587941767,0.0,0.0010517933878858399,0.9999978646507718,1.0535714285714286,1.0535714285714286,0.0,0.00023730065039706538,0.015514073141249418,10,14,False
A03_plus_yS2B_max_a10000_c75,A03_plus_yS2B_max,dt|wS2CDF_max|yS2Tcor_max|xS2Bcor_max|yS2B_max,5,10000.0,0.0075,0.04237804561569755,0.04253565438232361,-0.0037191136197105568,0.06841353944679428,0.06859414799053087,-0.0026399532197431963,0.13139431589248823,0.1306486269266353,0.005675199576084422,12,0.1572466390412991,0.04199252184928828,0.042070077831188116,-0.001846899840361571,0.06542480619034491,0.0656952005092753,-0.004132902100522973,0.13005254847924436,0.13079370459811832,-0.0056988973114375785,12,0.1574649831601016,0.9252636452492412,0.005699881681156438,0.06622768660939349,0.0,0.0044003926974971845,0.9999749257774868,1.0164537359659311,0.9995421245421245,0.0005286773894235264,0.00015606585950944662,0.005669434610439228,10,14,False
P01_plus_pair_a300_c50,P01_plus_pair,dt|wS2CDF_max|yS2Tcor_max|xS2Bcor_max|qS2channelStdevTo1_max|xS2T_max,6,300.0,0.005,0.04237804561569755,0.042536548455191135,-0.0037402111680882033,0.06841353944679428,0.06853823261432362,-0.0018226387428226243,0.13139431589248823,0.13036818408318943,0.007809560119316217,12,0.15752651807909768,0.04199252184928828,0.04318125884280037,-0.02830830207765289,0.06542480619034491,0.06454165854129568,0.013498666644572554,0.13005254847924436,0.13124500387194446,-0.009169027494223991,12,0.1559933562880278,0.15755954524409693,0.03648335819743814,0.8394258963938475,0.0,0.0019347258216925213,0.9999944262516639,1.058974358974359,1.058974358974359,0.0,0.000439487064332722,0.01075067548742778,10,14,False
A08_plus_tDiffBottomTopS2_max_a1000_c25,A08_plus_tDiffBottomTopS2_max,dt|wS2CDF_max|yS2Tcor_max|xS2Bcor_max|tDiffBottomTopS2_max,5,1000.0,0.0025,0.04237804561569755,0.04254693733759454,-0.0039853589150518065,0.06841353944679428,0.06846612605094461,-0.000768657850120924,0.13139431589248823,0.131704254688882,-0.00235884478174353,12,0.15725834864132038,0.04199252184928828,0.04188084424257485,0.002659464156838376,0.06542480619034491,0.06568568276956606,-0.003987426091292656,0.13005254847924436,0.13107876504850324,-0.007890784004303208,12,0.15765441041613126,0.19698544163794435,0.005998250938834302,0.8020782962086527,0.0,0.0012214054564700868,0.99999854539685,1.0957142857142859,1.059732664995823,0.0,0.00017032539889472176,0.014057651252891434,10,14,False
P02_plus_pair_a300_c50,P02_plus_pair,dt|wS2CDF_max|yS2Tcor_max|xS2Bcor_max|qS2channelStdevTo1_max|yS2B_max,6,300.0,0.005,0.04237804561569755,0.04255003771798348,-0.0040585189757362805,0.06841353944679428,0.06866074645292133,-0.0036134222571442276,0.13139431589248823,0.13035992229250012,0.00787243795868986,12,0.15748656100783986,0.04199252184928828,0.04343423751713078,-0.03433267649456351,0.06542480619034491,0.06454328992130323,0.013473731454045401,0.13005254847924436,0.13125036564490286,-0.00921025523655672,12,0.15544766575707825,0.1580431092134369,0.03822213076804362,0.8374093317557487,0.0,0.0017377919408122645,0.9999944488936247,1.0742296918767507,1.0479969765684052,0.0,0.0004538409947518751,0.011354252683732441,10,14,False
A05_plus_qS2hitStdevTo1_max_a1000_c50,A05_plus_qS2hitStdevTo1_max,dt|wS2CDF_max|yS2Tcor_max|xS2Bcor_max|qS2hitStdevTo1_max,5,1000.0,0.005,0.04237804561569755,0.042550570021830644,-0.0040710798156577965,0.06841353944679428,0.0687385371047538,-0.004750487412104709,0.13139431589248823,0.1308116452210365,0.004434519617488641,12,0.1571157913549367,0.04199252184928828,0.04373314144066461,-0.0414507039520855,0.06542480619034491,0.06491541014032218,0.007785977210856498,0.13005254847924436,0.131117803706934,-0.008190960039968997,12,0.1554447901916023,0.3058593549050877,0.02851998559596687,0.685724574309378,0.0,0.0033108170373497958,0.9999907092562885,1.0925925925925926,1.0925925925925926,0.0,0.00024163191773163284,0.008876961189099919,10,14,False
P09_plus_pair_a10000_c50,P09_plus_pair,dt|wS2CDF_max|yS2Tcor_max|xS2Bcor_max|yS2B_max|qS2hitStdevTo1_max,6,10000.0,0.005,0.04237804561569755,0.04255436368636818,-0.004160599388408848,0.06841353944679428,0.06868957377132875,-0.004034790872779581,0.13139431589248823,0.13107335183454255,0.0024427545116054716,12,0.15695475236106504,0.04199252184928828,0.04277032304832512,-0.018522374098616234,0.06542480619034491,0.06536326020038835,0.0009407133706670345,0.13005254847924436,0.13064904817360914,-0.004586605194130344,12,0.15643382223779534,0.8021194505890221,0.029651731056124286,0.1720870415144812,0.0,0.0033637806017886678,0.9999855241190329,1.0902629708599858,1.0902629708599858,0.0009237642852530925,0.0001192782670431658,0.008257638315441795,10,14,False
A09_plus_nPMTS2_max_a1000_c25,A09_plus_nPMTS2_max,dt|wS2CDF_max|yS2Tcor_max|xS2Bcor_max|nPMTS2_max,5,1000.0,0.0025,0.04237804561569755,0.04255895177458134,-0.0042688650751929735,0.06841353944679428,0.0684412368300175,-0.00040485236471021757,0.13139431589248823,0.13176395164256746,-0.0028131791513847926,12,0.15724317297039325,0.04199252184928828,0.04216979235024655,-0.004221477852520916,0.06542480619034491,0.06540435353383416,0.0003126131768926843,0.13005254847924436,0.13094695217814503,-0.006877248538066372,12,0.1567657624496478,0.19950614743556766,0.0054220896136632545,0.7995370132208447,0.0,0.0012907124815206023,0.9999985245425884,1.0350877192982455,1.0350877192982455,0.0,0.000228201022244523,0.012696118909991755,10,14,False
A02_plus_xS2T_max_a10000_c75,A02_plus_xS2T_max,dt|wS2CDF_max|yS2Tcor_max|xS2Bcor_max|xS2T_max,5,10000.0,0.0075,0.04237804561569755,0.0425628267780741,-0.004360304013361738,0.06841353944679428,0.068410842390762,3.942284018754183e-05,0.13139431589248823,0.1304525974969273,0.007167116698803544,12,0.15715895765823285,0.04199252184928828,0.04182666481238133,0.0039496803145621096,0.06542480619034491,0.06535841840405317,0.0010147188835163412,0.13005254847924436,0.13069821594341788,-0.0049646659886604105,12,0.1561412652367088,0.9365708112557231,0.004928237049230928,0.05571274242502186,0.0,0.0035097144653556435,0.9999750551345999,1.1493506493506493,0.9969278033794163,0.000548989303556846,0.00015186835348779404,0.0050512836072200695,10,14,False
A05_plus_qS2hitStdevTo1_max_a300_c50,A05_plus_qS2hitStdevTo1_max,dt|wS2CDF_max|yS2Tcor_max|xS2Bcor_max|qS2hitStdevTo1_max,5,300.0,0.005,0.04237804561569755,0.04256920887006722,-0.004510903029913527,0.06841353944679428,0.06851258620927907,-0.0014477655049818239,0.13139431589248823,0.13068069246080666,0.005431159078947423,12,0.15752274686303847,0.04199252184928828,0.04188303624385541,0.0026072643559208464,0.06542480619034491,0.06495422614470614,0.00719268535958173,0.13005254847924436,0.13103116875505333,-0.007524806605117451,12,0.15643129857356752,0.22343741962035085,0.02851998559596687,0.7712536653120017,0.0,0.0026728036459865274,0.9999930939268727,1.0256991685563113,1.0256991685563113,0.0,0.0004094253321449415,0.008567299752270857,10,14,False
G02_plus_s2_shape_a1000_c50,G02_plus_s2_shape,dt|wS2CDF_max|yS2Tcor_max|xS2Bcor_max|wS2FWHM_max|tDiffBottomTopS2_max,6,1000.0,0.005,0.04237804561569755,0.04258686259095408,-0.004927480071879042,0.06841353944679428,0.06874810740506443,-0.004890376392970408,0.13139431589248823,0.13091006380620313,0.003685487328700998,12,0.15748684032941762,0.04199252184928828,0.042091767434987395,-0.002363410943865274,0.06542480619034491,0.065146867254122,0.00424821948137355,0.13005254847924436,0.1305005418905127,-0.0034447107458246418,12,0.16004718030972775,0.37751941972323677,0.014527496270384278,0.6191573640619373,0.0,0.0021046090924379543,0.9999896694893672,1.0383022774327122,1.03015873015873,0.0,0.00020347901438610982,0.011251032204789457,10,14,False
P02_plus_pair_a10000_c50,P02_plus_pair,dt|wS2CDF_max|yS2Tcor_max|xS2Bcor_max|qS2channelStdevTo1_max|yS2B_max,6,10000.0,0.005,0.04237804561569755,0.04259171257759417,-0.005041925808335845,0.06841353944679428,0.06853254798947085,-0.0017395466400202952,0.13139431589248823,0.13114916871059112,0.0018657365825299754,12,0.15708086443980684,0.04199252184928828,0.041683719070560836,0.007353756457774696,0.06542480619034491,0.06537966806421153,0.0006899237271266179,0.13005254847924436,0.13035400081060394,-0.002317927137027276,12,0.1577423953792194,0.7296362981634857,0.03822213076804362,0.24660733576830085,0.0,0.0029895458707421257,0.9999859588293459,0.969954648526077,0.9262166405023547,0.000621149883472949,0.00010211452434161217,0.014374897887471372,10,14,False
P04_plus_pair_a1000_c50,P04_plus_pair,dt|wS2CDF_max|yS2Tcor_max|xS2Bcor_max|qS2channelStdevTo1_max|qS2hitStdevTo1_max,6,1000.0,0.005,0.04237804561569755,0.04259526017590606,-0.005125638925832288,0.06841353944679428,0.06867679464270612,-0.0038479984815955603,0.13139431589248823,0.13090661304929224,0.0037117499328893633,12,0.15790618754870323,0.04199252184928828,0.04265143112439783,-0.015691109895099364,0.06542480619034491,0.06452285857453978,0.013786018917366416,0.13005254847924436,0.13083716203583615,-0.006033050222902903,12,0.15585683267560146,0.18720098770512886,0.11567467462318021,0.8031997530737178,0.0,0.0021624096435882015,0.9999933517188252,1.0256991685563113,1.0256991685563113,0.0,0.0005075441853885643,0.01094137076796034,10,14,False
A06_plus_rmsCogS1T_max_a10000_c25,A06_plus_rmsCogS1T_max,dt|wS2CDF_max|yS2Tcor_max|xS2Bcor_max|rmsCogS1T_max,5,10000.0,0.0025,0.04237804561569755,0.04259629331239951,-0.005150017975843468,0.06841353944679428,0.06845043088043053,-0.0005392417047058728,0.13139431589248823,0.13132146962484512,0.0005544095811779171,12,0.15772825000260948,0.04199252184928828,0.04222724262567715,-0.005589585146404952,0.06542480619034491,0.06495779395410116,0.007138152383440621,0.13005254847924436,0.1300760251923225,-0.00018051713213362852,12,0.15747221552860102,0.30818457739595656,0.00513400895107773,0.6898503009414064,0.0,0.0012722172989747497,0.9999978484337816,1.1346153846153846,0.9161490683229814,0.0,0.0001460744532224556,0.009876715820736737,10,14,False
P01_plus_pair_a3000_c75,P01_plus_pair,dt|wS2CDF_max|yS2Tcor_max|xS2Bcor_max|qS2channelStdevTo1_max|xS2T_max,6,3000.0,0.0075,0.04237804561569755,0.04260091658461594,-0.005259113903917978,0.06841353944679428,0.06850096538385629,-0.0012779040197152813,0.13139431589248823,0.13134105940491247,0.00040531804754273537,12,0.15724263034593666,0.04199252184928828,0.04222511747497806,-0.005538977309449633,0.06542480619034491,0.06512697563007837,0.0045522574327547805,0.13005254847924436,0.130371510740781,-0.002452564484636266,12,0.15530565593336976,0.4976799218066773,0.03648335819743814,0.492165234837183,0.0,0.005207610112121518,0.999971203691466,1.03015873015873,0.9995421245421245,0.0,0.0002770231676956225,0.007431874483897649,10,14,False
P09_plus_pair_a300_c50,P09_plus_pair,dt|wS2CDF_max|yS2Tcor_max|xS2Bcor_max|yS2B_max|qS2hitStdevTo1_max,6,300.0,0.005,0.04237804561569755,0.04260262442352583,-0.005299413990556667,0.06841353944679428,0.06862801673035201,-0.0031350122401507807,0.13139431589248823,0.13026032490847816,0.008630441707523695,12,0.15759692360896405,0.04199252184928828,0.041102387502894897,0.02119744914554289,0.06542480619034491,0.06500544899288448,0.006409758345181316,0.13005254847924436,0.1310718788022381,-0.007837834282474088,12,0.15943784695576535,0.2204537270435722,0.029651731056124286,0.7740007202016564,0.0,0.0026926058713294754,0.9999931613718838,0.9877232142857143,0.9877232142857143,0.0,0.0004233003299800586,0.0052642444260941335,10,14,False
A06_plus_rmsCogS1T_max_a1000_c50,A06_plus_rmsCogS1T_max,dt|wS2CDF_max|yS2Tcor_max|xS2Bcor_max|rmsCogS1T_max,5,1000.0,0.005,0.04237804561569755,0.042620720964551925,-0.005726440314285819,0.06841353944679428,0.06853275926090815,-0.0017426347924389685,0.13139431589248823,0.1316239180239475,-0.001747428188956901,12,0.1567230853299484,0.04199252184928828,0.04266815929983797,-0.01608947071515643,0.06542480619034491,0.06487534256002529,0.008398399052509609,0.13005254847924436,0.12966193034301968,0.003003540805561533,12,0.15879975894485543,0.18942332424507433,0.00513400895107773,0.8086835742579351,0.0,0.0017337648252918549,0.9999943382653581,1.0593286494925838,1.0593286494925838,0.0,0.0005109592966061616,0.008257638315441795,10,14,False
P05_plus_pair_a10000_c50,P05_plus_pair,dt|wS2CDF_max|yS2Tcor_max|xS2Bcor_max|xS2T_max|yS2B_max,6,10000.0,0.005,0.04237804561569755,0.04262321886897244,-0.0057853836747976395,0.06841353944679428,0.06866487209289089,-0.003673726693998569,0.13139431589248823,0.13103744934330144,0.0027159968584850036,12,0.15701666104633183,0.04199252184928828,0.04185788563178522,0.0032061950931709937,0.06542480619034491,0.06558376004395385,-0.0024295655251385107,0.13005254847924436,0.13077034956621622,-0.005519315810150527,12,0.15650821532083004,0.8250938834302176,0.005699881681156438,0.16776583157569833,0.0,0.0034230081346416693,0.9999864661340538,1.0324153757888699,1.0324153757888699,9.884373639712507e-05,0.00014670377039949223,0.011560693641618491,10,14,False
G03_plus_topology_a10000_c25,G03_plus_topology,dt|wS2CDF_max|yS2Tcor_max|xS2Bcor_max|nPMTS2_max|rmsCogS1T_max,6,10000.0,0.0025,0.04237804561569755,0.04262456577457584,-0.005817166773424143,0.06841353944679428,0.06850178918122338,-0.0012899454573276348,0.13139431589248823,0.13139816960938594,-2.9329403418376643e-05,12,0.15770771530012018,0.04199252184928828,0.04231535068900388,-0.0076877697622981245,0.06542480619034491,0.06495744256811807,0.0071435232206435995,0.13005254847924436,0.1300744327335235,-0.0001682723986193846,12,0.15716372539441725,0.3158290035495653,0.005627861515510057,0.6812901898245795,0.0,0.0016950856694835758,0.9999978238131507,1.0336927223719676,0.8939393939393939,0.0,0.0001172801100757237,0.00898018166804293,10,14,False
A02_plus_xS2T_max_a300_c25,A02_plus_xS2T_max,dt|wS2CDF_max|yS2Tcor_max|xS2Bcor_max|xS2T_max,5,300.0,0.0025,0.04237804561569755,0.04262519445518023,-0.005832001827642763,0.06841353944679428,0.06851890732830626,-0.0015401612365624207,0.13139431589248823,0.13118775998120116,0.0015720307981669235,12,0.15750151987693672,0.04199252184928828,0.04284524783589623,-0.020306615298514075,0.06542480619034491,0.06519292285770892,0.003544272366071022,0.13005254847924436,0.13100845155232418,-0.007350129499633651,12,0.15645198604908384,0.15301198621328257,0.004928237049230928,0.8464118524615464,0.0,0.0009516534358743592,0.9999988578760719,1.087557603686636,1.087557603686636,0.0,0.00039480176578798876,0.017547481420313787,10,14,False
P06_plus_pair_a3000_c25,P06_plus_pair,dt|wS2CDF_max|yS2Tcor_max|xS2Bcor_max|xS2T_max|qS1channelStdevTo1_max,6,3000.0,0.0025,0.04237804561569755,0.04270121207663884,-0.007625799072281447,0.06841353944679428,0.06843003919487149,-0.0002411766473513488,0.13139431589248823,0.13130721744178614,0.0006628783757538503,12,0.15689012099128818,0.04199252184928828,0.041464346877961925,0.012577834053929537,0.06542480619034491,0.06550988902643716,-0.0013004675297731971,0.13005254847924436,0.13012921178103562,-0.0005894794272600645,12,0.1577375253978457,0.13736303307783324,0.018365142239827152,0.8622460003086578,0.0,0.002317427602030777,0.9999986913950095,1.0,1.0,0.0,0.00017693428065257422,0.017560915316892106,10,14,False
P08_plus_pair_a3000_c25,P08_plus_pair,dt|wS2CDF_max|yS2Tcor_max|xS2Bcor_max|yS2B_max|qS1channelStdevTo1_max,6,3000.0,0.0025,0.04237804561569755,0.04270597380061039,-0.007738162063598564,0.06841353944679428,0.06844291658817284,-0.00042940537232993847,0.13139431589248823,0.13129452460357285,0.0007594794967922258,12,0.1571767377953004,0.04199252184928828,0.041168453211142195,0.019624175968847024,0.06542480619034491,0.0651796652418395,0.0037469113441803703,0.13005254847924436,0.1300988714227639,-0.00035618635744727456,12,0.15702157390097427,0.1312001646175215,0.019239672822676062,0.8683985801738773,0.0,0.0022608885302449213,0.9999987327361854,1.0,1.0,0.0,0.0002568827181064215,0.01632169428772394,10,14,False
A04_plus_qS1channelStdevTo1_max_a3000_c25,A04_plus_qS1channelStdevTo1_max,dt|wS2CDF_max|yS2Tcor_max|xS2Bcor_max|qS1channelStdevTo1_max,5,3000.0,0.0025,0.04237804561569755,0.04272091618998283,-0.00809075947943838,0.06841353944679428,0.06845603546225637,-0.0006211638194095759,0.13139431589248823,0.13130033277656733,0.0007152753548167468,12,0.15690497678241289,0.04199252184928828,0.04143235402157063,0.013339704381844508,0.06542480619034491,0.06515562294628612,0.0041143911573179315,0.13005254847924436,0.13013137372084857,-0.0006061030139428158,12,0.15770776571010536,0.13698235505941664,0.018365142239827152,0.8626266783270744,0.0,0.0022060024754570946,0.9999986876299992,1.0,1.0,0.0,0.00023183017442773846,0.015173410404624277,10,14,False
G05_plus_top5_a3000_c50,G05_plus_top5,dt|wS2CDF_max|yS2Tcor_max|xS2Bcor_max|qS2channelStdevTo1_max|xS2T_max|yS2B_max|qS1channelStdevTo1_max|qS2hitStdevTo1_max,9,3000.0,0.005,0.04237804561569755,0.04283616723070062,-0.010810352585806093,0.06841353944679428,0.06771159920086975,0.010260253329977709,0.13139431589248823,0.13080098483901673,0.004515652366248402,12,0.15728531947711466,0.04199252184928828,0.04273563869486653,-0.017696409095059984,0.06542480619034491,0.06474555797814063,0.010382120357041558,0.13005254847924436,0.12841571353373651,0.012585950561123105,12,0.15522044701539295,0.135027521991872,0.13216729255620144,0.8585626832656,0.0,0.006075368649173109,0.9999944629531932,1.0238095238095237,0.9577922077922078,0.0,0.000406547511386135,0.01921213403231925,10,14,False
P04_plus_pair_a3000_c75,P04_plus_pair,dt|wS2CDF_max|yS2Tcor_max|xS2Bcor_max|qS2channelStdevTo1_max|qS2hitStdevTo1_max,6,3000.0,0.0075,0.04237804561569755,0.04285545424000588,-0.011265470537213496,0.06841353944679428,0.06857007512798705,-0.00228808043639539,0.13139431589248823,0.1309233103255564,0.003584672318072135,12,0.15744058357899726,0.04199252184928828,0.043242470117987625,-0.029765972931690587,0.06542480619034491,0.06539069544881247,0.0005213732148200423,0.13005254847924436,0.13064658572828217,-0.004567670960577974,12,0.15563830136551426,0.4132002675034724,0.11567467462318021,0.5581357065692679,0.0,0.005912675080138076,0.999973896966142,1.0714285714285714,1.0714285714285714,0.0,0.00021322344073904098,0.022708505367464937,10,14,False
P09_plus_pair_a3000_c75,P09_plus_pair,dt|wS2CDF_max|yS2Tcor_max|xS2Bcor_max|yS2B_max|qS2hitStdevTo1_max,6,3000.0,0.0075,0.04237804561569755,0.04286537933439991,-0.011499674220980305,0.06841353944679428,0.06833279554901742,0.0011802327204494256,0.13139431589248823,0.1314124567593436,-0.0001380643198463094,12,0.15733692033584645,0.04199252184928828,0.04274681200955907,-0.017962487772893,0.06542480619034491,0.06491353122785082,0.007814695866375287,0.13005254847924436,0.1298936855420286,0.001221528828718843,12,0.15410839596270431,0.657533823756366,0.029651731056124286,0.32292813416328,0.0,0.004796525985989368,0.9999680253386394,1.340909090909091,1.0476190476190477,0.0,0.0001509852886247831,0.012557039195614461,10,14,False
A08_plus_tDiffBottomTopS2_max_a1000_c50,A08_plus_tDiffBottomTopS2_max,dt|wS2CDF_max|yS2Tcor_max|xS2Bcor_max|tDiffBottomTopS2_max,5,1000.0,0.005,0.04237804561569755,0.0429160433620958,-0.012695199568121707,0.06841353944679428,0.06863447755601051,-0.0032294500621190547,0.13139431589248823,0.1308043622350533,0.004489948088147622,12,0.15798157860896844,0.04199252184928828,0.04320195605642082,-0.02880118063576198,0.06542480619034491,0.06503966152006586,0.005886829364973867,0.13005254847924436,0.13122293508373856,-0.00899933617741433,12,0.15758547216791796,0.3800607027110448,0.005998250938834302,0.6179021554606718,0.0,0.0027129188039364516,0.9999895787126993,1.0780730897009967,0.921875,0.0,0.00024227358511441643,0.020992088042157353,10,14,False
A06_plus_rmsCogS1T_max_a1000_c75,A06_plus_rmsCogS1T_max,dt|wS2CDF_max|yS2Tcor_max|xS2Bcor_max|rmsCogS1T_max,5,1000.0,0.0075,0.04237804561569755,0.042929550933318614,-0.01301393940207518,0.06841353944679428,0.06881454258401862,-0.005861458718068535,0.13139431589248823,0.13153310314098127,-0.0010562652391035154,12,0.15684178795108772,0.04199252184928828,0.04283437147832875,-0.020047608287539154,0.06542480619034491,0.06464664940550018,0.011893910431783117,0.13005254847924436,0.12909259384183086,0.007381282786370735,12,0.15795924559286656,0.2892226966407737,0.00513400895107773,0.7077010134266166,0.0,0.003732613471119779,0.9999810084590517,1.0535714285714286,1.0535714285714286,0.0,0.0005198991246782025,0.010012386457473155,10,14,False
G03_plus_topology_a3000_c75,G03_plus_topology,dt|wS2CDF_max|yS2Tcor_max|xS2Bcor_max|nPMTS2_max|rmsCogS1T_max,6,3000.0,0.0075,0.04237804561569755,0.04300273550272177,-0.014740884765880313,0.06841353944679428,0.06863063380703423,-0.00317326602300394,0.13139431589248823,0.13085295993529109,0.004120086576957505,12,0.15659246343456268,0.04199252184928828,0.04333730015086839,-0.03202423294334489,0.06542480619034491,0.06513952830002553,0.004360393357366599,0.13005254847924436,0.1297022621939317,0.0026934211548231834,12,0.15588282192616354,0.4713308297751942,0.005627861515510057,0.5240598796234375,0.0,0.004114944711227165,0.9999722085120426,0.9950396825396826,0.9941391941391942,0.0,0.0003468763262770569,0.01114781172584639,10,14,False
P01_plus_pair_a10000_c75,P01_plus_pair,dt|wS2CDF_max|yS2Tcor_max|xS2Bcor_max|qS2channelStdevTo1_max|xS2T_max,6,10000.0,0.0075,0.04237804561569755,0.04302781487817052,-0.015332685899801968,0.06841353944679428,0.06840262967905063,0.00015946796250954076,0.13139431589248823,0.13083841071800661,0.004230816003764404,12,0.15716179367806737,0.04199252184928828,0.041003749621099664,0.023546388372132965,0.06542480619034491,0.06527789636380621,0.002245475914919526,0.13005254847924436,0.13033313054166826,-0.0021574514740760886,12,0.15564265294132107,0.9135860898194351,0.03648335819743814,0.05473532589124955,0.0,0.004098369541573461,0.9999714598022988,1.0460992907801419,1.0122549019607843,0.0026095637239424985,0.00018214243095360239,0.005582162222834475,10,14,False
G02_plus_s2_shape_a300_c50,G02_plus_s2_shape,dt|wS2CDF_max|yS2Tcor_max|xS2Bcor_max|wS2FWHM_max|tDiffBottomTopS2_max,6,300.0,0.005,0.04237804561569755,0.043030082078230766,-0.0153861853009023,0.06841353944679428,0.06854471385781226,-0.0019173750120031752,0.13139431589248823,0.13063255778383193,0.00579749666857432,12,0.15789560674897862,0.04199252184928828,0.04352698416401872,-0.03654132324411585,0.06542480619034491,0.06517491777486994,0.003819475058862931,0.13005254847924436,0.1309383413226465,-0.006811037951659271,12,0.1557276311283633,0.29239158392921444,0.014527496270384278,0.7051082874633469,0.0,0.002067989993950149,0.9999916411103003,1.0957142857142859,1.0902629708599858,0.0,0.0003959703133098458,0.013861171193737087,10,14,False
P04_plus_pair_a10000_c75,P04_plus_pair,dt|wS2CDF_max|yS2Tcor_max|xS2Bcor_max|qS2channelStdevTo1_max|qS2hitStdevTo1_max,6,10000.0,0.0075,0.04237804561569755,0.0430387414973037,-0.015590522687091823,0.06841353944679428,0.06820097394071896,0.0031070678084216263,0.13139431589248823,0.1303756930766265,0.0077524115784065595,12,0.15691832197368638,0.04199252184928828,0.04142907314499221,0.013417834401998951,0.06542480619034491,0.06518438306515043,0.003674800724590699,0.13005254847924436,0.13018855201531424,-0.0010457583312302177,12,0.15562718254864938,0.8207726734914348,0.11567467462318021,0.08753536704562992,0.0,0.004567031714582984,0.9999699279979452,1.0759878419452888,0.921875,0.0026711145089295396,0.0002151605746172347,0.010855984026425847,10,14,False
A01_plus_qS2channelStdevTo1_max_a10000_c75,A01_plus_qS2channelStdevTo1_max,dt|wS2CDF_max|yS2Tcor_max|xS2Bcor_max|qS2channelStdevTo1_max,5,10000.0,0.0075,0.04237804561569755,0.043064169529949854,-0.016190551128156594,0.06841353944679428,0.06829333857131654,0.0017569749562689196,0.13139431589248823,0.13084600908159266,0.004172987295312014,12,0.1572233823126593,0.04199252184928828,0.042026283807698905,-0.0008039993056809802,0.06542480619034491,0.06536546139397847,0.0009070687377166209,0.13005254847924436,0.13032066578484794,-0.0020616074712782595,12,0.15712668714313982,0.9208601265497196,0.03648335819743814,0.047646483872627196,0.0,0.004129526540409647,0.9999712977822702,1.0993788819875776,1.0157509157509157,0.002691837424687593,0.00021659085182701432,0.004946507736603434,10,14,False
P09_plus_pair_a1000_c50,P09_plus_pair,dt|wS2CDF_max|yS2Tcor_max|xS2Bcor_max|yS2B_max|qS2hitStdevTo1_max,6,1000.0,0.005,0.04237804561569755,0.04307573659790913,-0.016463500665852893,0.06841353944679428,0.06866507363543184,-0.003676672639239431,0.13139431589248823,0.13076914636131676,0.004757964809398718,12,0.15797811815781349,0.04199252184928828,0.04338290898975834,-0.03311035106346272,0.06542480619034491,0.06490899097798333,0.007884092325178282,0.13005254847924436,0.13109158458815084,-0.007989356003064607,12,0.15546187253696686,0.30260815885590825,0.029651731056124286,0.6887597098616184,0.0,0.00320886362386022,0.9999908436339674,1.0535714285714286,1.0195852534562213,0.0,0.0003717335613258044,0.007978892951467753,10,14,False
P07_plus_pair_a10000_c75,P07_plus_pair,dt|wS2CDF_max|yS2Tcor_max|xS2Bcor_max|xS2T_max|qS2hitStdevTo1_max,6,10000.0,0.0075,0.04237804561569755,0.043128563092362765,-0.017710054009361986,0.06841353944679428,0.06844478322857095,-0.00045669003576365164,0.13139431589248823,0.13031024048333156,0.008250550275277546,12,0.15710495340499597,0.04199252184928828,0.041476442146388716,0.01228980018756165,0.06542480619034491,0.06519103692456904,0.003573098330558966,0.13005254847924436,0.130667740548035,-0.004730334591550367,12,0.15540920608953224,0.9240598796234374,0.02851998559596687,0.046226657749884256,0.0,0.0030152825828497483,0.999972323974816,1.0535714285714286,0.9705627705627706,0.001794851668001085,0.0001118449956969414,0.00609000825763828,10,14,False
P03_plus_pair_a10000_c75,P03_plus_pair,dt|wS2CDF_max|yS2Tcor_max|xS2Bcor_max|qS2channelStdevTo1_max|qS1channelStdevTo1_max,6,10000.0,0.0075,0.04237804561569755,0.04323292601397507,-0.020172718818369795,0.06841353944679428,0.06738949550997456,0.014968439655371535,0.13139431589248823,0.12873221450750005,0.020260399903192283,12,0.15660202898285935,0.04199252184928828,0.04237952345678689,-0.009215964901740259,0.06542480619034491,0.06389206274931448,0.02342755799033025,0.13005254847924436,0.12692213390163667,0.02407038242781745,12,0.15518100513785926,0.5979011266011626,0.08133134420494881,0.3935387622820104,0.0,0.008831989782255054,0.9999806399022189,1.1886446886446886,0.973968253968254,0.0,0.0001960779740668439,0.013521882741535984,10,14,False
G05_plus_top5_a10000_c75,G05_plus_top5,dt|wS2CDF_max|yS2Tcor_max|xS2Bcor_max|qS2channelStdevTo1_max|xS2T_max|yS2B_max|qS1channelStdevTo1_max|qS2hitStdevTo1_max,9,10000.0,0.0075,0.04237804561569755,0.04350766910944111,-0.02665586572791656,0.06841353944679428,0.06740229493283173,0.014781350623570666,0.13139431589248823,0.12904741740901077,0.017861491705606136,12,0.15634564598803036,0.04199252184928828,0.04236892213916314,-0.0089635076270429,0.06542480619034491,0.06370607251996321,0.026270367013106033,0.13005254847924436,0.12668505026777657,0.025893365803632995,12,0.15434566794978766,0.5076392818560626,0.13216729255620144,0.4608776171613766,0.0,0.008687470841377467,0.999980268215451,1.1293183940242764,0.9104938271604939,0.0,0.0002444167408703901,0.019457076260811168,10,14,False
A04_plus_qS1channelStdevTo1_max_a10000_c75,A04_plus_qS1channelStdevTo1_max,dt|wS2CDF_max|yS2Tcor_max|xS2Bcor_max|qS1channelStdevTo1_max,5,10000.0,0.0075,0.04237804561569755,0.043725916908437516,-0.03180588611761492,0.06841353944679428,0.06727225714487875,0.016682111627963847,0.13139431589248823,0.1287820889776263,0.019880821305842122,12,0.15598086817329637,0.04199252184928828,0.04361652586312871,-0.03867364812403973,0.06542480619034491,0.06442003346805439,0.015357672124656552,0.13005254847924436,0.12696834320473208,0.023715069874270855,12,0.1563757150735574,0.7718915582077267,0.018365142239827152,0.22537167549771078,0.0,0.009222927919316734,0.9999744520140522,1.0238095238095237,1.0238095238095237,0.0011907213377091441,0.00015641368177332637,0.01638784104732316,10,14,False
P06_plus_pair_a10000_c75,P06_plus_pair,dt|wS2CDF_max|yS2Tcor_max|xS2Bcor_max|xS2T_max|qS1channelStdevTo1_max,6,10000.0,0.0075,0.04237804561569755,0.04376209441848774,-0.03265957131061059,0.06841353944679428,0.0672798856845848,0.016570605341814315,0.13139431589248823,0.12881329426251506,0.019643327890112583,12,0.1564207670912371,0.04199252184928828,0.043556225900912196,-0.03723767906190689,0.06542480619034491,0.06435457942118554,0.01635811906031004,0.13005254847924436,0.1269616973715626,0.023766171011827875,12,0.15594980588754304,0.7694120067904727,0.018365142239827152,0.22784093831987243,0.0,0.009174553088035232,0.9999738366630572,1.0238095238095237,1.0238095238095237,0.0010921902882201628,0.00015350297990157635,0.015458601056012933,10,14,False
P08_plus_pair_a10000_c75,P08_plus_pair,dt|wS2CDF_max|yS2Tcor_max|xS2Bcor_max|yS2B_max|qS1channelStdevTo1_max,6,10000.0,0.0075,0.04237804561569755,0.04388977661987441,-0.035672504057546295,0.06841353944679428,0.06742611563498178,0.014433163666095927,0.13139431589248823,0.12895391186710478,0.01857313239775371,12,0.1564824276949902,0.04199252184928828,0.04420965764770191,-0.05279834839095776,0.06542480619034491,0.06452369458839537,0.013773240677670162,0.13005254847924436,0.12663655867594942,0.02626622733071715,12,0.15607814518699803,0.7600082308760738,0.019239672822676062,0.23702865373733217,0.0,0.009033383835550048,0.9999731207197078,1.0952380952380953,1.0952380952380953,0.0010755919717611029,0.00013849029590162765,0.011535615614223338,10,14,False
P03_plus_pair_a1000_c75,P03_plus_pair,dt|wS2CDF_max|yS2Tcor_max|xS2Bcor_max|qS2channelStdevTo1_max|qS1channelStdevTo1_max,6,1000.0,0.0075,0.04237804561569755,0.04403814260070342,-0.03917351451410345,0.06841353944679428,0.06778219530164604,0.009228350853550449,0.13139431589248823,0.13089681727530067,0.003786302427226995,12,0.15593902331263243,0.04199252184928828,0.045457216305832895,-0.08250741570081077,0.06542480619034491,0.06539747961841884,0.000417679065744081,0.13005254847924436,0.12972049574557643,0.002553219737335022,12,0.1542994202874597,0.11091105509542672,0.08133134420494881,0.8849426410823602,0.0,0.008550451363203579,0.9999887370408941,0.9455128205128206,0.9431972789115646,0.0,0.0007891060467184463,0.011055638789133126,10,14,False
P10_plus_pair_a1000_c75,P10_plus_pair,dt|wS2CDF_max|yS2Tcor_max|xS2Bcor_max|qS1channelStdevTo1_max|qS2hitStdevTo1_max,6,1000.0,0.0075,0.04237804561569755,0.04410483089912179,-0.040747166565524795,0.06841353944679428,0.06806989226727979,0.005023087276192495,0.13139431589248823,0.1309665653849201,0.0032554719331856496,12,0.1566100090066278,0.04199252184928828,0.044689850769776794,-0.0642335540163379,0.06542480619034491,0.0651108846048421,0.004798204286452057,0.13005254847924436,0.12983868013657798,0.0016444763687234465,12,0.1581743769045666,0.1376408251453264,0.0612582951797932,0.8591182674005865,0.0,0.008256622527234657,0.9999864369384858,0.9523809523809523,0.9523809523809523,0.0,0.0006218869166600971,0.01673532193922994,10,14,False
P08_plus_pair_a1000_c75,P08_plus_pair,dt|wS2CDF_max|yS2Tcor_max|xS2Bcor_max|yS2B_max|qS1channelStdevTo1_max,6,1000.0,0.0075,0.04237804561569755,0.04425154545155682,-0.04420920806138584,0.06841353944679428,0.06853684732418248,-0.0018023899711270275,0.13139431589248823,0.13088565813596506,0.0038712310579658293,12,0.15625931884364985,0.04199252184928828,0.04467296138704456,-0.06383135424389152,0.06542480619034491,0.06543968454069982,-0.00022741145478710756,0.13005254847924436,0.12955064087315776,0.003859267749502737,12,0.1585096873062516,0.18005041411595246,0.019239672822676062,0.8183548536447348,0.0,0.008037214739283746,0.999983719447184,0.9694835680751174,0.9694835680751174,0.0,0.0005373332806239972,0.013726906801527522,10,14,False
A09_plus_nPMTS2_max_a300_c75,A09_plus_nPMTS2_max,dt|wS2CDF_max|yS2Tcor_max|xS2Bcor_max|nPMTS2_max,5,300.0,0.0075,0.04237804561569755,0.04207358894740244,0.007184301773990542,0.06841353944679428,0.06885370633316938,-0.006433914835197507,0.13139431589248823,0.13108576537693953,0.0023482790214546245,12,0.15746117697828266,0.04199252184928828,0.04232044179922771,-0.007809008259050065,0.06542480619034491,0.06448959206059028,0.014294488347947776,0.13005254847924436,0.13138176663884746,-0.010220623702850595,12,0.15865913102381957,0.41554606718452597,0.0054220896136632545,0.5827151602448686,0.0,0.0041742651118207115,0.9999747435284871,1.1999007936507937,1.1999007936507937,0.0,0.0002928861082367451,0.01434764657308013,10,13,False
G02_plus_s2_shape_a3000_c75,G02_plus_s2_shape,dt|wS2CDF_max|yS2Tcor_max|xS2Bcor_max|wS2FWHM_max|tDiffBottomTopS2_max,6,3000.0,0.0075,0.04237804561569755,0.042176107748822265,0.004765152897954428,0.06841353944679428,0.06864666259925031,-0.00340755871339371,0.13139431589248823,0.13141461540406255,-0.00015449307252324296,12,0.15685038240545168,0.04199252184928828,0.042457409333353194,-0.011070720775794296,0.06542480619034491,0.06498484048655927,0.0067247536432224475,0.13005254847924436,0.12990469383585074,0.001136883860582083,12,0.1562350854954433,0.6825042440454756,0.014527496270384278,0.30871958434075825,0.0,0.004465840085336345,0.999967399803133,1.3131469979296067,1.1904761904761905,0.0,0.00025463129880121116,0.016378764378104482,10,13,False
P04_plus_pair_a1000_c75,P04_plus_pair,dt|wS2CDF_max|yS2Tcor_max|xS2Bcor_max|qS2channelStdevTo1_max|qS2hitStdevTo1_max,6,1000.0,0.0075,0.04237804561569755,0.04220278434497987,0.004135661948807767,0.06841353944679428,0.06880037938590995,-0.005654435397492108,0.13139431589248823,0.13062670741949592,0.005842021915319351,12,0.1568783629516759,0.04199252184928828,0.04268420558676154,-0.016471593203087886,0.06542480619034491,0.06527815246856714,0.0022415614247461857,0.13005254847924436,0.13074374692548238,-0.005314762796427175,12,0.15596907815184535,0.27636195277534853,0.11567467462318021,0.7068779258192294,0.0,0.004749296354809028,0.9999795713780438,1.1467444120505346,1.1467444120505346,0.0,0.0004961789645330228,0.017134599504541714,10,13,False
P01_plus_pair_a1000_c75,P01_plus_pair,dt|wS2CDF_max|yS2Tcor_max|xS2Bcor_max|qS2channelStdevTo1_max|xS2T_max,6,1000.0,0.0075,0.04237804561569755,0.042227876102646875,0.0035435686301459324,0.06841353944679428,0.06872443801185697,-0.00454440111674792,0.13139431589248823,0.13054374529761337,0.006473420018951459,12,0.1567610050312911,0.04199252184928828,0.04295858165911724,-0.023005520204196328,0.06542480619034491,0.06561571860069493,-0.002918043192892128,0.13005254847924436,0.13065416064215,-0.0046259159850423615,12,0.15640527171989782,0.3038016358866197,0.03648335819743814,0.6905396368125932,0.0,0.004103941600165674,0.9999785533831841,1.1955420466058764,1.1121031746031746,0.0,0.00032903724458677175,0.012830127621378307,10,13,False
P09_plus_pair_a1000_c75,P09_plus_pair,dt|wS2CDF_max|yS2Tcor_max|xS2Bcor_max|yS2B_max|qS2hitStdevTo1_max,6,1000.0,0.0075,0.04237804561569755,0.042228937904833015,0.0035185131522277313,0.06841353944679428,0.06890558002010244,-0.007192151981711525,0.13139431589248823,0.13079260427704031,0.004579434135798199,12,0.15697011397570915,0.04199252184928828,0.04308339277429636,-0.025977742630538536,0.06542480619034491,0.06491316194964465,0.007820340181241003,0.13005254847924436,0.13083415105794585,-0.006009898212999909,12,0.15555075832184995,0.44756417511188845,0.029651731056124286,0.5398631616852719,0.0,0.005145381530316238,0.9999727743734559,1.1238095238095238,1.1238095238095238,0.0,0.00025170802682517035,0.013831544178364963,10,13,False
P09_plus_pair_a3000_c50,P09_plus_pair,dt|wS2CDF_max|yS2Tcor_max|xS2Bcor_max|yS2B_max|qS2hitStdevTo1_max,6,3000.0,0.005,0.04237804561569755,0.04232348379088412,0.0012875021493021777,0.06841353944679428,0.06854234591719771,-0.0018827628484798797,0.13139431589248823,0.13159636210731646,-0.0015377089446817482,12,0.1574947763302652,0.04199252184928828,0.043538673607920186,-0.03681969290106135,0.06542480619034491,0.06446039924663008,0.014740692405095013,0.13005254847924436,0.1310498570329149,-0.007668504503237195,12,0.15601483268445582,0.46649519008179435,0.029651731056124286,0.5190287566232831,0.0,0.0036389307941370177,0.9999876920225252,1.1781874039938556,1.1781874039938556,0.0,0.00017915965389181387,0.014141205615194052,10,13,False
A06_plus_rmsCogS1T_max_a3000_c75,A06_plus_rmsCogS1T_max,dt|wS2CDF_max|yS2Tcor_max|xS2Bcor_max|rmsCogS1T_max,5,3000.0,0.0075,0.04237804561569755,0.04233704186906143,0.0009675704964773324,0.06841353944679428,0.06858060071929041,-0.0024419328958422692,0.13139431589248823,0.13102312003147984,0.002825052655338056,12,0.15637289896904516,0.04199252184928828,0.04337935689305715,-0.03302576227134524,0.06542480619034491,0.06515469087505649,0.004128637607309971,0.13005254847924436,0.12916031752243667,0.006860541890496452,12,0.15571203610135798,0.4497556458665569,0.00513400895107773,0.546519882710016,0.0,0.004096640004408648,0.9999726720806998,1.1102150537634408,1.1102150537634408,0.0,0.0003540380488391559,0.013521882741535929,10,13,False
G02_plus_s2_shape_a300_c25,G02_plus_s2_shape,dt|wS2CDF_max|yS2Tcor_max|xS2Bcor_max|wS2FWHM_max|tDiffBottomTopS2_max,6,300.0,0.0025,0.04237804561569755,0.04234067914250438,0.0008817413037879307,0.06841353944679428,0.06850983279028013,-0.0014075188078923606,0.13139431589248823,0.13112879945807274,0.002020760431012514,12,0.15733389658199226,0.04199252184928828,0.042228845395964075,-0.005627753139569869,0.06542480619034491,0.06519966715818,0.0034411876056598123,0.13005254847924436,0.1308990891894412,-0.006509220465848564,12,0.15748453419138475,0.1518699521580328,0.014527496270384278,0.8467719532897783,0.0,0.0007446812052164911,0.9999988801448133,1.1955420466058764,1.1090225563909775,0.0,0.0001809982383207398,0.01178216650122696,10,13,False
P02_plus_pair_a300_c75,P02_plus_pair,dt|wS2CDF_max|yS2Tcor_max|xS2Bcor_max|qS2channelStdevTo1_max|yS2B_max,6,300.0,0.0075,0.04237804561569755,0.042343723289884866,0.0008099081803804031,0.06841353944679428,0.06886400027476987,-0.006584381273328388,0.13139431589248823,0.13012452302491934,0.009663986291521875,12,0.15717500255203276,0.04199252184928828,0.041583196213612145,0.009747584037586798,0.06542480619034491,0.0649693703178876,0.006961210876685997,0.13005254847924436,0.13119303682702882,-0.00876944251474221,12,0.1588876125980584,0.23627758629559134,0.03822213076804362,0.7574978136735429,0.0,0.003026456891110066,0.9999819766034748,1.1180758017492711,1.1180758017492711,0.0,0.0005852391898955034,0.009829883616646135,10,13,False
A06_plus_rmsCogS1T_max_a300_c25,A06_plus_rmsCogS1T_max,dt|wS2CDF_max|yS2Tcor_max|xS2Bcor_max|rmsCogS1T_max,5,300.0,0.0025,0.04237804561569755,0.042350514542958524,0.0006496541390486055,0.06841353944679428,0.06853367821006985,-0.001756067062850919,0.13139431589248823,0.13139431589248823,0.0,12,0.15680882472539726,0.04199252184928828,0.042065951658041834,-0.001748640127332557,0.06542480619034491,0.06584000006194511,-0.006346123065191112,0.13005254847924436,0.13005254847924436,0.0,12,0.15640247237453597,0.07389268995318689,0.00513400895107773,0.9256649004578424,0.0,0.0006331635287101325,0.9999994615836153,0.9796365914786966,0.9796365914786966,0.0,0.0003670788668364011,0.006709331131296459,10,13,False
P01_plus_pair_a3000_c50,P01_plus_pair,dt|wS2CDF_max|yS2Tcor_max|xS2Bcor_max|qS2channelStdevTo1_max|xS2T_max,6,3000.0,0.005,0.04237804561569755,0.04236462140488315,0.00031677276805386345,0.06841353944679428,0.06854266073348464,-0.0018873645148966833,0.13139431589248823,0.1316132313243536,-0.0016660951455806927,12,0.15737754702578366,0.04199252184928828,0.04337590910873774,-0.032943657549657335,0.06542480619034491,0.06525808474653037,0.0025482909850658153,0.13005254847924436,0.1309975091112394,-0.007265990886336615,12,0.15768631570518887,0.3317969031328772,0.03648335819743814,0.6622254231184732,0.0,0.0028201514558536733,0.9999899310976091,1.1472222222222221,1.1472222222222221,0.0,0.0002520985729148606,0.014897456222968675,10,13,False
P07_plus_pair_a1000_c25,P07_plus_pair,dt|wS2CDF_max|yS2Tcor_max|xS2Bcor_max|xS2T_max|qS2hitStdevTo1_max,6,1000.0,0.0025,0.04237804561569755,0.042377976284736225,1.636011295880202e-06,0.06841353944679428,0.06846990405909646,-0.0008238809562837179,0.13139431589248823,0.13179683666154518,-0.0030634564845735124,12,0.15728904879330374,0.04199252184928828,0.04245613622090415,-0.011040403176541425,0.06542480619034491,0.06571283379073367,-0.004402421912428567,0.13005254847924436,0.13047514805134583,-0.003249452448591761,12,0.1563507428875749,0.1513452338083235,0.02851998559596687,0.8443952878234477,0.0,0.001002693271059363,0.9999988230123465,1.1514441842310694,1.1514441842310694,0.0,0.00020412667378799654,0.005795677016825235,10,13,False
P10_plus_pair_a3000_c25,P10_plus_pair,dt|wS2CDF_max|yS2Tcor_max|xS2Bcor_max|qS1channelStdevTo1_max|qS2hitStdevTo1_max,6,3000.0,0.0025,0.04237804561569755,0.04238479275904079,-0.00015921317855061012,0.06841353944679428,0.06837988326655274,0.0004919520392262511,0.13139431589248823,0.13128629677354628,0.0008220988724531031,12,0.1566039374355963,0.04199252184928828,0.04141389209236921,0.013779352404596823,0.06542480619034491,0.06541064178247084,0.00021649904216536342,0.13005254847924436,0.13003698323323953,0.00011968428290587418,12,0.1551885522812667,0.09712433767169093,0.0612582951797932,0.9021760378620299,0.0,0.002151680221840096,0.9999990294420363,1.0071877807726863,0.9961038961038962,0.0,0.00039285287423873605,0.01198312097478485,10,13,False
A01_plus_qS2channelStdevTo1_max_a1000_c25,A01_plus_qS2channelStdevTo1_max,dt|wS2CDF_max|yS2Tcor_max|xS2Bcor_max|qS2channelStdevTo1_max,5,1000.0,0.0025,0.04237804561569755,0.04243549740710153,-0.0013556970494810194,0.06841353944679428,0.06856778871829583,-0.0022546600095367797,0.13139431589248823,0.1313030026935496,0.0006949554729090979,12,0.1569106725292081,0.04199252184928828,0.04170118675189888,0.006937785218878001,0.06542480619034491,0.06527186253244081,0.0023377013522840606,0.13005254847924436,0.1312500737141934,-0.009208010523070742,12,0.15697488690774875,0.10568444878851793,0.03648335819743814,0.8922784093831987,0.0,0.0007056885411928681,0.9999990760323636,1.0769841269841272,1.0769841269841272,0.0,0.0004075777561247662,0.008257638315441795,10,13,False
P01_plus_pair_a300_c25,P01_plus_pair,dt|wS2CDF_max|yS2Tcor_max|xS2Bcor_max|qS2channelStdevTo1_max|xS2T_max,6,300.0,0.0025,0.04237804561569755,0.04244382718626719,-0.0015522558818823473,0.06841353944679428,0.068475873525047,-0.0009111365784721936,0.13139431589248823,0.13128672835826788,0.0008188142195465486,12,0.15726680239639934,0.04199252184928828,0.04280946418763695,-0.019454471948140872,0.06542480619034491,0.06540471004325997,0.00030716402928987474,0.13005254847924436,0.13111110745225213,-0.008139471201340731,12,0.15720283500973087,0.0787386182416791,0.03648335819743814,0.9196975153042852,0.0,0.0009299421275616855,0.9999992858780193,1.0265567765567765,0.9877232142857143,0.0,0.0004406500279949821,0.006399669694467383,10,13,False
P01_plus_pair_a1000_c25,P01_plus_pair,dt|wS2CDF_max|yS2Tcor_max|xS2Bcor_max|qS2channelStdevTo1_max|xS2T_max,6,1000.0,0.0025,0.04237804561569755,0.04244778702628724,-0.0016456967181104343,0.06841353944679428,0.0685671535388565,-0.0022453755982279056,0.13139431589248823,0.13128899875720723,0.0008015349413377226,12,0.15678591956672128,0.04199252184928828,0.041831434874214035,0.003836087188390125,0.06542480619034491,0.06527444256084089,0.0022982663344321974,0.13005254847924436,0.13119987638236308,-0.008822033220685643,12,0.15755363259023447,0.10344153505838778,0.03648335819743814,0.8950666186532229,0.0,0.0008259615491988957,0.9999990919952142,1.0157509157509157,1.0157509157509157,0.0,0.00034610917689725795,0.008349757985316925,10,13,False
G05_plus_top5_a3000_c25,G05_plus_top5,dt|wS2CDF_max|yS2Tcor_max|xS2Bcor_max|qS2channelStdevTo1_max|xS2T_max|yS2B_max|qS1channelStdevTo1_max|qS2hitStdevTo1_max,9,3000.0,0.0025,0.04237804561569755,0.0424500689297004,-0.0016995430760538,0.06841353944679428,0.06841975247897941,-9.081582732561877e-05,0.13139431589248823,0.1312977694810739,0.0007347837747663233,12,0.15640320032290622,0.04199252184928828,0.04230029790159415,-0.007329306237202848,0.06542480619034491,0.06538827040949458,0.0005584392675774819,0.13005254847924436,0.13006189671412127,-7.188044360706414e-05,12,0.15700987223897167,0.06340861155409229,0.13216729255620144,0.9336900046298678,0.0,0.0021788787525582895,0.9999993470007897,1.059732664995823,1.059732664995823,0.0,0.0003201259367309195,0.00681255161023947,10,13,False
G05_plus_top5_a300_c25,G05_plus_top5,dt|wS2CDF_max|yS2Tcor_max|xS2Bcor_max|qS2channelStdevTo1_max|xS2T_max|yS2B_max|qS1channelStdevTo1_max|qS2hitStdevTo1_max,9,300.0,0.0025,0.04237804561569755,0.042455530612431444,-0.0018284230810585722,0.06841353944679428,0.0683809636008062,0.0004761608045935617,0.13139431589248823,0.13139674174613736,-1.846239415037587e-05,12,0.15670381750449947,0.04199252184928828,0.042181271183859136,-0.004494832085776501,0.06542480619034491,0.06545585245471394,-0.00047453353210880067,0.13005254847924436,0.13011426277443397,-0.00047453353210880067,12,0.1563853761135786,0.016646946859406347,0.13216729255620144,0.9815422604043418,0.0,0.002210246092852978,0.9999998093208787,1.0172413793103448,1.0172413793103448,0.0,0.0009972655014971465,0.003817240114718871,10,13,False
A06_plus_rmsCogS1T_max_a3000_c50,A06_plus_rmsCogS1T_max,dt|wS2CDF_max|yS2Tcor_max|xS2Bcor_max|rmsCogS1T_max,5,3000.0,0.005,0.04237804561569755,0.04245683956927709,-0.0018593106981401597,0.06841353944679428,0.06843295331399774,-0.00028377229654319436,0.13139431589248823,0.13124868103304613,0.0011083802100029239,12,0.15659959488281416,0.04199252184928828,0.04132781987302618,0.01582905591256767,0.06542480619034491,0.06481941733378518,0.009253200610154222,0.13005254847924436,0.12994569594926114,0.0008216104277285474,12,0.15648559833128217,0.28191779412521223,0.00513400895107773,0.7154483255311487,0.0,0.002554302138182731,0.999991970374595,1.1633184523809523,1.1633184523809523,0.0,0.0002425933778560374,0.013004438022499731,10,13,False
G02_plus_s2_shape_a10000_c50,G02_plus_s2_shape,dt|wS2CDF_max|yS2Tcor_max|xS2Bcor_max|wS2FWHM_max|tDiffBottomTopS2_max,6,10000.0,0.005,0.04237804561569755,0.04245771779919254,-0.0018800343984120005,0.06841353944679428,0.06860821173972692,-0.0028455228965904578,0.13139431589248823,0.13128726768240087,0.0008147095965319595,12,0.15683570601143304,0.04199252184928828,0.040688661757674716,0.031049816352852977,0.06542480619034491,0.06514650630447118,0.004253736496582894,0.13005254847924436,0.1301958755393007,-0.0011020703687265598,12,0.15741133706368415,0.7912032511960492,0.014527496270384278,0.19552446113483204,0.0,0.0035388599464910844,0.9999858761267779,1.1371882086167802,1.0656814449917897,0.0,9.938294341127474e-05,0.011560693641618491,10,13,False
A03_plus_yS2B_max_a3000_c50,A03_plus_yS2B_max,dt|wS2CDF_max|yS2Tcor_max|xS2Bcor_max|yS2B_max,5,3000.0,0.005,0.04237804561569755,0.04246060019766488,-0.0019480507127669355,0.06841353944679428,0.06834544923346415,0.0009952739454897053,0.13139431589248823,0.13158602711656306,-0.001459052644497083,12,0.1570158819409726,0.04199252184928828,0.043523124773080166,-0.03644941661958856,0.06542480619034491,0.06475499265819731,0.010237913891542272,0.13005254847924436,0.13145709606100225,-0.010799846663382073,12,0.15565843316635575,0.5587941766551777,0.005699881681156438,0.4375739492772262,0.0,0.0029381613823357307,0.9999865444629381,1.1371882086167802,1.1371882086167802,0.0,0.00016962754419025394,0.016721717588769613,10,13,False
P04_plus_pair_a300_c25,P04_plus_pair,dt|wS2CDF_max|yS2Tcor_max|xS2Bcor_max|qS2channelStdevTo1_max|qS2hitStdevTo1_max,6,300.0,0.0025,0.04237804561569755,0.04246545821054252,-0.0020626858453469676,0.06841353944679428,0.0684743566555753,-0.0008889645130598645,0.13139431589248823,0.13109546339112307,0.002274470545664209,12,0.15706892775005732,0.04199252184928828,0.04217824246522771,-0.004422706895431894,0.06542480619034491,0.0656665502314273,-0.003694990557236988,0.13005254847924436,0.13116216730253796,-0.008532080580264001,12,0.15728280161465014,0.07446885127835794,0.11567467462318021,0.9200679047276095,0.0,0.000742789541171148,0.9999993166304347,1.0157509157509157,1.0157509157509157,0.0,0.00044168264155031167,0.008154417836498756,10,13,False
B04_S10_a1000_c50,B04_S10,dt|wS2CDF_max|yS2Tcor_max|xS2Bcor_max,4,1000.0,0.005,0.04237804561569755,0.042468167488950326,-0.0021266170240610283,0.06841353944679428,0.06881121867713355,-0.005812873205435443,0.13139431589248823,0.1307816371793317,0.004662901199301905,12,0.15740024613773684,0.04199252184928828,0.043429574154151884,-0.03422162426970221,0.06542480619034491,0.06459587986244869,0.012669908803161989,0.13005254847924436,0.13117531344862304,-0.008633163921104359,12,0.15657856545754534,0.39017439168681517,0.004928237049230928,0.6080148155769329,0.0,0.002743432514988611,0.9999893366179642,1.1174242424242424,0.9667178699436765,0.0,0.00018166626071791647,0.013561662416257059,10,13,False
P03_plus_pair_a300_c25,P03_plus_pair,dt|wS2CDF_max|yS2Tcor_max|xS2Bcor_max|qS2channelStdevTo1_max|qS1channelStdevTo1_max,6,300.0,0.0025,0.04237804561569755,0.04246957884854838,-0.0021599210515956813,0.06841353944679428,0.06830413587824095,0.001599150832393481,0.13139431589248823,0.13140117707679533,-5.2218273374204927e-05,12,0.15660870372923097,0.04199252184928828,0.04153202139476577,0.010966249090141655,0.06542480619034491,0.06545585245471394,-0.00047453353210880067,0.13005254847924436,0.13011426277443397,-0.00047453353210880067,12,0.15595439695387336,0.01880755182879778,0.08133134420494881,0.9799578167601214,0.0,0.0019525879302263254,0.9999997841572899,1.0067460317460317,1.0067460317460317,0.0,0.0008464796439344724,0.004748142031379028,10,13,False
P02_plus_pair_a10000_c75,P02_plus_pair,dt|wS2CDF_max|yS2Tcor_max|xS2Bcor_max|qS2channelStdevTo1_max|yS2B_max,6,10000.0,0.0075,0.04237804561569755,0.04247920002254012,-0.0023869530879239154,0.06841353944679428,0.06851543795846338,-0.0014894494933761493,0.13139431589248823,0.13084906733924798,0.004149711877083018,12,0.15722074347604076,0.04199252184928828,0.04225417688253678,-0.006230991179514644,0.06542480619034491,0.06551314549674064,-0.0013502417743314066,0.13005254847924436,0.13033488276573876,-0.002170924674647745,12,0.15762287739693526,0.8918565769844128,0.03822213076804362,0.07389268995318689,0.0,0.003960184770546107,0.9999731718556214,0.9941391941391942,0.9941391941391942,0.002513215067686536,0.00019964498733049396,0.005975559129215879,10,13,False
P02_plus_pair_a300_c25,P02_plus_pair,dt|wS2CDF_max|yS2Tcor_max|xS2Bcor_max|qS2channelStdevTo1_max|yS2B_max,6,300.0,0.0025,0.04237804561569755,0.04248027786616903,-0.0024123870977572626,0.06841353944679428,0.0684629624527812,-0.0007224155684177891,0.13139431589248823,0.13131809181297344,0.0005801170240664622,12,0.1572384618160182,0.04199252184928828,0.04312352152930247,-0.026933359327009576,0.06542480619034491,0.06540471004325997,0.00030716402928987474,0.13005254847924436,0.1311294467176222,-0.00828048547276028,12,0.15745256566172905,0.07832707443798549,0.03822213076804362,0.9193477030711457,0.0,0.0008567510999709935,0.9999992947846345,0.9811035525321239,0.9811035525321239,0.0,0.0004384447996670371,0.008670520231213882,10,13,False
P04_plus_pair_a3000_c25,P04_plus_pair,dt|wS2CDF_max|yS2Tcor_max|xS2Bcor_max|qS2channelStdevTo1_max|qS2hitStdevTo1_max,6,3000.0,0.0025,0.04237804561569755,0.04249861644082056,-0.0028451247189733575,0.06841353944679428,0.0684259978623886,-0.00018210453215927735,0.13139431589248823,0.13178828358513675,-0.0029983617630071624,12,0.1570938780068326,0.04199252184928828,0.04191499753597578,0.0018461456921006203,0.06542480619034491,0.06507993349698213,0.005271283377736191,0.13005254847924436,0.13098332808551658,-0.00715695014942952,12,0.15735074211904887,0.13799063737846598,0.11567467462318021,0.8568856422655486,0.0,0.0008520504161754549,0.9999987709863706,1.0593286494925838,1.0593286494925838,0.0,0.00030477141023776966,0.008670520231213869,10,13,False
P09_plus_pair_a10000_c25,P09_plus_pair,dt|wS2CDF_max|yS2Tcor_max|xS2Bcor_max|yS2B_max|qS2hitStdevTo1_max,6,10000.0,0.0025,0.04237804561569755,0.042505331394298185,-0.0030035783092716706,0.06841353944679428,0.06834767333915527,0.0009627642155575211,0.13139431589248823,0.13123190005383298,0.0012360948611213063,12,0.15759266148862616,0.04199252184928828,0.04291404105700258,-0.021944840822412326,0.06542480619034491,0.06521102708734113,0.0032675542420687043,0.13005254847924436,0.13056107903961217,-0.003910192966722015,12,0.15744626861970623,0.4761253150882247,0.029651731056124286,0.5084315036781727,0.0,0.0020305645997672926,0.9999968357604558,1.1886446886446886,1.1886446886446886,0.0,7.091549152105081e-05,0.012902559867877805,10,13,False
P07_plus_pair_a10000_c50,P07_plus_pair,dt|wS2CDF_max|yS2Tcor_max|xS2Bcor_max|xS2T_max|qS2hitStdevTo1_max,6,10000.0,0.005,0.04237804561569755,0.04250682913863145,-0.003038920768120512,0.06841353944679428,0.06862634449356662,-0.0031105691723178897,0.13139431589248823,0.13096953023507527,0.0032329074094844534,12,0.1568803580701038,0.04199252184928828,0.04255565901596859,-0.013410415518777752,0.06542480619034491,0.06527892185041752,0.0022298016367516826,0.13005254847924436,0.13069171566539764,-0.004914684053694662,12,0.15686793103390995,0.8091774268223674,0.02851998559596687,0.1675291938885745,0.0,0.0027245042239820998,0.9999860275789284,1.0184523809523809,0.9276729559748428,0.0010790984806892112,0.00010860341676788288,0.007018268139126871,10,13,False
G05_plus_top5_a1000_c25,G05_plus_top5,dt|wS2CDF_max|yS2Tcor_max|xS2Bcor_max|qS2channelStdevTo1_max|xS2T_max|yS2B_max|qS1channelStdevTo1_max|qS2hitStdevTo1_max,9,1000.0,0.0025,0.04237804561569755,0.04250698973812789,-0.0030427104543624406,0.06841353944679428,0.06844432592176754,-0.0004500055869380848,0.13139431589248823,0.13145716638451438,-0.00047833493861015874,12,0.1563237681287869,0.04199252184928828,0.04279550122432389,-0.01912196123675325,0.06542480619034491,0.06567248666372447,-0.0037857272768828665,0.13005254847924436,0.13005254847924436,0.0,12,0.1560869996850286,0.029836925767786408,0.13216729255620144,0.9677143886002366,0.0,0.001841399186173493,0.9999996587802865,1.0238095238095237,1.0238095238095237,0.0,0.000634112130252884,0.00619322873658134,10,13,False
A05_plus_qS2hitStdevTo1_max_a10000_c50,A05_plus_qS2hitStdevTo1_max,dt|wS2CDF_max|yS2Tcor_max|xS2Bcor_max|qS2hitStdevTo1_max,5,10000.0,0.005,0.04237804561569755,0.04250959703294213,-0.0031042351135666113,0.06841353944679428,0.06863638729279305,-0.0032573646649589616,0.13139431589248823,0.13105808661906118,0.002558933171067812,12,0.15706714916676145,0.04199252184928828,0.043044783547599004,-0.02505831162241945,0.06542480619034491,0.06529326698051405,0.002010540305586339,0.13005254847924436,0.1306670921617225,-0.004725349019794267,12,0.15621852032614114,0.817665517773548,0.02851998559596687,0.15910283450794793,0.0,0.0023721802875394,0.9999858256772085,0.9800664451827243,0.9250871080139373,0.0011608858197711402,0.00010007453833393853,0.008791776861550193,10,13,False
B04_S10_a10000_c50,B04_S10,dt|wS2CDF_max|yS2Tcor_max|xS2Bcor_max,4,10000.0,0.005,0.04237804561569755,0.042511159612201574,-0.003141107490212125,0.06841353944679428,0.06860737283544653,-0.0028332606413823402,0.13139431589248823,0.13083293728738524,0.004272472528890403,12,0.15738345554130484,0.04199252184928828,0.04132684906166759,0.015852174585032186,0.06542480619034491,0.06552861921329019,-0.0015867532361233394,0.13005254847924436,0.1307373042020682,-0.0052652234103134354,12,0.15677311287892337,0.8490045784248161,0.004928237049230928,0.14439014352590154,0.0,0.0027738237437770637,0.9999868257103909,1.1037414965986394,1.0894071914480077,0.00024270996525355137,0.00012268320657504717,0.012386457473162693,10,13,False
A02_plus_xS2T_max_a1000_c25,A02_plus_xS2T_max,dt|wS2CDF_max|yS2Tcor_max|xS2Bcor_max|xS2T_max,5,1000.0,0.0025,0.04237804561569755,0.042513708729137456,-0.003201259318802885,0.06841353944679428,0.06847438711183779,-0.0008894096919342953,0.13139431589248823,0.131353062773735,0.000313964256923982,12,0.15728605296895948,0.04199252184928828,0.041527225060981915,0.011080467850354991,0.06542480619034491,0.06540261383717849,0.00033920395731634745,0.13005254847924436,0.13086384976175447,-0.006238257473590414,12,0.15811254132532093,0.20434178712896753,0.004928237049230928,0.7946910849323525,0.0,0.0011247371808099395,0.9999985046348809,1.1662174303683739,1.1662174303683739,0.0,0.00021181575275242004,0.014554087530966126,10,13,False
P01_plus_pair_a10000_c50,P01_plus_pair,dt|wS2CDF_max|yS2Tcor_max|xS2Bcor_max|qS2channelStdevTo1_max|xS2T_max,6,10000.0,0.005,0.04237804561569755,0.04252125916270763,-0.00337942783649825,0.06841353944679428,0.06853118325310124,-0.0017195983025912742,0.13139431589248823,0.13092448492742503,0.003575732799945719,12,0.157026467673396,0.04199252184928828,0.04076335562977461,0.029271074119462726,0.06542480619034491,0.06522942656981878,0.0029863232602890255,0.13005254847924436,0.13037089156205248,-0.0024478034958224093,12,0.15746915186913613,0.7428262770718659,0.03648335819743814,0.23727558001954832,0.0,0.0030563755549446,0.9999859341140346,1.1121031746031746,0.9365079365079365,0.0008891115826392681,8.14700354634379e-05,0.012618647620604384,10,13,False
G05_plus_top5_a300_c50,G05_plus_top5,dt|wS2CDF_max|yS2Tcor_max|xS2Bcor_max|qS2channelStdevTo1_max|xS2T_max|yS2B_max|qS1channelStdevTo1_max|qS2hitStdevTo1_max,9,300.0,0.005,0.04237804561569755,0.042539173572913036,-0.003802156396655487,0.06841353944679428,0.0684136231152288,-1.2229806438668334e-06,0.13139431589248823,0.13131827418578768,0.0005787290430643299,12,0.15649650491531442,0.04199252184928828,0.042320183197138844,-0.007802849969967163,0.06542480619034491,0.06515699468865507,0.004093424456018568,0.13005254847924436,0.13011426277443397,-0.00047453353210880067,12,0.15619392614785566,0.03367457173722928,0.13216729255620144,0.962765574360821,0.0,0.004445302496686928,0.9999984820203677,1.0172413793103448,1.0172413793103448,0.0,0.001250850031985662,0.0048513625103220465,10,13,False
P03_plus_pair_a300_c50,P03_plus_pair,dt|wS2CDF_max|yS2Tcor_max|xS2Bcor_max|qS2channelStdevTo1_max|qS1channelStdevTo1_max,6,300.0,0.005,0.04237804561569755,0.04254311735278321,-0.0038952182595346496,0.06841353944679428,0.06798775038655752,0.006223754298926409,0.13139431589248823,0.13128214683864553,0.0008536826960953148,12,0.15638050096706702,0.04199252184928828,0.04255052075100351,-0.01328805409015188,0.06542480619034491,0.06515699468865507,0.004093424456018568,0.13005254847924436,0.13011426277443397,-0.00047453353210880067,12,0.1559654446548704,0.03794433870055044,0.08133134420494881,0.9595349555018262,0.0,0.004131342254023515,0.9999982474071053,1.0383022774327122,1.0067460317460317,0.0,0.0013472342706339901,0.004331105302232206,10,13,False
A07_plus_wS2FWHM_max_a300_c25,A07_plus_wS2FWHM_max,dt|wS2CDF_max|yS2Tcor_max|xS2Bcor_max|wS2FWHM_max,5,300.0,0.0025,0.04237804561569755,0.04254736665114751,-0.003995489480223657,0.06841353944679428,0.06852792736252966,-0.0016720069837103946,0.13139431589248823,0.1312820375020964,0.0008545148215063358,12,0.15741438697527554,0.04199252184928828,0.04300200802482529,-0.02403966542328817,0.06542480619034491,0.06519885692702866,0.0034535717638792818,0.13005254847924436,0.13110696790977527,-0.008107641433102719,12,0.1568880299120453,0.15705540408457225,0.013313442049488143,0.841709964504347,0.0,0.001094045149196167,0.9999988448825987,1.1180758017492711,1.0952380952380953,0.0,0.0002846180804547682,0.01641205615194055,10,13,False
A03_plus_yS2B_max_a1000_c25,A03_plus_yS2B_max,dt|wS2CDF_max|yS2Tcor_max|xS2Bcor_max|yS2B_max,5,1000.0,0.0025,0.04237804561569755,0.042554639950022004,-0.004167118416122495,0.06841353944679428,0.06843067348625238,-0.00025044807791929635,0.13139431589248823,0.1315463058929073,-0.0011567471498801218,12,0.15744325068084508,0.04199252184928828,0.042664190203152264,-0.01599495158387021,0.06542480619034491,0.06541518374428283,0.0001470764167658123,0.13005254847924436,0.13075129004303598,-0.0053727633326858815,12,0.15884561171656075,0.20243839703688463,0.005699881681156438,0.7966767837851741,0.0,0.0012409789366162965,0.9999985247743083,1.1186067019400352,1.1186067019400352,0.0,0.00021916655364617732,0.012922897146678713,10,13,False
P05_plus_pair_a10000_c75,P05_plus_pair,dt|wS2CDF_max|yS2Tcor_max|xS2Bcor_max|xS2T_max|yS2B_max,6,10000.0,0.0075,0.04237804561569755,0.04255464062823737,-0.0041671344200546745,0.06841353944679428,0.06858820990570311,-0.0025531562951024434,0.13139431589248823,0.1307493392389142,0.004908710465845401,12,0.15707564874961966,0.04199252184928828,0.042248555502875595,-0.00609712497158954,0.06542480619034491,0.06546241703858575,-0.0005748713741913214,0.13005254847924436,0.13075934859821997,-0.005434727171750975,12,0.1570981158320892,0.9194608776171613,0.005699881681156438,0.072051031431658,0.0,0.0046210448680805705,0.9999748857238796,1.2132034632034632,1.0491259795057264,0.000508303349655348,0.0001409384935020519,0.00556564950301186,10,13,False
P02_plus_pair_a3000_c25,P02_plus_pair,dt|wS2CDF_max|yS2Tcor_max|xS2Bcor_max|qS2channelStdevTo1_max|yS2B_max,6,3000.0,0.0025,0.04237804561569755,0.04255848093690674,-0.00425775466017142,0.06841353944679428,0.0684768815860153,-0.0009258713952415842,0.13139431589248823,0.13137995549900214,0.00010929234943346522,12,0.15786345296041915,0.04199252184928828,0.042112966542262376,-0.002868241478956035,0.06542480619034491,0.06502483914134964,0.0061133853088019,0.13005254847924436,0.13115052197845847,-0.008442537359345526,12,0.15738929416829928,0.16859920777817788,0.03822213076804362,0.8275322804671023,0.0,0.0008507474014756207,0.9999985687121439,1.158312447786132,1.158312447786132,0.0,0.00039035950501542516,0.011267789952067508,10,13,False
A07_plus_wS2FWHM_max_a1000_c25,A07_plus_wS2FWHM_max,dt|wS2CDF_max|yS2Tcor_max|xS2Bcor_max|wS2FWHM_max,5,1000.0,0.0025,0.04237804561569755,0.0425655748661624,-0.004425150988921045,0.06841353944679428,0.06851768801132108,-0.0015223384927744998,0.13139431589248823,0.13169767409044653,-0.0023087619574542195,12,0.15738659062591065,0.04199252184928828,0.04292023806012932,-0.022092414791629267,0.06542480619034491,0.06578970038900304,-0.005577306527993819,0.13005254847924436,0.13082874007629464,-0.00596829209520755,12,0.1562685832749383,0.20437265291424456,0.013313442049488143,0.7942280981531972,0.0,0.0009349751359297601,0.9999985301205021,1.059732664995823,1.059732664995823,0.0,0.00018521223032319512,0.011870355078447553,10,13,False
A08_plus_tDiffBottomTopS2_max_a10000_c25,A08_plus_tDiffBottomTopS2_max,dt|wS2CDF_max|yS2Tcor_max|xS2Bcor_max|tDiffBottomTopS2_max,5,10000.0,0.0025,0.04237804561569755,0.042570682445335156,-0.004545675168329266,0.06841353944679428,0.0684451158328935,-0.00046155170971351467,0.13139431589248823,0.13095235692195498,0.003363607988148276,12,0.15764118025725649,0.04199252184928828,0.04125531495452425,0.017555670921834077,0.06542480619034491,0.0651094804062876,0.004819667071537248,0.13005254847924436,0.13074204784740484,-0.005301698246001907,12,0.15661689159090142,0.606502392098359,0.005998250938834302,0.38945419003035137,0.0,0.0014093192630541913,0.9999964935111928,1.1293183940242764,1.1293183940242764,0.0,9.13401678734882e-05,0.009764951340956451,10,13,False
A03_plus_yS2B_max_a10000_c25,A03_plus_yS2B_max,dt|wS2CDF_max|yS2Tcor_max|xS2Bcor_max|yS2B_max,5,10000.0,0.0025,0.04237804561569755,0.042628599552210315,-0.005912352324713099,0.06841353944679428,0.06836831335419813,0.000661069328700914,0.13139431589248823,0.13094854411402174,0.0033926260465577673,12,0.15760126885971193,0.04199252184928828,0.04116050717337912,0.019813401035910005,0.06542480619034491,0.06554192699211818,-0.0017901589411288832,0.13005254847924436,0.13079934303106291,-0.005742252347617383,12,0.15727740333341433,0.5817788980914657,0.005699881681156438,0.41403364370595197,0.0,0.001656436632178122,0.9999965237181695,1.1186067019400352,1.1186067019400352,0.0,0.00012366387071449658,0.013994178488566766,10,13,False
P10_plus_pair_a300_c25,P10_plus_pair,dt|wS2CDF_max|yS2Tcor_max|xS2Bcor_max|qS1channelStdevTo1_max|qS2hitStdevTo1_max,6,300.0,0.0025,0.04237804561569755,0.04265500302830576,-0.006535398425868255,0.06841353944679428,0.06829879027701669,0.0016772874303168095,0.13139431589248823,0.13139993141313103,-4.273792671050103e-05,12,0.1569653877166568,0.04199252184928828,0.0417043863315833,0.006861591183761395,0.06542480619034491,0.06559231958856555,-0.002560395788308245,0.13005254847924436,0.13005254847924436,0.0,12,0.15644487680165386,0.02355059416636658,0.0612582951797932,0.9756571840115232,0.0,0.0015570887228702234,0.9999997268802621,0.9930213464696223,0.9930213464696223,0.0,0.0009713944630271865,0.006399669694467383,10,13,False
P08_plus_pair_a1000_c25,P08_plus_pair,dt|wS2CDF_max|yS2Tcor_max|xS2Bcor_max|yS2B_max|qS1channelStdevTo1_max,6,1000.0,0.0025,0.04237804561569755,0.042672828287531536,-0.006956023279298895,0.06841353944679428,0.0684660335542826,-0.0007673058273669486,0.13139431589248823,0.1312910254313389,0.0007861105744776387,12,0.15694517686951914,0.04199252184928828,0.043328967680520074,-0.0318258054619418,0.06542480619034491,0.06582954336372046,-0.006186295335717462,0.13005254847924436,0.13005254847924436,0.0,12,0.15649517401620316,0.057904213179690314,0.019239672822676062,0.9415710684706003,0.0,0.0015722238701257035,0.9999993727603705,0.9833333333333333,0.9833333333333333,0.0,0.0006378293559816672,0.005258012206032038,10,13,False
P10_plus_pair_a1000_c50,P10_plus_pair,dt|wS2CDF_max|yS2Tcor_max|xS2Bcor_max|qS1channelStdevTo1_max|qS2hitStdevTo1_max,6,1000.0,0.005,0.04237804561569755,0.04270817609956841,-0.00779012998533779,0.06841353944679428,0.06845568672521707,-0.0006160663337053673,0.13139431589248823,0.1312738844957303,0.0009165647382834985,12,0.15610834950395636,0.04199252184928828,0.04335873711886458,-0.032534727837486344,0.06542480619034491,0.06510338344852538,0.004912857378352564,0.13005254847924436,0.13011426277443397,-0.00047453353210880067,12,0.1572412409373709,0.0875045012603529,0.0612582951797932,0.9104172025309943,0.0,0.004699574393997282,0.9999960387433231,0.9950396825396826,0.9950396825396826,0.0,0.0007974706473548032,0.010537192653539945,10,13,False
P07_plus_pair_a3000_c75,P07_plus_pair,dt|wS2CDF_max|yS2Tcor_max|xS2Bcor_max|xS2T_max|qS2hitStdevTo1_max,6,3000.0,0.0075,0.04237804561569755,0.042829083285266745,-0.010643191846537725,0.06841353944679428,0.06837283184191492,0.0005950226403798053,0.13139431589248823,0.13134571922029523,0.00036985368707098676,12,0.1571859144574308,0.04199252184928828,0.04257895921721036,-0.013965281009480801,0.06542480619034491,0.06495506454088695,0.007179870706705671,0.13005254847924436,0.1299475955819454,0.000807003772907211,12,0.15617306338205117,0.6590050928545708,0.02851998559596687,0.32336025515715827,0.0,0.004421047393569931,0.9999684279298787,1.1909937888198758,1.142857142857143,0.0,0.00017480081160115013,0.010631709331131334,10,13,False
P10_plus_pair_a300_c50,P10_plus_pair,dt|wS2CDF_max|yS2Tcor_max|xS2Bcor_max|qS1channelStdevTo1_max|qS2hitStdevTo1_max,6,300.0,0.005,0.04237804561569755,0.04283553505466953,-0.010795435049570035,0.06841353944679428,0.0684632584891337,-0.0007267427287269701,0.13139431589248823,0.13139255406239836,1.3408723793739696e-05,12,0.15689392775885747,0.04199252184928828,0.04277381597550102,-0.01860555384162943,0.06542480619034491,0.06584000006194511,-0.006346123065191112,0.13005254847924436,0.1300503034772718,1.726226820464305e-05,12,0.15584757601024102,0.047636195277534855,0.0612582951797932,0.9505427233911209,0.0,0.003948404648995379,0.9999977983441299,1.0256991685563113,1.0256991685563113,0.0,0.0010866022156601485,0.007328654004954582,10,13,False
A05_plus_qS2hitStdevTo1_max_a3000_c75,A05_plus_qS2hitStdevTo1_max,dt|wS2CDF_max|yS2Tcor_max|xS2Bcor_max|qS2hitStdevTo1_max,5,3000.0,0.0075,0.04237804561569755,0.04287902429474383,-0.011821656043069284,0.06841353944679428,0.06842288042413187,-0.00013653696933579873,0.13139431589248823,0.13128142161582088,0.0008592021344342449,12,0.1571318753656754,0.04199252184928828,0.0440610851112545,-0.04926027708910441,0.06542480619034491,0.06492503432580678,0.007638874207500312,0.13005254847924436,0.12994384879334575,0.0008358135782010612,12,0.15702032460471904,0.6630896651062298,0.02851998559596687,0.31899789083800606,0.0,0.004374930923073474,0.9999681784943852,1.2380952380952381,1.2380952380952381,0.0,0.00016378628398228123,0.0124543194249499,10,13,False
A07_plus_wS2FWHM_max_a3000_c75,A07_plus_wS2FWHM_max,dt|wS2CDF_max|yS2Tcor_max|xS2Bcor_max|wS2FWHM_max,5,3000.0,0.0075,0.04237804561569755,0.042888327200630065,-0.01204117786742609,0.06841353944679428,0.06850165411191893,-0.0012879711506985636,0.13139431589248823,0.13136963625541695,0.0001878288029710795,12,0.15715131189682008,0.04199252184928828,0.04407390936871396,-0.04956567092816666,0.06542480619034491,0.06485629756627516,0.008689496494888371,0.13005254847924436,0.12979318047219499,0.0019943323685869263,12,0.1578611782260292,0.6860332321621483,0.013313442049488143,0.3057564689541643,0.0,0.004509348986704383,0.9999676773783757,1.2553191489361701,0.9657738095238095,0.0,0.0002779040256930543,0.012456865579812959,10,13,False
G05_plus_top5_a1000_c50,G05_plus_top5,dt|wS2CDF_max|yS2Tcor_max|xS2Bcor_max|qS2channelStdevTo1_max|xS2T_max|yS2B_max|qS1channelStdevTo1_max|qS2hitStdevTo1_max,9,1000.0,0.005,0.04237804561569755,0.042929282408991395,-0.01300760300021131,0.06841353944679428,0.06841107336170256,3.604674033330646e-05,0.13139431589248823,0.13130586255246246,0.0006731900038823291,12,0.15644588099707102,0.04199252184928828,0.04286175875883973,-0.02069980251891379,0.06542480619034491,0.06538872109298893,0.0005515506954807403,0.13005254847924436,0.13000238362627745,0.0003857275659224779,12,0.15523886732992265,0.061001080302484696,0.13216729255620144,0.933936930912084,0.0,0.004474519253042504,0.999997201729668,0.9365079365079365,0.9365079365079365,0.0,0.000870769932583837,0.008257638315441788,10,13,False
P06_plus_pair_a1000_c50,P06_plus_pair,dt|wS2CDF_max|yS2Tcor_max|xS2Bcor_max|xS2T_max|qS1channelStdevTo1_max,6,1000.0,0.005,0.04237804561569755,0.04298408116214138,-0.014300695976865452,0.06841353944679428,0.06886238442690285,-0.006560762441733203,0.13139431589248823,0.1312292438159151,0.00125631063605669,12,0.15659745166960004,0.04199252184928828,0.042824607076545035,-0.019815081129042733,0.06542480619034491,0.06564929907896595,-0.003431311480968091,0.13005254847924436,0.13002232187296942,0.0002324184080081393,12,0.15802872521497713,0.11957405216317712,0.018365142239827152,0.8792942023766654,0.0,0.004402072931738355,0.9999949491279052,0.997584541062802,0.997584541062802,0.0,0.0005101284253934413,0.009599504541701082,10,13,False
A03_plus_yS2B_max_a1000_c50,A03_plus_yS2B_max,dt|wS2CDF_max|yS2Tcor_max|xS2Bcor_max|yS2B_max,5,1000.0,0.005,0.04237804561569755,0.04302270549724345,-0.015212119204173646,0.06841353944679428,0.06862723774932543,-0.0031236258825249053,0.13139431589248823,0.13083732633981088,0.004239068858451267,12,0.15804875135018792,0.04199252184928828,0.04331235797290662,-0.03143026580673691,0.06542480619034491,0.06473234861904682,0.010584021743732408,0.13005254847924436,0.13085480095017318,-0.006168679355459616,12,0.15607361308752377,0.3873450280364216,0.005699881681156438,0.6107104274911261,0.0,0.0026235858201778426,0.999989419410594,1.2709750566893425,1.0063965884861408,0.0,0.00021966396625439089,0.014037985136251041,10,13,False
P08_plus_pair_a1000_c50,P08_plus_pair,dt|wS2CDF_max|yS2Tcor_max|xS2Bcor_max|yS2B_max|qS1channelStdevTo1_max,6,1000.0,0.005,0.04237804561569755,0.04304646576016603,-0.01577279307616042,0.06841353944679428,0.06873688570067348,-0.0047263488557065525,0.13139431589248823,0.13122482056785625,0.0012899745584935562,12,0.15656929378251372,0.04199252184928828,0.04189573708324247,0.002304809565693011,0.06542480619034491,0.06579736493072305,-0.005694456920426028,0.13005254847924436,0.1301120167071327,-0.00045726307237914376,12,0.15791242161209218,0.11888471629199032,0.019239672822676062,0.8800246926282216,0.0,0.0046011737352234724,0.999994983212466,1.017943409247757,1.017943409247757,0.0,0.0004617162232860572,0.007431107441428428,10,13,False
A04_plus_qS1channelStdevTo1_max_a1000_c50,A04_plus_qS1channelStdevTo1_max,dt|wS2CDF_max|yS2Tcor_max|xS2Bcor_max|qS1channelStdevTo1_max,5,1000.0,0.005,0.04237804561569755,0.04307567696625854,-0.016462093530395627,0.06841353944679428,0.0687750551405522,-0.005284271164468501,0.13139431589248823,0.1312347141449143,0.0012146777163825062,12,0.15664584823737204,0.04199252184928828,0.042923191806414844,-0.022162754608231028,0.06542480619034491,0.06559968839661001,-0.0026730259736087447,0.13005254847924436,0.1300503034772718,1.726226820464305e-05,12,0.15730112427872422,0.11939914604660734,0.018365142239827152,0.8794485313030506,0.0,0.004657208291523348,0.9999949643575393,0.997584541062802,0.997584541062802,0.0,0.000373964283013839,0.008760935362268615,10,13,False
A05_plus_qS2hitStdevTo1_max_a10000_c75,A05_plus_qS2hitStdevTo1_max,dt|wS2CDF_max|yS2Tcor_max|xS2Bcor_max|qS2hitStdevTo1_max,5,10000.0,0.0075,0.04237804561569755,0.04309442992085677,-0.016904609326624076,0.06841353944679428,0.06857025335678071,-0.0022906856048328095,0.13139431589248823,0.1302616270528659,0.00862053150418729,12,0.15717577534342453,0.04199252184928828,0.04175686093288636,0.00561197341868902,0.06542480619034491,0.06520888299365368,0.00330032611885811,0.13005254847924436,0.1306694605542751,-0.004743560062794305,12,0.1554849247671336,0.929975821801533,0.02851998559596687,0.04038273573743505,0.0,0.0028231276431048527,0.999972319980732,1.0216450216450217,0.9047619047619047,0.0018524882295885003,0.00013903222073952115,0.005470685383980212,10,13,False
P10_plus_pair_a300_c75,P10_plus_pair,dt|wS2CDF_max|yS2Tcor_max|xS2Bcor_max|qS1channelStdevTo1_max|qS2hitStdevTo1_max,6,300.0,0.0075,0.04237804561569755,0.0430994585095984,-0.01702326955902911,0.06841353944679428,0.06799943533225138,0.006052955568319196,0.13139431589248823,0.13127408768257673,0.0009150183483574992,12,0.15687598847798556,0.04199252184928828,0.04425927193929664,-0.053979851416015245,0.06542480619034491,0.06616263010929903,-0.011277433773476009,0.13005254847924436,0.12998255952636234,0.0005381590264891267,12,0.15732899073856477,0.0718967025052729,0.0612582951797932,0.9248521014455476,0.0,0.0068163291362729455,0.9999926088733887,1.0350877192982455,1.0350877192982455,0.0,0.001011344696241645,0.009393063583815031,10,13,False
P05_plus_pair_a1000_c50,P05_plus_pair,dt|wS2CDF_max|yS2Tcor_max|xS2Bcor_max|xS2T_max|yS2B_max,6,1000.0,0.005,0.04237804561569755,0.043101506087888194,-0.01707158651796492,0.06841353944679428,0.06861265284675327,-0.002910438512158109,0.13139431589248823,0.1309352263184779,0.0034939835174147005,12,0.15787426053413078,0.04199252184928828,0.04377131215112336,-0.04235969223804115,0.06542480619034491,0.06471324682142136,0.010875987417576116,0.13005254847924436,0.13085318059820744,-0.006156220145819402,12,0.15658457073029064,0.3855753896805391,0.005699881681156438,0.6124183342764545,0.0,0.002548308359982722,0.9999894379139823,1.160455486542443,0.9915966386554622,0.0,0.00027598366945014163,0.013005780346820817,10,13,False
P03_plus_pair_a300_c75,P03_plus_pair,dt|wS2CDF_max|yS2Tcor_max|xS2Bcor_max|qS2channelStdevTo1_max|qS1channelStdevTo1_max,6,300.0,0.0075,0.04237804561569755,0.04320999591002938,-0.019631634310754098,0.06841353944679428,0.0678801988443868,0.00779583408080009,0.13139431589248823,0.13094118893602205,0.003448603947502127,12,0.15679684633158375,0.04199252184928828,0.04280630932391992,-0.019379342768513164,0.06542480619034491,0.06524495314703076,0.0027490038379462955,0.13005254847924436,0.13001255548189966,0.0003075141380337598,12,0.15751840738880596,0.05822315962755286,0.08133134420494881,0.9379391944030042,0.0,0.00734925109892204,0.9999939369074061,0.998941798941799,0.985797827903091,0.0,0.0015657722052169198,0.004541701073492985,10,13,False
G05_plus_top5_a1000_c75,G05_plus_top5,dt|wS2CDF_max|yS2Tcor_max|xS2Bcor_max|qS2channelStdevTo1_max|xS2T_max|yS2B_max|qS1channelStdevTo1_max|qS2hitStdevTo1_max,9,1000.0,0.0075,0.04237804561569755,0.04321427216555507,-0.019732541642924817,0.06841353944679428,0.0678289545059947,0.008544872046186258,0.13139431589248823,0.1309845580632745,0.003118535428496161,12,0.15619158322940818,0.04199252184928828,0.04495760763817183,-0.07060985285726074,0.06542480619034491,0.06492702736241887,0.007608411196172504,0.13005254847924436,0.1297928819761885,0.001996627563952025,12,0.15640435121771323,0.09592057204588714,0.13216729255620144,0.8963012500643037,0.0,0.0084894891463635,0.9999901638908687,1.0034013605442178,1.0034013605442178,0.0,0.0008580448334016832,0.009805945499587118,10,13,False
A06_plus_rmsCogS1T_max_a3000_c25,A06_plus_rmsCogS1T_max,dt|wS2CDF_max|yS2Tcor_max|xS2Bcor_max|rmsCogS1T_max,5,3000.0,0.0025,0.04237804561569755,0.042359608324009215,0.0004350670593810113,0.06841353944679428,0.06852015868614598,-0.001558452321190451,0.13139431589248823,0.13141510940912476,-0.00015825278662395803,12,0.15667647514312633,0.04199252184928828,0.04190380028554687,0.0021127943699079665,0.06542480619034491,0.06515699468865507,0.004093424456018568,0.13005254847924436,0.13011605973689203,-0.0004883507350708083,12,0.15686213320564868,0.1346982869489171,0.00513400895107773,0.8640259272596327,0.0,0.000999448470330251,0.9999989996424166,1.1102150537634408,1.1102150537634408,0.0,0.00022209057152355882,0.005559630350302325,10,12,False
G03_plus_topology_a300_c25,G03_plus_topology,dt|wS2CDF_max|yS2Tcor_max|xS2Bcor_max|nPMTS2_max|rmsCogS1T_max,6,300.0,0.0025,0.04237804561569755,0.04238443050393761,-0.0001506649999378773,0.06841353944679428,0.06853367821006985,-0.001756067062850919,0.13139431589248823,0.13139431589248823,0.0,12,0.15681526826931413,0.04199252184928828,0.042303012731243005,-0.007393956549432312,0.06542480619034491,0.06584000006194511,-0.006346123065191112,0.13005254847924436,0.13005254847924436,0.0,12,0.15653777549069858,0.07500385822315962,0.005627861515510057,0.9244302690467616,0.0,0.0007766793592740193,0.9999994523217801,0.9871299871299872,0.9871299871299872,0.0,0.00028796636415162613,0.006193228736581333,10,12,False
G03_plus_topology_a1000_c25,G03_plus_topology,dt|wS2CDF_max|yS2Tcor_max|xS2Bcor_max|nPMTS2_max|rmsCogS1T_max,6,1000.0,0.0025,0.04237804561569755,0.04238710305542575,-0.00021372952897191766,0.06841353944679428,0.06841480252452477,-1.846239415037587e-05,0.13139431589248823,0.13171959584375773,-0.002475601391582538,12,0.1569166072343503,0.04199252184928828,0.04217775749045491,-0.004411157820705336,0.06542480619034491,0.06515699468865507,0.004093424456018568,0.13005254847924436,0.13015645176757284,-0.000798933120061518,12,0.15664344235973637,0.09781367354287772,0.005627861515510057,0.9010751581871496,0.0,0.0007540300782576286,0.999999307448316,1.009672619047619,1.009672619047619,0.0,0.0003210535588920038,0.00908340214698597,10,12,False
G02_plus_s2_shape_a3000_c50,G02_plus_s2_shape,dt|wS2CDF_max|yS2Tcor_max|xS2Bcor_max|wS2FWHM_max|tDiffBottomTopS2_max,6,3000.0,0.005,0.04237804561569755,0.04239440283034533,-0.00038598322339145064,0.06841353944679428,0.0686936308485591,-0.004094093128782728,0.13139431589248823,0.1313647843900799,0.0002247547940543715,12,0.15689850594998622,0.04199252184928828,0.043469804518128236,-0.035179660658198664,0.06542480619034491,0.06507305631505711,0.005376399194281567,0.13005254847924436,0.1307387189273711,-0.005276101515505838,12,0.15625609112245875,0.5304696743659654,0.014527496270384278,0.46339832295899996,0.0,0.00234489062193715,0.9999868505350237,1.2205308352849336,1.2205308352849336,0.0,0.00018616773451562985,0.013163386267502242,10,12,False
P06_plus_pair_a300_c25,P06_plus_pair,dt|wS2CDF_max|yS2Tcor_max|xS2Bcor_max|xS2T_max|qS1channelStdevTo1_max,6,300.0,0.0025,0.04237804561569755,0.04239589817147617,-0.00042126897357452897,0.06841353944679428,0.06851504077876935,-0.0014836439218879338,0.13139431589248823,0.13139431589248823,0.0,12,0.1567668107582062,0.04199252184928828,0.04177300474738079,0.005227528432213302,0.06542480619034491,0.06542480619034491,0.0,0.13005254847924436,0.13005254847924436,0.0,12,0.15579108501199967,0.03207983949791656,0.018365142239827152,0.967724677195329,0.0,0.0009722379458557504,0.9999996242371949,0.9761904761904763,0.9761904761904763,0.0,0.0008660564248681446,0.0044384805945499595,10,12,False
P09_plus_pair_a1000_c25,P09_plus_pair,dt|wS2CDF_max|yS2Tcor_max|xS2Bcor_max|yS2B_max|qS2hitStdevTo1_max,6,1000.0,0.0025,0.04237804561569755,0.042399660246057055,-0.0005100431141991102,0.06841353944679428,0.06845510826192845,-0.0006076109417858522,0.13139431589248823,0.13174110554243518,-0.002639304810039933,12,0.1571902597515873,0.04199252184928828,0.04245749005646407,-0.011072643096896151,0.06542480619034491,0.06571283379073367,-0.004402421912428567,0.13005254847924436,0.1304714859751181,-0.0032212940136318036,12,0.15662815255053053,0.1490200113174546,0.029651731056124286,0.8465558927928392,0.0,0.0012446235778567785,0.9999988472766489,1.194047619047619,1.194047619047619,0.0,0.0002502682225529185,0.007638315441783644,10,12,False
A06_plus_rmsCogS1T_max_a1000_c25,A06_plus_rmsCogS1T_max,dt|wS2CDF_max|yS2Tcor_max|xS2Bcor_max|rmsCogS1T_max,5,1000.0,0.0025,0.04237804561569755,0.04240077347793146,-0.0005363121848518393,0.06841353944679428,0.06841480252452477,-1.846239415037587e-05,0.13139431589248823,0.13167763451439102,-0.002156247170802983,12,0.1569283869808814,0.04199252184928828,0.042199463350829074,-0.004928056054444685,0.06542480619034491,0.06515699468865507,0.004093424456018568,0.13005254847924436,0.13015645176757284,-0.000798933120061518,12,0.15656833383314994,0.09231956376356809,0.00513400895107773,0.9068882144143218,0.0,0.0006973064798277214,0.9999993212011593,0.9806828391734052,0.9761904761904763,0.0,0.00035525278113657244,0.008464079273327818,10,12,False
A05_plus_qS2hitStdevTo1_max_a1000_c25,A05_plus_qS2hitStdevTo1_max,dt|wS2CDF_max|yS2Tcor_max|xS2Bcor_max|qS2hitStdevTo1_max,5,1000.0,0.0025,0.04237804561569755,0.04240366858140056,-0.0006046283005913811,0.06841353944679428,0.06846984492732396,-0.000823016627775397,0.13139431589248823,0.13179441393634334,-0.0030450179000320876,12,0.15712607329603867,0.04199252184928828,0.04187542239066461,0.0027885788580154225,0.06542480619034491,0.06571283379073367,-0.004402421912428567,0.13005254847924436,0.13106789505715344,-0.007807202471477259,12,0.15569013803601617,0.1503781058696435,0.02851998559596687,0.8450846236946346,0.0,0.0011929019493408433,0.9999988282801965,1.174473067915691,1.174473067915691,0.0,0.00017995711297236205,0.008051197357555745,10,12,False
A04_plus_qS1channelStdevTo1_max_a300_c25,A04_plus_qS1channelStdevTo1_max,dt|wS2CDF_max|yS2Tcor_max|xS2Bcor_max|qS1channelStdevTo1_max,5,300.0,0.0025,0.04237804561569755,0.04241236542143659,-0.0008098487138898935,0.06841353944679428,0.06861481816322096,-0.00294208892061798,0.13139431589248823,0.13139255406239836,1.3408723793739696e-05,12,0.15671482851193574,0.04199252184928828,0.04195119108033107,0.0009842411728819833,0.06542480619034491,0.06542480619034491,0.0,0.13005254847924436,0.13005254847924436,0.0,12,0.15605879769722109,0.03204897371263954,0.018365142239827152,0.9677658315756983,0.0,0.0008211347073021094,0.9999996378898419,0.9761904761904763,0.9761904761904763,0.0,0.00043433589265728934,0.005161023947151115,10,12,False
P08_plus_pair_a300_c25,P08_plus_pair,dt|wS2CDF_max|yS2Tcor_max|xS2Bcor_max|yS2B_max|qS1channelStdevTo1_max,6,300.0,0.0025,0.04237804561569755,0.042412411149079926,-0.0008109277547627691,0.06841353944679428,0.06851412207951182,-0.001470215304322453,0.13139431589248823,0.13139255406239836,1.3408723793739696e-05,12,0.15673941751152076,0.04199252184928828,0.04199136355856977,2.7583261673846948e-05,0.06542480619034491,0.06542480619034491,0.0,0.13005254847924436,0.13005254847924436,0.0,12,0.1562129511446011,0.031184731724882966,0.019239672822676062,0.9686403621585472,0.0,0.0010314277474915094,0.9999996497847972,0.9761904761904763,0.9761904761904763,0.0,0.000542811902360496,0.003819157720891822,10,12,False
A01_plus_qS2channelStdevTo1_max_a300_c25,A01_plus_qS2channelStdevTo1_max,dt|wS2CDF_max|yS2Tcor_max|xS2Bcor_max|qS2channelStdevTo1_max,5,300.0,0.0025,0.04237804561569755,0.04241720230519718,-0.0009239852600735343,0.06841353944679428,0.06849787406462766,-0.0012327182384559432,0.13139431589248823,0.13132388534559608,0.000536024305265892,12,0.1571460361241973,0.04199252184928828,0.042850456455266986,-0.020430652130344562,0.06542480619034491,0.06540471004325997,0.00030716402928987474,0.13005254847924436,0.13113376721172434,-0.008313706614157867,12,0.15727818952802985,0.0797880549410978,0.03648335819743814,0.9180204743042337,0.0,0.0007707512258620521,0.9999992861762728,0.9725274725274725,0.9725274725274725,0.0,0.0004984666813818706,0.007225433526011557,10,12,False
P04_plus_pair_a1000_c25,P04_plus_pair,dt|wS2CDF_max|yS2Tcor_max|xS2Bcor_max|qS2channelStdevTo1_max|qS2hitStdevTo1_max,6,1000.0,0.0025,0.04237804561569755,0.04242072274528923,-0.0010070575216867272,0.06841353944679428,0.06857159553977817,-0.002310304279854014,0.13139431589248823,0.13139460284959878,-2.1839385409005985e-06,12,0.15709208004456998,0.04199252184928828,0.04203347883188689,-0.0009753399127969686,0.06542480619034491,0.06526218429101957,0.0024856305856254535,0.13005254847924436,0.13115693154162825,-0.008491821769722074,12,0.15716366995004494,0.09437728278203611,0.11567467462318021,0.9017130510828746,0.0,0.0007722134457102376,0.9999991358374986,1.0769841269841272,1.0769841269841272,0.0,0.00040777116031764926,0.010218827415359205,10,12,False
P03_plus_pair_a1000_c25,P03_plus_pair,dt|wS2CDF_max|yS2Tcor_max|xS2Bcor_max|qS2channelStdevTo1_max|qS1channelStdevTo1_max,6,1000.0,0.0025,0.04237804561569755,0.04245232199122201,-0.0017527088483038078,0.06841353944679428,0.06852356248227437,-0.0016082055740684886,0.13139431589248823,0.13138469047526777,7.325596358631614e-05,12,0.15676229420983712,0.04199252184928828,0.041698964566806856,0.006990703809954701,0.06542480619034491,0.06573780240576502,-0.004784060261630474,0.13005254847924436,0.13005254847924436,0.0,12,0.15615521655656117,0.03423015587221565,0.08133134420494881,0.9643294408148567,0.0,0.0019617073401113007,0.9999996181114013,1.0,1.0,0.0,0.0003992534363679301,0.005780346820809246,10,12,False
A01_plus_qS2channelStdevTo1_max_a3000_c25,A01_plus_qS2channelStdevTo1_max,dt|wS2CDF_max|yS2Tcor_max|xS2Bcor_max|qS2channelStdevTo1_max,5,3000.0,0.0025,0.04237804561569755,0.04245566894062866,-0.001831687228689871,0.06841353944679428,0.06854639300662609,-0.0019419191128844382,0.13139431589248823,0.13140104047112364,-5.11786114165691e-05,12,0.15711319182030026,0.04199252184928828,0.041805097857705725,0.004463270680794662,0.06542480619034491,0.06520904417166504,0.0032978625576992604,0.13005254847924436,0.13088574212540505,-0.006406592226784857,12,0.15799994381249582,0.16924738926899532,0.03648335819743814,0.8278100725345954,0.0,0.0009640692231590245,0.9999985606704135,1.1666666666666667,1.1666666666666667,0.0,0.00032431265248700214,0.009289843104871992,10,12,False
A07_plus_wS2FWHM_max_a10000_c50,A07_plus_wS2FWHM_max,dt|wS2CDF_max|yS2Tcor_max|xS2Bcor_max|wS2FWHM_max,5,10000.0,0.005,0.04237804561569755,0.04245942795299707,-0.0019203891099068837,0.06841353944679428,0.06859986396076592,-0.0027235034976746952,0.13139431589248823,0.13135526847916934,0.0002971773402347111,12,0.15698534248199492,0.04199252184928828,0.04080978392851525,0.028165441575952355,0.06542480619034491,0.0651278878128871,0.004538314971754942,0.13005254847924436,0.13023822875476768,-0.0014277326949341251,12,0.1574254508088,0.7918822984721436,0.013313442049488143,0.1955964813004784,0.0,0.0035349368387185536,0.9999860349470223,1.119047619047619,1.119047619047619,0.0,0.00012340518390585586,0.011457473162675536,10,12,False
A01_plus_qS2channelStdevTo1_max_a1000_c50,A01_plus_qS2channelStdevTo1_max,dt|wS2CDF_max|yS2Tcor_max|xS2Bcor_max|qS2channelStdevTo1_max,5,1000.0,0.005,0.04237804561569755,0.04246648828714767,-0.002086992690794487,0.06841353944679428,0.06875927328008372,-0.0050535878728847905,0.13139431589248823,0.13080766093299534,0.004464842756005671,12,0.15714528981421838,0.04199252184928828,0.04320900902728966,-0.028969138418677653,0.06542480619034491,0.06452285857453978,0.013786018917366416,0.13005254847924436,0.13086817726141042,-0.006271532482089226,12,0.1576362326576649,0.210103400380678,0.03648335819743814,0.7854416379443387,0.0,0.002479194358303717,0.9999928607691296,1.1053864168618266,1.1053864168618266,0.0,0.00048527915410390143,0.008876961189099919,10,12,False
P02_plus_pair_a1000_c25,P02_plus_pair,dt|wS2CDF_max|yS2Tcor_max|xS2Bcor_max|qS2channelStdevTo1_max|yS2B_max,6,1000.0,0.0025,0.04237804561569755,0.04249696377967438,-0.00280612666887059,0.06841353944679428,0.0684629624527812,-0.0007224155684177891,0.13139431589248823,0.13127273765537395,0.000925292972443037,12,0.15699586180865122,0.04199252184928828,0.042457688928093165,-0.01107737897891381,0.06542480619034491,0.06525888166444146,0.002536110316027629,0.13005254847924436,0.13112348388366726,-0.00823463605247099,12,0.1563050510292937,0.10385307886208138,0.03822213076804362,0.8939451617881579,0.0,0.0008201199095602796,0.9999990858777869,1.1102150537634408,1.1102150537634408,0.0,0.0004410960513390183,0.007741535920726669,10,12,False
P09_plus_pair_a10000_c75,P09_plus_pair,dt|wS2CDF_max|yS2Tcor_max|xS2Bcor_max|yS2B_max|qS2hitStdevTo1_max,6,10000.0,0.0075,0.04237804561569755,0.04251367009300325,-0.0032003476171504897,0.06841353944679428,0.06870227237032633,-0.004220406163265578,0.13139431589248823,0.1308811934144358,0.003905210621685473,12,0.15703572886425188,0.04199252184928828,0.04369885544325858,-0.04063422530550431,0.06542480619034491,0.06530942351524333,0.0017635921574745694,0.13005254847924436,0.13065685993780077,-0.0046466714080029,12,0.15640738520742037,0.9093780544266681,0.029651731056124286,0.05976644889140388,0.0,0.004110223938981491,0.9999730384955038,1.194047619047619,1.0003607503607503,0.001750832216965037,0.00013553449037817522,0.00546137434067373,10,12,False
P07_plus_pair_a1000_c50,P07_plus_pair,dt|wS2CDF_max|yS2Tcor_max|xS2Bcor_max|xS2T_max|qS2hitStdevTo1_max,6,1000.0,0.005,0.04237804561569755,0.0425173539719164,-0.003287276564902575,0.06841353944679428,0.06863685575420081,-0.003264212160521307,0.13139431589248823,0.13072867385492223,0.005065988076003669,12,0.1570288046501115,0.04199252184928828,0.043103765320698026,-0.026462889640160414,0.06542480619034491,0.06490599541589735,0.007929878660062784,0.13005254847924436,0.13109678118591428,-0.008029313680358863,12,0.15761746918334762,0.30592108647564176,0.02851998559596687,0.6854879366222543,0.0,0.003238860593004987,0.9999907665730755,1.1397124887690926,1.1397124887690926,0.0,0.0002395019687979616,0.012107871909703083,10,12,False
G03_plus_topology_a3000_c50,G03_plus_topology,dt|wS2CDF_max|yS2Tcor_max|xS2Bcor_max|nPMTS2_max|rmsCogS1T_max,6,3000.0,0.005,0.04237804561569755,0.04252404826087796,-0.0034452425320512514,0.06841353944679428,0.06849039508274155,-0.0011233980374167896,0.13139431589248823,0.1312380328401195,0.0011894201914838254,12,0.15654839668971243,0.04199252184928828,0.041341772771630564,0.015496784879776127,0.06542480619034491,0.06482518394824596,0.0091650595089946,0.13005254847924436,0.12992635524852553,0.000970324935531508,12,0.1564594836958193,0.3075261073100468,0.005627861515510057,0.6891198106898503,0.0,0.002265867801110871,0.9999917350469472,1.1021978021978023,1.1021978021978023,0.0,0.0002530681022867576,0.012694808545773595,10,12,False
G02_plus_s2_shape_a10000_c25,G02_plus_s2_shape,dt|wS2CDF_max|yS2Tcor_max|xS2Bcor_max|wS2FWHM_max|tDiffBottomTopS2_max,6,10000.0,0.0025,0.04237804561569755,0.04253036716944156,-0.003594350601378027,0.06841353944679428,0.06848906270008871,-0.0011039226139317737,0.13139431589248823,0.1310446148915087,0.0026614621690763673,12,0.15744785211646195,0.04199252184928828,0.041841638056582385,0.00359311101265658,0.06542480619034491,0.06538432875950041,0.0006186862934944859,0.13005254847924436,0.130276636358751,-0.0017230564270134252,12,0.15773509008190312,0.548701064869592,0.014527496270384278,0.4435722002160605,0.0,0.0013978147041106218,0.9999966229994531,1.1446208112874778,1.1446208112874778,0.0,9.3526500299701e-05,0.012386457473162693,10,12,False
A08_plus_tDiffBottomTopS2_max_a10000_c50,A08_plus_tDiffBottomTopS2_max,dt|wS2CDF_max|yS2Tcor_max|xS2Bcor_max|tDiffBottomTopS2_max,5,10000.0,0.005,0.04237804561569755,0.04253203004654384,-0.003633589718664343,0.06841353944679428,0.06861755588079788,-0.002982106110184013,0.13139431589248823,0.13084502161278092,0.004180502603756242,12,0.157299794320648,0.04199252184928828,0.04178290296303852,0.004991814661717386,0.06542480619034491,0.06544134011729452,-0.00025271648343161424,0.13005254847924436,0.13066335343488966,-0.0046966012030342785,12,0.15686364599599922,0.8498173774371109,0.005998250938834302,0.14298060599825094,0.0,0.002795573246624457,0.999986603265133,1.1706349206349207,1.160455486542443,0.0002685087121452323,0.0001478097156799585,0.011663914120561558,10,12,False
P10_plus_pair_a1000_c25,P10_plus_pair,dt|wS2CDF_max|yS2Tcor_max|xS2Bcor_max|qS1channelStdevTo1_max|qS2hitStdevTo1_max,6,1000.0,0.0025,0.04237804561569755,0.04254128432086633,-0.0038519639779781567,0.06841353944679428,0.06851950034870563,-0.0015488294096193123,0.13139431589248823,0.13146156065765285,-0.0005117783422201594,12,0.15685385887892656,0.04199252184928828,0.041464831448499384,0.012566294605567796,0.06542480619034491,0.06545157307573976,-0.0004091244124893034,0.13005254847924436,0.13011426277443397,-0.00047453353210880067,12,0.15574947931291405,0.04219352847368692,0.0612582951797932,0.9567570348268943,0.0,0.0016465160960573012,0.999999522676243,1.0,1.0,0.0,0.00045042789627691704,0.007638315441783651,10,12,False
A03_plus_yS2B_max_a10000_c50,A03_plus_yS2B_max,dt|wS2CDF_max|yS2Tcor_max|xS2Bcor_max|yS2B_max,5,10000.0,0.005,0.04237804561569755,0.042567764545439306,-0.004476821122479491,0.06841353944679428,0.06869063643944201,-0.004050323881623408,0.13139431589248823,0.13112477861223626,0.002051361799185636,12,0.15727141216807294,0.04199252184928828,0.0419303200329145,0.001481259367966281,0.06542480619034491,0.06561508164176721,-0.002908307452508474,0.13005254847924436,0.13079935364424272,-0.005742333954474876,12,0.15681850732526692,0.8335511085961212,0.005699881681156438,0.15927774062451772,0.0,0.0033195959888302658,0.9999863393320403,1.1519047619047618,1.1519047619047618,0.00015170253034746395,0.00013461256132973887,0.012592898431048716,10,12,False
A09_plus_nPMTS2_max_a300_c25,A09_plus_nPMTS2_max,dt|wS2CDF_max|yS2Tcor_max|xS2Bcor_max|nPMTS2_max,5,300.0,0.0025,0.04237804561569755,0.042581106293254505,-0.004791648000910476,0.06841353944679428,0.06848506031325287,-0.001045419766860789,0.13139431589248823,0.13122029841714372,0.001324391197309427,12,0.15741679059039715,0.04199252184928828,0.04286960490965643,-0.020886648901821347,0.06542480619034491,0.06519401837915717,0.0035275276248628584,0.13005254847924436,0.13111765839392736,-0.008189842699260819,12,0.15654152716274505,0.15112917331138434,0.0054220896136632545,0.8482226451977982,0.0,0.0009583520590768069,0.9999988647030815,1.1472222222222221,1.1472222222222221,0.0,0.0004268940909655239,0.015070189925681265,10,12,False
A06_plus_rmsCogS1T_max_a300_c50,A06_plus_rmsCogS1T_max,dt|wS2CDF_max|yS2Tcor_max|xS2Bcor_max|rmsCogS1T_max,5,300.0,0.005,0.04237804561569755,0.04259523455932559,-0.005125034448204557,0.06841353944679428,0.06846442446408155,-0.0007437857725054453,0.13139431589248823,0.13185620706651333,-0.0035153055966516966,12,0.1572519159882516,0.04199252184928828,0.042873532882659146,-0.02098018872343088,0.06542480619034491,0.06529887805913254,0.0019247765265976158,0.13005254847924436,0.13041938577263704,-0.00282068515905487,12,0.1571795281258913,0.1494315551211482,0.00513400895107773,0.8496733371058182,0.0,0.001296313791437012,0.9999955567814733,1.105079365079365,1.105079365079365,0.0,0.00047487330746576184,0.009893388341073783,10,12,False
G02_plus_s2_shape_a1000_c25,G02_plus_s2_shape,dt|wS2CDF_max|yS2Tcor_max|xS2Bcor_max|wS2FWHM_max|tDiffBottomTopS2_max,6,1000.0,0.0025,0.04237804561569755,0.04260961034783435,-0.005464261713169272,0.06841353944679428,0.06849009791788915,-0.0011190543818364596,0.13139431589248823,0.13161174502411432,-0.0016547833911171317,12,0.15716586626148843,0.04199252184928828,0.04284849295106927,-0.020383893705004708,0.06542480619034491,0.06582748607258944,-0.00615485021190576,0.13005254847924436,0.1305329509595029,-0.0036939105452071797,12,0.15733251663519654,0.19814805288337878,0.014527496270384278,0.8001337517362004,0.0,0.0008302823644486538,0.9999985703907661,1.1238095238095238,1.1090225563909775,0.0,0.0001999677922588372,0.014863748967795215,10,12,False
P04_plus_pair_a300_c50,P04_plus_pair,dt|wS2CDF_max|yS2Tcor_max|xS2Bcor_max|qS2channelStdevTo1_max|qS2hitStdevTo1_max,6,300.0,0.005,0.04237804561569755,0.0426186908272073,-0.005678534911496946,0.06841353944679428,0.06864854743440342,-0.003435109329373409,0.13139431589248823,0.1305802384835786,0.006195682083962706,12,0.15729303478562595,0.04199252184928828,0.043114882110363406,-0.026727622244343552,0.06542480619034491,0.06473009148233903,0.010618521451705831,0.13005254847924436,0.13122204692234066,-0.00899250692717457,12,0.15634604446542422,0.14737383610268018,0.11567467462318021,0.8416893873141622,0.0,0.0019330290822236029,0.9999947234256258,1.1371882086167802,1.1371882086167802,0.0,0.00047606963715307593,0.009496284062758042,10,12,False
P05_plus_pair_a300_c25,P05_plus_pair,dt|wS2CDF_max|yS2Tcor_max|xS2Bcor_max|xS2T_max|yS2B_max,6,300.0,0.0025,0.04237804561569755,0.04262202317771532,-0.005757168799860546,0.06841353944679428,0.06850383883307327,-0.0013199051972632159,0.13139431589248823,0.13141215550993074,-0.0001357716071759274,12,0.15748121416889616,0.04199252184928828,0.04315170652029303,-0.02760455004738871,0.06542480619034491,0.06521105284732949,0.0032671605077977395,0.13005254847924436,0.13043579260993682,-0.0029468406053851925,12,0.1566785785136665,0.15070734091259838,0.005699881681156438,0.8486136118113071,0.0,0.0008103898410154349,0.9999988715375204,1.1238095238095238,1.1238095238095238,0.0,0.0003666654516019108,0.014244426094137091,10,12,False
P06_plus_pair_a1000_c25,P06_plus_pair,dt|wS2CDF_max|yS2Tcor_max|xS2Bcor_max|xS2T_max|qS1channelStdevTo1_max,6,1000.0,0.0025,0.04237804561569755,0.04262440570512603,-0.005813389594758078,0.06841353944679428,0.06853279120928435,-0.0017431017815239258,0.13139431589248823,0.13134484180251182,0.00037653143243188136,12,0.1569949707727355,0.04199252184928828,0.04291274717335963,-0.021914028582852296,0.06542480619034491,0.06583254574089924,-0.006232185837403481,0.13005254847924436,0.13005254847924436,0.0,12,0.15626553511622188,0.05805854210607542,0.018365142239827152,0.9413447193785689,0.0,0.0016941135582772063,0.9999993753817991,1.0414614121510675,1.0414614121510675,0.0,0.0005305702163416193,0.00505780346820809,10,12,False
A04_plus_qS1channelStdevTo1_max_a1000_c25,A04_plus_qS1channelStdevTo1_max,dt|wS2CDF_max|yS2Tcor_max|xS2Bcor_max|qS1channelStdevTo1_max,5,1000.0,0.0025,0.04237804561569755,0.04262797473437486,-0.005897608420732059,0.06841353944679428,0.06854037132242405,-0.0018539002170530061,0.13139431589248823,0.1313473094339148,0.00035775108119517895,12,0.15697293889119623,0.04199252184928828,0.04265077012836704,-0.01567536909169731,0.06542480619034491,0.06583266048969215,-0.006233939740847516,0.13005254847924436,0.13005254847924436,0.0,12,0.15638908667407125,0.05809969648644477,0.018365142239827152,0.9413858737589382,0.0,0.001899900359560457,0.9999993760311948,1.0414614121510675,1.0414614121510675,0.0,0.0004969785094135482,0.0040313408439291015,10,12,False
G03_plus_topology_a300_c50,G03_plus_topology,dt|wS2CDF_max|yS2Tcor_max|xS2Bcor_max|nPMTS2_max|rmsCogS1T_max,6,300.0,0.005,0.04237804561569755,0.04263151274910522,-0.005981095393265967,0.06841353944679428,0.06846442446408155,-0.0007437857725054453,0.13139431589248823,0.13186008628145324,-0.0035448290574922048,12,0.15722091774383806,0.04199252184928828,0.04289916058015452,-0.02159048066034641,0.06542480619034491,0.06528549482435124,0.002129335554901912,0.13005254847924436,0.13041974724770825,-0.0028234646130174124,12,0.15727598215411542,0.15054272339112093,0.005627861515510057,0.8484078399094603,0.0,0.001199566157352749,0.9999955588315267,1.12001287001287,1.12001287001287,0.0,0.0004379438675181646,0.007535094962840633,10,12,False
B04_S10_a300_c25,B04_S10,dt|wS2CDF_max|yS2Tcor_max|xS2Bcor_max,4,300.0,0.0025,0.04237804561569755,0.042635253200578926,-0.006069359290747922,0.06841353944679428,0.06852129196326917,-0.0015750174212034729,0.13139431589248823,0.13124143135228508,0.0011635552052970954,12,0.1574217905252535,0.04199252184928828,0.041974136174289564,0.00043783212317438647,0.06542480619034491,0.0651951548941421,0.003510156308826784,0.13005254847924436,0.13108816680071578,-0.007963075953384413,12,0.15561379658663432,0.1538865167961315,0.004928237049230928,0.8455681876639745,0.0,0.0009597453252031026,0.9999988501116398,1.1284153005464481,1.1284153005464481,0.0,0.00038027835532061793,0.014037985136251041,10,12,False
P01_plus_pair_a3000_c25,P01_plus_pair,dt|wS2CDF_max|yS2Tcor_max|xS2Bcor_max|qS2channelStdevTo1_max|xS2T_max,6,3000.0,0.0025,0.04237804561569755,0.04264182114171096,-0.006224343812488042,0.06841353944679428,0.06852965288235797,-0.0016972288892318499,0.13139431589248823,0.13142315461130324,-0.00021948224030188257,12,0.15779642590234266,0.04199252184928828,0.04157479422059904,0.009947667115313474,0.06542480619034491,0.06520687420159751,0.0033310299477746774,0.13005254847924436,0.13097242241530546,-0.007073094274718583,12,0.15680481490769216,0.16867122794382428,0.03648335819743814,0.8288080662585524,0.0,0.0010064794966715986,0.9999985665130631,1.1472222222222221,1.1472222222222221,0.0,0.0003283417038750791,0.011267747338597006,10,12,False
P03_plus_pair_a1000_c50,P03_plus_pair,dt|wS2CDF_max|yS2Tcor_max|xS2Bcor_max|qS2channelStdevTo1_max|qS1channelStdevTo1_max,6,1000.0,0.005,0.04237804561569755,0.042678539007176344,-0.007090779839254324,0.06841353944679428,0.06848516118813495,-0.0010468942539711978,0.13139431589248823,0.13127227816333992,0.0009287900189546283,12,0.15600714773768531,0.04199252184928828,0.044133645781638274,-0.050988219760520925,0.06542480619034491,0.06538872109298893,0.0005515506954807403,0.13005254847924436,0.1299908156178158,0.0004746762916253422,12,0.15631436810149757,0.07115592365862441,0.08133134420494881,0.9260044240958897,0.0,0.004851627525113006,0.9999967222041908,0.959920634920635,0.959920634920635,0.0,0.0008183438766364848,0.007328654004954582,10,12,False
P08_plus_pair_a300_c50,P08_plus_pair,dt|wS2CDF_max|yS2Tcor_max|xS2Bcor_max|yS2B_max|qS1channelStdevTo1_max,6,300.0,0.005,0.04237804561569755,0.04277129697800289,-0.009279601184809527,0.06841353944679428,0.06883414438096357,-0.006147977981703301,0.13139431589248823,0.13140353177508976,-7.013912693953905e-05,12,0.15697977942941876,0.04199252184928828,0.04237623252993539,-0.009137595546755861,0.06542480619034491,0.06542480619034491,0.0,0.13005254847924436,0.1300503034772718,1.726226820464305e-05,12,0.15698506912884935,0.06346005452955399,0.019239672822676062,0.9360152271207367,0.0,0.0027260977034373824,0.9999971432974329,0.9930213464696223,0.9930213464696223,0.0,0.0006044291164619686,0.008360858794384807,10,12,False
A04_plus_qS1channelStdevTo1_max_a300_c50,A04_plus_qS1channelStdevTo1_max,dt|wS2CDF_max|yS2Tcor_max|xS2Bcor_max|qS1channelStdevTo1_max,5,300.0,0.005,0.04237804561569755,0.04278936682010237,-0.009705997490654816,0.06841353944679428,0.06908368451482545,-0.009795503542867401,0.13139431589248823,0.1313991286644764,-3.662846414220766e-05,12,0.1569292199046548,0.04199252184928828,0.041678022022883066,0.007489424605980122,0.06542480619034491,0.06542480619034491,0.0,0.13005254847924436,0.1300503034772718,1.726226820464305e-05,12,0.15740931524765533,0.06447862544369566,0.018365142239827152,0.935027521991872,0.0,0.0029267431694376465,0.9999970894270681,1.0216450216450217,1.0216450216450217,0.0,0.0007170607770983217,0.010012386457473169,10,12,False
P06_plus_pair_a300_c50,P06_plus_pair,dt|wS2CDF_max|yS2Tcor_max|xS2Bcor_max|xS2T_max|qS1channelStdevTo1_max,6,300.0,0.005,0.04237804561569755,0.04282636703625351,-0.010579096181582592,0.06841353944679428,0.0688288172701086,-0.006070111657317412,0.13139431589248823,0.13140232607100985,-6.096289985757508e-05,12,0.15688307426838843,0.04199252184928828,0.042608970941752644,-0.014679973131330515,0.06542480619034491,0.06542480619034491,0.0,0.13005254847924436,0.1300503034772718,1.726226820464305e-05,12,0.15681052209142965,0.06388188692833993,0.018365142239827152,0.9357065692679665,0.0,0.0023255949833051563,0.9999971039692233,1.0471861471861472,1.0471861471861472,0.0,0.0008763051203681815,0.007115277704743024,10,12,False
A06_plus_rmsCogS1T_max_a10000_c75,A06_plus_rmsCogS1T_max,dt|wS2CDF_max|yS2Tcor_max|xS2Bcor_max|rmsCogS1T_max,5,10000.0,0.0075,0.04237804561569755,0.04283906779076236,-0.010878797461439271,0.06841353944679428,0.06778312396843139,0.009214776540733771,0.13139431589248823,0.12975950713895443,0.01244200513872662,12,0.15580546637660342,0.04199252184928828,0.041851044480545385,0.0033691086534565207,0.06542480619034491,0.06521285372603373,0.003239634576746364,0.13005254847924436,0.12960492450733407,0.00344187005287111,12,0.15339963905454757,0.8701887957199445,0.00513400895107773,0.12301044292401872,0.0,0.0036175283970418964,0.9999620665960333,1.3754960317460316,1.3754960317460316,0.002534230947141225,0.0001721745066936009,0.01063061203426563,10,12,False
G03_plus_topology_a10000_c75,G03_plus_topology,dt|wS2CDF_max|yS2Tcor_max|xS2Bcor_max|nPMTS2_max|rmsCogS1T_max,6,10000.0,0.0075,0.04237804561569755,0.04287444060309939,-0.011713494102662647,0.06841353944679428,0.06783353393610471,0.008477934563532408,0.13139431589248823,0.12987625705311695,0.01155345898382254,12,0.15577205390276305,0.04199252184928828,0.04201236774440997,-0.00047260546039407103,0.06542480619034491,0.06522052620821595,0.0031223628165536477,0.13005254847924436,0.1295991592769493,0.0034862000598736564,12,0.15349868873374828,0.8692216677812644,0.005627861515510057,0.12328823499151191,0.0,0.004585251225767127,0.9999607619786675,1.222663139329806,1.222663139329806,0.0019233885356730873,0.00020386788513437892,0.011559500464444206,10,12,False
G03_plus_topology_a1000_c75,G03_plus_topology,dt|wS2CDF_max|yS2Tcor_max|xS2Bcor_max|nPMTS2_max|rmsCogS1T_max,6,1000.0,0.0075,0.04237804561569755,0.04297153828778447,-0.014004720214541466,0.06841353944679428,0.06885483385043852,-0.006450395743483384,0.13139431589248823,0.13157605311129109,-0.0013831436890432425,12,0.15682168852124723,0.04199252184928828,0.04302864964727193,-0.024674102729584257,0.06542480619034491,0.06464939104886122,0.011852005174118774,0.13005254847924436,0.1290855604893652,0.007435363637133818,12,0.1578931193784735,0.30404856216883586,0.005627861515510057,0.6923607181439374,0.0,0.0033625559701985492,0.9999806180870034,1.114121510673235,1.114121510673235,0.0,0.0004711457297659205,0.009877237835750452,10,12,False
P06_plus_pair_a300_c75,P06_plus_pair,dt|wS2CDF_max|yS2Tcor_max|xS2Bcor_max|xS2T_max|qS1channelStdevTo1_max,6,300.0,0.0075,0.04237804561569755,0.04395793807402813,-0.03728091834762104,0.06841353944679428,0.06848545886465343,-0.0010512453885693773,0.13139431589248823,0.1312729535336107,0.000923649992415454,12,0.1570342250420077,0.04199252184928828,0.04265935897679349,-0.01587990190011679,0.06542480619034491,0.065213546790422,0.003229041279973699,0.13005254847924436,0.1298560673782518,0.0015107823975006873,12,0.15843838764078444,0.09614692113791862,0.018365142239827152,0.9032769175369103,0.0,0.0055109001706315115,0.9999903979783672,1.0963995354239258,1.0405643738977073,0.0,0.0007785830788409331,0.010528488852188267,10,12,False
P08_plus_pair_a300_c75,P08_plus_pair,dt|wS2CDF_max|yS2Tcor_max|xS2Bcor_max|yS2B_max|qS1channelStdevTo1_max,6,300.0,0.0075,0.04237804561569755,0.04403080831175056,-0.0390004463877589,0.06841353944679428,0.06848877315090914,-0.001099690276562315,0.13139431589248823,0.13127408768257673,0.0009150183483574992,12,0.15694045807275836,0.04199252184928828,0.04228339632907071,-0.0069268161799469485,0.06542480619034491,0.06535678739317052,0.0010396484320717159,0.13005254847924436,0.12984411750672725,0.0016026673445032058,12,0.15886918711503195,0.09593086064097947,0.019239672822676062,0.9033386491074644,0.0,0.005796794108927732,0.9999903859356051,1.0368480725623583,1.0,0.0,0.0008934235191500051,0.011560693641618491,10,12,False
A04_plus_qS1channelStdevTo1_max_a300_c75,A04_plus_qS1channelStdevTo1_max,dt|wS2CDF_max|yS2Tcor_max|xS2Bcor_max|qS1channelStdevTo1_max,5,300.0,0.0075,0.04237804561569755,0.04406039378219136,-0.039698578404253615,0.06841353944679428,0.06852776765766742,-0.0016696725793874378,0.13139431589248823,0.13128045551789927,0.0008665547958872644,12,0.15702544090182058,0.04199252184928828,0.042164329162810835,-0.004091378796900358,0.06542480619034491,0.06529051438173361,0.0020526130137946685,0.13005254847924436,0.1298560673782518,0.0015107823975006873,12,0.1582398502787623,0.09626009568393436,0.018365142239827152,0.9030505684448789,0.0,0.004806472255524937,0.9999904300925716,1.0278745644599303,0.9930213464696223,0.0,0.0007232420686942298,0.01125103220478943,10,12,False
B04_S10_a1000_c25,B04_S10,dt|wS2CDF_max|yS2Tcor_max|xS2Bcor_max,4,1000.0,0.0025,0.04237804561569755,0.042489359811047844,-0.002626694877808644,0.06841353944679428,0.06851118486755495,-0.0014272821074636788,0.13139431589248823,0.1317388624590796,-0.002622233421978981,12,0.15720275053946953,0.04199252184928828,0.041964687069768844,0.0006628508670981637,0.06542480619034491,0.06540325874353511,0.00032934674268814135,0.13005254847924436,0.13090823464946863,-0.006579541733169769,12,0.1564624685977306,0.20436236431915222,0.004928237049230928,0.7947733936930912,0.0,0.0011603862516676804,0.9999984981775408,1.192722371967655,1.192722371967655,0.0,0.0001708842472951666,0.013026298732871422,10,11,False
G03_plus_topology_a1000_c50,G03_plus_topology,dt|wS2CDF_max|yS2Tcor_max|xS2Bcor_max|nPMTS2_max|rmsCogS1T_max,6,1000.0,0.005,0.04237804561569755,0.04263312922431886,-0.006019239559429401,0.06841353944679428,0.06853367821006985,-0.001756067062850919,0.13139431589248823,0.1316734700192685,-0.00212455253398236,12,0.15678396879895096,0.04199252184928828,0.04270970117131076,-0.017078739033498547,0.06542480619034491,0.06487204642490621,0.008448779562762687,0.13005254847924436,0.12965001907906712,0.003095128891237975,12,0.15888919122835088,0.19915633520242812,0.005627861515510057,0.798518442306703,0.0,0.0018663864334413846,0.9999942383840577,1.1867816091954024,1.1867816091954024,0.0,0.00037087387898471214,0.008236672487950847,10,11,False
G05_plus_top5_a300_c75,G05_plus_top5,dt|wS2CDF_max|yS2Tcor_max|xS2Bcor_max|qS2channelStdevTo1_max|xS2T_max|yS2B_max|qS1channelStdevTo1_max|qS2hitStdevTo1_max,9,300.0,0.0075,0.04237804561569755,0.042953456692473996,-0.013578046566718127,0.06841353944679428,0.06846247413695057,-0.0007152778609613719,0.13139431589248823,0.13094118893602205,0.003448603947502127,12,0.1567739982687486,0.04199252184928828,0.043761187722771454,-0.042118591491859814,0.06542480619034491,0.06542214681739274,4.0647777303837174e-05,0.13005254847924436,0.13001260101443404,0.00030716402928998576,12,0.15811783820422287,0.052122022737795155,0.13216729255620144,0.9421780955810484,0.0,0.0067737078447336636,0.9999945304306793,1.1037414965986394,1.1037414965986394,0.0,0.0011069110794763581,0.005986787778695296,10,11,False
