original_path,bytes,git_blob,archive_url
.gitattributes,169,60c562cebbeea5b4b6a592907db972e8f23ea9bb,https://github.com/zihengfan07/PandaX4T-Energy-Reconstruction/blob/e98ca8445220d948650019bedcded83c6909d856/.gitattributes
.gitignore,282,c7762090fbff2a615efc765dda046cf4eface923,https://github.com/zihengfan07/PandaX4T-Energy-Reconstruction/blob/e98ca8445220d948650019bedcded83c6909d856/.gitignore
00_报告与说明/01_PandaX4T_run10972_原始数据报告.pdf,1685500,bab31267e95877ad347cf90a2d2f1ee4351a4abc,https://github.com/zihengfan07/PandaX4T-Energy-Reconstruction/blob/e98ca8445220d948650019bedcded83c6909d856/00_%E6%8A%A5%E5%91%8A%E4%B8%8E%E8%AF%B4%E6%98%8E/01_PandaX4T_run10972_%E5%8E%9F%E5%A7%8B%E6%95%B0%E6%8D%AE%E6%8A%A5%E5%91%8A.pdf
00_报告与说明/02_PandaX4T_run10972_数据处理方法报告.pdf,340527,71b609f13b2d945bfa249c96f17bf148fa66c634,https://github.com/zihengfan07/PandaX4T-Energy-Reconstruction/blob/e98ca8445220d948650019bedcded83c6909d856/00_%E6%8A%A5%E5%91%8A%E4%B8%8E%E8%AF%B4%E6%98%8E/02_PandaX4T_run10972_%E6%95%B0%E6%8D%AE%E5%A4%84%E7%90%86%E6%96%B9%E6%B3%95%E6%8A%A5%E5%91%8A.pdf
00_报告与说明/03_PandaX4T_独立能量重建与数据结果分析.pdf,1122388,8b7452b5118b036ecfcddc2ce054d5d715356cc6,https://github.com/zihengfan07/PandaX4T-Energy-Reconstruction/blob/e98ca8445220d948650019bedcded83c6909d856/00_%E6%8A%A5%E5%91%8A%E4%B8%8E%E8%AF%B4%E6%98%8E/03_PandaX4T_%E7%8B%AC%E7%AB%8B%E8%83%BD%E9%87%8F%E9%87%8D%E5%BB%BA%E4%B8%8E%E6%95%B0%E6%8D%AE%E7%BB%93%E6%9E%9C%E5%88%86%E6%9E%90.pdf
00_报告与说明/04_PandaX4T_老师反馈后模型完善与结果汇报.pdf,1239175,24b1fa925c83ffd35a2f446c10547ed62d6fa241,https://github.com/zihengfan07/PandaX4T-Energy-Reconstruction/blob/e98ca8445220d948650019bedcded83c6909d856/00_%E6%8A%A5%E5%91%8A%E4%B8%8E%E8%AF%B4%E6%98%8E/04_PandaX4T_%E8%80%81%E5%B8%88%E5%8F%8D%E9%A6%88%E5%90%8E%E6%A8%A1%E5%9E%8B%E5%AE%8C%E5%96%84%E4%B8%8E%E7%BB%93%E6%9E%9C%E6%B1%87%E6%8A%A5.pdf
00_报告与说明/06_PandaX4T_candidate_v11_完整技术报告.pdf,3920177,3ce9b8669f12ad947e0a8a1d4aa7069781252422,https://github.com/zihengfan07/PandaX4T-Energy-Reconstruction/blob/e98ca8445220d948650019bedcded83c6909d856/00_%E6%8A%A5%E5%91%8A%E4%B8%8E%E8%AF%B4%E6%98%8E/06_PandaX4T_candidate_v11_%E5%AE%8C%E6%95%B4%E6%8A%80%E6%9C%AF%E6%8A%A5%E5%91%8A.pdf
00_报告与说明/06_PandaX4T_模型问题诊断与v13阶段汇报_20260807.tex,15874,86433d96aa56d84c12faa78ac9371f4273135812,https://github.com/zihengfan07/PandaX4T-Energy-Reconstruction/blob/e98ca8445220d948650019bedcded83c6909d856/00_%E6%8A%A5%E5%91%8A%E4%B8%8E%E8%AF%B4%E6%98%8E/06_PandaX4T_%E6%A8%A1%E5%9E%8B%E9%97%AE%E9%A2%98%E8%AF%8A%E6%96%AD%E4%B8%8Ev13%E9%98%B6%E6%AE%B5%E6%B1%87%E6%8A%A5_20260807.tex
00_报告与说明/07_PandaX4T_candidate_v11_核心汇报.pdf,917278,5f19e530d2a6c8462ac43271ea3a5c207af7418e,https://github.com/zihengfan07/PandaX4T-Energy-Reconstruction/blob/e98ca8445220d948650019bedcded83c6909d856/00_%E6%8A%A5%E5%91%8A%E4%B8%8E%E8%AF%B4%E6%98%8E/07_PandaX4T_candidate_v11_%E6%A0%B8%E5%BF%83%E6%B1%87%E6%8A%A5.pdf
00_报告与说明/08_PandaX4T_近期模型优化阶段汇报_20260815.pdf,1255958,19479f9583840063a6bc084f2bda1f2e4472808b,https://github.com/zihengfan07/PandaX4T-Energy-Reconstruction/blob/e98ca8445220d948650019bedcded83c6909d856/00_%E6%8A%A5%E5%91%8A%E4%B8%8E%E8%AF%B4%E6%98%8E/08_PandaX4T_%E8%BF%91%E6%9C%9F%E6%A8%A1%E5%9E%8B%E4%BC%98%E5%8C%96%E9%98%B6%E6%AE%B5%E6%B1%87%E6%8A%A5_20260815.pdf
00_报告与说明/08_PandaX4T_近期模型优化阶段汇报_20260815.tex,9853,b7893ac216c53b0544d7f871d162690dd3c74f6b,https://github.com/zihengfan07/PandaX4T-Energy-Reconstruction/blob/e98ca8445220d948650019bedcded83c6909d856/00_%E6%8A%A5%E5%91%8A%E4%B8%8E%E8%AF%B4%E6%98%8E/08_PandaX4T_%E8%BF%91%E6%9C%9F%E6%A8%A1%E5%9E%8B%E4%BC%98%E5%8C%96%E9%98%B6%E6%AE%B5%E6%B1%87%E6%8A%A5_20260815.tex
00_报告与说明/09_PandaX4T_v19最新模型阶段汇报_20260815.pdf,2150666,43309ecd50cedd6a9e3e8e7000823b02afba9f78,https://github.com/zihengfan07/PandaX4T-Energy-Reconstruction/blob/e98ca8445220d948650019bedcded83c6909d856/00_%E6%8A%A5%E5%91%8A%E4%B8%8E%E8%AF%B4%E6%98%8E/09_PandaX4T_v19%E6%9C%80%E6%96%B0%E6%A8%A1%E5%9E%8B%E9%98%B6%E6%AE%B5%E6%B1%87%E6%8A%A5_20260815.pdf
00_报告与说明/README_报告说明.md,5136,44091da43f8afde360baf72dc9ddc40e3ae8a004,https://github.com/zihengfan07/PandaX4T-Energy-Reconstruction/blob/e98ca8445220d948650019bedcded83c6909d856/00_%E6%8A%A5%E5%91%8A%E4%B8%8E%E8%AF%B4%E6%98%8E/README_%E6%8A%A5%E5%91%8A%E8%AF%B4%E6%98%8E.md
00_报告与说明/归档/历史完整报告/05_PandaX4T_独立能量重建完整技术报告.pdf,4291332,9d1c645cb8b7744b5b8f9fced44c4e9ced2ed527,https://github.com/zihengfan07/PandaX4T-Energy-Reconstruction/blob/e98ca8445220d948650019bedcded83c6909d856/00_%E6%8A%A5%E5%91%8A%E4%B8%8E%E8%AF%B4%E6%98%8E/%E5%BD%92%E6%A1%A3/%E5%8E%86%E5%8F%B2%E5%AE%8C%E6%95%B4%E6%8A%A5%E5%91%8A/05_PandaX4T_%E7%8B%AC%E7%AB%8B%E8%83%BD%E9%87%8F%E9%87%8D%E5%BB%BA%E5%AE%8C%E6%95%B4%E6%8A%80%E6%9C%AF%E6%8A%A5%E5%91%8A.pdf
00_报告与说明/归档/历史版本/2026-07-16_04_PandaX4T_独立能量重建完整报告.pdf,1326917,e53913681a54c4f03ce5769a203edb2ea196efb0,https://github.com/zihengfan07/PandaX4T-Energy-Reconstruction/blob/e98ca8445220d948650019bedcded83c6909d856/00_%E6%8A%A5%E5%91%8A%E4%B8%8E%E8%AF%B4%E6%98%8E/%E5%BD%92%E6%A1%A3/%E5%8E%86%E5%8F%B2%E7%89%88%E6%9C%AC/2026-07-16_04_PandaX4T_%E7%8B%AC%E7%AB%8B%E8%83%BD%E9%87%8F%E9%87%8D%E5%BB%BA%E5%AE%8C%E6%95%B4%E6%8A%A5%E5%91%8A.pdf
00_报告与说明/归档/阶段性材料/03_PandaX4T_阶段性工作汇报_第一部分.pdf,1702637,46d8269fc80a93c802e570e40c7ad5a60f0df23e,https://github.com/zihengfan07/PandaX4T-Energy-Reconstruction/blob/e98ca8445220d948650019bedcded83c6909d856/00_%E6%8A%A5%E5%91%8A%E4%B8%8E%E8%AF%B4%E6%98%8E/%E5%BD%92%E6%A1%A3/%E9%98%B6%E6%AE%B5%E6%80%A7%E6%9D%90%E6%96%99/03_PandaX4T_%E9%98%B6%E6%AE%B5%E6%80%A7%E5%B7%A5%E4%BD%9C%E6%B1%87%E6%8A%A5_%E7%AC%AC%E4%B8%80%E9%83%A8%E5%88%86.pdf
01_老师盲测交付/PandaX_candidate_v11_blindtest/MODEL_CARD.md,1100,6528c194c8aab0c60eaf4b8929fb01b92e95883f,https://github.com/zihengfan07/PandaX4T-Energy-Reconstruction/blob/e98ca8445220d948650019bedcded83c6909d856/01_%E8%80%81%E5%B8%88%E7%9B%B2%E6%B5%8B%E4%BA%A4%E4%BB%98/PandaX_candidate_v11_blindtest/MODEL_CARD.md
01_老师盲测交付/PandaX_candidate_v11_blindtest/README_老师使用说明.md,1967,855e7e97327af3ec0510e0922ff16e4dddbe382b,https://github.com/zihengfan07/PandaX4T-Energy-Reconstruction/blob/e98ca8445220d948650019bedcded83c6909d856/01_%E8%80%81%E5%B8%88%E7%9B%B2%E6%B5%8B%E4%BA%A4%E4%BB%98/PandaX_candidate_v11_blindtest/README_%E8%80%81%E5%B8%88%E4%BD%BF%E7%94%A8%E8%AF%B4%E6%98%8E.md
01_老师盲测交付/PandaX_candidate_v11_blindtest/SMOKE_TEST_RUN10972.json,1630,924e17224ac6d906b9340cd18fa1ba3d409e72ee,https://github.com/zihengfan07/PandaX4T-Energy-Reconstruction/blob/e98ca8445220d948650019bedcded83c6909d856/01_%E8%80%81%E5%B8%88%E7%9B%B2%E6%B5%8B%E4%BA%A4%E4%BB%98/PandaX_candidate_v11_blindtest/SMOKE_TEST_RUN10972.json
01_老师盲测交付/PandaX_candidate_v11_blindtest/apply_foundation_environment_v11.py,5053,1060ff844f1ad33d65e78be9e2683cfdad1d4c2e,https://github.com/zihengfan07/PandaX4T-Energy-Reconstruction/blob/e98ca8445220d948650019bedcded83c6909d856/01_%E8%80%81%E5%B8%88%E7%9B%B2%E6%B5%8B%E4%BA%A4%E4%BB%98/PandaX_candidate_v11_blindtest/apply_foundation_environment_v11.py
01_老师盲测交付/PandaX_candidate_v11_blindtest/environment.yml,175,569de2e09faa808a59508734f2c58934962748f5,https://github.com/zihengfan07/PandaX4T-Energy-Reconstruction/blob/e98ca8445220d948650019bedcded83c6909d856/01_%E8%80%81%E5%B8%88%E7%9B%B2%E6%B5%8B%E4%BA%A4%E4%BB%98/PandaX_candidate_v11_blindtest/environment.yml
01_老师盲测交付/PandaX_candidate_v11_blindtest/foundation_environment_v11.py,22273,cf2548aa31f8536c54f027de149282d14974d80a,https://github.com/zihengfan07/PandaX4T-Energy-Reconstruction/blob/e98ca8445220d948650019bedcded83c6909d856/01_%E8%80%81%E5%B8%88%E7%9B%B2%E6%B5%8B%E4%BA%A4%E4%BB%98/PandaX_candidate_v11_blindtest/foundation_environment_v11.py
01_老师盲测交付/PandaX_candidate_v11_blindtest/grouped_nested_physics_v9.py,32394,a1a0ca100180259ae4c65a3a7e55f3dfe52268ad,https://github.com/zihengfan07/PandaX4T-Energy-Reconstruction/blob/e98ca8445220d948650019bedcded83c6909d856/01_%E8%80%81%E5%B8%88%E7%9B%B2%E6%B5%8B%E4%BA%A4%E4%BB%98/PandaX_candidate_v11_blindtest/grouped_nested_physics_v9.py
01_老师盲测交付/PandaX_candidate_v11_blindtest/model/candidate_v11_manifest.json,525,fa0f29e01055d414cf8a3886e92f3d16c4b03a13,https://github.com/zihengfan07/PandaX4T-Energy-Reconstruction/blob/e98ca8445220d948650019bedcded83c6909d856/01_%E8%80%81%E5%B8%88%E7%9B%B2%E6%B5%8B%E4%BA%A4%E4%BB%98/PandaX_candidate_v11_blindtest/model/candidate_v11_manifest.json
01_老师盲测交付/PandaX_candidate_v11_blindtest/requirements.txt,76,90e810e81d5f8c47c5646e2bf455dcaf5eb5c68f,https://github.com/zihengfan07/PandaX4T-Energy-Reconstruction/blob/e98ca8445220d948650019bedcded83c6909d856/01_%E8%80%81%E5%B8%88%E7%9B%B2%E6%B5%8B%E4%BA%A4%E4%BB%98/PandaX_candidate_v11_blindtest/requirements.txt
01_老师盲测交付/PandaX_candidate_v11_blindtest/run_validation.bat,489,4145a3d3118e2c1ca0ab536ce7405371333a87cb,https://github.com/zihengfan07/PandaX4T-Energy-Reconstruction/blob/e98ca8445220d948650019bedcded83c6909d856/01_%E8%80%81%E5%B8%88%E7%9B%B2%E6%B5%8B%E4%BA%A4%E4%BB%98/PandaX_candidate_v11_blindtest/run_validation.bat
01_老师盲测交付/PandaX_candidate_v11_blindtest/run_validation.sh,612,b19a77f4a18a02357fcc78d6cdd5f02b0778b541,https://github.com/zihengfan07/PandaX4T-Energy-Reconstruction/blob/e98ca8445220d948650019bedcded83c6909d856/01_%E8%80%81%E5%B8%88%E7%9B%B2%E6%B5%8B%E4%BA%A4%E4%BB%98/PandaX_candidate_v11_blindtest/run_validation.sh
01_老师盲测交付/PandaX_candidate_v12_safe/MODEL_CARD.md,1918,5c3a55f165a72663996d1d8c308a8ab5b5474748,https://github.com/zihengfan07/PandaX4T-Energy-Reconstruction/blob/e98ca8445220d948650019bedcded83c6909d856/01_%E8%80%81%E5%B8%88%E7%9B%B2%E6%B5%8B%E4%BA%A4%E4%BB%98/PandaX_candidate_v12_safe/MODEL_CARD.md
01_老师盲测交付/PandaX_candidate_v12_safe/README_老师使用说明.md,1266,b4c167c23f76f7fd6482ad5c4f05ef5bc79ef30a,https://github.com/zihengfan07/PandaX4T-Energy-Reconstruction/blob/e98ca8445220d948650019bedcded83c6909d856/01_%E8%80%81%E5%B8%88%E7%9B%B2%E6%B5%8B%E4%BA%A4%E4%BB%98/PandaX_candidate_v12_safe/README_%E8%80%81%E5%B8%88%E4%BD%BF%E7%94%A8%E8%AF%B4%E6%98%8E.md
01_老师盲测交付/PandaX_candidate_v12_safe/apply_v12_safe.py,4835,2f17d07b3d489f5289872c1f20b8ea1fd9527a23,https://github.com/zihengfan07/PandaX4T-Energy-Reconstruction/blob/e98ca8445220d948650019bedcded83c6909d856/01_%E8%80%81%E5%B8%88%E7%9B%B2%E6%B5%8B%E4%BA%A4%E4%BB%98/PandaX_candidate_v12_safe/apply_v12_safe.py
01_老师盲测交付/PandaX_candidate_v12_safe/model/candidate_v12_safe.json,4345,bc775b10853514475299cca37d4862fb50aad0f4,https://github.com/zihengfan07/PandaX4T-Energy-Reconstruction/blob/e98ca8445220d948650019bedcded83c6909d856/01_%E8%80%81%E5%B8%88%E7%9B%B2%E6%B5%8B%E4%BA%A4%E4%BB%98/PandaX_candidate_v12_safe/model/candidate_v12_safe.json
01_老师盲测交付/PandaX_candidate_v12_safe/requirements.txt,25,15e38a3340ebf059b650e9f5dd1a70ff6257b711,https://github.com/zihengfan07/PandaX4T-Energy-Reconstruction/blob/e98ca8445220d948650019bedcded83c6909d856/01_%E8%80%81%E5%B8%88%E7%9B%B2%E6%B5%8B%E4%BA%A4%E4%BB%98/PandaX_candidate_v12_safe/requirements.txt
01_老师盲测交付/PandaX_candidate_v12_safe/run_validation.sh,433,bc0b53eb59f6c69e449ec35eb972f191bc4c22e3,https://github.com/zihengfan07/PandaX4T-Energy-Reconstruction/blob/e98ca8445220d948650019bedcded83c6909d856/01_%E8%80%81%E5%B8%88%E7%9B%B2%E6%B5%8B%E4%BA%A4%E4%BB%98/PandaX_candidate_v12_safe/run_validation.sh
01_老师盲测交付/PandaX_candidate_v12_safe/validation_evidence/PORTABLE_VERIFICATION.txt,387,0f879aeef2e6bc336dd3f56efb73e23619da84ab,https://github.com/zihengfan07/PandaX4T-Energy-Reconstruction/blob/e98ca8445220d948650019bedcded83c6909d856/01_%E8%80%81%E5%B8%88%E7%9B%B2%E6%B5%8B%E4%BA%A4%E4%BB%98/PandaX_candidate_v12_safe/validation_evidence/PORTABLE_VERIFICATION.txt
01_老师盲测交付/PandaX_candidate_v12_safe/validation_evidence/background_detailed_audit.json,767,b6e59cd24b9b90ad7529cac86c5ef35d77a42b77,https://github.com/zihengfan07/PandaX4T-Energy-Reconstruction/blob/e98ca8445220d948650019bedcded83c6909d856/01_%E8%80%81%E5%B8%88%E7%9B%B2%E6%B5%8B%E4%BA%A4%E4%BB%98/PandaX_candidate_v12_safe/validation_evidence/background_detailed_audit.json
01_老师盲测交付/PandaX_candidate_v12_safe/validation_evidence/background_spectrum_v12_comparison.png,95785,ee02924c4e79cfcacf63b632d4d8f1f1c38c07db,https://github.com/zihengfan07/PandaX4T-Energy-Reconstruction/blob/e98ca8445220d948650019bedcded83c6909d856/01_%E8%80%81%E5%B8%88%E7%9B%B2%E6%B5%8B%E4%BA%A4%E4%BB%98/PandaX_candidate_v12_safe/validation_evidence/background_spectrum_v12_comparison.png
01_老师盲测交付/PandaX_candidate_v12_safe/validation_evidence/background_time_stability_v12.png,42449,619da2be230340023106c64ea4200c02e1cd28da,https://github.com/zihengfan07/PandaX4T-Energy-Reconstruction/blob/e98ca8445220d948650019bedcded83c6909d856/01_%E8%80%81%E5%B8%88%E7%9B%B2%E6%B5%8B%E4%BA%A4%E4%BB%98/PandaX_candidate_v12_safe/validation_evidence/background_time_stability_v12.png
01_老师盲测交付/PandaX_candidate_v12_safe/validation_evidence/calibration_oof_v12_comparison.png,58464,b3f397edbc70c3efd3554dd83f20dcfb36f1717e,https://github.com/zihengfan07/PandaX4T-Energy-Reconstruction/blob/e98ca8445220d948650019bedcded83c6909d856/01_%E8%80%81%E5%B8%88%E7%9B%B2%E6%B5%8B%E4%BA%A4%E4%BB%98/PandaX_candidate_v12_safe/validation_evidence/calibration_oof_v12_comparison.png
01_老师盲测交付/PandaX_candidate_v12_safe/validation_evidence/event_by_event_energy_comparison.png,216865,8bd3121d68606c1b3466ea78ebae6d3d5be1308b,https://github.com/zihengfan07/PandaX4T-Energy-Reconstruction/blob/e98ca8445220d948650019bedcded83c6909d856/01_%E8%80%81%E5%B8%88%E7%9B%B2%E6%B5%8B%E4%BA%A4%E4%BB%98/PandaX_candidate_v12_safe/validation_evidence/event_by_event_energy_comparison.png
01_老师盲测交付/PandaX_candidate_v12_safe/validation_evidence/original_formula_vs_v12_full.png,126039,1c672ded0157a93c2d961a32c402b45f6b79aa24,https://github.com/zihengfan07/PandaX4T-Energy-Reconstruction/blob/e98ca8445220d948650019bedcded83c6909d856/01_%E8%80%81%E5%B8%88%E7%9B%B2%E6%B5%8B%E4%BA%A4%E4%BB%98/PandaX_candidate_v12_safe/validation_evidence/original_formula_vs_v12_full.png
01_老师盲测交付/PandaX_candidate_v12_safe/validation_evidence/summary.json,2543,b6f96ef04d3bf186a7d99ee0a3dd0f421e8a2a8d,https://github.com/zihengfan07/PandaX4T-Energy-Reconstruction/blob/e98ca8445220d948650019bedcded83c6909d856/01_%E8%80%81%E5%B8%88%E7%9B%B2%E6%B5%8B%E4%BA%A4%E4%BB%98/PandaX_candidate_v12_safe/validation_evidence/summary.json
01_老师盲测交付/PandaX_candidate_v12_safe/validation_evidence/v12_problem_regions_zoom.png,145790,71c80cd5b6d1031fccaa1f5058ed89a2f70072d0,https://github.com/zihengfan07/PandaX4T-Energy-Reconstruction/blob/e98ca8445220d948650019bedcded83c6909d856/01_%E8%80%81%E5%B8%88%E7%9B%B2%E6%B5%8B%E4%BA%A4%E4%BB%98/PandaX_candidate_v12_safe/validation_evidence/v12_problem_regions_zoom.png
01_老师盲测交付/PandaX_v13_teacher_demo/README_老师使用说明.md,896,b0afa49e6f0fc523ba164f59ddfa0fcc0c87cd94,https://github.com/zihengfan07/PandaX4T-Energy-Reconstruction/blob/e98ca8445220d948650019bedcded83c6909d856/01_%E8%80%81%E5%B8%88%E7%9B%B2%E6%B5%8B%E4%BA%A4%E4%BB%98/PandaX_v13_teacher_demo/README_%E8%80%81%E5%B8%88%E4%BD%BF%E7%94%A8%E8%AF%B4%E6%98%8E.md
01_老师盲测交付/PandaX_v13_teacher_demo/apply_v13.py,3982,3fd08656952c67b3a82023043a48ab58c9177409,https://github.com/zihengfan07/PandaX4T-Energy-Reconstruction/blob/e98ca8445220d948650019bedcded83c6909d856/01_%E8%80%81%E5%B8%88%E7%9B%B2%E6%B5%8B%E4%BA%A4%E4%BB%98/PandaX_v13_teacher_demo/apply_v13.py
01_老师盲测交付/PandaX_v13_teacher_demo/model/v13_portable.json,2244,3ed63800372e1065441638093cde0386836c3f46,https://github.com/zihengfan07/PandaX4T-Energy-Reconstruction/blob/e98ca8445220d948650019bedcded83c6909d856/01_%E8%80%81%E5%B8%88%E7%9B%B2%E6%B5%8B%E4%BA%A4%E4%BB%98/PandaX_v13_teacher_demo/model/v13_portable.json
01_老师盲测交付/PandaX_v13_teacher_demo/requirements.txt,25,15e38a3340ebf059b650e9f5dd1a70ff6257b711,https://github.com/zihengfan07/PandaX4T-Energy-Reconstruction/blob/e98ca8445220d948650019bedcded83c6909d856/01_%E8%80%81%E5%B8%88%E7%9B%B2%E6%B5%8B%E4%BA%A4%E4%BB%98/PandaX_v13_teacher_demo/requirements.txt
01_老师盲测交付/PandaX_v13_teacher_demo/run.sh,390,f1a3b8ece765f6bc0a77fdb29f8cf6a58cd7161f,https://github.com/zihengfan07/PandaX4T-Energy-Reconstruction/blob/e98ca8445220d948650019bedcded83c6909d856/01_%E8%80%81%E5%B8%88%E7%9B%B2%E6%B5%8B%E4%BA%A4%E4%BB%98/PandaX_v13_teacher_demo/run.sh
01_老师盲测交付/README_交付说明.md,1037,c3c8e85d8cd3ae43d8807d9a6738aec86fdf0c6b,https://github.com/zihengfan07/PandaX4T-Energy-Reconstruction/blob/e98ca8445220d948650019bedcded83c6909d856/01_%E8%80%81%E5%B8%88%E7%9B%B2%E6%B5%8B%E4%BA%A4%E4%BB%98/README_%E4%BA%A4%E4%BB%98%E8%AF%B4%E6%98%8E.md
99_归档与缓存/历史模型与材料/盲测旧版本/PandaX_candidate_v10_blindtest/MODEL_CARD.md,1070,21ae9e99e44884df5284255e4b12f66b27440e3f,https://github.com/zihengfan07/PandaX4T-Energy-Reconstruction/blob/e98ca8445220d948650019bedcded83c6909d856/99_%E5%BD%92%E6%A1%A3%E4%B8%8E%E7%BC%93%E5%AD%98/%E5%8E%86%E5%8F%B2%E6%A8%A1%E5%9E%8B%E4%B8%8E%E6%9D%90%E6%96%99/%E7%9B%B2%E6%B5%8B%E6%97%A7%E7%89%88%E6%9C%AC/PandaX_candidate_v10_blindtest/MODEL_CARD.md
99_归档与缓存/历史模型与材料/盲测旧版本/PandaX_candidate_v10_blindtest/README_老师使用说明.md,2145,40c5ec0233aaec8a18dab980218d8f671e9a24a8,https://github.com/zihengfan07/PandaX4T-Energy-Reconstruction/blob/e98ca8445220d948650019bedcded83c6909d856/99_%E5%BD%92%E6%A1%A3%E4%B8%8E%E7%BC%93%E5%AD%98/%E5%8E%86%E5%8F%B2%E6%A8%A1%E5%9E%8B%E4%B8%8E%E6%9D%90%E6%96%99/%E7%9B%B2%E6%B5%8B%E6%97%A7%E7%89%88%E6%9C%AC/PandaX_candidate_v10_blindtest/README_%E8%80%81%E5%B8%88%E4%BD%BF%E7%94%A8%E8%AF%B4%E6%98%8E.md
99_归档与缓存/历史模型与材料/盲测旧版本/PandaX_candidate_v10_blindtest/SMOKE_TEST_RUN10972.json,1272,01d32a5d2d0950c007f41108b5343ad6f631f4b5,https://github.com/zihengfan07/PandaX4T-Energy-Reconstruction/blob/e98ca8445220d948650019bedcded83c6909d856/99_%E5%BD%92%E6%A1%A3%E4%B8%8E%E7%BC%93%E5%AD%98/%E5%8E%86%E5%8F%B2%E6%A8%A1%E5%9E%8B%E4%B8%8E%E6%9D%90%E6%96%99/%E7%9B%B2%E6%B5%8B%E6%97%A7%E7%89%88%E6%9C%AC/PandaX_candidate_v10_blindtest/SMOKE_TEST_RUN10972.json
99_归档与缓存/历史模型与材料/盲测旧版本/PandaX_candidate_v10_blindtest/apply_sparse_physics_v10.py,4951,57c068e6355e5cf15e68f8202b7d451de155f8d5,https://github.com/zihengfan07/PandaX4T-Energy-Reconstruction/blob/e98ca8445220d948650019bedcded83c6909d856/99_%E5%BD%92%E6%A1%A3%E4%B8%8E%E7%BC%93%E5%AD%98/%E5%8E%86%E5%8F%B2%E6%A8%A1%E5%9E%8B%E4%B8%8E%E6%9D%90%E6%96%99/%E7%9B%B2%E6%B5%8B%E6%97%A7%E7%89%88%E6%9C%AC/PandaX_candidate_v10_blindtest/apply_sparse_physics_v10.py
99_归档与缓存/历史模型与材料/盲测旧版本/PandaX_candidate_v10_blindtest/environment.yml,175,569de2e09faa808a59508734f2c58934962748f5,https://github.com/zihengfan07/PandaX4T-Energy-Reconstruction/blob/e98ca8445220d948650019bedcded83c6909d856/99_%E5%BD%92%E6%A1%A3%E4%B8%8E%E7%BC%93%E5%AD%98/%E5%8E%86%E5%8F%B2%E6%A8%A1%E5%9E%8B%E4%B8%8E%E6%9D%90%E6%96%99/%E7%9B%B2%E6%B5%8B%E6%97%A7%E7%89%88%E6%9C%AC/PandaX_candidate_v10_blindtest/environment.yml
99_归档与缓存/历史模型与材料/盲测旧版本/PandaX_candidate_v10_blindtest/grouped_nested_physics_v9.py,32394,a1a0ca100180259ae4c65a3a7e55f3dfe52268ad,https://github.com/zihengfan07/PandaX4T-Energy-Reconstruction/blob/e98ca8445220d948650019bedcded83c6909d856/99_%E5%BD%92%E6%A1%A3%E4%B8%8E%E7%BC%93%E5%AD%98/%E5%8E%86%E5%8F%B2%E6%A8%A1%E5%9E%8B%E4%B8%8E%E6%9D%90%E6%96%99/%E7%9B%B2%E6%B5%8B%E6%97%A7%E7%89%88%E6%9C%AC/PandaX_candidate_v10_blindtest/grouped_nested_physics_v9.py
99_归档与缓存/历史模型与材料/盲测旧版本/PandaX_candidate_v10_blindtest/model/candidate_v10_manifest.json,432,2c79a8a60dae280192d3134cdd202ef3ab6e1f19,https://github.com/zihengfan07/PandaX4T-Energy-Reconstruction/blob/e98ca8445220d948650019bedcded83c6909d856/99_%E5%BD%92%E6%A1%A3%E4%B8%8E%E7%BC%93%E5%AD%98/%E5%8E%86%E5%8F%B2%E6%A8%A1%E5%9E%8B%E4%B8%8E%E6%9D%90%E6%96%99/%E7%9B%B2%E6%B5%8B%E6%97%A7%E7%89%88%E6%9C%AC/PandaX_candidate_v10_blindtest/model/candidate_v10_manifest.json
99_归档与缓存/历史模型与材料/盲测旧版本/PandaX_candidate_v10_blindtest/requirements.txt,76,90e810e81d5f8c47c5646e2bf455dcaf5eb5c68f,https://github.com/zihengfan07/PandaX4T-Energy-Reconstruction/blob/e98ca8445220d948650019bedcded83c6909d856/99_%E5%BD%92%E6%A1%A3%E4%B8%8E%E7%BC%93%E5%AD%98/%E5%8E%86%E5%8F%B2%E6%A8%A1%E5%9E%8B%E4%B8%8E%E6%9D%90%E6%96%99/%E7%9B%B2%E6%B5%8B%E6%97%A7%E7%89%88%E6%9C%AC/PandaX_candidate_v10_blindtest/requirements.txt
99_归档与缓存/历史模型与材料/盲测旧版本/PandaX_candidate_v10_blindtest/run_validation.bat,481,d12ecedf21591250960a4d954344f6234bf4f412,https://github.com/zihengfan07/PandaX4T-Energy-Reconstruction/blob/e98ca8445220d948650019bedcded83c6909d856/99_%E5%BD%92%E6%A1%A3%E4%B8%8E%E7%BC%93%E5%AD%98/%E5%8E%86%E5%8F%B2%E6%A8%A1%E5%9E%8B%E4%B8%8E%E6%9D%90%E6%96%99/%E7%9B%B2%E6%B5%8B%E6%97%A7%E7%89%88%E6%9C%AC/PandaX_candidate_v10_blindtest/run_validation.bat
99_归档与缓存/历史模型与材料/盲测旧版本/PandaX_candidate_v10_blindtest/run_validation.sh,482,44ced55e95699661dc026532d22f891f0826f1ea,https://github.com/zihengfan07/PandaX4T-Energy-Reconstruction/blob/e98ca8445220d948650019bedcded83c6909d856/99_%E5%BD%92%E6%A1%A3%E4%B8%8E%E7%BC%93%E5%AD%98/%E5%8E%86%E5%8F%B2%E6%A8%A1%E5%9E%8B%E4%B8%8E%E6%9D%90%E6%96%99/%E7%9B%B2%E6%B5%8B%E6%97%A7%E7%89%88%E6%9C%AC/PandaX_candidate_v10_blindtest/run_validation.sh
99_归档与缓存/历史模型与材料/盲测旧版本/PandaX_candidate_v9_blindtest/MODEL_CARD.md,1580,3cf28d12bafad9f26b88e0602063ac3c23cb0df2,https://github.com/zihengfan07/PandaX4T-Energy-Reconstruction/blob/e98ca8445220d948650019bedcded83c6909d856/99_%E5%BD%92%E6%A1%A3%E4%B8%8E%E7%BC%93%E5%AD%98/%E5%8E%86%E5%8F%B2%E6%A8%A1%E5%9E%8B%E4%B8%8E%E6%9D%90%E6%96%99/%E7%9B%B2%E6%B5%8B%E6%97%A7%E7%89%88%E6%9C%AC/PandaX_candidate_v9_blindtest/MODEL_CARD.md
99_归档与缓存/历史模型与材料/盲测旧版本/PandaX_candidate_v9_blindtest/README_CN.md,2808,3d78f62f68ee519f779814348342816ecf186203,https://github.com/zihengfan07/PandaX4T-Energy-Reconstruction/blob/e98ca8445220d948650019bedcded83c6909d856/99_%E5%BD%92%E6%A1%A3%E4%B8%8E%E7%BC%93%E5%AD%98/%E5%8E%86%E5%8F%B2%E6%A8%A1%E5%9E%8B%E4%B8%8E%E6%9D%90%E6%96%99/%E7%9B%B2%E6%B5%8B%E6%97%A7%E7%89%88%E6%9C%AC/PandaX_candidate_v9_blindtest/README_CN.md
99_归档与缓存/历史模型与材料/盲测旧版本/PandaX_candidate_v9_blindtest/apply_grouped_physics_v9.py,4313,138b0139bf53689b6c9ba6305f1fdad9f67d2704,https://github.com/zihengfan07/PandaX4T-Energy-Reconstruction/blob/e98ca8445220d948650019bedcded83c6909d856/99_%E5%BD%92%E6%A1%A3%E4%B8%8E%E7%BC%93%E5%AD%98/%E5%8E%86%E5%8F%B2%E6%A8%A1%E5%9E%8B%E4%B8%8E%E6%9D%90%E6%96%99/%E7%9B%B2%E6%B5%8B%E6%97%A7%E7%89%88%E6%9C%AC/PandaX_candidate_v9_blindtest/apply_grouped_physics_v9.py
99_归档与缓存/历史模型与材料/盲测旧版本/PandaX_candidate_v9_blindtest/environment.yml,175,569de2e09faa808a59508734f2c58934962748f5,https://github.com/zihengfan07/PandaX4T-Energy-Reconstruction/blob/e98ca8445220d948650019bedcded83c6909d856/99_%E5%BD%92%E6%A1%A3%E4%B8%8E%E7%BC%93%E5%AD%98/%E5%8E%86%E5%8F%B2%E6%A8%A1%E5%9E%8B%E4%B8%8E%E6%9D%90%E6%96%99/%E7%9B%B2%E6%B5%8B%E6%97%A7%E7%89%88%E6%9C%AC/PandaX_candidate_v9_blindtest/environment.yml
99_归档与缓存/历史模型与材料/盲测旧版本/PandaX_candidate_v9_blindtest/grouped_nested_physics_v9.py,32394,a1a0ca100180259ae4c65a3a7e55f3dfe52268ad,https://github.com/zihengfan07/PandaX4T-Energy-Reconstruction/blob/e98ca8445220d948650019bedcded83c6909d856/99_%E5%BD%92%E6%A1%A3%E4%B8%8E%E7%BC%93%E5%AD%98/%E5%8E%86%E5%8F%B2%E6%A8%A1%E5%9E%8B%E4%B8%8E%E6%9D%90%E6%96%99/%E7%9B%B2%E6%B5%8B%E6%97%A7%E7%89%88%E6%9C%AC/PandaX_candidate_v9_blindtest/grouped_nested_physics_v9.py
99_归档与缓存/历史模型与材料/盲测旧版本/PandaX_candidate_v9_blindtest/model/candidate_v9_manifest.json,644,e8e70476205209e254c92ad2d95ef74cc03cfd59,https://github.com/zihengfan07/PandaX4T-Energy-Reconstruction/blob/e98ca8445220d948650019bedcded83c6909d856/99_%E5%BD%92%E6%A1%A3%E4%B8%8E%E7%BC%93%E5%AD%98/%E5%8E%86%E5%8F%B2%E6%A8%A1%E5%9E%8B%E4%B8%8E%E6%9D%90%E6%96%99/%E7%9B%B2%E6%B5%8B%E6%97%A7%E7%89%88%E6%9C%AC/PandaX_candidate_v9_blindtest/model/candidate_v9_manifest.json
99_归档与缓存/历史模型与材料/盲测旧版本/PandaX_candidate_v9_blindtest/requirements.txt,76,90e810e81d5f8c47c5646e2bf455dcaf5eb5c68f,https://github.com/zihengfan07/PandaX4T-Energy-Reconstruction/blob/e98ca8445220d948650019bedcded83c6909d856/99_%E5%BD%92%E6%A1%A3%E4%B8%8E%E7%BC%93%E5%AD%98/%E5%8E%86%E5%8F%B2%E6%A8%A1%E5%9E%8B%E4%B8%8E%E6%9D%90%E6%96%99/%E7%9B%B2%E6%B5%8B%E6%97%A7%E7%89%88%E6%9C%AC/PandaX_candidate_v9_blindtest/requirements.txt
99_归档与缓存/历史模型与材料/盲测旧版本/PandaX_candidate_v9_blindtest/run_validation.bat,480,8624c67ef7a09af19c75160d210a622a9f5dce3c,https://github.com/zihengfan07/PandaX4T-Energy-Reconstruction/blob/e98ca8445220d948650019bedcded83c6909d856/99_%E5%BD%92%E6%A1%A3%E4%B8%8E%E7%BC%93%E5%AD%98/%E5%8E%86%E5%8F%B2%E6%A8%A1%E5%9E%8B%E4%B8%8E%E6%9D%90%E6%96%99/%E7%9B%B2%E6%B5%8B%E6%97%A7%E7%89%88%E6%9C%AC/PandaX_candidate_v9_blindtest/run_validation.bat
99_归档与缓存/历史模型与材料/盲测旧版本/PandaX_candidate_v9_blindtest/run_validation.sh,481,5bc284cfc3fde7c920ad634bfb4d884ffa849c5c,https://github.com/zihengfan07/PandaX4T-Energy-Reconstruction/blob/e98ca8445220d948650019bedcded83c6909d856/99_%E5%BD%92%E6%A1%A3%E4%B8%8E%E7%BC%93%E5%AD%98/%E5%8E%86%E5%8F%B2%E6%A8%A1%E5%9E%8B%E4%B8%8E%E6%9D%90%E6%96%99/%E7%9B%B2%E6%B5%8B%E6%97%A7%E7%89%88%E6%9C%AC/PandaX_candidate_v9_blindtest/run_validation.sh
99_归档与缓存/历史模型与材料/盲测旧版本/归档_勿发送/README.md,658,30e8a8a2cdcd290dd1353fc38a1e252eb0abec8b,https://github.com/zihengfan07/PandaX4T-Energy-Reconstruction/blob/e98ca8445220d948650019bedcded83c6909d856/99_%E5%BD%92%E6%A1%A3%E4%B8%8E%E7%BC%93%E5%AD%98/%E5%8E%86%E5%8F%B2%E6%A8%A1%E5%9E%8B%E4%B8%8E%E6%9D%90%E6%96%99/%E7%9B%B2%E6%B5%8B%E6%97%A7%E7%89%88%E6%9C%AC/%E5%BD%92%E6%A1%A3_%E5%8B%BF%E5%8F%91%E9%80%81/README.md
99_归档与缓存/历史模型与材料/盲测旧版本/老师盲测包/README_老师使用说明.md,2692,a2dc8a3328df58737059bac42c661fdbddf13b65,https://github.com/zihengfan07/PandaX4T-Energy-Reconstruction/blob/e98ca8445220d948650019bedcded83c6909d856/99_%E5%BD%92%E6%A1%A3%E4%B8%8E%E7%BC%93%E5%AD%98/%E5%8E%86%E5%8F%B2%E6%A8%A1%E5%9E%8B%E4%B8%8E%E6%9D%90%E6%96%99/%E7%9B%B2%E6%B5%8B%E6%97%A7%E7%89%88%E6%9C%AC/%E8%80%81%E5%B8%88%E7%9B%B2%E6%B5%8B%E5%8C%85/README_%E8%80%81%E5%B8%88%E4%BD%BF%E7%94%A8%E8%AF%B4%E6%98%8E.md
99_归档与缓存/历史模型与材料/盲测旧版本/老师盲测包/environment.yml,175,569de2e09faa808a59508734f2c58934962748f5,https://github.com/zihengfan07/PandaX4T-Energy-Reconstruction/blob/e98ca8445220d948650019bedcded83c6909d856/99_%E5%BD%92%E6%A1%A3%E4%B8%8E%E7%BC%93%E5%AD%98/%E5%8E%86%E5%8F%B2%E6%A8%A1%E5%9E%8B%E4%B8%8E%E6%9D%90%E6%96%99/%E7%9B%B2%E6%B5%8B%E6%97%A7%E7%89%88%E6%9C%AC/%E8%80%81%E5%B8%88%E7%9B%B2%E6%B5%8B%E5%8C%85/environment.yml
99_归档与缓存/历史模型与材料/盲测旧版本/老师盲测包/full_feature_sigma_search.py,22482,9784a46c925ce395ad92f123a1a17161dc8f8732,https://github.com/zihengfan07/PandaX4T-Energy-Reconstruction/blob/e98ca8445220d948650019bedcded83c6909d856/99_%E5%BD%92%E6%A1%A3%E4%B8%8E%E7%BC%93%E5%AD%98/%E5%8E%86%E5%8F%B2%E6%A8%A1%E5%9E%8B%E4%B8%8E%E6%9D%90%E6%96%99/%E7%9B%B2%E6%B5%8B%E6%97%A7%E7%89%88%E6%9C%AC/%E8%80%81%E5%B8%88%E7%9B%B2%E6%B5%8B%E5%8C%85/full_feature_sigma_search.py
99_归档与缓存/历史模型与材料/盲测旧版本/老师盲测包/model/candidate_v8.json,393,43647056ed8a6b80be3638b6b17f049da8171d61,https://github.com/zihengfan07/PandaX4T-Energy-Reconstruction/blob/e98ca8445220d948650019bedcded83c6909d856/99_%E5%BD%92%E6%A1%A3%E4%B8%8E%E7%BC%93%E5%AD%98/%E5%8E%86%E5%8F%B2%E6%A8%A1%E5%9E%8B%E4%B8%8E%E6%9D%90%E6%96%99/%E7%9B%B2%E6%B5%8B%E6%97%A7%E7%89%88%E6%9C%AC/%E8%80%81%E5%B8%88%E7%9B%B2%E6%B5%8B%E5%8C%85/model/candidate_v8.json
99_归档与缓存/历史模型与材料/盲测旧版本/老师盲测包/repeated_oof_ensemble_sigma.py,13152,b045231e5feeae20b3af556cf7f5b109c77e8184,https://github.com/zihengfan07/PandaX4T-Energy-Reconstruction/blob/e98ca8445220d948650019bedcded83c6909d856/99_%E5%BD%92%E6%A1%A3%E4%B8%8E%E7%BC%93%E5%AD%98/%E5%8E%86%E5%8F%B2%E6%A8%A1%E5%9E%8B%E4%B8%8E%E6%9D%90%E6%96%99/%E7%9B%B2%E6%B5%8B%E6%97%A7%E7%89%88%E6%9C%AC/%E8%80%81%E5%B8%88%E7%9B%B2%E6%B5%8B%E5%8C%85/repeated_oof_ensemble_sigma.py
99_归档与缓存/历史模型与材料/盲测旧版本/老师盲测包/requirements.txt,76,90e810e81d5f8c47c5646e2bf455dcaf5eb5c68f,https://github.com/zihengfan07/PandaX4T-Energy-Reconstruction/blob/e98ca8445220d948650019bedcded83c6909d856/99_%E5%BD%92%E6%A1%A3%E4%B8%8E%E7%BC%93%E5%AD%98/%E5%8E%86%E5%8F%B2%E6%A8%A1%E5%9E%8B%E4%B8%8E%E6%9D%90%E6%96%99/%E7%9B%B2%E6%B5%8B%E6%97%A7%E7%89%88%E6%9C%AC/%E8%80%81%E5%B8%88%E7%9B%B2%E6%B5%8B%E5%8C%85/requirements.txt
99_归档与缓存/历史模型与材料/盲测旧版本/老师盲测包/run_validation.bat,194,3e521db943b79c2648c9791667fd88eade6a7827,https://github.com/zihengfan07/PandaX4T-Energy-Reconstruction/blob/e98ca8445220d948650019bedcded83c6909d856/99_%E5%BD%92%E6%A1%A3%E4%B8%8E%E7%BC%93%E5%AD%98/%E5%8E%86%E5%8F%B2%E6%A8%A1%E5%9E%8B%E4%B8%8E%E6%9D%90%E6%96%99/%E7%9B%B2%E6%B5%8B%E6%97%A7%E7%89%88%E6%9C%AC/%E8%80%81%E5%B8%88%E7%9B%B2%E6%B5%8B%E5%8C%85/run_validation.bat
99_归档与缓存/历史模型与材料/盲测旧版本/老师盲测包/run_validation.sh,243,c9692523d18289a75880c7c3fe3f88f74a352efe,https://github.com/zihengfan07/PandaX4T-Energy-Reconstruction/blob/e98ca8445220d948650019bedcded83c6909d856/99_%E5%BD%92%E6%A1%A3%E4%B8%8E%E7%BC%93%E5%AD%98/%E5%8E%86%E5%8F%B2%E6%A8%A1%E5%9E%8B%E4%B8%8E%E6%9D%90%E6%96%99/%E7%9B%B2%E6%B5%8B%E6%97%A7%E7%89%88%E6%9C%AC/%E8%80%81%E5%B8%88%E7%9B%B2%E6%B5%8B%E5%8C%85/run_validation.sh
99_归档与缓存/历史模型与材料/盲测旧版本/老师盲测包/validate_new_data.py,6432,f9e4e4101807f8bc024797b5467715d1d9720be2,https://github.com/zihengfan07/PandaX4T-Energy-Reconstruction/blob/e98ca8445220d948650019bedcded83c6909d856/99_%E5%BD%92%E6%A1%A3%E4%B8%8E%E7%BC%93%E5%AD%98/%E5%8E%86%E5%8F%B2%E6%A8%A1%E5%9E%8B%E4%B8%8E%E6%9D%90%E6%96%99/%E7%9B%B2%E6%B5%8B%E6%97%A7%E7%89%88%E6%9C%AC/%E8%80%81%E5%B8%88%E7%9B%B2%E6%B5%8B%E5%8C%85/validate_new_data.py
99_归档与缓存/历史模型与材料/盲测旧版本/老师盲测包_v9/MODEL_CARD.md,1580,3cf28d12bafad9f26b88e0602063ac3c23cb0df2,https://github.com/zihengfan07/PandaX4T-Energy-Reconstruction/blob/e98ca8445220d948650019bedcded83c6909d856/99_%E5%BD%92%E6%A1%A3%E4%B8%8E%E7%BC%93%E5%AD%98/%E5%8E%86%E5%8F%B2%E6%A8%A1%E5%9E%8B%E4%B8%8E%E6%9D%90%E6%96%99/%E7%9B%B2%E6%B5%8B%E6%97%A7%E7%89%88%E6%9C%AC/%E8%80%81%E5%B8%88%E7%9B%B2%E6%B5%8B%E5%8C%85_v9/MODEL_CARD.md
99_归档与缓存/历史模型与材料/盲测旧版本/老师盲测包_v9/README_老师使用说明.md,2808,3d78f62f68ee519f779814348342816ecf186203,https://github.com/zihengfan07/PandaX4T-Energy-Reconstruction/blob/e98ca8445220d948650019bedcded83c6909d856/99_%E5%BD%92%E6%A1%A3%E4%B8%8E%E7%BC%93%E5%AD%98/%E5%8E%86%E5%8F%B2%E6%A8%A1%E5%9E%8B%E4%B8%8E%E6%9D%90%E6%96%99/%E7%9B%B2%E6%B5%8B%E6%97%A7%E7%89%88%E6%9C%AC/%E8%80%81%E5%B8%88%E7%9B%B2%E6%B5%8B%E5%8C%85_v9/README_%E8%80%81%E5%B8%88%E4%BD%BF%E7%94%A8%E8%AF%B4%E6%98%8E.md
99_归档与缓存/历史模型与材料/盲测旧版本/老师盲测包_v9/apply_grouped_physics_v9.py,4313,138b0139bf53689b6c9ba6305f1fdad9f67d2704,https://github.com/zihengfan07/PandaX4T-Energy-Reconstruction/blob/e98ca8445220d948650019bedcded83c6909d856/99_%E5%BD%92%E6%A1%A3%E4%B8%8E%E7%BC%93%E5%AD%98/%E5%8E%86%E5%8F%B2%E6%A8%A1%E5%9E%8B%E4%B8%8E%E6%9D%90%E6%96%99/%E7%9B%B2%E6%B5%8B%E6%97%A7%E7%89%88%E6%9C%AC/%E8%80%81%E5%B8%88%E7%9B%B2%E6%B5%8B%E5%8C%85_v9/apply_grouped_physics_v9.py
99_归档与缓存/历史模型与材料/盲测旧版本/老师盲测包_v9/environment.yml,175,569de2e09faa808a59508734f2c58934962748f5,https://github.com/zihengfan07/PandaX4T-Energy-Reconstruction/blob/e98ca8445220d948650019bedcded83c6909d856/99_%E5%BD%92%E6%A1%A3%E4%B8%8E%E7%BC%93%E5%AD%98/%E5%8E%86%E5%8F%B2%E6%A8%A1%E5%9E%8B%E4%B8%8E%E6%9D%90%E6%96%99/%E7%9B%B2%E6%B5%8B%E6%97%A7%E7%89%88%E6%9C%AC/%E8%80%81%E5%B8%88%E7%9B%B2%E6%B5%8B%E5%8C%85_v9/environment.yml
99_归档与缓存/历史模型与材料/盲测旧版本/老师盲测包_v9/grouped_nested_physics_v9.py,32394,a1a0ca100180259ae4c65a3a7e55f3dfe52268ad,https://github.com/zihengfan07/PandaX4T-Energy-Reconstruction/blob/e98ca8445220d948650019bedcded83c6909d856/99_%E5%BD%92%E6%A1%A3%E4%B8%8E%E7%BC%93%E5%AD%98/%E5%8E%86%E5%8F%B2%E6%A8%A1%E5%9E%8B%E4%B8%8E%E6%9D%90%E6%96%99/%E7%9B%B2%E6%B5%8B%E6%97%A7%E7%89%88%E6%9C%AC/%E8%80%81%E5%B8%88%E7%9B%B2%E6%B5%8B%E5%8C%85_v9/grouped_nested_physics_v9.py
99_归档与缓存/历史模型与材料/盲测旧版本/老师盲测包_v9/model/candidate_v9_manifest.json,644,e8e70476205209e254c92ad2d95ef74cc03cfd59,https://github.com/zihengfan07/PandaX4T-Energy-Reconstruction/blob/e98ca8445220d948650019bedcded83c6909d856/99_%E5%BD%92%E6%A1%A3%E4%B8%8E%E7%BC%93%E5%AD%98/%E5%8E%86%E5%8F%B2%E6%A8%A1%E5%9E%8B%E4%B8%8E%E6%9D%90%E6%96%99/%E7%9B%B2%E6%B5%8B%E6%97%A7%E7%89%88%E6%9C%AC/%E8%80%81%E5%B8%88%E7%9B%B2%E6%B5%8B%E5%8C%85_v9/model/candidate_v9_manifest.json
99_归档与缓存/历史模型与材料/盲测旧版本/老师盲测包_v9/requirements.txt,76,90e810e81d5f8c47c5646e2bf455dcaf5eb5c68f,https://github.com/zihengfan07/PandaX4T-Energy-Reconstruction/blob/e98ca8445220d948650019bedcded83c6909d856/99_%E5%BD%92%E6%A1%A3%E4%B8%8E%E7%BC%93%E5%AD%98/%E5%8E%86%E5%8F%B2%E6%A8%A1%E5%9E%8B%E4%B8%8E%E6%9D%90%E6%96%99/%E7%9B%B2%E6%B5%8B%E6%97%A7%E7%89%88%E6%9C%AC/%E8%80%81%E5%B8%88%E7%9B%B2%E6%B5%8B%E5%8C%85_v9/requirements.txt
99_归档与缓存/历史模型与材料/盲测旧版本/老师盲测包_v9/run_validation.bat,480,8624c67ef7a09af19c75160d210a622a9f5dce3c,https://github.com/zihengfan07/PandaX4T-Energy-Reconstruction/blob/e98ca8445220d948650019bedcded83c6909d856/99_%E5%BD%92%E6%A1%A3%E4%B8%8E%E7%BC%93%E5%AD%98/%E5%8E%86%E5%8F%B2%E6%A8%A1%E5%9E%8B%E4%B8%8E%E6%9D%90%E6%96%99/%E7%9B%B2%E6%B5%8B%E6%97%A7%E7%89%88%E6%9C%AC/%E8%80%81%E5%B8%88%E7%9B%B2%E6%B5%8B%E5%8C%85_v9/run_validation.bat
99_归档与缓存/历史模型与材料/盲测旧版本/老师盲测包_v9/run_validation.sh,481,5bc284cfc3fde7c920ad634bfb4d884ffa849c5c,https://github.com/zihengfan07/PandaX4T-Energy-Reconstruction/blob/e98ca8445220d948650019bedcded83c6909d856/99_%E5%BD%92%E6%A1%A3%E4%B8%8E%E7%BC%93%E5%AD%98/%E5%8E%86%E5%8F%B2%E6%A8%A1%E5%9E%8B%E4%B8%8E%E6%9D%90%E6%96%99/%E7%9B%B2%E6%B5%8B%E6%97%A7%E7%89%88%E6%9C%AC/%E8%80%81%E5%B8%88%E7%9B%B2%E6%B5%8B%E5%8C%85_v9/run_validation.sh
README.md,5597,6a31b1886311967bb180eeb8beeb14175dc66db7,https://github.com/zihengfan07/PandaX4T-Energy-Reconstruction/blob/e98ca8445220d948650019bedcded83c6909d856/README.md
README_项目导航.md,2855,cde3fa97d96f83a86bd167298ef4836157333627,https://github.com/zihengfan07/PandaX4T-Energy-Reconstruction/blob/e98ca8445220d948650019bedcded83c6909d856/README_%E9%A1%B9%E7%9B%AE%E5%AF%BC%E8%88%AA.md
docs/DATA_AND_RELEASE_SCOPE.md,2274,9d9df67af6b5cd67f94f72186588393bb705495f,https://github.com/zihengfan07/PandaX4T-Energy-Reconstruction/blob/e98ca8445220d948650019bedcded83c6909d856/docs/DATA_AND_RELEASE_SCOPE.md
docs/PUBLIC_MANIFEST.json,100191,48b5cf144177ede62f6f47dba92406a1c2fd0a85,https://github.com/zihengfan07/PandaX4T-Energy-Reconstruction/blob/e98ca8445220d948650019bedcded83c6909d856/docs/PUBLIC_MANIFEST.json
docs/REPORTS.md,4124,760803f42d6758a6e203a92e86db4bd36eda7cb1,https://github.com/zihengfan07/PandaX4T-Energy-Reconstruction/blob/e98ca8445220d948650019bedcded83c6909d856/docs/REPORTS.md
docs/REPRODUCIBILITY.md,4062,04b817daf7d7930ab96340a903d396cbbf8fb542,https://github.com/zihengfan07/PandaX4T-Energy-Reconstruction/blob/e98ca8445220d948650019bedcded83c6909d856/docs/REPRODUCIBILITY.md
docs/RESEARCH_HISTORY.md,3890,7091f3b9cc6fe5e164201747cbfd76da99b40feb,https://github.com/zihengfan07/PandaX4T-Energy-Reconstruction/blob/e98ca8445220d948650019bedcded83c6909d856/docs/RESEARCH_HISTORY.md
docs/VALIDATION.md,1115,6bb7d1ce74e49315ca43c700d643fc7d3ece86e4,https://github.com/zihengfan07/PandaX4T-Energy-Reconstruction/blob/e98ca8445220d948650019bedcded83c6909d856/docs/VALIDATION.md
docs/excluded_files.json,65517,78636dc683ee3be346307de6d9b93d47c1b4e8c8,https://github.com/zihengfan07/PandaX4T-Energy-Reconstruction/blob/e98ca8445220d948650019bedcded83c6909d856/docs/excluded_files.json
docs/source_inventory.json,108440,8427b531fc54a62a175e3e5c84308b51fc851f0f,https://github.com/zihengfan07/PandaX4T-Energy-Reconstruction/blob/e98ca8445220d948650019bedcded83c6909d856/docs/source_inventory.json
energy_resolution_analysis/DATA_REQUEST.md,1473,113cd7f437e2fc4580506cc58c28c074d7836a26,https://github.com/zihengfan07/PandaX4T-Energy-Reconstruction/blob/e98ca8445220d948650019bedcded83c6909d856/energy_resolution_analysis/DATA_REQUEST.md
energy_resolution_analysis/INDEPENDENT_PROTOCOL.md,3182,a39cce481956ca468b387288178b3a231ad0f514,https://github.com/zihengfan07/PandaX4T-Energy-Reconstruction/blob/e98ca8445220d948650019bedcded83c6909d856/energy_resolution_analysis/INDEPENDENT_PROTOCOL.md
energy_resolution_analysis/INDEPENDENT_REPORT.md,3069,f741c3770af96442c3fe9d5991882b04fcbf90b0,https://github.com/zihengfan07/PandaX4T-Energy-Reconstruction/blob/e98ca8445220d948650019bedcded83c6909d856/energy_resolution_analysis/INDEPENDENT_REPORT.md
energy_resolution_analysis/README.md,3053,07f4d5546b3902edafd377b67a1e469142077093,https://github.com/zihengfan07/PandaX4T-Energy-Reconstruction/blob/e98ca8445220d948650019bedcded83c6909d856/energy_resolution_analysis/README.md
energy_resolution_analysis/analyze_v12_results.py,4667,fb0c977521fed2493538f5e8fa25d72e1992fe5f,https://github.com/zihengfan07/PandaX4T-Energy-Reconstruction/blob/e98ca8445220d948650019bedcded83c6909d856/energy_resolution_analysis/analyze_v12_results.py
energy_resolution_analysis/anchored_energycor_v13.py,11657,eb639162ad695e7f65c7eb2dd617afb56af6e2d9,https://github.com/zihengfan07/PandaX4T-Energy-Reconstruction/blob/e98ca8445220d948650019bedcded83c6909d856/energy_resolution_analysis/anchored_energycor_v13.py
energy_resolution_analysis/anchored_smallmodels_v14.py,14441,1ff905e57b89c07047a78fa17002c6af2e56a3a5,https://github.com/zihengfan07/PandaX4T-Energy-Reconstruction/blob/e98ca8445220d948650019bedcded83c6909d856/energy_resolution_analysis/anchored_smallmodels_v14.py
energy_resolution_analysis/archive/2026-07-17_fileNumber_version/README_已废止.md,807,56d0482dcb2bd9a1b1b75a2119da46638a50a8bb,https://github.com/zihengfan07/PandaX4T-Energy-Reconstruction/blob/e98ca8445220d948650019bedcded83c6909d856/energy_resolution_analysis/archive/2026-07-17_fileNumber_version/README_%E5%B7%B2%E5%BA%9F%E6%AD%A2.md
energy_resolution_analysis/archive/2026-07-17_fileNumber_version/basic_matrix_outputs/README.md,3768,9b5221421e718b52100fba7b35e3c8063d3b26bd,https://github.com/zihengfan07/PandaX4T-Energy-Reconstruction/blob/e98ca8445220d948650019bedcded83c6909d856/energy_resolution_analysis/archive/2026-07-17_fileNumber_version/basic_matrix_outputs/README.md
energy_resolution_analysis/archive/2026-07-17_fileNumber_version/basic_matrix_outputs/file_drift_diagnostic.png,249787,aed6aca219e469cfbb093828cd3a9bfd5d1633a7,https://github.com/zihengfan07/PandaX4T-Energy-Reconstruction/blob/e98ca8445220d948650019bedcded83c6909d856/energy_resolution_analysis/archive/2026-07-17_fileNumber_version/basic_matrix_outputs/file_drift_diagnostic.png
energy_resolution_analysis/archive/2026-07-17_fileNumber_version/basic_matrix_outputs/fold_metrics.csv,23066,086fb36864282fdef09d8292f728d985981dd27d,https://github.com/zihengfan07/PandaX4T-Energy-Reconstruction/blob/e98ca8445220d948650019bedcded83c6909d856/energy_resolution_analysis/archive/2026-07-17_fileNumber_version/basic_matrix_outputs/fold_metrics.csv
energy_resolution_analysis/archive/2026-07-17_fileNumber_version/basic_matrix_outputs/fold_stability.png,173966,a652d413d90f6c8ebef1b2847f6a49dab367a279,https://github.com/zihengfan07/PandaX4T-Energy-Reconstruction/blob/e98ca8445220d948650019bedcded83c6909d856/energy_resolution_analysis/archive/2026-07-17_fileNumber_version/basic_matrix_outputs/fold_stability.png
energy_resolution_analysis/archive/2026-07-17_fileNumber_version/basic_matrix_outputs/inner_candidate_scores.csv,128611,4d31ab95f06043f6ac5157b27aad5dbf16256eeb,https://github.com/zihengfan07/PandaX4T-Energy-Reconstruction/blob/e98ca8445220d948650019bedcded83c6909d856/energy_resolution_analysis/archive/2026-07-17_fileNumber_version/basic_matrix_outputs/inner_candidate_scores.csv
energy_resolution_analysis/archive/2026-07-17_fileNumber_version/basic_matrix_outputs/inner_selection.csv,6930,e342dda8c5866754d360b9ad7c4ecf8d7f290415,https://github.com/zihengfan07/PandaX4T-Energy-Reconstruction/blob/e98ca8445220d948650019bedcded83c6909d856/energy_resolution_analysis/archive/2026-07-17_fileNumber_version/basic_matrix_outputs/inner_selection.csv
energy_resolution_analysis/archive/2026-07-17_fileNumber_version/basic_matrix_outputs/metadata.json,3811,fba6b8bbe41ef765b806fd64063cbd8cc7c058c9,https://github.com/zihengfan07/PandaX4T-Energy-Reconstruction/blob/e98ca8445220d948650019bedcded83c6909d856/energy_resolution_analysis/archive/2026-07-17_fileNumber_version/basic_matrix_outputs/metadata.json
energy_resolution_analysis/archive/2026-07-17_fileNumber_version/basic_matrix_outputs/method_matrix.png,167328,8a6241dce9f9499c2fbaf5517e4c4db099ac9393,https://github.com/zihengfan07/PandaX4T-Energy-Reconstruction/blob/e98ca8445220d948650019bedcded83c6909d856/energy_resolution_analysis/archive/2026-07-17_fileNumber_version/basic_matrix_outputs/method_matrix.png
energy_resolution_analysis/archive/2026-07-17_fileNumber_version/basic_matrix_outputs/paired_file_bootstrap.csv,350588,766bd37407ee078518b115227783745bb563fb6f,https://github.com/zihengfan07/PandaX4T-Energy-Reconstruction/blob/e98ca8445220d948650019bedcded83c6909d856/energy_resolution_analysis/archive/2026-07-17_fileNumber_version/basic_matrix_outputs/paired_file_bootstrap.csv
energy_resolution_analysis/archive/2026-07-17_fileNumber_version/basic_matrix_outputs/paired_file_bootstrap_summary.csv,1268,daf602e7184027d2de33215f6d2c328e501dcf82,https://github.com/zihengfan07/PandaX4T-Energy-Reconstruction/blob/e98ca8445220d948650019bedcded83c6909d856/energy_resolution_analysis/archive/2026-07-17_fileNumber_version/basic_matrix_outputs/paired_file_bootstrap_summary.csv
energy_resolution_analysis/archive/2026-07-17_fileNumber_version/basic_matrix_outputs/robust_peak_corrected_gof.json,6609,13953c53a3b53698a5cb8e58b9c039f494a4266a,https://github.com/zihengfan07/PandaX4T-Energy-Reconstruction/blob/e98ca8445220d948650019bedcded83c6909d856/energy_resolution_analysis/archive/2026-07-17_fileNumber_version/basic_matrix_outputs/robust_peak_corrected_gof.json
energy_resolution_analysis/archive/2026-07-17_fileNumber_version/basic_matrix_outputs/robust_peak_screen.json,28387,2e1011d8add9dfe3fb92a737b7936ca13c6732f2,https://github.com/zihengfan07/PandaX4T-Energy-Reconstruction/blob/e98ca8445220d948650019bedcded83c6909d856/energy_resolution_analysis/archive/2026-07-17_fileNumber_version/basic_matrix_outputs/robust_peak_screen.json
energy_resolution_analysis/archive/2026-07-17_fileNumber_version/basic_matrix_outputs/summary_metrics.csv,4039,45d35a5c64b603666df3b75752ae0b2ed544c30b,https://github.com/zihengfan07/PandaX4T-Energy-Reconstruction/blob/e98ca8445220d948650019bedcded83c6909d856/energy_resolution_analysis/archive/2026-07-17_fileNumber_version/basic_matrix_outputs/summary_metrics.csv
energy_resolution_analysis/archive/2026-07-17_fileNumber_version/basic_matrix_outputs/weight_selection.png,84512,3bdff28fc146fbeaa33dbe1a0584352e2923b2c0,https://github.com/zihengfan07/PandaX4T-Energy-Reconstruction/blob/e98ca8445220d948650019bedcded83c6909d856/energy_resolution_analysis/archive/2026-07-17_fileNumber_version/basic_matrix_outputs/weight_selection.png
energy_resolution_analysis/archive/2026-07-17_fileNumber_version/channel_physics_outputs/REPORT.md,2721,c4ae0c183a454665af81dd3c1f11a0374bfe1437,https://github.com/zihengfan07/PandaX4T-Energy-Reconstruction/blob/e98ca8445220d948650019bedcded83c6909d856/energy_resolution_analysis/archive/2026-07-17_fileNumber_version/channel_physics_outputs/REPORT.md
energy_resolution_analysis/archive/2026-07-17_fileNumber_version/channel_physics_outputs/channel_physics_matrix.png,124634,e6425d8ea57f9b63f39f6a50533543bf01319111,https://github.com/zihengfan07/PandaX4T-Energy-Reconstruction/blob/e98ca8445220d948650019bedcded83c6909d856/energy_resolution_analysis/archive/2026-07-17_fileNumber_version/channel_physics_outputs/channel_physics_matrix.png
energy_resolution_analysis/archive/2026-07-17_fileNumber_version/channel_physics_outputs/fold_metrics.csv,13474,196785dbf56c81c0f67509b4321feeff9498e247,https://github.com/zihengfan07/PandaX4T-Energy-Reconstruction/blob/e98ca8445220d948650019bedcded83c6909d856/energy_resolution_analysis/archive/2026-07-17_fileNumber_version/channel_physics_outputs/fold_metrics.csv
energy_resolution_analysis/archive/2026-07-17_fileNumber_version/channel_physics_outputs/inner_alpha_scans.csv,122035,49c320d83ca3d5481621e39a6787b93c9ed46e0c,https://github.com/zihengfan07/PandaX4T-Energy-Reconstruction/blob/e98ca8445220d948650019bedcded83c6909d856/energy_resolution_analysis/archive/2026-07-17_fileNumber_version/channel_physics_outputs/inner_alpha_scans.csv
energy_resolution_analysis/archive/2026-07-17_fileNumber_version/channel_physics_outputs/oof_response_diagnostics.csv,23923,0bc781ee38f94d0736016ef90200d92cdb776f7a,https://github.com/zihengfan07/PandaX4T-Energy-Reconstruction/blob/e98ca8445220d948650019bedcded83c6909d856/energy_resolution_analysis/archive/2026-07-17_fileNumber_version/channel_physics_outputs/oof_response_diagnostics.csv
energy_resolution_analysis/archive/2026-07-17_fileNumber_version/channel_physics_outputs/paired_file_bootstrap_summary.csv,3645,34cd7005544e99338030b0e75858cf93497cc806,https://github.com/zihengfan07/PandaX4T-Energy-Reconstruction/blob/e98ca8445220d948650019bedcded83c6909d856/energy_resolution_analysis/archive/2026-07-17_fileNumber_version/channel_physics_outputs/paired_file_bootstrap_summary.csv
energy_resolution_analysis/archive/2026-07-17_fileNumber_version/channel_physics_outputs/robust_peak_corrected_gof.json,6628,0ead40a876e8caa5a7a3691223383161825a15f6,https://github.com/zihengfan07/PandaX4T-Energy-Reconstruction/blob/e98ca8445220d948650019bedcded83c6909d856/energy_resolution_analysis/archive/2026-07-17_fileNumber_version/channel_physics_outputs/robust_peak_corrected_gof.json
energy_resolution_analysis/archive/2026-07-17_fileNumber_version/channel_physics_outputs/robust_peak_screen.json,28418,be144b7758c0689d5e2642a0fe2cbea7c82efda2,https://github.com/zihengfan07/PandaX4T-Energy-Reconstruction/blob/e98ca8445220d948650019bedcded83c6909d856/energy_resolution_analysis/archive/2026-07-17_fileNumber_version/channel_physics_outputs/robust_peak_screen.json
energy_resolution_analysis/archive/2026-07-17_fileNumber_version/channel_physics_outputs/summary.csv,6334,49ac788a89b2478b1dfd8432e9e6a4bc31a38852,https://github.com/zihengfan07/PandaX4T-Energy-Reconstruction/blob/e98ca8445220d948650019bedcded83c6909d856/energy_resolution_analysis/archive/2026-07-17_fileNumber_version/channel_physics_outputs/summary.csv
energy_resolution_analysis/archive/2026-07-17_fileNumber_version/channel_physics_outputs/summary.json,370948,7e0b60c640f3baa930da28d6bd3174abd2f6b34e,https://github.com/zihengfan07/PandaX4T-Energy-Reconstruction/blob/e98ca8445220d948650019bedcded83c6909d856/energy_resolution_analysis/archive/2026-07-17_fileNumber_version/channel_physics_outputs/summary.json
energy_resolution_analysis/archive/2026-07-17_fileNumber_version/historical_early_pipeline/REPORT.md,8941,b8ac1a7a051c039c537d12becaff639083cb52cb,https://github.com/zihengfan07/PandaX4T-Energy-Reconstruction/blob/e98ca8445220d948650019bedcded83c6909d856/energy_resolution_analysis/archive/2026-07-17_fileNumber_version/historical_early_pipeline/REPORT.md
energy_resolution_analysis/archive/2026-07-17_fileNumber_version/historical_early_pipeline/independent_reconstruction.py,12699,720a7fef00b2af4b6b7d6e82d38c34a42fecd14f,https://github.com/zihengfan07/PandaX4T-Energy-Reconstruction/blob/e98ca8445220d948650019bedcded83c6909d856/energy_resolution_analysis/archive/2026-07-17_fileNumber_version/historical_early_pipeline/independent_reconstruction.py
energy_resolution_analysis/archive/2026-07-17_fileNumber_version/historical_early_pipeline/outputs/README_SUPERSEDED.md,877,598bd4bde68feb09602b90ae009985fed749cce5,https://github.com/zihengfan07/PandaX4T-Energy-Reconstruction/blob/e98ca8445220d948650019bedcded83c6909d856/energy_resolution_analysis/archive/2026-07-17_fileNumber_version/historical_early_pipeline/outputs/README_SUPERSEDED.md
energy_resolution_analysis/archive/2026-07-17_fileNumber_version/historical_early_pipeline/outputs/alpha_scans.csv,55332,1138a3c6ea9cc26c5ae46342f01c8f16e8edbf23,https://github.com/zihengfan07/PandaX4T-Energy-Reconstruction/blob/e98ca8445220d948650019bedcded83c6909d856/energy_resolution_analysis/archive/2026-07-17_fileNumber_version/historical_early_pipeline/outputs/alpha_scans.csv
energy_resolution_analysis/archive/2026-07-17_fileNumber_version/historical_early_pipeline/outputs/branch_equivalence_checks.csv,294,d794265c851cf817a8d1886fd7ff629228a989df,https://github.com/zihengfan07/PandaX4T-Energy-Reconstruction/blob/e98ca8445220d948650019bedcded83c6909d856/energy_resolution_analysis/archive/2026-07-17_fileNumber_version/historical_early_pipeline/outputs/branch_equivalence_checks.csv
energy_resolution_analysis/archive/2026-07-17_fileNumber_version/historical_early_pipeline/outputs/cut_flag_audit.csv,442,2c0e941c1ecab5abcb5d44f2ef272e4e3d5c840f,https://github.com/zihengfan07/PandaX4T-Energy-Reconstruction/blob/e98ca8445220d948650019bedcded83c6909d856/energy_resolution_analysis/archive/2026-07-17_fileNumber_version/historical_early_pipeline/outputs/cut_flag_audit.csv
energy_resolution_analysis/archive/2026-07-17_fileNumber_version/historical_early_pipeline/outputs/exploratory_nuisance_validation.csv,1300,8b23c5874f858095598645eaea304c6a66cb41e8,https://github.com/zihengfan07/PandaX4T-Energy-Reconstruction/blob/e98ca8445220d948650019bedcded83c6909d856/energy_resolution_analysis/archive/2026-07-17_fileNumber_version/historical_early_pipeline/outputs/exploratory_nuisance_validation.csv
energy_resolution_analysis/archive/2026-07-17_fileNumber_version/historical_early_pipeline/outputs/figures/01_s1_s2_dt.png,424747,1f51665ce0452cedcd0da4bbbb96b96f393848fd,https://github.com/zihengfan07/PandaX4T-Energy-Reconstruction/blob/e98ca8445220d948650019bedcded83c6909d856/energy_resolution_analysis/archive/2026-07-17_fileNumber_version/historical_early_pipeline/outputs/figures/01_s1_s2_dt.png
energy_resolution_analysis/archive/2026-07-17_fileNumber_version/historical_early_pipeline/outputs/figures/02_alpha_scan.png,176977,0a1fd3a4af08a52b0164bfa913addbc1f88e5251,https://github.com/zihengfan07/PandaX4T-Energy-Reconstruction/blob/e98ca8445220d948650019bedcded83c6909d856/energy_resolution_analysis/archive/2026-07-17_fileNumber_version/historical_early_pipeline/outputs/figures/02_alpha_scan.png
energy_resolution_analysis/archive/2026-07-17_fileNumber_version/historical_early_pipeline/outputs/figures/03_method_comparison.png,57484,e61ea74b33036a9f42915747354b5a519d31e271,https://github.com/zihengfan07/PandaX4T-Energy-Reconstruction/blob/e98ca8445220d948650019bedcded83c6909d856/energy_resolution_analysis/archive/2026-07-17_fileNumber_version/historical_early_pipeline/outputs/figures/03_method_comparison.png
energy_resolution_analysis/archive/2026-07-17_fileNumber_version/historical_early_pipeline/outputs/figures/04_test_peak_before_after.png,81763,d0e92568aa32182014aae148c421e52c5507415f,https://github.com/zihengfan07/PandaX4T-Energy-Reconstruction/blob/e98ca8445220d948650019bedcded83c6909d856/energy_resolution_analysis/archive/2026-07-17_fileNumber_version/historical_early_pipeline/outputs/figures/04_test_peak_before_after.png
energy_resolution_analysis/archive/2026-07-17_fileNumber_version/historical_early_pipeline/outputs/figures/05_time_block_stability.png,89592,f46f6bd572eb20d42d3e75f9703dc8462694a1e8,https://github.com/zihengfan07/PandaX4T-Energy-Reconstruction/blob/e98ca8445220d948650019bedcded83c6909d856/energy_resolution_analysis/archive/2026-07-17_fileNumber_version/historical_early_pipeline/outputs/figures/05_time_block_stability.png
energy_resolution_analysis/archive/2026-07-17_fileNumber_version/historical_early_pipeline/outputs/figures/06_selected_response_maps.png,80085,537b219e8f130a627980e71de680b14f32bfd75c,https://github.com/zihengfan07/PandaX4T-Energy-Reconstruction/blob/e98ca8445220d948650019bedcded83c6909d856/energy_resolution_analysis/archive/2026-07-17_fileNumber_version/historical_early_pipeline/outputs/figures/06_selected_response_maps.png
energy_resolution_analysis/archive/2026-07-17_fileNumber_version/historical_early_pipeline/outputs/figures/07_exploratory_pipeline.png,89219,b1ba1e61b256d5196b504f9ec8b6515e4f2b0ecf,https://github.com/zihengfan07/PandaX4T-Energy-Reconstruction/blob/e98ca8445220d948650019bedcded83c6909d856/energy_resolution_analysis/archive/2026-07-17_fileNumber_version/historical_early_pipeline/outputs/figures/07_exploratory_pipeline.png
energy_resolution_analysis/archive/2026-07-17_fileNumber_version/historical_early_pipeline/outputs/figures/08_nested_crossfit.png,130268,a880cc9b6977c329ddb88d635d7dfe25ddf59782,https://github.com/zihengfan07/PandaX4T-Energy-Reconstruction/blob/e98ca8445220d948650019bedcded83c6909d856/energy_resolution_analysis/archive/2026-07-17_fileNumber_version/historical_early_pipeline/outputs/figures/08_nested_crossfit.png
energy_resolution_analysis/archive/2026-07-17_fileNumber_version/historical_early_pipeline/outputs/fit_window_systematics.csv,1708,60986bb27f687e5e2bb241d8ee76e56c32e5b82e,https://github.com/zihengfan07/PandaX4T-Energy-Reconstruction/blob/e98ca8445220d948650019bedcded83c6909d856/energy_resolution_analysis/archive/2026-07-17_fileNumber_version/historical_early_pipeline/outputs/fit_window_systematics.csv
energy_resolution_analysis/archive/2026-07-17_fileNumber_version/historical_early_pipeline/outputs/method_results.csv,2930,1510dfa71d1f1a4dde4d41d3c4cacb6070891829,https://github.com/zihengfan07/PandaX4T-Energy-Reconstruction/blob/e98ca8445220d948650019bedcded83c6909d856/energy_resolution_analysis/archive/2026-07-17_fileNumber_version/historical_early_pipeline/outputs/method_results.csv
energy_resolution_analysis/archive/2026-07-17_fileNumber_version/historical_early_pipeline/outputs/nested_cv_bootstrap_documented_corrected_lifetime.csv,28651,c6d9650fc75b30d910a972a1618d96a89a0614ab,https://github.com/zihengfan07/PandaX4T-Energy-Reconstruction/blob/e98ca8445220d948650019bedcded83c6909d856/energy_resolution_analysis/archive/2026-07-17_fileNumber_version/historical_early_pipeline/outputs/nested_cv_bootstrap_documented_corrected_lifetime.csv
energy_resolution_analysis/archive/2026-07-17_fileNumber_version/historical_early_pipeline/outputs/nested_cv_bootstrap_exploratory_ub_bottom_stretch.csv,28996,7b9693501b063b1b537f564409c19b433d826d0c,https://github.com/zihengfan07/PandaX4T-Energy-Reconstruction/blob/e98ca8445220d948650019bedcded83c6909d856/energy_resolution_analysis/archive/2026-07-17_fileNumber_version/historical_early_pipeline/outputs/nested_cv_bootstrap_exploratory_ub_bottom_stretch.csv
energy_resolution_analysis/archive/2026-07-17_fileNumber_version/historical_early_pipeline/outputs/nested_cv_bootstrap_summary.csv,917,efdffe5a84cee480ab605f91d3299c5421f8b904,https://github.com/zihengfan07/PandaX4T-Energy-Reconstruction/blob/e98ca8445220d948650019bedcded83c6909d856/energy_resolution_analysis/archive/2026-07-17_fileNumber_version/historical_early_pipeline/outputs/nested_cv_bootstrap_summary.csv
energy_resolution_analysis/archive/2026-07-17_fileNumber_version/historical_early_pipeline/outputs/nested_cv_folds.csv,1446,07d136a3825e26dc5edcf65224930b9aabaa418f,https://github.com/zihengfan07/PandaX4T-Energy-Reconstruction/blob/e98ca8445220d948650019bedcded83c6909d856/energy_resolution_analysis/archive/2026-07-17_fileNumber_version/historical_early_pipeline/outputs/nested_cv_folds.csv
energy_resolution_analysis/archive/2026-07-17_fileNumber_version/historical_early_pipeline/outputs/nested_cv_summary.csv,1056,c0d667f081a47736d0c5aa5c22707f385b566557,https://github.com/zihengfan07/PandaX4T-Energy-Reconstruction/blob/e98ca8445220d948650019bedcded83c6909d856/energy_resolution_analysis/archive/2026-07-17_fileNumber_version/historical_early_pipeline/outputs/nested_cv_summary.csv
energy_resolution_analysis/archive/2026-07-17_fileNumber_version/historical_early_pipeline/outputs/nested_cv_window_systematics.csv,3732,90af663009d5e09f34eab328350a7ad3b36e3b97,https://github.com/zihengfan07/PandaX4T-Energy-Reconstruction/blob/e98ca8445220d948650019bedcded83c6909d856/energy_resolution_analysis/archive/2026-07-17_fileNumber_version/historical_early_pipeline/outputs/nested_cv_window_systematics.csv
energy_resolution_analysis/archive/2026-07-17_fileNumber_version/historical_early_pipeline/outputs/nuisance_response_maps.csv,1536,a22fcc4d55c6a856003d8e21628643aacb481827,https://github.com/zihengfan07/PandaX4T-Energy-Reconstruction/blob/e98ca8445220d948650019bedcded83c6909d856/energy_resolution_analysis/archive/2026-07-17_fileNumber_version/historical_early_pipeline/outputs/nuisance_response_maps.csv
energy_resolution_analysis/archive/2026-07-17_fileNumber_version/historical_early_pipeline/outputs/nuisance_validation.csv,1295,e097d417becd043680b8036d197cb174799990c0,https://github.com/zihengfan07/PandaX4T-Energy-Reconstruction/blob/e98ca8445220d948650019bedcded83c6909d856/energy_resolution_analysis/archive/2026-07-17_fileNumber_version/historical_early_pipeline/outputs/nuisance_validation.csv
energy_resolution_analysis/archive/2026-07-17_fileNumber_version/historical_early_pipeline/outputs/paired_file_bootstrap.csv,21181,c9aa60e580db12fa63643fde2c9a1a91067dc5d9,https://github.com/zihengfan07/PandaX4T-Energy-Reconstruction/blob/e98ca8445220d948650019bedcded83c6909d856/energy_resolution_analysis/archive/2026-07-17_fileNumber_version/historical_early_pipeline/outputs/paired_file_bootstrap.csv
energy_resolution_analysis/archive/2026-07-17_fileNumber_version/historical_early_pipeline/outputs/paired_file_bootstrap_exploratory.csv,21173,e3af47ef5cef3cdfcdffc2a9276372c9de67d8a7,https://github.com/zihengfan07/PandaX4T-Energy-Reconstruction/blob/e98ca8445220d948650019bedcded83c6909d856/energy_resolution_analysis/archive/2026-07-17_fileNumber_version/historical_early_pipeline/outputs/paired_file_bootstrap_exploratory.csv
energy_resolution_analysis/archive/2026-07-17_fileNumber_version/historical_early_pipeline/outputs/resolution_crosscheck.csv,374,d3fbfd1b4256398b49e536ca30d8564af5d771be,https://github.com/zihengfan07/PandaX4T-Energy-Reconstruction/blob/e98ca8445220d948650019bedcded83c6909d856/energy_resolution_analysis/archive/2026-07-17_fileNumber_version/historical_early_pipeline/outputs/resolution_crosscheck.csv
energy_resolution_analysis/archive/2026-07-17_fileNumber_version/historical_early_pipeline/outputs/robust_peak_screen.json,29038,051b9c275a1268b2a50b0f1acb1e989f2164276f,https://github.com/zihengfan07/PandaX4T-Energy-Reconstruction/blob/e98ca8445220d948650019bedcded83c6909d856/energy_resolution_analysis/archive/2026-07-17_fileNumber_version/historical_early_pipeline/outputs/robust_peak_screen.json
energy_resolution_analysis/archive/2026-07-17_fileNumber_version/historical_early_pipeline/outputs/robust_peak_ub_gof.json,3438,2669a796ec4fdb5f61b7b48c5fafd9b6f43628b1,https://github.com/zihengfan07/PandaX4T-Energy-Reconstruction/blob/e98ca8445220d948650019bedcded83c6909d856/energy_resolution_analysis/archive/2026-07-17_fileNumber_version/historical_early_pipeline/outputs/robust_peak_ub_gof.json
energy_resolution_analysis/archive/2026-07-17_fileNumber_version/historical_early_pipeline/outputs/split_summary.csv,66,41493b628b645c1a8fe6e17b7ce8ff7aa9484523,https://github.com/zihengfan07/PandaX4T-Energy-Reconstruction/blob/e98ca8445220d948650019bedcded83c6909d856/energy_resolution_analysis/archive/2026-07-17_fileNumber_version/historical_early_pipeline/outputs/split_summary.csv
energy_resolution_analysis/archive/2026-07-17_fileNumber_version/historical_early_pipeline/outputs/summary.json,9310,6d065133f41d705f8e20e6060f9a3157510d728c,https://github.com/zihengfan07/PandaX4T-Energy-Reconstruction/blob/e98ca8445220d948650019bedcded83c6909d856/energy_resolution_analysis/archive/2026-07-17_fileNumber_version/historical_early_pipeline/outputs/summary.json
energy_resolution_analysis/archive/2026-07-17_fileNumber_version/historical_early_pipeline/outputs/time_block_stability.csv,574,68f2fc959748293817e6d452af40f15ac164f06e,https://github.com/zihengfan07/PandaX4T-Energy-Reconstruction/blob/e98ca8445220d948650019bedcded83c6909d856/energy_resolution_analysis/archive/2026-07-17_fileNumber_version/historical_early_pipeline/outputs/time_block_stability.csv
energy_resolution_analysis/archive/2026-07-17_fileNumber_version/historical_early_pipeline/outputs/variable_audit.csv,9189,8f382c977cb563f94b2e359e3a2f960b741f2037,https://github.com/zihengfan07/PandaX4T-Energy-Reconstruction/blob/e98ca8445220d948650019bedcded83c6909d856/energy_resolution_analysis/archive/2026-07-17_fileNumber_version/historical_early_pipeline/outputs/variable_audit.csv
energy_resolution_analysis/archive/2026-07-17_fileNumber_version/historical_early_pipeline/run_analysis.py,35523,47445adc13c9e9e1d3dc24ac126fcb183a016338,https://github.com/zihengfan07/PandaX4T-Energy-Reconstruction/blob/e98ca8445220d948650019bedcded83c6909d856/energy_resolution_analysis/archive/2026-07-17_fileNumber_version/historical_early_pipeline/run_analysis.py
energy_resolution_analysis/archive/2026-07-17_fileNumber_version/historical_report_sources/PandaX4T_independent_energy_reconstruction_report.tex,68292,efe76b99f053925bca1290784597111470805630,https://github.com/zihengfan07/PandaX4T-Energy-Reconstruction/blob/e98ca8445220d948650019bedcded83c6909d856/energy_resolution_analysis/archive/2026-07-17_fileNumber_version/historical_report_sources/PandaX4T_independent_energy_reconstruction_report.tex
energy_resolution_analysis/archive/2026-07-17_fileNumber_version/historical_report_sources/PandaX4T_stage_report_part1.tex,21655,eabfe00ee7db8ca41660d3fcd292e30f831259ba,https://github.com/zihengfan07/PandaX4T-Energy-Reconstruction/blob/e98ca8445220d948650019bedcded83c6909d856/energy_resolution_analysis/archive/2026-07-17_fileNumber_version/historical_report_sources/PandaX4T_stage_report_part1.tex
energy_resolution_analysis/archive/2026-07-17_fileNumber_version/historical_stage_figures/05_file_structure_cn.pdf,41734,730f19f86dcc8440ffd47c4b326f0c89ae8aa10a,https://github.com/zihengfan07/PandaX4T-Energy-Reconstruction/blob/e98ca8445220d948650019bedcded83c6909d856/energy_resolution_analysis/archive/2026-07-17_fileNumber_version/historical_stage_figures/05_file_structure_cn.pdf
energy_resolution_analysis/archive/2026-07-17_fileNumber_version/historical_stage_figures/05_file_structure_cn.png,396472,c0510bb4da0677cd18d9552d5b8840f915494264,https://github.com/zihengfan07/PandaX4T-Energy-Reconstruction/blob/e98ca8445220d948650019bedcded83c6909d856/energy_resolution_analysis/archive/2026-07-17_fileNumber_version/historical_stage_figures/05_file_structure_cn.png
energy_resolution_analysis/archive/2026-07-17_fileNumber_version/historical_stage_figures/05_file_structure_raw_cn.pdf,41402,8da81cc3036ce735b86f144e25a1b1d513965b7d,https://github.com/zihengfan07/PandaX4T-Energy-Reconstruction/blob/e98ca8445220d948650019bedcded83c6909d856/energy_resolution_analysis/archive/2026-07-17_fileNumber_version/historical_stage_figures/05_file_structure_raw_cn.pdf
energy_resolution_analysis/archive/2026-07-17_fileNumber_version/historical_stage_figures/05_file_structure_raw_cn.png,294593,73ec6eb72c9aa1cce2f5162be68e89aa47f67f04,https://github.com/zihengfan07/PandaX4T-Energy-Reconstruction/blob/e98ca8445220d948650019bedcded83c6909d856/energy_resolution_analysis/archive/2026-07-17_fileNumber_version/historical_stage_figures/05_file_structure_raw_cn.png
energy_resolution_analysis/archive/2026-07-17_fileNumber_version/independent_outputs/bootstrap_summary.csv,355,c4b81fa66d8c5f45e9a89584cc9320d92e436c27,https://github.com/zihengfan07/PandaX4T-Energy-Reconstruction/blob/e98ca8445220d948650019bedcded83c6909d856/energy_resolution_analysis/archive/2026-07-17_fileNumber_version/independent_outputs/bootstrap_summary.csv
energy_resolution_analysis/archive/2026-07-17_fileNumber_version/independent_outputs/figures/01_independent_oof.png,95212,e35a5aba6382bea3f04cfa7e4e7bae2ba3bb019e,https://github.com/zihengfan07/PandaX4T-Energy-Reconstruction/blob/e98ca8445220d948650019bedcded83c6909d856/energy_resolution_analysis/archive/2026-07-17_fileNumber_version/independent_outputs/figures/01_independent_oof.png
energy_resolution_analysis/archive/2026-07-17_fileNumber_version/independent_outputs/figures/02_fold_stability.png,94533,154af73e7de008b5bd15d7e28610f40e69c78dc3,https://github.com/zihengfan07/PandaX4T-Energy-Reconstruction/blob/e98ca8445220d948650019bedcded83c6909d856/energy_resolution_analysis/archive/2026-07-17_fileNumber_version/independent_outputs/figures/02_fold_stability.png
energy_resolution_analysis/archive/2026-07-17_fileNumber_version/independent_outputs/fold_results.csv,803,f0abf3c0c51b3a22d4e1299c3e0921ed7b93d540,https://github.com/zihengfan07/PandaX4T-Energy-Reconstruction/blob/e98ca8445220d948650019bedcded83c6909d856/energy_resolution_analysis/archive/2026-07-17_fileNumber_version/independent_outputs/fold_results.csv
energy_resolution_analysis/archive/2026-07-17_fileNumber_version/independent_outputs/inner_tuning.csv,6584,113218c48c20c37e5ed2d719fbc77e768c3731fa,https://github.com/zihengfan07/PandaX4T-Energy-Reconstruction/blob/e98ca8445220d948650019bedcded83c6909d856/energy_resolution_analysis/archive/2026-07-17_fileNumber_version/independent_outputs/inner_tuning.csv
energy_resolution_analysis/archive/2026-07-17_fileNumber_version/independent_outputs/paired_file_bootstrap.csv,25197,cd517997bebaa7f7f55ab5f7b620c2ac6c3a937e,https://github.com/zihengfan07/PandaX4T-Energy-Reconstruction/blob/e98ca8445220d948650019bedcded83c6909d856/energy_resolution_analysis/archive/2026-07-17_fileNumber_version/independent_outputs/paired_file_bootstrap.csv
energy_resolution_analysis/archive/2026-07-17_fileNumber_version/independent_outputs/robust_peak_evaluation.json,15350,587591c2fc58cdda4589e611d90ce2bf271c09a5,https://github.com/zihengfan07/PandaX4T-Energy-Reconstruction/blob/e98ca8445220d948650019bedcded83c6909d856/energy_resolution_analysis/archive/2026-07-17_fileNumber_version/independent_outputs/robust_peak_evaluation.json
energy_resolution_analysis/archive/2026-07-17_fileNumber_version/independent_outputs/summary.json,3930,7a66d7e176a436158e888760e3d1664082d87004,https://github.com/zihengfan07/PandaX4T-Energy-Reconstruction/blob/e98ca8445220d948650019bedcded83c6909d856/energy_resolution_analysis/archive/2026-07-17_fileNumber_version/independent_outputs/summary.json
energy_resolution_analysis/archive/历史实验脚本_截至v10/apply_energy_model_bundle.py,2837,53d5808b1691e6e9da9aadf845586d678f322cce,https://github.com/zihengfan07/PandaX4T-Energy-Reconstruction/blob/e98ca8445220d948650019bedcded83c6909d856/energy_resolution_analysis/archive/%E5%8E%86%E5%8F%B2%E5%AE%9E%E9%AA%8C%E8%84%9A%E6%9C%AC_%E6%88%AA%E8%87%B3v10/apply_energy_model_bundle.py
energy_resolution_analysis/archive/历史实验脚本_截至v10/apply_grouped_physics_v9.py,4313,138b0139bf53689b6c9ba6305f1fdad9f67d2704,https://github.com/zihengfan07/PandaX4T-Energy-Reconstruction/blob/e98ca8445220d948650019bedcded83c6909d856/energy_resolution_analysis/archive/%E5%8E%86%E5%8F%B2%E5%AE%9E%E9%AA%8C%E8%84%9A%E6%9C%AC_%E6%88%AA%E8%87%B3v10/apply_grouped_physics_v9.py
energy_resolution_analysis/archive/历史实验脚本_截至v10/basic_experiment_matrix.py,29574,c968a1800423f62d1f58efafec8f92e34c642ad6,https://github.com/zihengfan07/PandaX4T-Energy-Reconstruction/blob/e98ca8445220d948650019bedcded83c6909d856/energy_resolution_analysis/archive/%E5%8E%86%E5%8F%B2%E5%AE%9E%E9%AA%8C%E8%84%9A%E6%9C%AC_%E6%88%AA%E8%87%B3v10/basic_experiment_matrix.py
energy_resolution_analysis/archive/历史实验脚本_截至v10/channel_physics_matrix.py,31338,f68870f87e56ebc163be5a99dddaf766f3f89b4e,https://github.com/zihengfan07/PandaX4T-Energy-Reconstruction/blob/e98ca8445220d948650019bedcded83c6909d856/energy_resolution_analysis/archive/%E5%8E%86%E5%8F%B2%E5%AE%9E%E9%AA%8C%E8%84%9A%E6%9C%AC_%E6%88%AA%E8%87%B3v10/channel_physics_matrix.py
energy_resolution_analysis/archive/历史实验脚本_截至v10/export_energy_model_bundle.py,6622,b1564e63cf70b9a7e65b11858d83ef408d23eab4,https://github.com/zihengfan07/PandaX4T-Energy-Reconstruction/blob/e98ca8445220d948650019bedcded83c6909d856/energy_resolution_analysis/archive/%E5%8E%86%E5%8F%B2%E5%AE%9E%E9%AA%8C%E8%84%9A%E6%9C%AC_%E6%88%AA%E8%87%B3v10/export_energy_model_bundle.py
energy_resolution_analysis/archive/历史实验脚本_截至v10/focused_formula_sigma_search.py,13807,0b5fd8a7adc9f95b0ddc0afbeb2ce49465982d4d,https://github.com/zihengfan07/PandaX4T-Energy-Reconstruction/blob/e98ca8445220d948650019bedcded83c6909d856/energy_resolution_analysis/archive/%E5%8E%86%E5%8F%B2%E5%AE%9E%E9%AA%8C%E8%84%9A%E6%9C%AC_%E6%88%AA%E8%87%B3v10/focused_formula_sigma_search.py
energy_resolution_analysis/archive/历史实验脚本_截至v10/full_feature_sigma_search.py,22482,9784a46c925ce395ad92f123a1a17161dc8f8732,https://github.com/zihengfan07/PandaX4T-Energy-Reconstruction/blob/e98ca8445220d948650019bedcded83c6909d856/energy_resolution_analysis/archive/%E5%8E%86%E5%8F%B2%E5%AE%9E%E9%AA%8C%E8%84%9A%E6%9C%AC_%E6%88%AA%E8%87%B3v10/full_feature_sigma_search.py
energy_resolution_analysis/archive/历史实验脚本_截至v10/heterogeneous_oof_ensemble_sigma.py,10182,f92d355ab99b72e6556e841484af1fd0e40f2577,https://github.com/zihengfan07/PandaX4T-Energy-Reconstruction/blob/e98ca8445220d948650019bedcded83c6909d856/energy_resolution_analysis/archive/%E5%8E%86%E5%8F%B2%E5%AE%9E%E9%AA%8C%E8%84%9A%E6%9C%AC_%E6%88%AA%E8%87%B3v10/heterogeneous_oof_ensemble_sigma.py
energy_resolution_analysis/archive/历史实验脚本_截至v10/repeated_oof_ensemble_sigma.py,13152,b045231e5feeae20b3af556cf7f5b109c77e8184,https://github.com/zihengfan07/PandaX4T-Energy-Reconstruction/blob/e98ca8445220d948650019bedcded83c6909d856/energy_resolution_analysis/archive/%E5%8E%86%E5%8F%B2%E5%AE%9E%E9%AA%8C%E8%84%9A%E6%9C%AC_%E6%88%AA%E8%87%B3v10/repeated_oof_ensemble_sigma.py
energy_resolution_analysis/archive/历史实验脚本_截至v10/sparse_grouped_physics_v10.py,21195,83cd83b8ec7ce33712304cbd38a78f2c01ba7938,https://github.com/zihengfan07/PandaX4T-Energy-Reconstruction/blob/e98ca8445220d948650019bedcded83c6909d856/energy_resolution_analysis/archive/%E5%8E%86%E5%8F%B2%E5%AE%9E%E9%AA%8C%E8%84%9A%E6%9C%AC_%E6%88%AA%E8%87%B3v10/sparse_grouped_physics_v10.py
energy_resolution_analysis/archive/历史模型运行输出_截至v10/run10972_focused_formula_v5/coefficient_scan.csv,179912,beddbb1dd5b32775e92fe6d8fed13800395d88fb,https://github.com/zihengfan07/PandaX4T-Energy-Reconstruction/blob/e98ca8445220d948650019bedcded83c6909d856/energy_resolution_analysis/archive/%E5%8E%86%E5%8F%B2%E6%A8%A1%E5%9E%8B%E8%BF%90%E8%A1%8C%E8%BE%93%E5%87%BA_%E6%88%AA%E8%87%B3v10/run10972_focused_formula_v5/coefficient_scan.csv
energy_resolution_analysis/archive/历史模型运行输出_截至v10/run10972_focused_formula_v5/correction_selection.csv,2480,ab8acaedf829edf2a5403454c15f03b67b4be746,https://github.com/zihengfan07/PandaX4T-Energy-Reconstruction/blob/e98ca8445220d948650019bedcded83c6909d856/energy_resolution_analysis/archive/%E5%8E%86%E5%8F%B2%E6%A8%A1%E5%9E%8B%E8%BF%90%E8%A1%8C%E8%BE%93%E5%87%BA_%E6%88%AA%E8%87%B3v10/run10972_focused_formula_v5/correction_selection.csv
energy_resolution_analysis/archive/历史模型运行输出_截至v10/run10972_focused_formula_v5/fold_results.csv,1270,1fbbb94095bd6995a39b19f679b36e4db7b065d5,https://github.com/zihengfan07/PandaX4T-Energy-Reconstruction/blob/e98ca8445220d948650019bedcded83c6909d856/energy_resolution_analysis/archive/%E5%8E%86%E5%8F%B2%E6%A8%A1%E5%9E%8B%E8%BF%90%E8%A1%8C%E8%BE%93%E5%87%BA_%E6%88%AA%E8%87%B3v10/run10972_focused_formula_v5/fold_results.csv
energy_resolution_analysis/archive/历史模型运行输出_截至v10/run10972_focused_formula_v5/metadata.json,896,aa2f008e207c60cb465e058d6c3e02586d934788,https://github.com/zihengfan07/PandaX4T-Energy-Reconstruction/blob/e98ca8445220d948650019bedcded83c6909d856/energy_resolution_analysis/archive/%E5%8E%86%E5%8F%B2%E6%A8%A1%E5%9E%8B%E8%BF%90%E8%A1%8C%E8%BE%93%E5%87%BA_%E6%88%AA%E8%87%B3v10/run10972_focused_formula_v5/metadata.json
energy_resolution_analysis/archive/历史模型运行输出_截至v10/run10972_focused_formula_v5/summary.csv,379,5eb5a00ced46d70b576426e166e034d9e0261cca,https://github.com/zihengfan07/PandaX4T-Energy-Reconstruction/blob/e98ca8445220d948650019bedcded83c6909d856/energy_resolution_analysis/archive/%E5%8E%86%E5%8F%B2%E6%A8%A1%E5%9E%8B%E8%BF%90%E8%A1%8C%E8%BE%93%E5%87%BA_%E6%88%AA%E8%87%B3v10/run10972_focused_formula_v5/summary.csv
energy_resolution_analysis/archive/历史模型运行输出_截至v10/run10972_full_feature_v2/base_finalists.csv,18245,de0ba1f0192d22b54962e67e8c787603d59fb76b,https://github.com/zihengfan07/PandaX4T-Energy-Reconstruction/blob/e98ca8445220d948650019bedcded83c6909d856/energy_resolution_analysis/archive/%E5%8E%86%E5%8F%B2%E6%A8%A1%E5%9E%8B%E8%BF%90%E8%A1%8C%E8%BE%93%E5%87%BA_%E6%88%AA%E8%87%B3v10/run10972_full_feature_v2/base_finalists.csv
energy_resolution_analysis/archive/历史模型运行输出_截至v10/run10972_full_feature_v2/fold_results.csv,968,93890abb3eb607c34d30615d90f9dbbd0028ac98,https://github.com/zihengfan07/PandaX4T-Energy-Reconstruction/blob/e98ca8445220d948650019bedcded83c6909d856/energy_resolution_analysis/archive/%E5%8E%86%E5%8F%B2%E6%A8%A1%E5%9E%8B%E8%BF%90%E8%A1%8C%E8%BE%93%E5%87%BA_%E6%88%AA%E8%87%B3v10/run10972_full_feature_v2/fold_results.csv
energy_resolution_analysis/archive/历史模型运行输出_截至v10/run10972_full_feature_v2/metadata.json,4515,7857aaf2d7c3fb941c2adf8a47e8e455d2b3297c,https://github.com/zihengfan07/PandaX4T-Energy-Reconstruction/blob/e98ca8445220d948650019bedcded83c6909d856/energy_resolution_analysis/archive/%E5%8E%86%E5%8F%B2%E6%A8%A1%E5%9E%8B%E8%BF%90%E8%A1%8C%E8%BE%93%E5%87%BA_%E6%88%AA%E8%87%B3v10/run10972_full_feature_v2/metadata.json
energy_resolution_analysis/archive/历史模型运行输出_截至v10/run10972_full_feature_v2/residual_group_selection.csv,1805,a1e66d2ca4ff9b759cd08356ff107320a4a7e37c,https://github.com/zihengfan07/PandaX4T-Energy-Reconstruction/blob/e98ca8445220d948650019bedcded83c6909d856/energy_resolution_analysis/archive/%E5%8E%86%E5%8F%B2%E6%A8%A1%E5%9E%8B%E8%BF%90%E8%A1%8C%E8%BE%93%E5%87%BA_%E6%88%AA%E8%87%B3v10/run10972_full_feature_v2/residual_group_selection.csv
energy_resolution_analysis/archive/历史模型运行输出_截至v10/run10972_full_feature_v2/summary.csv,433,7d8fb0efa1a5de6259ab1caafcf9fe6519e08f03,https://github.com/zihengfan07/PandaX4T-Energy-Reconstruction/blob/e98ca8445220d948650019bedcded83c6909d856/energy_resolution_analysis/archive/%E5%8E%86%E5%8F%B2%E6%A8%A1%E5%9E%8B%E8%BF%90%E8%A1%8C%E8%BE%93%E5%87%BA_%E6%88%AA%E8%87%B3v10/run10972_full_feature_v2/summary.csv
energy_resolution_analysis/archive/历史模型运行输出_截至v10/run10972_grouped_nested_v9_hard_audit/file_cluster_bootstrap_r68.csv,21259,f71ab3f56bce2f7807eb1c9e386022054219cf95,https://github.com/zihengfan07/PandaX4T-Energy-Reconstruction/blob/e98ca8445220d948650019bedcded83c6909d856/energy_resolution_analysis/archive/%E5%8E%86%E5%8F%B2%E6%A8%A1%E5%9E%8B%E8%BF%90%E8%A1%8C%E8%BE%93%E5%87%BA_%E6%88%AA%E8%87%B3v10/run10972_grouped_nested_v9_hard_audit/file_cluster_bootstrap_r68.csv
energy_resolution_analysis/archive/历史模型运行输出_截至v10/run10972_grouped_nested_v9_hard_audit/final_selection.json,18326,01bd1efbd585b358de03e583cad481ed8ba25af0,https://github.com/zihengfan07/PandaX4T-Energy-Reconstruction/blob/e98ca8445220d948650019bedcded83c6909d856/energy_resolution_analysis/archive/%E5%8E%86%E5%8F%B2%E6%A8%A1%E5%9E%8B%E8%BF%90%E8%A1%8C%E8%BE%93%E5%87%BA_%E6%88%AA%E8%87%B3v10/run10972_grouped_nested_v9_hard_audit/final_selection.json
energy_resolution_analysis/archive/历史模型运行输出_截至v10/run10972_grouped_nested_v9_hard_audit/nested_selection.json,79204,aa9eacebcdf23e95077cd862352f2c6a0a533f2f,https://github.com/zihengfan07/PandaX4T-Energy-Reconstruction/blob/e98ca8445220d948650019bedcded83c6909d856/energy_resolution_analysis/archive/%E5%8E%86%E5%8F%B2%E6%A8%A1%E5%9E%8B%E8%BF%90%E8%A1%8C%E8%BE%93%E5%87%BA_%E6%88%AA%E8%87%B3v10/run10972_grouped_nested_v9_hard_audit/nested_selection.json
energy_resolution_analysis/archive/历史模型运行输出_截至v10/run10972_grouped_nested_v9_hard_audit/outer_block_metrics.csv,1539,c00cab5a6755016609a4ccf9210c6d01858beba5,https://github.com/zihengfan07/PandaX4T-Energy-Reconstruction/blob/e98ca8445220d948650019bedcded83c6909d856/energy_resolution_analysis/archive/%E5%8E%86%E5%8F%B2%E6%A8%A1%E5%9E%8B%E8%BF%90%E8%A1%8C%E8%BE%93%E5%87%BA_%E6%88%AA%E8%87%B3v10/run10972_grouped_nested_v9_hard_audit/outer_block_metrics.csv
energy_resolution_analysis/archive/历史模型运行输出_截至v10/run10972_grouped_nested_v9_hard_audit/protocol_metrics.csv,10673,3ea4e17f447acdde93e92e43a8e91413db5681e5,https://github.com/zihengfan07/PandaX4T-Energy-Reconstruction/blob/e98ca8445220d948650019bedcded83c6909d856/energy_resolution_analysis/archive/%E5%8E%86%E5%8F%B2%E6%A8%A1%E5%9E%8B%E8%BF%90%E8%A1%8C%E8%BE%93%E5%87%BA_%E6%88%AA%E8%87%B3v10/run10972_grouped_nested_v9_hard_audit/protocol_metrics.csv
energy_resolution_analysis/archive/历史模型运行输出_截至v10/run10972_grouped_nested_v9_hard_audit/summary.json,2395,b07eebafd351ab83a0e84895b648d610884edc5b,https://github.com/zihengfan07/PandaX4T-Energy-Reconstruction/blob/e98ca8445220d948650019bedcded83c6909d856/energy_resolution_analysis/archive/%E5%8E%86%E5%8F%B2%E6%A8%A1%E5%9E%8B%E8%BF%90%E8%A1%8C%E8%BE%93%E5%87%BA_%E6%88%AA%E8%87%B3v10/run10972_grouped_nested_v9_hard_audit/summary.json
energy_resolution_analysis/archive/历史模型运行输出_截至v10/run10972_grouped_nested_v9_soft/RESULT_SUMMARY_CN.md,2508,88798f80f1579b606023dcd80cd486d1efe385e5,https://github.com/zihengfan07/PandaX4T-Energy-Reconstruction/blob/e98ca8445220d948650019bedcded83c6909d856/energy_resolution_analysis/archive/%E5%8E%86%E5%8F%B2%E6%A8%A1%E5%9E%8B%E8%BF%90%E8%A1%8C%E8%BE%93%E5%87%BA_%E6%88%AA%E8%87%B3v10/run10972_grouped_nested_v9_soft/RESULT_SUMMARY_CN.md
energy_resolution_analysis/archive/历史模型运行输出_截至v10/run10972_grouped_nested_v9_soft/apply_smoke/validation_protocols.csv,2171,c99105a6dc7403742adb1895a500eb71265a4c8d,https://github.com/zihengfan07/PandaX4T-Energy-Reconstruction/blob/e98ca8445220d948650019bedcded83c6909d856/energy_resolution_analysis/archive/%E5%8E%86%E5%8F%B2%E6%A8%A1%E5%9E%8B%E8%BF%90%E8%A1%8C%E8%BE%93%E5%87%BA_%E6%88%AA%E8%87%B3v10/run10972_grouped_nested_v9_soft/apply_smoke/validation_protocols.csv
energy_resolution_analysis/archive/历史模型运行输出_截至v10/run10972_grouped_nested_v9_soft/apply_smoke/validation_summary.json,976,c659c30e49d3b52da66d29d7cd0a2d55183c8823,https://github.com/zihengfan07/PandaX4T-Energy-Reconstruction/blob/e98ca8445220d948650019bedcded83c6909d856/energy_resolution_analysis/archive/%E5%8E%86%E5%8F%B2%E6%A8%A1%E5%9E%8B%E8%BF%90%E8%A1%8C%E8%BE%93%E5%87%BA_%E6%88%AA%E8%87%B3v10/run10972_grouped_nested_v9_soft/apply_smoke/validation_summary.json
energy_resolution_analysis/archive/历史模型运行输出_截至v10/run10972_grouped_nested_v9_soft/file_cluster_bootstrap_r68.csv,21229,e7151eca7bdfff271b5ab505450a8f4d3df6da21,https://github.com/zihengfan07/PandaX4T-Energy-Reconstruction/blob/e98ca8445220d948650019bedcded83c6909d856/energy_resolution_analysis/archive/%E5%8E%86%E5%8F%B2%E6%A8%A1%E5%9E%8B%E8%BF%90%E8%A1%8C%E8%BE%93%E5%87%BA_%E6%88%AA%E8%87%B3v10/run10972_grouped_nested_v9_soft/file_cluster_bootstrap_r68.csv
energy_resolution_analysis/archive/历史模型运行输出_截至v10/run10972_grouped_nested_v9_soft/final_selection.json,18305,fd05e1f89fca9b0d140598a2b4effada8fbcd387,https://github.com/zihengfan07/PandaX4T-Energy-Reconstruction/blob/e98ca8445220d948650019bedcded83c6909d856/energy_resolution_analysis/archive/%E5%8E%86%E5%8F%B2%E6%A8%A1%E5%9E%8B%E8%BF%90%E8%A1%8C%E8%BE%93%E5%87%BA_%E6%88%AA%E8%87%B3v10/run10972_grouped_nested_v9_soft/final_selection.json
energy_resolution_analysis/archive/历史模型运行输出_截至v10/run10972_grouped_nested_v9_soft/nested_selection.json,79184,d0f85baf1a07506ba42e1cb087a125917cec0704,https://github.com/zihengfan07/PandaX4T-Energy-Reconstruction/blob/e98ca8445220d948650019bedcded83c6909d856/energy_resolution_analysis/archive/%E5%8E%86%E5%8F%B2%E6%A8%A1%E5%9E%8B%E8%BF%90%E8%A1%8C%E8%BE%93%E5%87%BA_%E6%88%AA%E8%87%B3v10/run10972_grouped_nested_v9_soft/nested_selection.json
energy_resolution_analysis/archive/历史模型运行输出_截至v10/run10972_grouped_nested_v9_soft/outer_block_metrics.csv,1569,273981e89f8f1200762ce400b13e185883397493,https://github.com/zihengfan07/PandaX4T-Energy-Reconstruction/blob/e98ca8445220d948650019bedcded83c6909d856/energy_resolution_analysis/archive/%E5%8E%86%E5%8F%B2%E6%A8%A1%E5%9E%8B%E8%BF%90%E8%A1%8C%E8%BE%93%E5%87%BA_%E6%88%AA%E8%87%B3v10/run10972_grouped_nested_v9_soft/outer_block_metrics.csv
energy_resolution_analysis/archive/历史模型运行输出_截至v10/run10972_grouped_nested_v9_soft/protocol_metrics.csv,10685,f6b08266b19c83c611c16b3024ed826b47f06572,https://github.com/zihengfan07/PandaX4T-Energy-Reconstruction/blob/e98ca8445220d948650019bedcded83c6909d856/energy_resolution_analysis/archive/%E5%8E%86%E5%8F%B2%E6%A8%A1%E5%9E%8B%E8%BF%90%E8%A1%8C%E8%BE%93%E5%87%BA_%E6%88%AA%E8%87%B3v10/run10972_grouped_nested_v9_soft/protocol_metrics.csv
energy_resolution_analysis/archive/历史模型运行输出_截至v10/run10972_grouped_nested_v9_soft/summary.json,2424,d316ad88cedb8c9cb552056deb12503562203948,https://github.com/zihengfan07/PandaX4T-Energy-Reconstruction/blob/e98ca8445220d948650019bedcded83c6909d856/energy_resolution_analysis/archive/%E5%8E%86%E5%8F%B2%E6%A8%A1%E5%9E%8B%E8%BF%90%E8%A1%8C%E8%BE%93%E5%87%BA_%E6%88%AA%E8%87%B3v10/run10972_grouped_nested_v9_soft/summary.json
energy_resolution_analysis/archive/历史模型运行输出_截至v10/run10972_heterogeneous_oof_v8/metadata.json,2071,8e04fdd872f1216897769eceec374d4e69114e08,https://github.com/zihengfan07/PandaX4T-Energy-Reconstruction/blob/e98ca8445220d948650019bedcded83c6909d856/energy_resolution_analysis/archive/%E5%8E%86%E5%8F%B2%E6%A8%A1%E5%9E%8B%E8%BF%90%E8%A1%8C%E8%BE%93%E5%87%BA_%E6%88%AA%E8%87%B3v10/run10972_heterogeneous_oof_v8/metadata.json
energy_resolution_analysis/archive/历史模型运行输出_截至v10/run10972_heterogeneous_oof_v8/repeat_metrics.csv,2565,e545daeedaaba1f74c5925bf707f42fb80d48691,https://github.com/zihengfan07/PandaX4T-Energy-Reconstruction/blob/e98ca8445220d948650019bedcded83c6909d856/energy_resolution_analysis/archive/%E5%8E%86%E5%8F%B2%E6%A8%A1%E5%9E%8B%E8%BF%90%E8%A1%8C%E8%BE%93%E5%87%BA_%E6%88%AA%E8%87%B3v10/run10972_heterogeneous_oof_v8/repeat_metrics.csv
energy_resolution_analysis/archive/历史模型运行输出_截至v10/run10972_heterogeneous_oof_v8/summary.csv,1041,24d3834dd2548fd3a7c840aeae20cabb4394ea31,https://github.com/zihengfan07/PandaX4T-Energy-Reconstruction/blob/e98ca8445220d948650019bedcded83c6909d856/energy_resolution_analysis/archive/%E5%8E%86%E5%8F%B2%E6%A8%A1%E5%9E%8B%E8%BF%90%E8%A1%8C%E8%BE%93%E5%87%BA_%E6%88%AA%E8%87%B3v10/run10972_heterogeneous_oof_v8/summary.csv
energy_resolution_analysis/archive/历史模型运行输出_截至v10/run10972_repeated_oof_v6/metadata.json,1142,67823b690ce1436012858f5ebd6414e76ebbaab1,https://github.com/zihengfan07/PandaX4T-Energy-Reconstruction/blob/e98ca8445220d948650019bedcded83c6909d856/energy_resolution_analysis/archive/%E5%8E%86%E5%8F%B2%E6%A8%A1%E5%9E%8B%E8%BF%90%E8%A1%8C%E8%BE%93%E5%87%BA_%E6%88%AA%E8%87%B3v10/run10972_repeated_oof_v6/metadata.json
energy_resolution_analysis/archive/历史模型运行输出_截至v10/run10972_repeated_oof_v6/repeat_metrics.csv,3982,7f730ebb685a68a6904395c59c0bd584a9a3f961,https://github.com/zihengfan07/PandaX4T-Energy-Reconstruction/blob/e98ca8445220d948650019bedcded83c6909d856/energy_resolution_analysis/archive/%E5%8E%86%E5%8F%B2%E6%A8%A1%E5%9E%8B%E8%BF%90%E8%A1%8C%E8%BE%93%E5%87%BA_%E6%88%AA%E8%87%B3v10/run10972_repeated_oof_v6/repeat_metrics.csv
energy_resolution_analysis/archive/历史模型运行输出_截至v10/run10972_repeated_oof_v6/summary.csv,1019,2fccda5335ee898c4777e2975c8a36ab1e0298c3,https://github.com/zihengfan07/PandaX4T-Energy-Reconstruction/blob/e98ca8445220d948650019bedcded83c6909d856/energy_resolution_analysis/archive/%E5%8E%86%E5%8F%B2%E6%A8%A1%E5%9E%8B%E8%BF%90%E8%A1%8C%E8%BE%93%E5%87%BA_%E6%88%AA%E8%87%B3v10/run10972_repeated_oof_v6/summary.csv
energy_resolution_analysis/archive/历史模型运行输出_截至v10/run10972_repeated_oof_v7/metadata.json,2343,457e6cdac3aaba0b6a273416fd065538432aaa86,https://github.com/zihengfan07/PandaX4T-Energy-Reconstruction/blob/e98ca8445220d948650019bedcded83c6909d856/energy_resolution_analysis/archive/%E5%8E%86%E5%8F%B2%E6%A8%A1%E5%9E%8B%E8%BF%90%E8%A1%8C%E8%BE%93%E5%87%BA_%E6%88%AA%E8%87%B3v10/run10972_repeated_oof_v7/metadata.json
energy_resolution_analysis/archive/历史模型运行输出_截至v10/run10972_repeated_oof_v7/repeat_metrics.csv,10914,3e4e63136fc19a3f8b0033c644c3830190093edd,https://github.com/zihengfan07/PandaX4T-Energy-Reconstruction/blob/e98ca8445220d948650019bedcded83c6909d856/energy_resolution_analysis/archive/%E5%8E%86%E5%8F%B2%E6%A8%A1%E5%9E%8B%E8%BF%90%E8%A1%8C%E8%BE%93%E5%87%BA_%E6%88%AA%E8%87%B3v10/run10972_repeated_oof_v7/repeat_metrics.csv
energy_resolution_analysis/archive/历史模型运行输出_截至v10/run10972_repeated_oof_v7/summary.csv,2413,580ba0e647f4d7b4b342a25aaf4b5a31b14c2524,https://github.com/zihengfan07/PandaX4T-Energy-Reconstruction/blob/e98ca8445220d948650019bedcded83c6909d856/energy_resolution_analysis/archive/%E5%8E%86%E5%8F%B2%E6%A8%A1%E5%9E%8B%E8%BF%90%E8%A1%8C%E8%BE%93%E5%87%BA_%E6%88%AA%E8%87%B3v10/run10972_repeated_oof_v7/summary.csv
energy_resolution_analysis/archive/历史模型运行输出_截至v10/run10972_sparse_grouped_v10/final_sparse_selection.json,51610,b7d75e27d4828b655b1394f208942aedfcf84b59,https://github.com/zihengfan07/PandaX4T-Energy-Reconstruction/blob/e98ca8445220d948650019bedcded83c6909d856/energy_resolution_analysis/archive/%E5%8E%86%E5%8F%B2%E6%A8%A1%E5%9E%8B%E8%BF%90%E8%A1%8C%E8%BE%93%E5%87%BA_%E6%88%AA%E8%87%B3v10/run10972_sparse_grouped_v10/final_sparse_selection.json
energy_resolution_analysis/archive/历史模型运行输出_截至v10/run10972_sparse_grouped_v10/nested_sparse_selection.json,224007,35cee391b84c5c725c1d4cb1443e0eec88eca6fb,https://github.com/zihengfan07/PandaX4T-Energy-Reconstruction/blob/e98ca8445220d948650019bedcded83c6909d856/energy_resolution_analysis/archive/%E5%8E%86%E5%8F%B2%E6%A8%A1%E5%9E%8B%E8%BF%90%E8%A1%8C%E8%BE%93%E5%87%BA_%E6%88%AA%E8%87%B3v10/run10972_sparse_grouped_v10/nested_sparse_selection.json
energy_resolution_analysis/archive/历史模型运行输出_截至v10/run10972_sparse_grouped_v10/outer_block_metrics.csv,2744,ecddcf33edea45559265a61f6d36405303be2c4f,https://github.com/zihengfan07/PandaX4T-Energy-Reconstruction/blob/e98ca8445220d948650019bedcded83c6909d856/energy_resolution_analysis/archive/%E5%8E%86%E5%8F%B2%E6%A8%A1%E5%9E%8B%E8%BF%90%E8%A1%8C%E8%BE%93%E5%87%BA_%E6%88%AA%E8%87%B3v10/run10972_sparse_grouped_v10/outer_block_metrics.csv
energy_resolution_analysis/archive/历史模型运行输出_截至v10/run10972_sparse_grouped_v10/summary.json,9509,75fa33c4de18dc2f103613ac610988cb1c7bed78,https://github.com/zihengfan07/PandaX4T-Energy-Reconstruction/blob/e98ca8445220d948650019bedcded83c6909d856/energy_resolution_analysis/archive/%E5%8E%86%E5%8F%B2%E6%A8%A1%E5%9E%8B%E8%BF%90%E8%A1%8C%E8%BE%93%E5%87%BA_%E6%88%AA%E8%87%B3v10/run10972_sparse_grouped_v10/summary.json
energy_resolution_analysis/archive/历史集群任务_截至v10/grouped_nested_v9.sub,437,aa0582fdb1412ce47730e568578fb3ca37689d2f,https://github.com/zihengfan07/PandaX4T-Energy-Reconstruction/blob/e98ca8445220d948650019bedcded83c6909d856/energy_resolution_analysis/archive/%E5%8E%86%E5%8F%B2%E9%9B%86%E7%BE%A4%E4%BB%BB%E5%8A%A1_%E6%88%AA%E8%87%B3v10/grouped_nested_v9.sub
energy_resolution_analysis/archive/历史集群任务_截至v10/run_grouped_nested_v9.sh,584,2649981e92d33c3cd61d92a61ed5e007446b2634,https://github.com/zihengfan07/PandaX4T-Energy-Reconstruction/blob/e98ca8445220d948650019bedcded83c6909d856/energy_resolution_analysis/archive/%E5%8E%86%E5%8F%B2%E9%9B%86%E7%BE%A4%E4%BB%BB%E5%8A%A1_%E6%88%AA%E8%87%B3v10/run_grouped_nested_v9.sh
energy_resolution_analysis/archive/历史集群任务_截至v10/run_sparse_v10.sh,540,939d96a9a7798e5f9ee2afcdee7d61c69f582c52,https://github.com/zihengfan07/PandaX4T-Energy-Reconstruction/blob/e98ca8445220d948650019bedcded83c6909d856/energy_resolution_analysis/archive/%E5%8E%86%E5%8F%B2%E9%9B%86%E7%BE%A4%E4%BB%BB%E5%8A%A1_%E6%88%AA%E8%87%B3v10/run_sparse_v10.sh
energy_resolution_analysis/archive/历史集群任务_截至v10/sparse_v10.sub,405,86c9a53fb60de9c280dd7c9a843e7555c50b08f9,https://github.com/zihengfan07/PandaX4T-Energy-Reconstruction/blob/e98ca8445220d948650019bedcded83c6909d856/energy_resolution_analysis/archive/%E5%8E%86%E5%8F%B2%E9%9B%86%E7%BE%A4%E4%BB%BB%E5%8A%A1_%E6%88%AA%E8%87%B3v10/sparse_v10.sub
energy_resolution_analysis/archive/历史集群任务_截至v10/update_v9_bundle.py,972,33f8665aa3774add6a03dfe6e0ab3f57a56123f8,https://github.com/zihengfan07/PandaX4T-Energy-Reconstruction/blob/e98ca8445220d948650019bedcded83c6909d856/energy_resolution_analysis/archive/%E5%8E%86%E5%8F%B2%E9%9B%86%E7%BE%A4%E4%BB%BB%E5%8A%A1_%E6%88%AA%E8%87%B3v10/update_v9_bundle.py
energy_resolution_analysis/audit_v21_candidates_on_2615.py,3373,fb36641b23c37d68e722335a7559bb4c5c899954,https://github.com/zihengfan07/PandaX4T-Energy-Reconstruction/blob/e98ca8445220d948650019bedcded83c6909d856/energy_resolution_analysis/audit_v21_candidates_on_2615.py
energy_resolution_analysis/basic_matrix_outputs/README.md,2922,32a33af2fb3735b991f04960dc2df9ca1610bac9,https://github.com/zihengfan07/PandaX4T-Energy-Reconstruction/blob/e98ca8445220d948650019bedcded83c6909d856/energy_resolution_analysis/basic_matrix_outputs/README.md
energy_resolution_analysis/basic_matrix_outputs/fold_metrics.csv,11733,34dd8032c14ed08a8ac847328dc5b72d4f4e1125,https://github.com/zihengfan07/PandaX4T-Energy-Reconstruction/blob/e98ca8445220d948650019bedcded83c6909d856/energy_resolution_analysis/basic_matrix_outputs/fold_metrics.csv
energy_resolution_analysis/basic_matrix_outputs/fold_stability.png,97838,84e670bc0c3bf5b10af3530ff221766e62d18eb0,https://github.com/zihengfan07/PandaX4T-Energy-Reconstruction/blob/e98ca8445220d948650019bedcded83c6909d856/energy_resolution_analysis/basic_matrix_outputs/fold_stability.png
energy_resolution_analysis/basic_matrix_outputs/inner_candidate_scores.csv,66652,c6e6e774fb1ee5b67871877ad44feabd71371004,https://github.com/zihengfan07/PandaX4T-Energy-Reconstruction/blob/e98ca8445220d948650019bedcded83c6909d856/energy_resolution_analysis/basic_matrix_outputs/inner_candidate_scores.csv
energy_resolution_analysis/basic_matrix_outputs/inner_selection.csv,3613,c02a26d45982a3e328503e1f97a34fba6e82e14f,https://github.com/zihengfan07/PandaX4T-Energy-Reconstruction/blob/e98ca8445220d948650019bedcded83c6909d856/energy_resolution_analysis/basic_matrix_outputs/inner_selection.csv
energy_resolution_analysis/basic_matrix_outputs/metadata.json,3286,43a4fceb2dc11922e5821373d0eb261c3d8feb78,https://github.com/zihengfan07/PandaX4T-Energy-Reconstruction/blob/e98ca8445220d948650019bedcded83c6909d856/energy_resolution_analysis/basic_matrix_outputs/metadata.json
energy_resolution_analysis/basic_matrix_outputs/method_matrix.png,126928,8d2477e7ddb14ccfb1675744ecfc04b73789e2d4,https://github.com/zihengfan07/PandaX4T-Energy-Reconstruction/blob/e98ca8445220d948650019bedcded83c6909d856/energy_resolution_analysis/basic_matrix_outputs/method_matrix.png
energy_resolution_analysis/basic_matrix_outputs/paired_event_bootstrap.csv,178406,8f98639d4c3f18f4288fe4371dd3d3e7080e7ecf,https://github.com/zihengfan07/PandaX4T-Energy-Reconstruction/blob/e98ca8445220d948650019bedcded83c6909d856/energy_resolution_analysis/basic_matrix_outputs/paired_event_bootstrap.csv
energy_resolution_analysis/basic_matrix_outputs/paired_event_bootstrap_summary.csv,770,811c4035e21bc41053c8fe8b2ead230a6c22b79b,https://github.com/zihengfan07/PandaX4T-Energy-Reconstruction/blob/e98ca8445220d948650019bedcded83c6909d856/energy_resolution_analysis/basic_matrix_outputs/paired_event_bootstrap_summary.csv
energy_resolution_analysis/basic_matrix_outputs/robust_peak_corrected_gof.json,3603,0b46ae974fb6b26fa2b9ceb3abb49d0a801f1cde,https://github.com/zihengfan07/PandaX4T-Energy-Reconstruction/blob/e98ca8445220d948650019bedcded83c6909d856/energy_resolution_analysis/basic_matrix_outputs/robust_peak_corrected_gof.json
energy_resolution_analysis/basic_matrix_outputs/summary_metrics.csv,2102,f9f7aa1e3a3663d249400fd42e1993fcffafd2d8,https://github.com/zihengfan07/PandaX4T-Energy-Reconstruction/blob/e98ca8445220d948650019bedcded83c6909d856/energy_resolution_analysis/basic_matrix_outputs/summary_metrics.csv
energy_resolution_analysis/basic_matrix_outputs/weight_selection.png,70055,308e81b9ab89445aaaf8c058c77a0d34a6e7a62d,https://github.com/zihengfan07/PandaX4T-Energy-Reconstruction/blob/e98ca8445220d948650019bedcded83c6909d856/energy_resolution_analysis/basic_matrix_outputs/weight_selection.png
energy_resolution_analysis/bootstrap_time_matched_v21.py,3048,a874a8351d788fb1ad1652357dadbc883af7b498,https://github.com/zihengfan07/PandaX4T-Energy-Reconstruction/blob/e98ca8445220d948650019bedcded83c6909d856/energy_resolution_analysis/bootstrap_time_matched_v21.py
energy_resolution_analysis/bounded_ensemble_v17.py,7220,644a5f33b770a9ab6b7a3756ca621ba1b7c9643c,https://github.com/zihengfan07/PandaX4T-Energy-Reconstruction/blob/e98ca8445220d948650019bedcded83c6909d856/energy_resolution_analysis/bounded_ensemble_v17.py
energy_resolution_analysis/channel_physics_outputs/REPORT.md,2319,0188f014fbc93e2097588e9a9b042e770f3e6f7f,https://github.com/zihengfan07/PandaX4T-Energy-Reconstruction/blob/e98ca8445220d948650019bedcded83c6909d856/energy_resolution_analysis/channel_physics_outputs/REPORT.md
energy_resolution_analysis/channel_physics_outputs/channel_physics_matrix.png,91342,2a9ae009568ab07318105b05771e000e49458f8c,https://github.com/zihengfan07/PandaX4T-Energy-Reconstruction/blob/e98ca8445220d948650019bedcded83c6909d856/energy_resolution_analysis/channel_physics_outputs/channel_physics_matrix.png
energy_resolution_analysis/channel_physics_outputs/fold_metrics.csv,5553,58083ec6cb25961a458d4697303ffda4bd9d147f,https://github.com/zihengfan07/PandaX4T-Energy-Reconstruction/blob/e98ca8445220d948650019bedcded83c6909d856/energy_resolution_analysis/channel_physics_outputs/fold_metrics.csv
energy_resolution_analysis/channel_physics_outputs/inner_alpha_scans.csv,48924,661eaa6445fc4d350058d0814b6e2913544cd80c,https://github.com/zihengfan07/PandaX4T-Energy-Reconstruction/blob/e98ca8445220d948650019bedcded83c6909d856/energy_resolution_analysis/channel_physics_outputs/inner_alpha_scans.csv
energy_resolution_analysis/channel_physics_outputs/oof_response_diagnostics.csv,6858,f1172330b33c1dce5e9bd3c13c08c13dc18d7b4b,https://github.com/zihengfan07/PandaX4T-Energy-Reconstruction/blob/e98ca8445220d948650019bedcded83c6909d856/energy_resolution_analysis/channel_physics_outputs/oof_response_diagnostics.csv
energy_resolution_analysis/channel_physics_outputs/paired_event_bootstrap_summary.csv,1426,75fd335270d2a74c8748ef905159776ac3912425,https://github.com/zihengfan07/PandaX4T-Energy-Reconstruction/blob/e98ca8445220d948650019bedcded83c6909d856/energy_resolution_analysis/channel_physics_outputs/paired_event_bootstrap_summary.csv
energy_resolution_analysis/channel_physics_outputs/robust_peak_corrected_gof.json,3619,3edf8313065104e1ab876fefbbec3725a539d1b1,https://github.com/zihengfan07/PandaX4T-Energy-Reconstruction/blob/e98ca8445220d948650019bedcded83c6909d856/energy_resolution_analysis/channel_physics_outputs/robust_peak_corrected_gof.json
energy_resolution_analysis/channel_physics_outputs/summary.csv,2628,67e4d1b47bfa547660a6bb1b781481028f8bb889,https://github.com/zihengfan07/PandaX4T-Energy-Reconstruction/blob/e98ca8445220d948650019bedcded83c6909d856/energy_resolution_analysis/channel_physics_outputs/summary.csv
energy_resolution_analysis/channel_physics_outputs/summary.json,119783,06530a1bf43a8a0b99d1f32c80cec7c04d8aa9d0,https://github.com/zihengfan07/PandaX4T-Energy-Reconstruction/blob/e98ca8445220d948650019bedcded83c6909d856/energy_resolution_analysis/channel_physics_outputs/summary.json
energy_resolution_analysis/cluster_jobs/foundation_environment_v11.sub,478,3e6be21a3e532e9de074439cab5c26178463b9c0,https://github.com/zihengfan07/PandaX4T-Energy-Reconstruction/blob/e98ca8445220d948650019bedcded83c6909d856/energy_resolution_analysis/cluster_jobs/foundation_environment_v11.sub
energy_resolution_analysis/cluster_jobs/run_foundation_environment_v11.sh,894,23dcd9fde4f9493cf716d78418f422988561cbdf,https://github.com/zihengfan07/PandaX4T-Energy-Reconstruction/blob/e98ca8445220d948650019bedcded83c6909d856/energy_resolution_analysis/cluster_jobs/run_foundation_environment_v11.sh
energy_resolution_analysis/complete_report/PandaX4T_independent_energy_reconstruction_complete_report.tex,35622,f49ca14ce9e040473d7acba660e6f9a222632b95,https://github.com/zihengfan07/PandaX4T-Energy-Reconstruction/blob/e98ca8445220d948650019bedcded83c6909d856/energy_resolution_analysis/complete_report/PandaX4T_independent_energy_reconstruction_complete_report.tex
energy_resolution_analysis/complete_report/figures/conditional_trends.png,335398,d74f10143db193cff6b4c21dd95e4fcc9dd51a14,https://github.com/zihengfan07/PandaX4T-Energy-Reconstruction/blob/e98ca8445220d948650019bedcded83c6909d856/energy_resolution_analysis/complete_report/figures/conditional_trends.png
energy_resolution_analysis/complete_report/figures/data_overview.png,936652,43f18833c63dd55032b14c2ecbc7c1389eebea38,https://github.com/zihengfan07/PandaX4T-Energy-Reconstruction/blob/e98ca8445220d948650019bedcded83c6909d856/energy_resolution_analysis/complete_report/figures/data_overview.png
energy_resolution_analysis/complete_report/figures/early_fold_stability.png,77106,89933fabfd58e99970f3ef50911064c0b8c54d39,https://github.com/zihengfan07/PandaX4T-Energy-Reconstruction/blob/e98ca8445220d948650019bedcded83c6909d856/energy_resolution_analysis/complete_report/figures/early_fold_stability.png
energy_resolution_analysis/complete_report/figures/early_oof_spectra.png,198418,45f399f0414d08a3438c25aca89efff35b4355d6,https://github.com/zihengfan07/PandaX4T-Energy-Reconstruction/blob/e98ca8445220d948650019bedcded83c6909d856/energy_resolution_analysis/complete_report/figures/early_oof_spectra.png
energy_resolution_analysis/complete_report/figures/early_result_summary.png,101384,f939e8d100c1fb4f94dbbb75f48a8fc70a610232,https://github.com/zihengfan07/PandaX4T-Energy-Reconstruction/blob/e98ca8445220d948650019bedcded83c6909d856/energy_resolution_analysis/complete_report/figures/early_result_summary.png
energy_resolution_analysis/complete_report/figures/s1_s2_anticorrelation.png,1051319,946cb2a4423629bbf51c36be83c06912d3bff866,https://github.com/zihengfan07/PandaX4T-Energy-Reconstruction/blob/e98ca8445220d948650019bedcded83c6909d856/energy_resolution_analysis/complete_report/figures/s1_s2_anticorrelation.png
energy_resolution_analysis/complete_report/figures/spatial_coverage.png,491781,e38e64eafa9193c99f929ea283514cb2ce283d47,https://github.com/zihengfan07/PandaX4T-Energy-Reconstruction/blob/e98ca8445220d948650019bedcded83c6909d856/energy_resolution_analysis/complete_report/figures/spatial_coverage.png
energy_resolution_analysis/complete_report/figures/v10_correction.png,53881,465c4549f0ea8ab67c872e57bab2016dcc1550fd,https://github.com/zihengfan07/PandaX4T-Energy-Reconstruction/blob/e98ca8445220d948650019bedcded83c6909d856/energy_resolution_analysis/complete_report/figures/v10_correction.png
energy_resolution_analysis/complete_report/figures/v10_energy_1d.png,84844,0dad937849850303907ba346d81d8a5dfcd10e1e,https://github.com/zihengfan07/PandaX4T-Energy-Reconstruction/blob/e98ca8445220d948650019bedcded83c6909d856/energy_resolution_analysis/complete_report/figures/v10_energy_1d.png
energy_resolution_analysis/complete_report/figures/v10_feature_importance.png,98524,5de1ab728c7a2877a51bb8bb74fb19e12ccb2eb4,https://github.com/zihengfan07/PandaX4T-Energy-Reconstruction/blob/e98ca8445220d948650019bedcded83c6909d856/energy_resolution_analysis/complete_report/figures/v10_feature_importance.png
energy_resolution_analysis/complete_report/figures/v10_outer_blocks.png,52361,e033af4e9d1f96759ce69ff8abc556fdbb6e7193,https://github.com/zihengfan07/PandaX4T-Energy-Reconstruction/blob/e98ca8445220d948650019bedcded83c6909d856/energy_resolution_analysis/complete_report/figures/v10_outer_blocks.png
energy_resolution_analysis/complete_report/figures/v10_variable_count.png,136886,daa0e6dfa4cd8a1770ca67e8e1ff0a9c0eeab93d,https://github.com/zihengfan07/PandaX4T-Energy-Reconstruction/blob/e98ca8445220d948650019bedcded83c6909d856/energy_resolution_analysis/complete_report/figures/v10_variable_count.png
energy_resolution_analysis/complete_report/figures/v10_variable_trends.png,221046,9f059d09867595726d093e52163acc80ccc394fe,https://github.com/zihengfan07/PandaX4T-Energy-Reconstruction/blob/e98ca8445220d948650019bedcded83c6909d856/energy_resolution_analysis/complete_report/figures/v10_variable_trends.png
energy_resolution_analysis/complete_report/figures/v10_xy_bias.png,448957,0ed509824212da08eb4a7b98315bdedeb801387d,https://github.com/zihengfan07/PandaX4T-Energy-Reconstruction/blob/e98ca8445220d948650019bedcded83c6909d856/energy_resolution_analysis/complete_report/figures/v10_xy_bias.png
energy_resolution_analysis/complete_report/figures/v11_correction.png,46752,b262986f6c5e4d7f3d989fc64d0ab7fbc8e1325b,https://github.com/zihengfan07/PandaX4T-Energy-Reconstruction/blob/e98ca8445220d948650019bedcded83c6909d856/energy_resolution_analysis/complete_report/figures/v11_correction.png
energy_resolution_analysis/complete_report/figures/v11_energy_1d.png,85719,fa364efbede434d06dceae01b70de08901faf287,https://github.com/zihengfan07/PandaX4T-Energy-Reconstruction/blob/e98ca8445220d948650019bedcded83c6909d856/energy_resolution_analysis/complete_report/figures/v11_energy_1d.png
energy_resolution_analysis/complete_report/figures/v11_feature_importance.png,93722,a856768155fef21d463f213f65bae19dd6297c0c,https://github.com/zihengfan07/PandaX4T-Energy-Reconstruction/blob/e98ca8445220d948650019bedcded83c6909d856/energy_resolution_analysis/complete_report/figures/v11_feature_importance.png
energy_resolution_analysis/complete_report/figures/v11_model_progress.png,51246,73b09d4779fa27d95d0e11cc05e678bb86f7502c,https://github.com/zihengfan07/PandaX4T-Energy-Reconstruction/blob/e98ca8445220d948650019bedcded83c6909d856/energy_resolution_analysis/complete_report/figures/v11_model_progress.png
energy_resolution_analysis/complete_report/figures/v11_outer_blocks.png,49274,8921f688c2943ef63cc6c7caaa9f33ab337fee8f,https://github.com/zihengfan07/PandaX4T-Energy-Reconstruction/blob/e98ca8445220d948650019bedcded83c6909d856/energy_resolution_analysis/complete_report/figures/v11_outer_blocks.png
energy_resolution_analysis/complete_report/figures/v11_xy_bias.png,382042,4f1dc69ea9291e7c48e60e08e563d2ee56bbbcc9,https://github.com/zihengfan07/PandaX4T-Energy-Reconstruction/blob/e98ca8445220d948650019bedcded83c6909d856/energy_resolution_analysis/complete_report/figures/v11_xy_bias.png
energy_resolution_analysis/complete_report/make_v11_figures.py,7083,4b3994f4aaece8107fab327efda6aa8c1a1ef49e,https://github.com/zihengfan07/PandaX4T-Energy-Reconstruction/blob/e98ca8445220d948650019bedcded83c6909d856/energy_resolution_analysis/complete_report/make_v11_figures.py
energy_resolution_analysis/complete_report/output/pdf/PandaX4T_independent_energy_reconstruction_complete_report.pdf,3920177,3ce9b8669f12ad947e0a8a1d4aa7069781252422,https://github.com/zihengfan07/PandaX4T-Energy-Reconstruction/blob/e98ca8445220d948650019bedcded83c6909d856/energy_resolution_analysis/complete_report/output/pdf/PandaX4T_independent_energy_reconstruction_complete_report.pdf
energy_resolution_analysis/core_report/PandaX4T_candidate_v11_core_report.tex,13141,82dbd5991423eb1af42c79130eb8be6e761d3232,https://github.com/zihengfan07/PandaX4T-Energy-Reconstruction/blob/e98ca8445220d948650019bedcded83c6909d856/energy_resolution_analysis/core_report/PandaX4T_candidate_v11_core_report.tex
energy_resolution_analysis/core_report/figures/v11_correction.png,46752,b262986f6c5e4d7f3d989fc64d0ab7fbc8e1325b,https://github.com/zihengfan07/PandaX4T-Energy-Reconstruction/blob/e98ca8445220d948650019bedcded83c6909d856/energy_resolution_analysis/core_report/figures/v11_correction.png
energy_resolution_analysis/core_report/figures/v11_energy_1d.png,85719,fa364efbede434d06dceae01b70de08901faf287,https://github.com/zihengfan07/PandaX4T-Energy-Reconstruction/blob/e98ca8445220d948650019bedcded83c6909d856/energy_resolution_analysis/core_report/figures/v11_energy_1d.png
energy_resolution_analysis/core_report/figures/v11_feature_importance.png,93722,a856768155fef21d463f213f65bae19dd6297c0c,https://github.com/zihengfan07/PandaX4T-Energy-Reconstruction/blob/e98ca8445220d948650019bedcded83c6909d856/energy_resolution_analysis/core_report/figures/v11_feature_importance.png
energy_resolution_analysis/core_report/figures/v11_model_progress.png,51246,73b09d4779fa27d95d0e11cc05e678bb86f7502c,https://github.com/zihengfan07/PandaX4T-Energy-Reconstruction/blob/e98ca8445220d948650019bedcded83c6909d856/energy_resolution_analysis/core_report/figures/v11_model_progress.png
energy_resolution_analysis/core_report/figures/v11_outer_blocks.png,49274,8921f688c2943ef63cc6c7caaa9f33ab337fee8f,https://github.com/zihengfan07/PandaX4T-Energy-Reconstruction/blob/e98ca8445220d948650019bedcded83c6909d856/energy_resolution_analysis/core_report/figures/v11_outer_blocks.png
energy_resolution_analysis/core_report/figures/v11_xy_bias.png,382042,4f1dc69ea9291e7c48e60e08e563d2ee56bbbcc9,https://github.com/zihengfan07/PandaX4T-Energy-Reconstruction/blob/e98ca8445220d948650019bedcded83c6909d856/energy_resolution_analysis/core_report/figures/v11_xy_bias.png
energy_resolution_analysis/core_report/output/pdf/PandaX4T_candidate_v11_core_report.pdf,917278,5f19e530d2a6c8462ac43271ea3a5c207af7418e,https://github.com/zihengfan07/PandaX4T-Energy-Reconstruction/blob/e98ca8445220d948650019bedcded83c6909d856/energy_resolution_analysis/core_report/output/pdf/PandaX4T_candidate_v11_core_report.pdf
energy_resolution_analysis/evaluate_v16_safe_holdout.py,2935,e57f17b04bab47d0d045f4c4bbf4244efe964b61,https://github.com/zihengfan07/PandaX4T-Energy-Reconstruction/blob/e98ca8445220d948650019bedcded83c6909d856/energy_resolution_analysis/evaluate_v16_safe_holdout.py
energy_resolution_analysis/export_ratio_relationship_pngs.py,4487,cf448e75845a09ae988c4b7743eeeae42c2dc352,https://github.com/zihengfan07/PandaX4T-Energy-Reconstruction/blob/e98ca8445220d948650019bedcded83c6909d856/energy_resolution_analysis/export_ratio_relationship_pngs.py
energy_resolution_analysis/export_v12_portable.py,1873,7bcb7f3844e4a05ced3a8b47bf01df53a080add7,https://github.com/zihengfan07/PandaX4T-Energy-Reconstruction/blob/e98ca8445220d948650019bedcded83c6909d856/energy_resolution_analysis/export_v12_portable.py
energy_resolution_analysis/export_v13_portable.py,1780,ee628d09b595f0052bd473e705d14a62afcaa9e2,https://github.com/zihengfan07/PandaX4T-Energy-Reconstruction/blob/e98ca8445220d948650019bedcded83c6909d856/energy_resolution_analysis/export_v13_portable.py
energy_resolution_analysis/extract_v11_importance.py,1248,d8d01070fd94328ab5ab342ae8c7cf1a5d421a60,https://github.com/zihengfan07/PandaX4T-Energy-Reconstruction/blob/e98ca8445220d948650019bedcded83c6909d856/energy_resolution_analysis/extract_v11_importance.py
energy_resolution_analysis/finalize_v19_local.py,11487,ec40de07f03d014b1e7675f77157dea1335e0b52,https://github.com/zihengfan07/PandaX4T-Energy-Reconstruction/blob/e98ca8445220d948650019bedcded83c6909d856/energy_resolution_analysis/finalize_v19_local.py
energy_resolution_analysis/finalize_v20_local.py,2490,3b9de88a2ebac4bb8d25ca9ec163f0c612e43e06,https://github.com/zihengfan07/PandaX4T-Energy-Reconstruction/blob/e98ca8445220d948650019bedcded83c6909d856/energy_resolution_analysis/finalize_v20_local.py
energy_resolution_analysis/foundation_environment_v11.py,22273,cf2548aa31f8536c54f027de149282d14974d80a,https://github.com/zihengfan07/PandaX4T-Energy-Reconstruction/blob/e98ca8445220d948650019bedcded83c6909d856/energy_resolution_analysis/foundation_environment_v11.py
energy_resolution_analysis/grouped_nested_physics_v9.py,32394,a1a0ca100180259ae4c65a3a7e55f3dfe52268ad,https://github.com/zihengfan07/PandaX4T-Energy-Reconstruction/blob/e98ca8445220d948650019bedcded83c6909d856/energy_resolution_analysis/grouped_nested_physics_v9.py
energy_resolution_analysis/incremental_features_v19.py,18354,a937362f3a3ba919d491e5252574161749d45ef5,https://github.com/zihengfan07/PandaX4T-Energy-Reconstruction/blob/e98ca8445220d948650019bedcded83c6909d856/energy_resolution_analysis/incremental_features_v19.py
energy_resolution_analysis/kr_residual_correction_v21.py,11266,95842e179ca4bcfadb7b51ad726e4571ef1cf8b2,https://github.com/zihengfan07/PandaX4T-Energy-Reconstruction/blob/e98ca8445220d948650019bedcded83c6909d856/energy_resolution_analysis/kr_residual_correction_v21.py
energy_resolution_analysis/make_ratio_relationship_figures.py,5940,78e7ab253ca9a6bee73954629c171726005b0d92,https://github.com/zihengfan07/PandaX4T-Energy-Reconstruction/blob/e98ca8445220d948650019bedcded83c6909d856/energy_resolution_analysis/make_ratio_relationship_figures.py
energy_resolution_analysis/make_v14_smallmodels_figures.py,5696,ed73e928e1976ddb7648c5b67fdf5674129f7875,https://github.com/zihengfan07/PandaX4T-Energy-Reconstruction/blob/e98ca8445220d948650019bedcded83c6909d856/energy_resolution_analysis/make_v14_smallmodels_figures.py
energy_resolution_analysis/multivariable_search_v15.py,14347,0463760e278dc80e54ae1e3d742ac9e45537909c,https://github.com/zihengfan07/PandaX4T-Energy-Reconstruction/blob/e98ca8445220d948650019bedcded83c6909d856/energy_resolution_analysis/multivariable_search_v15.py
energy_resolution_analysis/new_doke_v21_survey.py,7075,fe0c40db3af8cf08a333a52dce511e7f24c899a9,https://github.com/zihengfan07/PandaX4T-Energy-Reconstruction/blob/e98ca8445220d948650019bedcded83c6909d856/energy_resolution_analysis/new_doke_v21_survey.py
energy_resolution_analysis/nonlinear_holdout_v16.py,15381,af6d42158655b83e1a65ee2b6dfbb753922cc71d,https://github.com/zihengfan07/PandaX4T-Energy-Reconstruction/blob/e98ca8445220d948650019bedcded83c6909d856/energy_resolution_analysis/nonlinear_holdout_v16.py
energy_resolution_analysis/physics_separated_v20.py,13724,6895a2be3efa3699614c5e0d2021033923e4ef56,https://github.com/zihengfan07/PandaX4T-Energy-Reconstruction/blob/e98ca8445220d948650019bedcded83c6909d856/energy_resolution_analysis/physics_separated_v20.py
energy_resolution_analysis/plot_event_comparison_only.py,3561,6f22f2b6b35e9b3a9211be53246a38a188a40976,https://github.com/zihengfan07/PandaX4T-Energy-Reconstruction/blob/e98ca8445220d948650019bedcded83c6909d856/energy_resolution_analysis/plot_event_comparison_only.py
energy_resolution_analysis/plot_original_vs_v12.py,5317,a95f7bc0da4f5422e38e1f1e92adfe4b7894455e,https://github.com/zihengfan07/PandaX4T-Energy-Reconstruction/blob/e98ca8445220d948650019bedcded83c6909d856/energy_resolution_analysis/plot_original_vs_v12.py
energy_resolution_analysis/prepare_ratio_relationship_data.py,3139,88f507941cef8d4ff54cace7bf5a0f87e0932eee,https://github.com/zihengfan07/PandaX4T-Energy-Reconstruction/blob/e98ca8445220d948650019bedcded83c6909d856/energy_resolution_analysis/prepare_ratio_relationship_data.py
energy_resolution_analysis/report/PandaX4T_run10972_data_results_analysis_report.tex,28936,a673fad8df0e5ccb7471609ac728c8d14f26d156,https://github.com/zihengfan07/PandaX4T-Energy-Reconstruction/blob/e98ca8445220d948650019bedcded83c6909d856/energy_resolution_analysis/report/PandaX4T_run10972_data_results_analysis_report.tex
energy_resolution_analysis/report/figures/channel_flatness.png,170048,177da699af8156509af35182242abb8932b3de9a,https://github.com/zihengfan07/PandaX4T-Energy-Reconstruction/blob/e98ca8445220d948650019bedcded83c6909d856/energy_resolution_analysis/report/figures/channel_flatness.png
energy_resolution_analysis/report/figures/data_overview.png,436788,6051699a1ee8e4a73e804933070f597d64841208,https://github.com/zihengfan07/PandaX4T-Energy-Reconstruction/blob/e98ca8445220d948650019bedcded83c6909d856/energy_resolution_analysis/report/figures/data_overview.png
energy_resolution_analysis/report/figures/fold_stability_result.png,77106,89933fabfd58e99970f3ef50911064c0b8c54d39,https://github.com/zihengfan07/PandaX4T-Energy-Reconstruction/blob/e98ca8445220d948650019bedcded83c6909d856/energy_resolution_analysis/report/figures/fold_stability_result.png
energy_resolution_analysis/report/figures/frozen_oof_bootstrap.png,92525,772a7f122dc0d942e79a6c7c6fe09c757c216751,https://github.com/zihengfan07/PandaX4T-Energy-Reconstruction/blob/e98ca8445220d948650019bedcded83c6909d856/energy_resolution_analysis/report/figures/frozen_oof_bootstrap.png
energy_resolution_analysis/report/figures/oof_spectra.png,198418,45f399f0414d08a3438c25aca89efff35b4355d6,https://github.com/zihengfan07/PandaX4T-Energy-Reconstruction/blob/e98ca8445220d948650019bedcded83c6909d856/energy_resolution_analysis/report/figures/oof_spectra.png
energy_resolution_analysis/report/figures/result_summary.png,101384,f939e8d100c1fb4f94dbbb75f48a8fc70a610232,https://github.com/zihengfan07/PandaX4T-Energy-Reconstruction/blob/e98ca8445220d948650019bedcded83c6909d856/energy_resolution_analysis/report/figures/result_summary.png
energy_resolution_analysis/report/output/pdf/PandaX4T_independent_energy_reconstruction_report.pdf,1326917,e53913681a54c4f03ce5769a203edb2ea196efb0,https://github.com/zihengfan07/PandaX4T-Energy-Reconstruction/blob/e98ca8445220d948650019bedcded83c6909d856/energy_resolution_analysis/report/output/pdf/PandaX4T_independent_energy_reconstruction_report.pdf
energy_resolution_analysis/report/output/pdf/PandaX4T_run10972_data_results_analysis_report.pdf,1122388,8b7452b5118b036ecfcddc2ce054d5d715356cc6,https://github.com/zihengfan07/PandaX4T-Energy-Reconstruction/blob/e98ca8445220d948650019bedcded83c6909d856/energy_resolution_analysis/report/output/pdf/PandaX4T_run10972_data_results_analysis_report.pdf
energy_resolution_analysis/report/report_assets.py,14630,83c7d47124fe20eb60e57fd8d395f1b864ae4688,https://github.com/zihengfan07/PandaX4T-Energy-Reconstruction/blob/e98ca8445220d948650019bedcded83c6909d856/energy_resolution_analysis/report/report_assets.py
energy_resolution_analysis/report/v13_stage_20260807/PandaX4T_v13_stage_report.tex,15874,86433d96aa56d84c12faa78ac9371f4273135812,https://github.com/zihengfan07/PandaX4T-Energy-Reconstruction/blob/e98ca8445220d948650019bedcded83c6909d856/energy_resolution_analysis/report/v13_stage_20260807/PandaX4T_v13_stage_report.tex
energy_resolution_analysis/report/v13_stage_20260807/assets/calibration_oof.png,58464,b3f397edbc70c3efd3554dd83f20dcfb36f1717e,https://github.com/zihengfan07/PandaX4T-Energy-Reconstruction/blob/e98ca8445220d948650019bedcded83c6909d856/energy_resolution_analysis/report/v13_stage_20260807/assets/calibration_oof.png
energy_resolution_analysis/report/v13_stage_20260807/assets/event_compare.png,216865,8bd3121d68606c1b3466ea78ebae6d3d5be1308b,https://github.com/zihengfan07/PandaX4T-Energy-Reconstruction/blob/e98ca8445220d948650019bedcded83c6909d856/energy_resolution_analysis/report/v13_stage_20260807/assets/event_compare.png
energy_resolution_analysis/report/v13_stage_20260807/assets/full_spectrum.png,126039,1c672ded0157a93c2d961a32c402b45f6b79aa24,https://github.com/zihengfan07/PandaX4T-Energy-Reconstruction/blob/e98ca8445220d948650019bedcded83c6909d856/energy_resolution_analysis/report/v13_stage_20260807/assets/full_spectrum.png
energy_resolution_analysis/report/v13_stage_20260807/assets/problem_zoom.png,145790,71c80cd5b6d1031fccaa1f5058ed89a2f70072d0,https://github.com/zihengfan07/PandaX4T-Energy-Reconstruction/blob/e98ca8445220d948650019bedcded83c6909d856/energy_resolution_analysis/report/v13_stage_20260807/assets/problem_zoom.png
energy_resolution_analysis/report/v13_stage_20260807/assets/time_stability.png,42449,619da2be230340023106c64ea4200c02e1cd28da,https://github.com/zihengfan07/PandaX4T-Energy-Reconstruction/blob/e98ca8445220d948650019bedcded83c6909d856/energy_resolution_analysis/report/v13_stage_20260807/assets/time_stability.png
energy_resolution_analysis/report/v13_stage_20260807/assets/v13_drift_calibration.png,132168,b6582f0b6420a94b6580c2df2a3924cfb9ee1c57,https://github.com/zihengfan07/PandaX4T-Energy-Reconstruction/blob/e98ca8445220d948650019bedcded83c6909d856/energy_resolution_analysis/report/v13_stage_20260807/assets/v13_drift_calibration.png
energy_resolution_analysis/report/v13_stage_20260807/assets/v13_event_correction.png,126096,57da79672006cc95ceb78c6f54f12cd9c5eab2fa,https://github.com/zihengfan07/PandaX4T-Energy-Reconstruction/blob/e98ca8445220d948650019bedcded83c6909d856/energy_resolution_analysis/report/v13_stage_20260807/assets/v13_event_correction.png
energy_resolution_analysis/report/v13_stage_20260807/assets/v13_metrics_search.png,119385,a2b3ac8e0caa0a7d345d08f4921cafe7b12d5e3f,https://github.com/zihengfan07/PandaX4T-Energy-Reconstruction/blob/e98ca8445220d948650019bedcded83c6909d856/energy_resolution_analysis/report/v13_stage_20260807/assets/v13_metrics_search.png
energy_resolution_analysis/report/v13_stage_20260807/assets/v13_spectrum_full_zoom.png,138884,1fb0f7c0aa93a90a63ac6f01a50647d79369a9bc,https://github.com/zihengfan07/PandaX4T-Energy-Reconstruction/blob/e98ca8445220d948650019bedcded83c6909d856/energy_resolution_analysis/report/v13_stage_20260807/assets/v13_spectrum_full_zoom.png
energy_resolution_analysis/report/v13_stage_20260807/make_v13_figures.py,8872,e090505b7ba8e7d47d8ced414913cf95fad36a0b,https://github.com/zihengfan07/PandaX4T-Energy-Reconstruction/blob/e98ca8445220d948650019bedcded83c6909d856/energy_resolution_analysis/report/v13_stage_20260807/make_v13_figures.py
energy_resolution_analysis/requirements.txt,30,439a27ad065eef9d831297c3939bd8619745a8f3,https://github.com/zihengfan07/PandaX4T-Energy-Reconstruction/blob/e98ca8445220d948650019bedcded83c6909d856/energy_resolution_analysis/requirements.txt
energy_resolution_analysis/results/v12_safe_20260803/background_detailed_audit.json,767,b6e59cd24b9b90ad7529cac86c5ef35d77a42b77,https://github.com/zihengfan07/PandaX4T-Energy-Reconstruction/blob/e98ca8445220d948650019bedcded83c6909d856/energy_resolution_analysis/results/v12_safe_20260803/background_detailed_audit.json
energy_resolution_analysis/results/v12_safe_20260803/background_spectrum_v12_comparison.png,95785,ee02924c4e79cfcacf63b632d4d8f1f1c38c07db,https://github.com/zihengfan07/PandaX4T-Energy-Reconstruction/blob/e98ca8445220d948650019bedcded83c6909d856/energy_resolution_analysis/results/v12_safe_20260803/background_spectrum_v12_comparison.png
energy_resolution_analysis/results/v12_safe_20260803/background_time_block_audit.csv,859,8717d9053a6339fc0deba0a8e9615244d11de422,https://github.com/zihengfan07/PandaX4T-Energy-Reconstruction/blob/e98ca8445220d948650019bedcded83c6909d856/energy_resolution_analysis/results/v12_safe_20260803/background_time_block_audit.csv
energy_resolution_analysis/results/v12_safe_20260803/background_time_stability_v12.png,42449,619da2be230340023106c64ea4200c02e1cd28da,https://github.com/zihengfan07/PandaX4T-Energy-Reconstruction/blob/e98ca8445220d948650019bedcded83c6909d856/energy_resolution_analysis/results/v12_safe_20260803/background_time_stability_v12.png
energy_resolution_analysis/results/v12_safe_20260803/calibration_oof_v12_comparison.png,58464,b3f397edbc70c3efd3554dd83f20dcfb36f1717e,https://github.com/zihengfan07/PandaX4T-Energy-Reconstruction/blob/e98ca8445220d948650019bedcded83c6909d856/energy_resolution_analysis/results/v12_safe_20260803/calibration_oof_v12_comparison.png
energy_resolution_analysis/results/v12_safe_20260803/candidate_search.csv,7494,216d0c7eb2311cbae803be8aa0482834dbbd3497,https://github.com/zihengfan07/PandaX4T-Energy-Reconstruction/blob/e98ca8445220d948650019bedcded83c6909d856/energy_resolution_analysis/results/v12_safe_20260803/candidate_search.csv
energy_resolution_analysis/results/v12_safe_20260803/event_by_event_energy_comparison.png,216865,8bd3121d68606c1b3466ea78ebae6d3d5be1308b,https://github.com/zihengfan07/PandaX4T-Energy-Reconstruction/blob/e98ca8445220d948650019bedcded83c6909d856/energy_resolution_analysis/results/v12_safe_20260803/event_by_event_energy_comparison.png
energy_resolution_analysis/results/v12_safe_20260803/original_formula_vs_v12_full.png,126039,1c672ded0157a93c2d961a32c402b45f6b79aa24,https://github.com/zihengfan07/PandaX4T-Energy-Reconstruction/blob/e98ca8445220d948650019bedcded83c6909d856/energy_resolution_analysis/results/v12_safe_20260803/original_formula_vs_v12_full.png
energy_resolution_analysis/results/v12_safe_20260803/original_vs_v12_audit.json,771,b7263fa8bbc20af32165085351cc1d776ef3222b,https://github.com/zihengfan07/PandaX4T-Energy-Reconstruction/blob/e98ca8445220d948650019bedcded83c6909d856/energy_resolution_analysis/results/v12_safe_20260803/original_vs_v12_audit.json
energy_resolution_analysis/results/v12_safe_20260803/summary.json,2543,b6f96ef04d3bf186a7d99ee0a3dd0f421e8a2a8d,https://github.com/zihengfan07/PandaX4T-Energy-Reconstruction/blob/e98ca8445220d948650019bedcded83c6909d856/energy_resolution_analysis/results/v12_safe_20260803/summary.json
energy_resolution_analysis/results/v12_safe_20260803/v12_problem_regions_zoom.png,145790,71c80cd5b6d1031fccaa1f5058ed89a2f70072d0,https://github.com/zihengfan07/PandaX4T-Energy-Reconstruction/blob/e98ca8445220d948650019bedcded83c6909d856/energy_resolution_analysis/results/v12_safe_20260803/v12_problem_regions_zoom.png
energy_resolution_analysis/results/v13_anchored_20260807/candidate_search.csv,14207,dd7508dd62be18beccb5f4f0f8c00fe16fd2c173,https://github.com/zihengfan07/PandaX4T-Energy-Reconstruction/blob/e98ca8445220d948650019bedcded83c6909d856/energy_resolution_analysis/results/v13_anchored_20260807/candidate_search.csv
energy_resolution_analysis/results/v13_anchored_20260807/summary.json,2682,1efcc89abd9598780ce7dd040558d775490f7d60,https://github.com/zihengfan07/PandaX4T-Energy-Reconstruction/blob/e98ca8445220d948650019bedcded83c6909d856/energy_resolution_analysis/results/v13_anchored_20260807/summary.json
energy_resolution_analysis/results/v14_smallmodels_20260814/README_结果说明.md,2721,97a23c2c15272999d707398387f96c29ed1e1ece,https://github.com/zihengfan07/PandaX4T-Energy-Reconstruction/blob/e98ca8445220d948650019bedcded83c6909d856/energy_resolution_analysis/results/v14_smallmodels_20260814/README_%E7%BB%93%E6%9E%9C%E8%AF%B4%E6%98%8E.md
energy_resolution_analysis/results/v14_smallmodels_20260814/figures/v14_ten_model_comparison.png,120515,6a5c25f4d5232cd197a15805b86e58d83335dcb7,https://github.com/zihengfan07/PandaX4T-Energy-Reconstruction/blob/e98ca8445220d948650019bedcded83c6909d856/energy_resolution_analysis/results/v14_smallmodels_20260814/figures/v14_ten_model_comparison.png
energy_resolution_analysis/results/v14_smallmodels_20260814/figures/v14_winner_correction.png,117731,195d8b13ee5f34e8afa701768bc33133f0138b74,https://github.com/zihengfan07/PandaX4T-Energy-Reconstruction/blob/e98ca8445220d948650019bedcded83c6909d856/energy_resolution_analysis/results/v14_smallmodels_20260814/figures/v14_winner_correction.png
energy_resolution_analysis/results/v14_smallmodels_20260814/figures/v14_winner_spectrum.png,135148,4b4fd7b9aa1c01962eef2e76be3efe5764746162,https://github.com/zihengfan07/PandaX4T-Energy-Reconstruction/blob/e98ca8445220d948650019bedcded83c6909d856/energy_resolution_analysis/results/v14_smallmodels_20260814/figures/v14_winner_spectrum.png
energy_resolution_analysis/results/v14_smallmodels_20260814/selected_feature_quality.json,2142,e1a7bda643a47e3d9d51fb816b1e84013412f3d7,https://github.com/zihengfan07/PandaX4T-Energy-Reconstruction/blob/e98ca8445220d948650019bedcded83c6909d856/energy_resolution_analysis/results/v14_smallmodels_20260814/selected_feature_quality.json
energy_resolution_analysis/results/v14_smallmodels_20260814/summary.json,4379,e81b372229d02d8e3dba871e2fb0efea1954a0c3,https://github.com/zihengfan07/PandaX4T-Energy-Reconstruction/blob/e98ca8445220d948650019bedcded83c6909d856/energy_resolution_analysis/results/v14_smallmodels_20260814/summary.json
energy_resolution_analysis/results/v14_smallmodels_20260814/ten_small_models.csv,4953,c943e7bc0ef63e9169e57d4b8f9b30c0bed21e9c,https://github.com/zihengfan07/PandaX4T-Energy-Reconstruction/blob/e98ca8445220d948650019bedcded83c6909d856/energy_resolution_analysis/results/v14_smallmodels_20260814/ten_small_models.csv
energy_resolution_analysis/results/v15_multivariable_20260814/README_结果说明.md,2045,faaba5f835c2846d9568ff4b72e023ed796d8241,https://github.com/zihengfan07/PandaX4T-Energy-Reconstruction/blob/e98ca8445220d948650019bedcded83c6909d856/energy_resolution_analysis/results/v15_multivariable_20260814/README_%E7%BB%93%E6%9E%9C%E8%AF%B4%E6%98%8E.md
energy_resolution_analysis/results/v15_multivariable_20260814/feature_quality.json,4473,ae74a86646cd0c55ad351d15443a48efa7780eff,https://github.com/zihengfan07/PandaX4T-Energy-Reconstruction/blob/e98ca8445220d948650019bedcded83c6909d856/energy_resolution_analysis/results/v15_multivariable_20260814/feature_quality.json
energy_resolution_analysis/results/v15_multivariable_20260814/figures/ratio_relationships/01_calibration_ratio_vs_inputs_2x2.png,259114,55e0767dcc3bf173e536691b121a713cbbf35b5a,https://github.com/zihengfan07/PandaX4T-Energy-Reconstruction/blob/e98ca8445220d948650019bedcded83c6909d856/energy_resolution_analysis/results/v15_multivariable_20260814/figures/ratio_relationships/01_calibration_ratio_vs_inputs_2x2.png
energy_resolution_analysis/results/v15_multivariable_20260814/figures/ratio_relationships/02_background_ratio_vs_inputs_2x2.png,431218,81bb86b42a819e65aa53f61668a1a05b40c1972e,https://github.com/zihengfan07/PandaX4T-Energy-Reconstruction/blob/e98ca8445220d948650019bedcded83c6909d856/energy_resolution_analysis/results/v15_multivariable_20260814/figures/ratio_relationships/02_background_ratio_vs_inputs_2x2.png
energy_resolution_analysis/results/v15_multivariable_20260814/figures/ratio_relationships/03_calibration_ratio_vs_dt.png,80482,16077e1b46862d973dd73d5380e3e8c6c5efb604,https://github.com/zihengfan07/PandaX4T-Energy-Reconstruction/blob/e98ca8445220d948650019bedcded83c6909d856/energy_resolution_analysis/results/v15_multivariable_20260814/figures/ratio_relationships/03_calibration_ratio_vs_dt.png
energy_resolution_analysis/results/v15_multivariable_20260814/figures/ratio_relationships/04_calibration_ratio_vs_wS2CDF_max.png,82790,3d550fb5809c76c51b8ac4074f7426724c1525a4,https://github.com/zihengfan07/PandaX4T-Energy-Reconstruction/blob/e98ca8445220d948650019bedcded83c6909d856/energy_resolution_analysis/results/v15_multivariable_20260814/figures/ratio_relationships/04_calibration_ratio_vs_wS2CDF_max.png
energy_resolution_analysis/results/v15_multivariable_20260814/figures/ratio_relationships/05_calibration_ratio_vs_yS2Tcor_max.png,80071,6a2bef87f2d836a10d04ed7241c9d658564b5492,https://github.com/zihengfan07/PandaX4T-Energy-Reconstruction/blob/e98ca8445220d948650019bedcded83c6909d856/energy_resolution_analysis/results/v15_multivariable_20260814/figures/ratio_relationships/05_calibration_ratio_vs_yS2Tcor_max.png
energy_resolution_analysis/results/v15_multivariable_20260814/figures/ratio_relationships/06_calibration_ratio_vs_xS2Bcor_max.png,83363,0ee3a46ba47335348f592213e1b79cc10e9c2653,https://github.com/zihengfan07/PandaX4T-Energy-Reconstruction/blob/e98ca8445220d948650019bedcded83c6909d856/energy_resolution_analysis/results/v15_multivariable_20260814/figures/ratio_relationships/06_calibration_ratio_vs_xS2Bcor_max.png
energy_resolution_analysis/results/v15_multivariable_20260814/figures/ratio_relationships/07_background_ratio_vs_dt.png,140343,a086217fee27da85bb1c636bf9262c2a83aa5da9,https://github.com/zihengfan07/PandaX4T-Energy-Reconstruction/blob/e98ca8445220d948650019bedcded83c6909d856/energy_resolution_analysis/results/v15_multivariable_20260814/figures/ratio_relationships/07_background_ratio_vs_dt.png
energy_resolution_analysis/results/v15_multivariable_20260814/figures/ratio_relationships/08_background_ratio_vs_wS2CDF_max.png,118266,af3b8b29f154c0bd8c2ab98199bf93097ae2346d,https://github.com/zihengfan07/PandaX4T-Energy-Reconstruction/blob/e98ca8445220d948650019bedcded83c6909d856/energy_resolution_analysis/results/v15_multivariable_20260814/figures/ratio_relationships/08_background_ratio_vs_wS2CDF_max.png
energy_resolution_analysis/results/v15_multivariable_20260814/figures/ratio_relationships/09_background_ratio_vs_yS2Tcor_max.png,152535,961f89aa0c7fca2104fd3593568299d66ba519a7,https://github.com/zihengfan07/PandaX4T-Energy-Reconstruction/blob/e98ca8445220d948650019bedcded83c6909d856/energy_resolution_analysis/results/v15_multivariable_20260814/figures/ratio_relationships/09_background_ratio_vs_yS2Tcor_max.png
energy_resolution_analysis/results/v15_multivariable_20260814/figures/ratio_relationships/10_background_ratio_vs_xS2Bcor_max.png,123174,e10ea5e0716e3ef46cdd396a44325e7cd7beee1b,https://github.com/zihengfan07/PandaX4T-Energy-Reconstruction/blob/e98ca8445220d948650019bedcded83c6909d856/energy_resolution_analysis/results/v15_multivariable_20260814/figures/ratio_relationships/10_background_ratio_vs_xS2Bcor_max.png
energy_resolution_analysis/results/v15_multivariable_20260814/multivariable_candidates.csv,114881,953b1288e061cf6c787ead72c1df29a439d04514,https://github.com/zihengfan07/PandaX4T-Energy-Reconstruction/blob/e98ca8445220d948650019bedcded83c6909d856/energy_resolution_analysis/results/v15_multivariable_20260814/multivariable_candidates.csv
energy_resolution_analysis/results/v15_multivariable_20260814/summary.json,4833,b8e4e8b3ead62404771c1792891aaa8c6657742a,https://github.com/zihengfan07/PandaX4T-Energy-Reconstruction/blob/e98ca8445220d948650019bedcded83c6909d856/energy_resolution_analysis/results/v15_multivariable_20260814/summary.json
energy_resolution_analysis/results/v16_nonlinear_holdout_20260814/nonlinear_candidates.csv,81035,b9c077423e854cf7b1434cf341be9eb6856292e4,https://github.com/zihengfan07/PandaX4T-Energy-Reconstruction/blob/e98ca8445220d948650019bedcded83c6909d856/energy_resolution_analysis/results/v16_nonlinear_holdout_20260814/nonlinear_candidates.csv
energy_resolution_analysis/results/v16_nonlinear_holdout_20260814/safe_candidates_holdout.csv,2254,a9d995db519f5f0cfa00c042f59a68f784d930e5,https://github.com/zihengfan07/PandaX4T-Energy-Reconstruction/blob/e98ca8445220d948650019bedcded83c6909d856/energy_resolution_analysis/results/v16_nonlinear_holdout_20260814/safe_candidates_holdout.csv
energy_resolution_analysis/results/v16_nonlinear_holdout_20260814/summary.json,3649,c4111badcf04d7b2d9b9c4e1439e6359923226a6,https://github.com/zihengfan07/PandaX4T-Energy-Reconstruction/blob/e98ca8445220d948650019bedcded83c6909d856/energy_resolution_analysis/results/v16_nonlinear_holdout_20260814/summary.json
energy_resolution_analysis/results/v17_ensemble_20260814/README_继续提升结论.md,2367,15ce60382f55774ab142f37bfc73c614c577e5eb,https://github.com/zihengfan07/PandaX4T-Energy-Reconstruction/blob/e98ca8445220d948650019bedcded83c6909d856/energy_resolution_analysis/results/v17_ensemble_20260814/README_%E7%BB%A7%E7%BB%AD%E6%8F%90%E5%8D%87%E7%BB%93%E8%AE%BA.md
energy_resolution_analysis/results/v17_ensemble_20260814/ensemble_weights.csv,80154,94e9cf4d5ea547dfd3fc94939b51aa702d0c475d,https://github.com/zihengfan07/PandaX4T-Energy-Reconstruction/blob/e98ca8445220d948650019bedcded83c6909d856/energy_resolution_analysis/results/v17_ensemble_20260814/ensemble_weights.csv
energy_resolution_analysis/results/v18_response_map_20260814/README_结果说明.md,1483,7ae7f2b1d66da159f4516bdd022e7a0a15177fd5,https://github.com/zihengfan07/PandaX4T-Energy-Reconstruction/blob/e98ca8445220d948650019bedcded83c6909d856/energy_resolution_analysis/results/v18_response_map_20260814/README_%E7%BB%93%E6%9E%9C%E8%AF%B4%E6%98%8E.md
energy_resolution_analysis/results/v18_response_map_20260814/response_map_candidates.csv,29480,0f4d0881994e7c482f58b746413fd98318b60be8,https://github.com/zihengfan07/PandaX4T-Energy-Reconstruction/blob/e98ca8445220d948650019bedcded83c6909d856/energy_resolution_analysis/results/v18_response_map_20260814/response_map_candidates.csv
energy_resolution_analysis/results/v18_response_map_20260814/summary.json,958,1cd87f7a14f7d8af18ebd352cfa6bb91013e872f,https://github.com/zihengfan07/PandaX4T-Energy-Reconstruction/blob/e98ca8445220d948650019bedcded83c6909d856/energy_resolution_analysis/results/v18_response_map_20260814/summary.json
energy_resolution_analysis/results/v19_incremental_features_20260815/01_feature_set_comparison.png,136373,58608ae2bac776f7d6f93785516faa94e0b4fa9a,https://github.com/zihengfan07/PandaX4T-Energy-Reconstruction/blob/e98ca8445220d948650019bedcded83c6909d856/energy_resolution_analysis/results/v19_incremental_features_20260815/01_feature_set_comparison.png
energy_resolution_analysis/results/v19_incremental_features_20260815/02_single_variable_ablation.png,131204,f0060d1ec78192d980e20a938f3df5c1e00a73d8,https://github.com/zihengfan07/PandaX4T-Energy-Reconstruction/blob/e98ca8445220d948650019bedcded83c6909d856/energy_resolution_analysis/results/v19_incremental_features_20260815/02_single_variable_ablation.png
energy_resolution_analysis/results/v19_incremental_features_20260815/03_energy_spectra.png,168101,acebeb2db1c6901fa33b5362bb7b46cd248d3c31,https://github.com/zihengfan07/PandaX4T-Energy-Reconstruction/blob/e98ca8445220d948650019bedcded83c6909d856/energy_resolution_analysis/results/v19_incremental_features_20260815/03_energy_spectra.png
energy_resolution_analysis/results/v19_incremental_features_20260815/04_ratio_vs_model_inputs.png,960721,6e2f44a7061d8708ca8469a2078b56f41e63a304,https://github.com/zihengfan07/PandaX4T-Energy-Reconstruction/blob/e98ca8445220d948650019bedcded83c6909d856/energy_resolution_analysis/results/v19_incremental_features_20260815/04_ratio_vs_model_inputs.png
energy_resolution_analysis/results/v19_incremental_features_20260815/05_background_2450_3000_zoom.png,82968,254a9572952ba888f717fae199883dfe51420ee5,https://github.com/zihengfan07/PandaX4T-Energy-Reconstruction/blob/e98ca8445220d948650019bedcded83c6909d856/energy_resolution_analysis/results/v19_incremental_features_20260815/05_background_2450_3000_zoom.png
energy_resolution_analysis/results/v19_incremental_features_20260815/06_calibration_ratio_vs_inputs.png,607998,a983b3592537cbc477b31f1efaaa984b95ae6042,https://github.com/zihengfan07/PandaX4T-Energy-Reconstruction/blob/e98ca8445220d948650019bedcded83c6909d856/energy_resolution_analysis/results/v19_incremental_features_20260815/06_calibration_ratio_vs_inputs.png
energy_resolution_analysis/results/v19_incremental_features_20260815/07_background_ratio_vs_inputs.png,626364,8418be0afef3dca4ab84c14499657850ec58eec6,https://github.com/zihengfan07/PandaX4T-Energy-Reconstruction/blob/e98ca8445220d948650019bedcded83c6909d856/energy_resolution_analysis/results/v19_incremental_features_20260815/07_background_ratio_vs_inputs.png
energy_resolution_analysis/results/v19_incremental_features_20260815/08_metric_summary.png,69608,9a91897207269929184fcf999fabf0ceb70f4cc0,https://github.com/zihengfan07/PandaX4T-Energy-Reconstruction/blob/e98ca8445220d948650019bedcded83c6909d856/energy_resolution_analysis/results/v19_incremental_features_20260815/08_metric_summary.png
energy_resolution_analysis/results/v19_incremental_features_20260815/09_time_block_stability.png,147819,1b59e08ffe88de2e63c7a8468873a2624785d527,https://github.com/zihengfan07/PandaX4T-Energy-Reconstruction/blob/e98ca8445220d948650019bedcded83c6909d856/energy_resolution_analysis/results/v19_incremental_features_20260815/09_time_block_stability.png
energy_resolution_analysis/results/v19_incremental_features_20260815/README_结果说明.md,566,3b1b9bda55dd9b50f53fbe6d8c6a610703f4173f,https://github.com/zihengfan07/PandaX4T-Energy-Reconstruction/blob/e98ca8445220d948650019bedcded83c6909d856/energy_resolution_analysis/results/v19_incremental_features_20260815/README_%E7%BB%93%E6%9E%9C%E8%AF%B4%E6%98%8E.md
energy_resolution_analysis/results/v19_incremental_features_20260815/summary.json,5661,f1c7f016b6dd192c0f1ff8a55447dcf5998516e9,https://github.com/zihengfan07/PandaX4T-Energy-Reconstruction/blob/e98ca8445220d948650019bedcded83c6909d856/energy_resolution_analysis/results/v19_incremental_features_20260815/summary.json
energy_resolution_analysis/results/v19_incremental_features_20260815/v19_best_by_feature_set.csv,17708,34d5dea0479e1371668bbda17d0323c00648ec27,https://github.com/zihengfan07/PandaX4T-Energy-Reconstruction/blob/e98ca8445220d948650019bedcded83c6909d856/energy_resolution_analysis/results/v19_incremental_features_20260815/v19_best_by_feature_set.csv
energy_resolution_analysis/results/v19_incremental_features_20260815/v19_candidates.csv,205707,04cdf938cac94355e1e093d591b0e7cee7b15bd1,https://github.com/zihengfan07/PandaX4T-Energy-Reconstruction/blob/e98ca8445220d948650019bedcded83c6909d856/energy_resolution_analysis/results/v19_incremental_features_20260815/v19_candidates.csv
energy_resolution_analysis/results/v20_physics_audit_bl0_20260815/01_s1_s2_vs_dt.png,784551,21516d394a11e0fb655a64b66956342ead882073,https://github.com/zihengfan07/PandaX4T-Energy-Reconstruction/blob/e98ca8445220d948650019bedcded83c6909d856/energy_resolution_analysis/results/v20_physics_audit_bl0_20260815/01_s1_s2_vs_dt.png
energy_resolution_analysis/results/v20_physics_audit_bl0_20260815/02_s1_s2_anticorrelation.png,340875,416db8d073c5ade0bdb60bd69b6e1e0218465574,https://github.com/zihengfan07/PandaX4T-Energy-Reconstruction/blob/e98ca8445220d948650019bedcded83c6909d856/energy_resolution_analysis/results/v20_physics_audit_bl0_20260815/02_s1_s2_anticorrelation.png
energy_resolution_analysis/results/v20_physics_audit_bl0_20260815/03_calibration_energy_comparison.png,116513,e7a8e76be5c59cb79ee7203c8938ad2d2fd37fd2,https://github.com/zihengfan07/PandaX4T-Energy-Reconstruction/blob/e98ca8445220d948650019bedcded83c6909d856/energy_resolution_analysis/results/v20_physics_audit_bl0_20260815/03_calibration_energy_comparison.png
energy_resolution_analysis/results/v20_physics_audit_bl0_20260815/04_energy_ratio_audit.png,215321,8c340a7a1b1be7f68c70f1be2f6cd6dc5bcf7c98,https://github.com/zihengfan07/PandaX4T-Energy-Reconstruction/blob/e98ca8445220d948650019bedcded83c6909d856/energy_resolution_analysis/results/v20_physics_audit_bl0_20260815/04_energy_ratio_audit.png
energy_resolution_analysis/results/v20_physics_audit_bl0_20260815/05_background_safety.png,152525,89acc7efda15f4937c53d06053d6e07af7a7e056,https://github.com/zihengfan07/PandaX4T-Energy-Reconstruction/blob/e98ca8445220d948650019bedcded83c6909d856/energy_resolution_analysis/results/v20_physics_audit_bl0_20260815/05_background_safety.png
energy_resolution_analysis/results/v20_physics_audit_bl0_20260815/06_background_event_comparison.png,211613,4cabbc25ba225bc428f91c233ef750461fe47e82,https://github.com/zihengfan07/PandaX4T-Energy-Reconstruction/blob/e98ca8445220d948650019bedcded83c6909d856/energy_resolution_analysis/results/v20_physics_audit_bl0_20260815/06_background_event_comparison.png
energy_resolution_analysis/results/v20_physics_audit_bl0_20260815/README_结果说明.md,1692,70c4896818e26082a1d6ed497ed7934bd21599ed,https://github.com/zihengfan07/PandaX4T-Energy-Reconstruction/blob/e98ca8445220d948650019bedcded83c6909d856/energy_resolution_analysis/results/v20_physics_audit_bl0_20260815/README_%E7%BB%93%E6%9E%9C%E8%AF%B4%E6%98%8E.md
energy_resolution_analysis/results/v20_physics_audit_bl0_20260815/summary.json,2901,91278b92d9794f626ad6d48b62e3de451037b806,https://github.com/zihengfan07/PandaX4T-Energy-Reconstruction/blob/e98ca8445220d948650019bedcded83c6909d856/energy_resolution_analysis/results/v20_physics_audit_bl0_20260815/summary.json
energy_resolution_analysis/results/v20_physics_audit_bl0_20260815/v20_physics_state.json,514,a03c8c731f01d992786b1a1dd54fc2a956134f39,https://github.com/zihengfan07/PandaX4T-Energy-Reconstruction/blob/e98ca8445220d948650019bedcded83c6909d856/energy_resolution_analysis/results/v20_physics_audit_bl0_20260815/v20_physics_state.json
energy_resolution_analysis/results/v20_physics_audit_local_20260815/01_s1_s2_vs_dt.png,784551,21516d394a11e0fb655a64b66956342ead882073,https://github.com/zihengfan07/PandaX4T-Energy-Reconstruction/blob/e98ca8445220d948650019bedcded83c6909d856/energy_resolution_analysis/results/v20_physics_audit_local_20260815/01_s1_s2_vs_dt.png
energy_resolution_analysis/results/v20_physics_audit_local_20260815/02_s1_s2_anticorrelation.png,340875,416db8d073c5ade0bdb60bd69b6e1e0218465574,https://github.com/zihengfan07/PandaX4T-Energy-Reconstruction/blob/e98ca8445220d948650019bedcded83c6909d856/energy_resolution_analysis/results/v20_physics_audit_local_20260815/02_s1_s2_anticorrelation.png
energy_resolution_analysis/results/v20_physics_audit_local_20260815/03_calibration_energy_comparison.png,116513,e7a8e76be5c59cb79ee7203c8938ad2d2fd37fd2,https://github.com/zihengfan07/PandaX4T-Energy-Reconstruction/blob/e98ca8445220d948650019bedcded83c6909d856/energy_resolution_analysis/results/v20_physics_audit_local_20260815/03_calibration_energy_comparison.png
energy_resolution_analysis/results/v20_physics_audit_local_20260815/04_energy_ratio_audit.png,215321,8c340a7a1b1be7f68c70f1be2f6cd6dc5bcf7c98,https://github.com/zihengfan07/PandaX4T-Energy-Reconstruction/blob/e98ca8445220d948650019bedcded83c6909d856/energy_resolution_analysis/results/v20_physics_audit_local_20260815/04_energy_ratio_audit.png
energy_resolution_analysis/results/v20_physics_audit_local_20260815/summary.json,2268,acd2b21bae2179edb83456f9e989fb2ca28737a9,https://github.com/zihengfan07/PandaX4T-Energy-Reconstruction/blob/e98ca8445220d948650019bedcded83c6909d856/energy_resolution_analysis/results/v20_physics_audit_local_20260815/summary.json
energy_resolution_analysis/results/v20_physics_audit_local_20260815/v20_physics_state.json,513,8d48d8dd9bf1102b36e82b6097223098cee0ed82,https://github.com/zihengfan07/PandaX4T-Energy-Reconstruction/blob/e98ca8445220d948650019bedcded83c6909d856/energy_resolution_analysis/results/v20_physics_audit_local_20260815/v20_physics_state.json
energy_resolution_analysis/results/v21_kr_residual_correction_20260822/01_kr_cross_validation.png,84872,a8d62b351894087ea69120d280ac9c97b1eb31d0,https://github.com/zihengfan07/PandaX4T-Energy-Reconstruction/blob/e98ca8445220d948650019bedcded83c6909d856/energy_resolution_analysis/results/v21_kr_residual_correction_20260822/01_kr_cross_validation.png
energy_resolution_analysis/results/v21_kr_residual_correction_20260822/02_selected_residual_maps.png,6022,bc73cb6a1506a24bfc9499e670b8ab5d623e39c5,https://github.com/zihengfan07/PandaX4T-Energy-Reconstruction/blob/e98ca8445220d948650019bedcded83c6909d856/energy_resolution_analysis/results/v21_kr_residual_correction_20260822/02_selected_residual_maps.png
energy_resolution_analysis/results/v21_kr_residual_correction_20260822/03_2615_spectrum_comparison.png,135314,b2d109774e5304afa90cb5c20ce8d8c19b0ab1b9,https://github.com/zihengfan07/PandaX4T-Energy-Reconstruction/blob/e98ca8445220d948650019bedcded83c6909d856/energy_resolution_analysis/results/v21_kr_residual_correction_20260822/03_2615_spectrum_comparison.png
energy_resolution_analysis/results/v21_kr_residual_correction_20260822/04_2615_correction_size.png,68712,66fe07959eaf6ef15e2ccb95ab3d6eec5281e944,https://github.com/zihengfan07/PandaX4T-Energy-Reconstruction/blob/e98ca8445220d948650019bedcded83c6909d856/energy_resolution_analysis/results/v21_kr_residual_correction_20260822/04_2615_correction_size.png
energy_resolution_analysis/results/v21_kr_residual_correction_20260822/05_all_candidates_2615_audit.png,128522,5a3a540e94850d2bb5eb4edaafc182ea4520634c,https://github.com/zihengfan07/PandaX4T-Energy-Reconstruction/blob/e98ca8445220d948650019bedcded83c6909d856/energy_resolution_analysis/results/v21_kr_residual_correction_20260822/05_all_candidates_2615_audit.png
energy_resolution_analysis/results/v21_kr_residual_correction_20260822/06_time_matched_kr_selection.png,89676,f9dad2b358963ef01af52bc5d0323b33e353fbb5,https://github.com/zihengfan07/PandaX4T-Energy-Reconstruction/blob/e98ca8445220d948650019bedcded83c6909d856/energy_resolution_analysis/results/v21_kr_residual_correction_20260822/06_time_matched_kr_selection.png
energy_resolution_analysis/results/v21_kr_residual_correction_20260822/07_time_matched_2615_comparison.png,155562,14acf3bd737e7ded4391b5b0e4f5450a66d3a607,https://github.com/zihengfan07/PandaX4T-Energy-Reconstruction/blob/e98ca8445220d948650019bedcded83c6909d856/energy_resolution_analysis/results/v21_kr_residual_correction_20260822/07_time_matched_2615_comparison.png
energy_resolution_analysis/results/v21_kr_residual_correction_20260822/08_run_center_and_resolution.png,70744,9ae6855a62a5af81da07a1ea1374cb6ee2935305,https://github.com/zihengfan07/PandaX4T-Energy-Reconstruction/blob/e98ca8445220d948650019bedcded83c6909d856/energy_resolution_analysis/results/v21_kr_residual_correction_20260822/08_run_center_and_resolution.png
energy_resolution_analysis/results/v21_kr_residual_correction_20260822/09_dt_coverage_and_factor_limits.png,151613,661121f512a8143c47225a698d05a88a127a01c4,https://github.com/zihengfan07/PandaX4T-Energy-Reconstruction/blob/e98ca8445220d948650019bedcded83c6909d856/energy_resolution_analysis/results/v21_kr_residual_correction_20260822/09_dt_coverage_and_factor_limits.png
energy_resolution_analysis/results/v21_kr_residual_correction_20260822/10_time_matched_bootstrap.png,121412,cb86e8572258590a6feb4de34f856693cd08d11b,https://github.com/zihengfan07/PandaX4T-Energy-Reconstruction/blob/e98ca8445220d948650019bedcded83c6909d856/energy_resolution_analysis/results/v21_kr_residual_correction_20260822/10_time_matched_bootstrap.png
energy_resolution_analysis/results/v21_kr_residual_correction_20260822/2615_candidate_audit.json,10281,92c32b893f215850c79e805c0d92f49caa6184a5,https://github.com/zihengfan07/PandaX4T-Energy-Reconstruction/blob/e98ca8445220d948650019bedcded83c6909d856/energy_resolution_analysis/results/v21_kr_residual_correction_20260822/2615_candidate_audit.json
energy_resolution_analysis/results/v21_kr_residual_correction_20260822/LATEST_V21_FINDINGS_20260822.md,4631,4e3107750ca5e9afee5850ca29ae850df69110fc,https://github.com/zihengfan07/PandaX4T-Energy-Reconstruction/blob/e98ca8445220d948650019bedcded83c6909d856/energy_resolution_analysis/results/v21_kr_residual_correction_20260822/LATEST_V21_FINDINGS_20260822.md
energy_resolution_analysis/results/v21_kr_residual_correction_20260822/residual_maps.json,26,8471ad6bf47564c883966166988760dfea9efaca,https://github.com/zihengfan07/PandaX4T-Energy-Reconstruction/blob/e98ca8445220d948650019bedcded83c6909d856/energy_resolution_analysis/results/v21_kr_residual_correction_20260822/residual_maps.json
energy_resolution_analysis/results/v21_kr_residual_correction_20260822/summary.json,4967,2a31b25953cd3ca67258b02a2cdd38e30123a665,https://github.com/zihengfan07/PandaX4T-Energy-Reconstruction/blob/e98ca8445220d948650019bedcded83c6909d856/energy_resolution_analysis/results/v21_kr_residual_correction_20260822/summary.json
energy_resolution_analysis/results/v21_kr_residual_correction_20260822/time_matched_bootstrap.json,2082,944be030efba5d9a54cecaa5a464138044903ef7,https://github.com/zihengfan07/PandaX4T-Energy-Reconstruction/blob/e98ca8445220d948650019bedcded83c6909d856/energy_resolution_analysis/results/v21_kr_residual_correction_20260822/time_matched_bootstrap.json
energy_resolution_analysis/results/v21_kr_residual_correction_20260822/time_matched_summary.json,12128,8ec44bb8b3b7f6b3365c4f4cfc0a625f3bb78972,https://github.com/zihengfan07/PandaX4T-Energy-Reconstruction/blob/e98ca8445220d948650019bedcded83c6909d856/energy_resolution_analysis/results/v21_kr_residual_correction_20260822/time_matched_summary.json
energy_resolution_analysis/results/v21_new_doke_survey_20260822/01_energy_spectra.png,87039,9b63fa98c0ddac820ed8205b26808416a87a4699,https://github.com/zihengfan07/PandaX4T-Energy-Reconstruction/blob/e98ca8445220d948650019bedcded83c6909d856/energy_resolution_analysis/results/v21_new_doke_survey_20260822/01_energy_spectra.png
energy_resolution_analysis/results/v21_new_doke_survey_20260822/02_kr_variable_dependence.png,1029851,02c99c0d23b2858215661a882953ebc0eff9ee52,https://github.com/zihengfan07/PandaX4T-Energy-Reconstruction/blob/e98ca8445220d948650019bedcded83c6909d856/energy_resolution_analysis/results/v21_new_doke_survey_20260822/02_kr_variable_dependence.png
energy_resolution_analysis/results/v21_new_doke_survey_20260822/03_coverage_kr_vs_2615.png,100566,b99d8b23295119bd164a4e50ea5ebaaeb210d538,https://github.com/zihengfan07/PandaX4T-Energy-Reconstruction/blob/e98ca8445220d948650019bedcded83c6909d856/energy_resolution_analysis/results/v21_new_doke_survey_20260822/03_coverage_kr_vs_2615.png
energy_resolution_analysis/results/v21_new_doke_survey_20260822/summary.json,3555,40744ce292420b1ad6c170a56b770e334fe86b38,https://github.com/zihengfan07/PandaX4T-Energy-Reconstruction/blob/e98ca8445220d948650019bedcded83c6909d856/energy_resolution_analysis/results/v21_new_doke_survey_20260822/summary.json
energy_resolution_analysis/robust_peak_evaluation.py,33967,977ef11fef712555986ffece8ebd6c5a3e955dd0,https://github.com/zihengfan07/PandaX4T-Energy-Reconstruction/blob/e98ca8445220d948650019bedcded83c6909d856/energy_resolution_analysis/robust_peak_evaluation.py
energy_resolution_analysis/safe_general_v12.py,16831,c1bda1fc10ec1ed61336cee067ecad1619d0a764,https://github.com/zihengfan07/PandaX4T-Energy-Reconstruction/blob/e98ca8445220d948650019bedcded83c6909d856/energy_resolution_analysis/safe_general_v12.py
energy_resolution_analysis/server_runs/run10972_foundation_environment_v11/feature_importance.json,9291,42b27caa97610aa6ce7666b1fdef495f919a01b8,https://github.com/zihengfan07/PandaX4T-Energy-Reconstruction/blob/e98ca8445220d948650019bedcded83c6909d856/energy_resolution_analysis/server_runs/run10972_foundation_environment_v11/feature_importance.json
energy_resolution_analysis/server_runs/run10972_foundation_environment_v11/nested_selection.json,149467,217f74a4c91abea533c2bee30774b338bd51db2d,https://github.com/zihengfan07/PandaX4T-Energy-Reconstruction/blob/e98ca8445220d948650019bedcded83c6909d856/energy_resolution_analysis/server_runs/run10972_foundation_environment_v11/nested_selection.json
energy_resolution_analysis/server_runs/run10972_foundation_environment_v11/outer_block_metrics.csv,1549,9da68af9976673f7d7e3b566a6722e2a0da11162,https://github.com/zihengfan07/PandaX4T-Energy-Reconstruction/blob/e98ca8445220d948650019bedcded83c6909d856/energy_resolution_analysis/server_runs/run10972_foundation_environment_v11/outer_block_metrics.csv
energy_resolution_analysis/server_runs/run10972_foundation_environment_v11/summary.json,19558,15d77b7bf423cddb8de907e33d4a0cb95cbdb361,https://github.com/zihengfan07/PandaX4T-Energy-Reconstruction/blob/e98ca8445220d948650019bedcded83c6909d856/energy_resolution_analysis/server_runs/run10972_foundation_environment_v11/summary.json
energy_resolution_analysis/smooth_response_map_v18.py,7099,e28dd9701d994f35e0f0da77b46fa22210d7b000,https://github.com/zihengfan07/PandaX4T-Energy-Reconstruction/blob/e98ca8445220d948650019bedcded83c6909d856/energy_resolution_analysis/smooth_response_map_v18.py
energy_resolution_analysis/stage_report/PandaX4T_run10972_data_processing_report.tex,27634,213b96b968f41835de53d78aad38b6dbe6a2606e,https://github.com/zihengfan07/PandaX4T-Energy-Reconstruction/blob/e98ca8445220d948650019bedcded83c6909d856/energy_resolution_analysis/stage_report/PandaX4T_run10972_data_processing_report.tex
energy_resolution_analysis/stage_report/PandaX4T_run10972_raw_data_report.tex,14512,ecd7cf68dc581e359b7990029ded2705aaaa4d2a,https://github.com/zihengfan07/PandaX4T-Energy-Reconstruction/blob/e98ca8445220d948650019bedcded83c6909d856/energy_resolution_analysis/stage_report/PandaX4T_run10972_raw_data_report.tex
energy_resolution_analysis/stage_report/data_summary.txt,426,13f220e2db985953329b64e992f5e934714b2a8d,https://github.com/zihengfan07/PandaX4T-Energy-Reconstruction/blob/e98ca8445220d948650019bedcded83c6909d856/energy_resolution_analysis/stage_report/data_summary.txt
energy_resolution_analysis/stage_report/figures/01_data_overview_cn.pdf,440219,fa14c80215db36c8eab2daa5dbc25f017b3c1b2d,https://github.com/zihengfan07/PandaX4T-Energy-Reconstruction/blob/e98ca8445220d948650019bedcded83c6909d856/energy_resolution_analysis/stage_report/figures/01_data_overview_cn.pdf
energy_resolution_analysis/stage_report/figures/01_data_overview_cn.png,936652,43f18833c63dd55032b14c2ecbc7c1389eebea38,https://github.com/zihengfan07/PandaX4T-Energy-Reconstruction/blob/e98ca8445220d948650019bedcded83c6909d856/energy_resolution_analysis/stage_report/figures/01_data_overview_cn.png
energy_resolution_analysis/stage_report/figures/02_s1_s2_anticorrelation_cn.pdf,869823,8ebac69a46ebf31f660dbfad5f8ec0b62d2d7293,https://github.com/zihengfan07/PandaX4T-Energy-Reconstruction/blob/e98ca8445220d948650019bedcded83c6909d856/energy_resolution_analysis/stage_report/figures/02_s1_s2_anticorrelation_cn.pdf
energy_resolution_analysis/stage_report/figures/02_s1_s2_anticorrelation_cn.png,1051319,946cb2a4423629bbf51c36be83c06912d3bff866,https://github.com/zihengfan07/PandaX4T-Energy-Reconstruction/blob/e98ca8445220d948650019bedcded83c6909d856/energy_resolution_analysis/stage_report/figures/02_s1_s2_anticorrelation_cn.png
energy_resolution_analysis/stage_report/figures/03_spatial_coverage_cn.pdf,66453,0b9293f41f5e38711393151728d1fdd1cc0cd339,https://github.com/zihengfan07/PandaX4T-Energy-Reconstruction/blob/e98ca8445220d948650019bedcded83c6909d856/energy_resolution_analysis/stage_report/figures/03_spatial_coverage_cn.pdf
energy_resolution_analysis/stage_report/figures/03_spatial_coverage_cn.png,491781,e38e64eafa9193c99f929ea283514cb2ce283d47,https://github.com/zihengfan07/PandaX4T-Energy-Reconstruction/blob/e98ca8445220d948650019bedcded83c6909d856/energy_resolution_analysis/stage_report/figures/03_spatial_coverage_cn.png
energy_resolution_analysis/stage_report/figures/04_conditional_trends_cn.pdf,62599,ee98b814edcec61923672acfc82dfd7b00b66712,https://github.com/zihengfan07/PandaX4T-Energy-Reconstruction/blob/e98ca8445220d948650019bedcded83c6909d856/energy_resolution_analysis/stage_report/figures/04_conditional_trends_cn.pdf
energy_resolution_analysis/stage_report/figures/04_conditional_trends_cn.png,335398,d74f10143db193cff6b4c21dd95e4fcc9dd51a14,https://github.com/zihengfan07/PandaX4T-Energy-Reconstruction/blob/e98ca8445220d948650019bedcded83c6909d856/energy_resolution_analysis/stage_report/figures/04_conditional_trends_cn.png
energy_resolution_analysis/stage_report/make_stage_figures.py,14243,2dd64270e979606298dc3fb2c4ab20bd5a56e90e,https://github.com/zihengfan07/PandaX4T-Energy-Reconstruction/blob/e98ca8445220d948650019bedcded83c6909d856/energy_resolution_analysis/stage_report/make_stage_figures.py
energy_resolution_analysis/stage_report/output/pdf/PandaX4T_run10972_data_processing_report.pdf,340527,71b609f13b2d945bfa249c96f17bf148fa66c634,https://github.com/zihengfan07/PandaX4T-Energy-Reconstruction/blob/e98ca8445220d948650019bedcded83c6909d856/energy_resolution_analysis/stage_report/output/pdf/PandaX4T_run10972_data_processing_report.pdf
energy_resolution_analysis/stage_report/output/pdf/PandaX4T_run10972_raw_data_report.pdf,1685500,bab31267e95877ad347cf90a2d2f1ee4351a4abc,https://github.com/zihengfan07/PandaX4T-Energy-Reconstruction/blob/e98ca8445220d948650019bedcded83c6909d856/energy_resolution_analysis/stage_report/output/pdf/PandaX4T_run10972_raw_data_report.pdf
energy_resolution_analysis/stage_report/output/pdf/PandaX4T_stage_report_part1.pdf,1702637,46d8269fc80a93c802e570e40c7ad5a60f0df23e,https://github.com/zihengfan07/PandaX4T-Energy-Reconstruction/blob/e98ca8445220d948650019bedcded83c6909d856/energy_resolution_analysis/stage_report/output/pdf/PandaX4T_stage_report_part1.pdf
energy_resolution_analysis/time_matched_kr_v21.py,11393,0a7d7437c8d4de64f698fe457e5379a9f9d01459,https://github.com/zihengfan07/PandaX4T-Energy-Reconstruction/blob/e98ca8445220d948650019bedcded83c6909d856/energy_resolution_analysis/time_matched_kr_v21.py
energy_resolution_analysis/v10_report/PandaX4T_v10_teacher_feedback_report.tex,16175,32d06d21f0a24fc152c2514f9c2c37e29ec48745,https://github.com/zihengfan07/PandaX4T-Energy-Reconstruction/blob/e98ca8445220d948650019bedcded83c6909d856/energy_resolution_analysis/v10_report/PandaX4T_v10_teacher_feedback_report.tex
energy_resolution_analysis/v10_report/figures/correction_distribution.png,53881,465c4549f0ea8ab67c872e57bab2016dcc1550fd,https://github.com/zihengfan07/PandaX4T-Energy-Reconstruction/blob/e98ca8445220d948650019bedcded83c6909d856/energy_resolution_analysis/v10_report/figures/correction_distribution.png
energy_resolution_analysis/v10_report/figures/energy_1d_comparison.png,84844,0dad937849850303907ba346d81d8a5dfcd10e1e,https://github.com/zihengfan07/PandaX4T-Energy-Reconstruction/blob/e98ca8445220d948650019bedcded83c6909d856/energy_resolution_analysis/v10_report/figures/energy_1d_comparison.png
energy_resolution_analysis/v10_report/figures/feature_importance.png,98524,5de1ab728c7a2877a51bb8bb74fb19e12ccb2eb4,https://github.com/zihengfan07/PandaX4T-Energy-Reconstruction/blob/e98ca8445220d948650019bedcded83c6909d856/energy_resolution_analysis/v10_report/figures/feature_importance.png
energy_resolution_analysis/v10_report/figures/outer_block_performance.png,52361,e033af4e9d1f96759ce69ff8abc556fdbb6e7193,https://github.com/zihengfan07/PandaX4T-Energy-Reconstruction/blob/e98ca8445220d948650019bedcded83c6909d856/energy_resolution_analysis/v10_report/figures/outer_block_performance.png
energy_resolution_analysis/v10_report/figures/top_variable_trends.png,221046,9f059d09867595726d093e52163acc80ccc394fe,https://github.com/zihengfan07/PandaX4T-Energy-Reconstruction/blob/e98ca8445220d948650019bedcded83c6909d856/energy_resolution_analysis/v10_report/figures/top_variable_trends.png
energy_resolution_analysis/v10_report/figures/variable_count_selection.png,136886,daa0e6dfa4cd8a1770ca67e8e1ff0a9c0eeab93d,https://github.com/zihengfan07/PandaX4T-Energy-Reconstruction/blob/e98ca8445220d948650019bedcded83c6909d856/energy_resolution_analysis/v10_report/figures/variable_count_selection.png
energy_resolution_analysis/v10_report/figures/xy_energy_bias_comparison.png,448957,0ed509824212da08eb4a7b98315bdedeb801387d,https://github.com/zihengfan07/PandaX4T-Energy-Reconstruction/blob/e98ca8445220d948650019bedcded83c6909d856/energy_resolution_analysis/v10_report/figures/xy_energy_bias_comparison.png
energy_resolution_analysis/v10_report/make_v10_report_figures.py,10112,285a5638f57011b16ec263aa93944ac717fadad0,https://github.com/zihengfan07/PandaX4T-Energy-Reconstruction/blob/e98ca8445220d948650019bedcded83c6909d856/energy_resolution_analysis/v10_report/make_v10_report_figures.py
energy_resolution_analysis/v10_report/output/pdf/PandaX4T_v10_teacher_feedback_report.pdf,1239175,24b1fa925c83ffd35a2f446c10547ed62d6fa241,https://github.com/zihengfan07/PandaX4T-Energy-Reconstruction/blob/e98ca8445220d948650019bedcded83c6909d856/energy_resolution_analysis/v10_report/output/pdf/PandaX4T_v10_teacher_feedback_report.pdf
energy_resolution_analysis/v10_report/tmp_render/contact-01-07.png,277303,558daaac61490f152d4ea4160cdcb73d3a73522b,https://github.com/zihengfan07/PandaX4T-Energy-Reconstruction/blob/e98ca8445220d948650019bedcded83c6909d856/energy_resolution_analysis/v10_report/tmp_render/contact-01-07.png
energy_resolution_analysis/v10_report/tmp_render/contact-08-14.png,262204,17e7eb883f074451478e1ce25025f58ac8362f45,https://github.com/zihengfan07/PandaX4T-Energy-Reconstruction/blob/e98ca8445220d948650019bedcded83c6909d856/energy_resolution_analysis/v10_report/tmp_render/contact-08-14.png
energy_resolution_analysis/v10_report/tmp_render/page-01.png,111796,4575d9624528b1b61b147818bac3f5ff90118574,https://github.com/zihengfan07/PandaX4T-Energy-Reconstruction/blob/e98ca8445220d948650019bedcded83c6909d856/energy_resolution_analysis/v10_report/tmp_render/page-01.png
energy_resolution_analysis/v10_report/tmp_render/page-02.png,89204,6e2b909aaf26a9151debdfc127ec21fae4c1bbfd,https://github.com/zihengfan07/PandaX4T-Energy-Reconstruction/blob/e98ca8445220d948650019bedcded83c6909d856/energy_resolution_analysis/v10_report/tmp_render/page-02.png
energy_resolution_analysis/v10_report/tmp_render/page-03.png,222439,786cd11f7e4fd8f793dad056ac6858366b334cd5,https://github.com/zihengfan07/PandaX4T-Energy-Reconstruction/blob/e98ca8445220d948650019bedcded83c6909d856/energy_resolution_analysis/v10_report/tmp_render/page-03.png
energy_resolution_analysis/v10_report/tmp_render/page-04.png,136547,2ba1da7b6e3b9a65e495793ccaeecbe8c941b422,https://github.com/zihengfan07/PandaX4T-Energy-Reconstruction/blob/e98ca8445220d948650019bedcded83c6909d856/energy_resolution_analysis/v10_report/tmp_render/page-04.png
energy_resolution_analysis/v10_report/tmp_render/page-05.png,148111,5ea1faa475e5bd4e0299305376b3b0037ee28fcb,https://github.com/zihengfan07/PandaX4T-Energy-Reconstruction/blob/e98ca8445220d948650019bedcded83c6909d856/energy_resolution_analysis/v10_report/tmp_render/page-05.png
energy_resolution_analysis/v10_report/tmp_render/page-06.png,90334,70e0906b0b13e6814ed99c78331070f938888b0a,https://github.com/zihengfan07/PandaX4T-Energy-Reconstruction/blob/e98ca8445220d948650019bedcded83c6909d856/energy_resolution_analysis/v10_report/tmp_render/page-06.png
energy_resolution_analysis/v10_report/tmp_render/page-07.png,202080,31d0d9936526ead7bacbc7e5e0d8397782a431d0,https://github.com/zihengfan07/PandaX4T-Energy-Reconstruction/blob/e98ca8445220d948650019bedcded83c6909d856/energy_resolution_analysis/v10_report/tmp_render/page-07.png
energy_resolution_analysis/v10_report/tmp_render/page-08.png,154830,b7b51b757eb4afe1f2323fea643e8ddcb2126da8,https://github.com/zihengfan07/PandaX4T-Energy-Reconstruction/blob/e98ca8445220d948650019bedcded83c6909d856/energy_resolution_analysis/v10_report/tmp_render/page-08.png
energy_resolution_analysis/v10_report/tmp_render/page-09.png,116505,eb00f60f9b118380fd9ebbb22c799bc8d69234e5,https://github.com/zihengfan07/PandaX4T-Energy-Reconstruction/blob/e98ca8445220d948650019bedcded83c6909d856/energy_resolution_analysis/v10_report/tmp_render/page-09.png
energy_resolution_analysis/v10_report/tmp_render/page-10.png,188328,478febc6720a33c6d1d50e2c25f3a7484603210a,https://github.com/zihengfan07/PandaX4T-Energy-Reconstruction/blob/e98ca8445220d948650019bedcded83c6909d856/energy_resolution_analysis/v10_report/tmp_render/page-10.png
energy_resolution_analysis/v10_report/tmp_render/page-11.png,173077,1f5ca9b80f40ad0ac9d808cb4b585b1ae1e350b6,https://github.com/zihengfan07/PandaX4T-Energy-Reconstruction/blob/e98ca8445220d948650019bedcded83c6909d856/energy_resolution_analysis/v10_report/tmp_render/page-11.png
energy_resolution_analysis/v10_report/tmp_render/page-12.png,214572,f68bafee97cf7db4defa721cdc84ee7461fa31a8,https://github.com/zihengfan07/PandaX4T-Energy-Reconstruction/blob/e98ca8445220d948650019bedcded83c6909d856/energy_resolution_analysis/v10_report/tmp_render/page-12.png
energy_resolution_analysis/v10_report/tmp_render/page-13.png,114481,422829badd10eada277df33227086a9e79916b37,https://github.com/zihengfan07/PandaX4T-Energy-Reconstruction/blob/e98ca8445220d948650019bedcded83c6909d856/energy_resolution_analysis/v10_report/tmp_render/page-13.png
energy_resolution_analysis/v10_report/tmp_render/page-14.png,18593,f411a88c2fe0d3d4cc25093d773fec1fe36d3009,https://github.com/zihengfan07/PandaX4T-Energy-Reconstruction/blob/e98ca8445220d948650019bedcded83c6909d856/energy_resolution_analysis/v10_report/tmp_render/page-14.png
requirements.txt,134,8f8ccff804a73bf1c4c5f97207e90d8d79115ad5,https://github.com/zihengfan07/PandaX4T-Energy-Reconstruction/blob/e98ca8445220d948650019bedcded83c6909d856/requirements.txt
scripts/show_results.py,927,332fcfcb466e3421c949a73ac0f599c3fd350665,https://github.com/zihengfan07/PandaX4T-Energy-Reconstruction/blob/e98ca8445220d948650019bedcded83c6909d856/scripts/show_results.py
scripts/verify_snapshot.py,1578,f79e618a89455bfcc6eca94a368484c53b906ec0,https://github.com/zihengfan07/PandaX4T-Energy-Reconstruction/blob/e98ca8445220d948650019bedcded83c6909d856/scripts/verify_snapshot.py
