scheme,replicate,raw_r68,winner_r68,delta_r68,ratio_r68,raw_r90,winner_r90,delta_r90,ratio_r90
event_random5,0,0.08135538490953341,0.06047181605925439,-0.02088356885027902,0.7433044060512848,0.15158595801702607,0.11929152771809345,-0.032294430298932614,0.786956320219942
event_random5,1,0.07849598028831077,0.05882649328025734,-0.019669487008053432,0.7494204552155581,0.1495194762218877,0.11683197122913437,-0.032687504992753316,0.7813829621483901
event_random5,2,0.08280863951449835,0.05674023094958758,-0.026068408564910772,0.6851969949301407,0.15062643654579969,0.11658709944455464,-0.03403933710124504,0.7740148550158724
event_random5,3,0.08186689484059011,0.058860679623903324,-0.023006215216686783,0.7189802390638595,0.15219685624859824,0.11963307585195958,-0.03256378039663867,0.78604170152208
event_random5,4,0.08032696447391947,0.05897136628990395,-0.02135559818401552,0.7341416008450158,0.15189442323924007,0.11765219668716928,-0.03424222655207079,0.7745656106272062
event_random5,5,0.08050026531972838,0.059273548246842715,-0.02122671707288567,0.7363149427076039,0.15267839148704135,0.11948173694454442,-0.03319665454249693,0.7825713631171277
event_random5,6,0.08000838132646758,0.056977243147969786,-0.023031138178497793,0.712140930779225,0.1514102818778293,0.11949769375159469,-0.0319125881262346,0.7892310368196501
event_random5,7,0.07850342022988153,0.05923817103619009,-0.019265249193691443,0.7545935051329353,0.15331716483932661,0.11913254098997388,-0.03418462384935274,0.7770332898786803
event_random5,8,0.08238534416100082,0.059974611997656024,-0.0224107321633448,0.7279767124654013,0.15291150778105142,0.11923285649314257,-0.03367865128790885,0.7797507082584515
event_random5,9,0.08069612847578506,0.05755557806105341,-0.023140550414731648,0.7132384062058744,0.1527619111378661,0.12004174759604994,-0.03272016354181617,0.7858094121885753
event_random5,10,0.07945625975223673,0.058990825431082514,-0.02046543432115422,0.7424314410850669,0.1481993629667422,0.11724848552658464,-0.03095087744015755,0.7911537754241
event_random5,11,0.08149834727383432,0.06032929872324857,-0.021169048550585746,0.7402518056046243,0.15495705684769415,0.11897003736948655,-0.035987019478207594,0.7677613384617978
event_random5,12,0.08222378809384011,0.060858857279460644,-0.021364930814379464,0.7401611953222569,0.15498605849921787,0.11842815866877766,-0.03655789983044021,0.7641213655960888
event_random5,13,0.07901225842179131,0.05739764543567528,-0.021614612986116034,0.7264397522884272,0.14943249984771653,0.1200638732079428,-0.02936862663977373,0.8034656003901248
event_random5,14,0.07749245877694019,0.05796823569913229,-0.019524223077807906,0.7480500246610083,0.1482591536669773,0.11723049821555347,-0.031028655451423845,0.7907133914906797
event_random5,15,0.07956210760747078,0.059598926505195424,-0.01996318110227535,0.749086824085077,0.14903221683394577,0.11750214198459456,-0.031530074849351206,0.788434504168434
event_random5,16,0.08019993020810365,0.05959407168004415,-0.020605858528059497,0.7430688720726915,0.14856644740777478,0.12040509528081729,-0.028161352126957487,0.81044608242087
event_random5,17,0.0817180903634505,0.059701621133727026,-0.022016469229723473,0.7305802285417743,0.15067625624322128,0.11914531595756578,-0.03153094028565551,0.7907371667453807
event_random5,18,0.07982795743280477,0.059705223683323205,-0.020122733749481564,0.7479237300237841,0.15230024230665634,0.11901432865189165,-0.03328591365476469,0.7814454320581872
event_random5,19,0.08033950753903875,0.0591024069745432,-0.02123710056449555,0.7356580689248565,0.1466584632357263,0.1192144901526227,-0.02744397308310359,0.8128715351463046
event_random5,20,0.0793147746939788,0.05699900198133173,-0.022315772712647064,0.7186429287765326,0.14627438872070353,0.11561489882688986,-0.030659489893813674,0.7903974156928119
event_random5,21,0.08032649882709322,0.05782595775858076,-0.022500541068512465,0.7198864459791033,0.1490325425926065,0.11639717661111633,-0.03263536598149018,0.7810185251237255
event_random5,22,0.08075923111396087,0.06044996846916739,-0.020309262644793477,0.7485208518623129,0.15204302418678678,0.11707563323740285,-0.034967390949383934,0.7700164730581388
event_random5,23,0.07726291899578984,0.05720791925387926,-0.02005499974191058,0.7404317620590622,0.14841211432310245,0.11996756107427918,-0.028444553248823265,0.8083407585791973
event_random5,24,0.08000873702013754,0.05909746420475384,-0.0209112728153837,0.7386376339109002,0.14948373107856375,0.11885935118259176,-0.030624379895971984,0.7951323553739984
event_random5,25,0.08028929848028009,0.058668285859550987,-0.021621012620729102,0.730711152918599,0.14869088648735476,0.11805976669205781,-0.03063111979529695,0.7939946386835084
event_random5,26,0.07986188791983113,0.05907630612148378,-0.02078558179834735,0.7397308986833265,0.14848349098243233,0.12044543850158149,-0.02803805248085084,0.8111705732715556
event_random5,27,0.07989537930634952,0.06022138328189982,-0.0196739960244497,0.7537530180686414,0.15185526272022926,0.12253598468706228,-0.029319278033166973,0.8069261643754594
event_random5,28,0.07815981539080091,0.05878119446477938,-0.019378620926021536,0.7520641415396393,0.1529316529631204,0.11781962292551995,-0.03511203003760044,0.7704070455181196
event_random5,29,0.07988630123542956,0.06024165734476479,-0.019644643890664767,0.7540924590716641,0.1560105895314318,0.12439092242231867,-0.031619667109113125,0.7973235842253987
event_random5,30,0.08181681463362403,0.05750744199467186,-0.02430937263895217,0.7028804806468008,0.1526703953077375,0.11770024405199317,-0.03497015125574432,0.7709434682129758
event_random5,31,0.07989411677701853,0.05839054925086578,-0.021503567526152755,0.7308491739614771,0.146680974261841,0.11713191767703153,-0.029549056584809483,0.7985488115721041
event_random5,32,0.08206576076487113,0.059105839948323476,-0.02295992081654765,0.7202253338961817,0.1511355645878036,0.11942673661480534,-0.031708827972998274,0.7901961192292584
event_random5,33,0.08271048795349172,0.05896008181300512,-0.023750406140486596,0.7128489176143962,0.15404202137968503,0.11638842097160844,-0.037653600408076596,0.7555627998722021
event_random5,34,0.08069314159617022,0.058446244948415334,-0.022246896647754887,0.7243025093868604,0.15305067811947465,0.11838212354846928,-0.03466855457100537,0.7734831691242664
event_random5,35,0.07952803817934745,0.05882555643620671,-0.020702481743140738,0.7396832335225774,0.1463363474273344,0.1171813971212103,-0.029154950306124097,0.8007675412248386
event_random5,36,0.07938562169865672,0.059228719789743985,-0.020156901908912735,0.7460887566588924,0.14936631720710608,0.12030723869726431,-0.029059078509841768,0.8054509272693021
event_random5,37,0.07997294467526381,0.05873194127534036,-0.02124100339992345,0.7343976330223408,0.15229184801005155,0.11913959467959989,-0.03315225333045166,0.7823110444607413
event_random5,38,0.079641511746654,0.05873097236615081,-0.02091053938050319,0.7374417069452263,0.14763670267488566,0.11865584123501892,-0.028980861439866737,0.8037015124641046
event_random5,39,0.08019354506508099,0.060425265909294985,-0.019768279155786002,0.753492888489428,0.1538185391555142,0.12368440132220478,-0.030134137833309413,0.8040929396498618
event_random5,40,0.08227823468983131,0.061234578044818175,-0.021043656645013134,0.7442378689292187,0.15409070731244606,0.12099650459009932,-0.03309420272234674,0.785229081626302
event_random5,41,0.08004256665199491,0.05932179586476535,-0.02072077078722956,0.7411281065321369,0.14898627399253,0.11678998970475536,-0.03219628428777464,0.7838976475820254
event_random5,42,0.0793700511012943,0.0582701840606616,-0.0210998670406327,0.7341583286408062,0.15275369517944268,0.11690056620409504,-0.035853128975347634,0.7652879759587466
event_random5,43,0.08227920409047709,0.05913746667130248,-0.023141737419174614,0.7187413554252767,0.15106640908293678,0.11895048008896811,-0.03211592899396867,0.787405226688504
event_random5,44,0.08080863737608207,0.05746673053806851,-0.023341906838013564,0.7111458923706298,0.14914058677894856,0.11785824070765452,-0.03128234607129404,0.7902492758885297
event_random5,45,0.08209817333800692,0.059606284996473795,-0.02249188834153313,0.7260366774674556,0.15171640144280316,0.11934277278417543,-0.03237362865862772,0.7866174760885525
event_random5,46,0.0794104749624401,0.05863422746928132,-0.020776247493158775,0.7383689305096637,0.15205146428545815,0.11771048931531478,-0.03434097497014338,0.7741490019085093
event_random5,47,0.07766366822924033,0.057823918920319656,-0.01983974930892067,0.7445427216963335,0.14883008792585117,0.11739949774479094,-0.03143059018106023,0.7888156177350423
event_random5,48,0.08058987720297812,0.061015234048691046,-0.01957464315428708,0.7571079168543055,0.15266287013315116,0.12039091364794972,-0.03227195648520144,0.7886063817806246
event_random5,49,0.08133546704819195,0.05895953543023452,-0.022375931617957423,0.7248933038682929,0.14842668685754146,0.11840349661128506,-0.030023190246256395,0.7977237727129733
event_random5,50,0.07976656526217292,0.059945936000996805,-0.019820629261176115,0.7515170774116872,0.14854066368544064,0.12131670980265441,-0.027223953882786228,0.81672389763629
event_random5,51,0.07848830713396739,0.058244359275689224,-0.020243947858278162,0.7420768953046104,0.1478192605007012,0.11742112220992783,-0.030398138290773383,0.7943560386663605
event_random5,52,0.07860805278118331,0.05983033266638953,-0.018777720114793783,0.7611221821374429,0.14995811613059512,0.11652885202019991,-0.03342926411039521,0.7770759931307591
event_random5,53,0.08047870417650495,0.058366852885567685,-0.022111851290937262,0.7252459328564509,0.14886477389779804,0.11955291848038632,-0.029311855417411714,0.803097437695129
event_random5,54,0.0828884334632583,0.06008334329339167,-0.022805090169866635,0.7248700546382582,0.15247885741970568,0.11938142946916196,-0.033097427950543726,0.7829375920660174
event_random5,55,0.0795238139236402,0.05962740137116831,-0.019896412552471897,0.7498056045000974,0.1532624461428158,0.1194176507814733,-0.03384479536134251,0.7791709827611348
event_random5,56,0.08180581607970103,0.05923238722462261,-0.022573428855078417,0.7240608316518011,0.14719557722054988,0.11939666125676003,-0.027798915963789847,0.8111429943160761
event_random5,57,0.0833856594235881,0.05911663276131491,-0.024269026662273187,0.7089544313730285,0.1510899374602597,0.11815347544765356,-0.03293646201260614,0.7820075739903644
event_random5,58,0.07972282572056705,0.05980886008574989,-0.019913965634817156,0.7502099874806656,0.14909999941433794,0.12191067531991243,-0.02718932409442551,0.8176437008636842
event_random5,59,0.08075570604126753,0.05976020209477512,-0.02099550394649241,0.7400121307123071,0.15272114417043361,0.12088970692612964,-0.03183143724430397,0.7915715114812082
event_random5,60,0.0783820054835041,0.057679649044080857,-0.020702356439423246,0.7358787095109456,0.14425121570464525,0.1178961749610075,-0.026355040743637745,0.8172976178058716
event_random5,61,0.07862585295946735,0.05839652624004204,-0.02022932671942531,0.7427140570436318,0.15052294942712374,0.1155459675101823,-0.034976981916941444,0.7676302381127891
event_random5,62,0.0796044226762525,0.05943671584221468,-0.020167706834037825,0.7466509252122969,0.1485795413312426,0.11940627229492459,-0.029173269036318006,0.8036521800045187
event_random5,63,0.07989415833398214,0.05907510924255653,-0.02081904909142561,0.7394171297931998,0.14779644840795234,0.11840135126472383,-0.029395097143228507,0.801110936968585
event_random5,64,0.07846487673042549,0.057617729124909756,-0.02084714760551573,0.7343123640257749,0.15024452478686567,0.11906603157443585,-0.031178493212429825,0.7924816677568843
event_random5,65,0.07997024681292754,0.0588390345579326,-0.02113121225499494,0.7357615726205439,0.15193226085137895,0.11994330363768563,-0.031988957213693325,0.7894525031455623
event_random5,66,0.08052784348916177,0.05755096787849796,-0.022976875610663805,0.7146716636742388,0.15316919165123163,0.11860697473754117,-0.03456221691369046,0.7743526844981391
event_random5,67,0.08073792955963874,0.05980699476295657,-0.02093093479668217,0.7407546253558421,0.14596636927297668,0.11768493892753495,-0.028281430345441727,0.8062469424545893
event_random5,68,0.08150701116711469,0.057963436319706914,-0.023543574847407774,0.7111466300839306,0.15335892157620085,0.12195609810956583,-0.03140282346663502,0.7952331488518481
event_random5,69,0.08032897310699391,0.0580392189025404,-0.02228975420445351,0.7225191192875733,0.15509928516304056,0.12091602289395206,-0.034183262269088494,0.7796039986054416
event_random5,70,0.07937313160823965,0.05857833830589905,-0.020794793302340603,0.738012185219338,0.1527470433505878,0.12110669763094303,-0.031640345719644775,0.7928578843452748
event_random5,71,0.0791595727451467,0.059364229254127716,-0.01979534349101899,0.7499311478758247,0.15376824222760357,0.12026109549913959,-0.033507146728463985,0.7820931926966583
event_random5,72,0.08044229857942144,0.05864164005894938,-0.021800658520472055,0.7289901096131899,0.14960477123554586,0.11672110832569817,-0.03288366290984769,0.7801964293099057
event_random5,73,0.08183974149495422,0.05959916037936137,-0.022240581115592857,0.7282422853576085,0.1525839915702535,0.11965926041869808,-0.032924731151555434,0.7842189681058641
event_random5,74,0.08056464802832972,0.06030842701449001,-0.020256221013839705,0.7485718424945291,0.15216140184865798,0.11941749228744052,-0.03274390956121746,0.7848080448563096
event_random5,75,0.07963775747796267,0.05651078043644258,-0.023126977041520093,0.7095978368311064,0.14850396737193625,0.11813169849049314,-0.030372268881443107,0.7954784008876065
event_random5,76,0.08081708909862494,0.05875693166930167,-0.02206015742932327,0.7270359811845957,0.14945260941419064,0.11937891253294296,-0.030073696881247683,0.7987743606543403
event_random5,77,0.08115075974308784,0.05977904153509727,-0.021371718207990574,0.7366417976165535,0.14861221716178125,0.11920669815467083,-0.029405519007110414,0.8021325596999931
event_random5,78,0.08031383957051184,0.058728813690776815,-0.02158502587973503,0.7312415145986841,0.15442631877243976,0.12195259968396899,-0.03247371908847077,0.7897138302161852
event_random5,79,0.08091897142859106,0.060017644536670564,-0.020901326891920494,0.7417005366860677,0.15052601531241253,0.1168553474073132,-0.03367066790509933,0.7763132981683146
event_random5,80,0.07816361584238081,0.056827255270203825,-0.021336360572176985,0.7270295092898162,0.14559377697398182,0.11843464463679051,-0.027159132337191305,0.8134595248391369
event_random5,81,0.07801076041774177,0.05753884644056866,-0.020471913977173108,0.7375757668871891,0.14589916245901047,0.11767956570187597,-0.028219596757134494,0.806581502720671
event_random5,82,0.08047055808674233,0.05840631770564748,-0.022064240381094856,0.7258097755789024,0.1495801405330927,0.12075279622005361,-0.0288273443130391,0.8072782642782622
event_random5,83,0.08009672974981856,0.059541587157994694,-0.020555142591823866,0.7433710133231697,0.14791034681865026,0.12036101560550873,-0.02754933121314153,0.8137430422841265
event_random5,84,0.07719229025652069,0.0591624815094037,-0.018029808747116988,0.7664299285951818,0.14698730614115615,0.11574865953659479,-0.031238646604561368,0.7874738477446346
event_random5,85,0.07866930182937676,0.05694797846836626,-0.0217213233610105,0.7238907317606408,0.14682500160715986,0.1157671048281858,-0.031057896778974067,0.7884699714693582
event_random5,86,0.07952954327480777,0.057213591684203535,-0.022315951590604233,0.7194004809823527,0.14901628541707074,0.1163600433780645,-0.03265624203900623,0.7808545425246168
event_random5,87,0.08020510184599391,0.05785628668836417,-0.022348815157629744,0.7213541951415647,0.14870342190009747,0.11885916012349654,-0.029844261776600933,0.7993034632609125
event_random5,88,0.08346614710382386,0.05812877158343932,-0.025337375520384536,0.6964353046167654,0.15556241427994,0.11908229100492615,-0.03648012327501385,0.7654952615394192
event_random5,89,0.0790203953783002,0.05778204470502392,-0.021238350673276285,0.7312295063622455,0.1525540987738306,0.11649845637107001,-0.0360556424027606,0.7636534010389654
event_random5,90,0.07741624816611896,0.05714846599711127,-0.020267782169007688,0.7381973080700411,0.1475706931090228,0.11795318523079643,-0.029617507878226368,0.7992995272012077
event_random5,91,0.07986721401763758,0.05808832464151954,-0.021778889376118035,0.727311267282862,0.15322757748572852,0.1183956428990094,-0.03483193458671911,0.7726784227861115
event_random5,92,0.08024259892703427,0.05903237232452839,-0.021210226602505877,0.735673733327199,0.148800603696491,0.11769908897627855,-0.031101514720212456,0.7909852920781807
event_random5,93,0.08346360341173571,0.059589383345912614,-0.0238742200658231,0.7139565140981419,0.15504746918866885,0.12131686192178101,-0.03373060726688784,0.7824498042864351
event_random5,94,0.07978769461719579,0.06066936160426973,-0.019118333012926057,0.7603849427577559,0.1480756972575612,0.1212766326563039,-0.026799064601257305,0.8190178057737367
event_random5,95,0.08069884936793803,0.058440636363667434,-0.022258213004270597,0.7241817798072115,0.14699114129179203,0.11856967003145098,-0.028421471260341044,0.8066450058788128
event_random5,96,0.08073365642711298,0.058278430352803175,-0.02245522607430981,0.7218604102914307,0.14996535798466368,0.12179707624301796,-0.02816828174164572,0.8121680758797217
event_random5,97,0.07875373534072397,0.05860490314215109,-0.02014883219857288,0.7441539488711234,0.15089403841335097,0.12061070375241557,-0.0302833346609354,0.7993072822533991
event_random5,98,0.080664962415269,0.059744755991025716,-0.02092020642424329,0.7406531188033713,0.15182025682926686,0.11570427101495025,-0.03611598581431662,0.7621135244492985
event_random5,99,0.0824755456055953,0.059117641601938956,-0.023357904003656338,0.7167899426169823,0.1539199082612004,0.12013918361127032,-0.033780724649930066,0.7805305042632656
event_random5,100,0.0785792619189296,0.05919968638471534,-0.01937957553421426,0.7533754446025694,0.14980798881847227,0.11919071160064984,-0.030617277217822425,0.7956232010101779
event_random5,101,0.0779982216034775,0.05578256978904768,-0.022215651814429818,0.7151774571557751,0.14884733393521782,0.11448645904117993,-0.034360874894037885,0.7691535751053988
event_random5,102,0.08371355795766595,0.06049609067353947,-0.023217467284126485,0.7226558295865577,0.15188556103798692,0.12022247904563185,-0.03166308199235507,0.7915332979911365
event_random5,103,0.07967640165254776,0.061357068159648184,-0.018319333492899575,0.7700783028231322,0.15311460359148232,0.12746112492482906,-0.025653478666653268,0.8324557026898749
event_random5,104,0.08333608264301588,0.05936893728437721,-0.02396714535863867,0.7124037439903917,0.15353348828322205,0.12204899114561804,-0.03148449713760401,0.7949340076249372
event_random5,105,0.07822363977314091,0.059046242403057544,-0.019177397370083366,0.7548388514558975,0.14500389992018095,0.11695403120757003,-0.02804986871261092,0.806557832388982
event_random5,106,0.07847851046194898,0.05646882484961369,-0.022009685612335288,0.7195450642121083,0.14344425725640628,0.11829705137068994,-0.02514720588571634,0.8246900477809594
event_random5,107,0.07781797736697602,0.05784659994741134,-0.019971377419564673,0.7433577934648297,0.14869387327397282,0.11973174203339847,-0.028962131240574354,0.8052231029908624
event_random5,108,0.08399493867809936,0.058059324999091326,-0.025935613679008034,0.691224089365632,0.15618329765044653,0.12035507946756714,-0.03582821818287939,0.7706014745375243
event_random5,109,0.07798786044338561,0.05787062721122916,-0.020117233232156452,0.74204660676952,0.14800751469377108,0.11631111359496255,-0.03169640109880853,0.7858460013710203
event_random5,110,0.07933754271937689,0.06004873045431885,-0.01928881226505804,0.7568766109471768,0.15239595035856926,0.12096038611927251,-0.03143556423929675,0.7937244121951229
event_random5,111,0.08237830631240244,0.06046027835892232,-0.021918027953480114,0.7339344672812209,0.15425220874914045,0.11812220980438505,-0.036129998944755395,0.7657732149332563
event_random5,112,0.07827947056396166,0.060434500357193964,-0.017844970206767695,0.7720351188095136,0.1525237993028812,0.12193479961575067,-0.03058899968713054,0.7994476938881714
event_random5,113,0.08072267475913592,0.05920182439546579,-0.021520850363670123,0.7333977048222815,0.15347603350793756,0.11798507544044758,-0.03549095806748999,0.7687524413011726
event_random5,114,0.0802401624173232,0.05769524367861302,-0.022544918738710173,0.7190319902213594,0.14891441810040457,0.11819860262634345,-0.030715815474061117,0.7937351139944611
event_random5,115,0.08076744825289872,0.05959486334960079,-0.02117258490329793,0.7378574492411545,0.15085164763912595,0.11590872815430069,-0.034942919484825266,0.7683623610899015
event_random5,116,0.07771896050608197,0.05647971281758493,-0.02123924768849704,0.7267172958800068,0.1458410774775601,0.11730736496719842,-0.028533712510361672,0.8043506465813651
event_random5,117,0.0807287162967449,0.06115326211848109,-0.019575454178263806,0.7575156019289617,0.15019330168981504,0.12055159674766482,-0.029641704942150224,0.8026429633768395
event_random5,118,0.07807723914700285,0.05706978855444477,-0.021007450592558076,0.7309401456549263,0.15298602069068362,0.1178208398759476,-0.03516518081473602,0.7701412151517092
event_random5,119,0.07738236611614832,0.0586631888428492,-0.018719177273299123,0.7580950517175674,0.15266895983557907,0.11518225014322896,-0.037486709692350115,0.754457554877413
event_random5,120,0.0821847252704757,0.05982529207977273,-0.022359433190702965,0.7279368749227244,0.15180920838493356,0.12123771042283986,-0.0305714979620937,0.7986189488283518
event_random5,121,0.08014457731729467,0.05824892485714102,-0.021895652460153653,0.7267980792578375,0.14727964037277758,0.120550492273896,-0.026729148098881578,0.8185143035980549
event_random5,122,0.08063595677470185,0.05756293427582846,-0.023073022498873393,0.713861862353295,0.15292325252122774,0.11782778788531821,-0.035095464635909526,0.7705027583621541
event_random5,123,0.08091061514950301,0.058844408521657406,-0.022066206627845607,0.7272767412894753,0.15040663721562333,0.1178897849091176,-0.032516852306505736,0.783807065243474
event_random5,124,0.08116053864881115,0.05720994546756036,-0.02395059318125079,0.7048985433070235,0.15012041737471146,0.12014065670884913,-0.02997976066586233,0.8002952483736394
event_random5,125,0.08039256481775106,0.05914754533968545,-0.021245019478065612,0.7357340255752779,0.14898339052382892,0.11903603940972085,-0.029947351114108067,0.7989886590121723
event_random5,126,0.08161449833752571,0.059889879002866464,-0.021724619334659245,0.7338142146654544,0.1490497674649326,0.11914424608112588,-0.029905521383806713,0.7993588189203805
event_random5,127,0.07854376020255965,0.05712701657948491,-0.021416743623074747,0.7273272432101259,0.15041467634576647,0.11925509144758423,-0.03115958489818224,0.7928421238193938
event_random5,128,0.07648346441882783,0.05771862252541113,-0.018764841893416706,0.7546549174255581,0.14578247099920338,0.11648377169237803,-0.029298699306825354,0.7990245390545928
event_random5,129,0.08286048666782014,0.06140156540934702,-0.021458921258473124,0.7410234706380628,0.1552246639176939,0.12008589209003137,-0.035138771827662535,0.7736263623267082
event_random5,130,0.07890781603404556,0.05925103469233344,-0.019656781341712122,0.7508892993156596,0.14758116278280697,0.12013696994885578,-0.027444192833951192,0.8140400013358046
event_random5,131,0.08063957889085765,0.057612573288973734,-0.02302700560188392,0.7144453639440501,0.15265496557433753,0.11834154398462636,-0.034313421589711166,0.7752223685576625
event_random5,132,0.07992867141509438,0.05752777931155029,-0.022400892103544096,0.7197389659186337,0.14517251443918916,0.11762881562287308,-0.027543698816316076,0.8102691895727013
event_random5,133,0.08110400516046512,0.05921113086235668,-0.02189287429810844,0.7300642026889651,0.15630262421850263,0.1190678251885473,-0.03723479902995533,0.7617775183486165
event_random5,134,0.08127515118557072,0.05716078513877167,-0.024114366046799042,0.7032996470010847,0.149088287675832,0.11537306689502437,-0.03371522078080762,0.7738573478413285
event_random5,135,0.08075126590414702,0.06132219753212334,-0.019429068372023683,0.75939611404871,0.15200891615822648,0.12172239045722835,-0.03028652570099813,0.8007582287510503
event_random5,136,0.07912443202565912,0.0578485976551411,-0.02127583437051802,0.7311091678532553,0.14898951727672405,0.11675976523914768,-0.03222975203757637,0.7836777202404462
event_random5,137,0.08030620632261046,0.058409532120469274,-0.021896674202141184,0.7273352184739412,0.14975953731635194,0.11663711026334998,-0.03312242705300196,0.7788292642555769
event_random5,138,0.07915418607406316,0.05682273560346148,-0.02233145047060168,0.7178740433297294,0.1506285125265981,0.11887866409663632,-0.03174984842996177,0.7892175399106105
event_random5,139,0.0798654543667361,0.05725101475965427,-0.02261443960708183,0.7168432861692862,0.15290158255016942,0.11778809681655701,-0.03511348573361241,0.770352372107783
event_random5,140,0.08168308437223809,0.05999175305010023,-0.02169133132213786,0.7344452466646795,0.1521669874321916,0.12082277666776323,-0.031344210764428365,0.794014383189416
event_random5,141,0.07842961339255619,0.057755565609552674,-0.020674047783003517,0.7363999784172631,0.1519830457842319,0.11897007991351216,-0.03301296587071975,0.7827852067289941
event_random5,142,0.08126324689379913,0.05966171206024047,-0.021601534833558658,0.7341782951179744,0.14897064310994337,0.11952593717800375,-0.029444705931939624,0.8023455808658299
event_random5,143,0.08016884567631408,0.060344824123652545,-0.019824021552661532,0.7527216291388046,0.14760863563368987,0.12380791393890908,-0.023800721694780785,0.8387579317930599
event_random5,144,0.07853104282697805,0.058541302123384764,-0.019989740703593287,0.7454542817209842,0.1498359737016741,0.11782376720017496,-0.032012206501499135,0.7863516636850109
event_random5,145,0.0806750422313438,0.05733561892260456,-0.023339423308739234,0.7106983440825343,0.151450047149886,0.12059700401574501,-0.030853043134140987,0.7962823801328595
event_random5,146,0.07878972284270656,0.05621042621924241,-0.022579296623464154,0.7134233271953402,0.14786467259822997,0.11615366088131683,-0.03171101171691314,0.7855403108822577
event_random5,147,0.07978491775052775,0.05831232511936367,-0.021472592631164078,0.7308690259190993,0.14835341819093378,0.11786646110479894,-0.030486957086134844,0.7944977779554933
event_random5,148,0.08210351994230834,0.05914511824840794,-0.022958401693900406,0.7203725040043036,0.1532313331992809,0.11894118621121172,-0.034290146988069176,0.77621974388571
event_random5,149,0.08335100429324675,0.05917285195877257,-0.024178152334474186,0.7099236831099209,0.1555365467156777,0.1212112197468955,-0.03432532696878221,0.7793102155499875
event_random5,150,0.08015519324668004,0.057467078635291984,-0.022688114611388054,0.7169476649932751,0.15237837999614356,0.12081898935313583,-0.03155939064300774,0.7928880025906139
event_random5,151,0.08155409838281005,0.060910046302584904,-0.02064405208022515,0.7468667732267334,0.1557195727762702,0.11977197990120778,-0.03594759287506241,0.7691517370991632
event_random5,152,0.08123955530049311,0.05710047073992472,-0.02413908456056839,0.7028653779395827,0.15346034711476997,0.11604281982849916,-0.037417527286270805,0.7561746210681579
event_random5,153,0.0808120100021851,0.05939814008533798,-0.02141386991684712,0.735016244290074,0.15238463074180916,0.12013456612153137,-0.032250064620277796,0.7883640596608443
event_random5,154,0.08232879485222971,0.058673002919531675,-0.02365579193269804,0.7126668503388476,0.1528191718128733,0.11827148152531936,-0.034547690287553945,0.7739309153575475
event_random5,155,0.07840677364631383,0.05922161924940941,-0.019185154396904422,0.7553125386405135,0.1489534965752499,0.12172953828487348,-0.02722395829037641,0.8172318279442126
event_random5,156,0.07975578497810401,0.061433666851769375,-0.018322118126334636,0.7702722362852457,0.1515815873893007,0.12042374721265112,-0.031157840176649576,0.7944483844424443
event_random5,157,0.0818767195627434,0.05965124110312681,-0.02222547845961658,0.7285494756224954,0.15299637946034614,0.12290920326975019,-0.03008717619059595,0.8033471360778573
event_random5,158,0.08033317922386592,0.05851970232350142,-0.021813476900364497,0.7284624222380582,0.1539576947491681,0.11909518580622906,-0.03486250894293903,0.7735578660115823
event_random5,159,0.08162460914566465,0.05891784228112709,-0.022706766864537556,0.7218146940953091,0.15614029824720155,0.11988049250849793,-0.03625980573870362,0.7677741995772479
event_random5,160,0.08013334108379347,0.057468748663817446,-0.022664592419976023,0.7171640154592305,0.15180179254372284,0.11820880593430746,-0.03359298660941537,0.7787049411834862
event_random5,161,0.08350934457876118,0.058977316828833365,-0.024532027749927812,0.7062361359237992,0.1550802391458245,0.11967317553194322,-0.03540706361388128,0.7716855235141376
event_random5,162,0.0779146192966842,0.058982248013042006,-0.01893237128364219,0.7570113098858728,0.14869562321961632,0.11977740326848525,-0.02891821995113107,0.8055207051493355
event_random5,163,0.0810001242809903,0.05773036681036152,-0.023269757470628774,0.712719484356521,0.14835572970685426,0.11799416833500176,-0.030361561371852502,0.795346216611614
event_random5,164,0.0800300223979088,0.05722739962621809,-0.022802622771690706,0.7150741423222875,0.14727301547295155,0.11738219542875784,-0.029890820044193703,0.797038038854555
event_random5,165,0.07980569253955144,0.059402947360151635,-0.020402745179399807,0.7443447387003342,0.15306442422941552,0.11827525099741559,-0.034789173231999926,0.772715486259189
event_random5,166,0.07978791792627318,0.0587232773381081,-0.02106464058816508,0.7359921008638233,0.14790766238205677,0.11922691715338861,-0.02868074522866816,0.8060902000155772
event_random5,167,0.07965315496977603,0.059279736150278074,-0.020373418819497953,0.7442233289161171,0.14895774905399803,0.11901903095045824,-0.02993871810353979,0.7990120131804165
event_random5,168,0.08027614095457095,0.058467032821258105,-0.02180910813331284,0.7283239095205781,0.15079228652309318,0.11939338673374253,-0.03139889978935065,0.7917738333084959
event_random5,169,0.08009172247421478,0.058143640114711806,-0.021948082359502977,0.7259631622160571,0.1469362845056367,0.11902455400747883,-0.027911730498157872,0.8100419471469136
event_random5,170,0.08132759782580037,0.06044580132238337,-0.020881796503417004,0.7432384939225087,0.15434599251709522,0.11702689946009731,-0.037319093056997904,0.7582114543539932
event_random5,171,0.08014419067679897,0.05943100483922013,-0.020713185837578835,0.7415510012308962,0.15260826143228434,0.11911674519111926,-0.03349151624116509,0.7805392976314981
event_random5,172,0.08022931207784365,0.06016132341897579,-0.020067988658867858,0.7498671228865006,0.14908090881469482,0.1170943882602039,-0.03198652055449093,0.7854418730821553
event_random5,173,0.08128605027573592,0.05845724988814423,-0.02282880038759169,0.7191547589020186,0.14765385874455364,0.11910972748699675,-0.028544131257556893,0.8066821178920949
event_random5,174,0.0805493047312256,0.05853883507809269,-0.022010469653132907,0.7267453800305694,0.15023495958381217,0.11639905486381902,-0.03383590471999315,0.7747800857155556
event_random5,175,0.08080649882603834,0.059217517061397155,-0.021588981764641184,0.7328311202899865,0.1530997928194652,0.1199385674659057,-0.033161225353559504,0.7834012395257575
event_random5,176,0.0801974761835529,0.058732531635827166,-0.021464944547725733,0.7323488771816511,0.14964820843589066,0.11907916244623976,-0.030569045989650906,0.7957272839470932
event_random5,177,0.07960621495785397,0.05895538966446611,-0.02065082529338786,0.7405877756614725,0.15230391340172572,0.11729398315941406,-0.035009930242311665,0.7701311183648484
event_random5,178,0.07997342577971875,0.05839758224727739,-0.02157584353244136,0.7302123383851216,0.14952440600285255,0.11869461175340773,-0.03082979424944482,0.7938143004637205
event_random5,179,0.0774695515341909,0.05861055512625987,-0.018858996407931025,0.7565624682930083,0.14612655659616125,0.11841086593763137,-0.027715690658529885,0.810330912435543
event_random5,180,0.07897560658959052,0.05614812595308599,-0.022827480636504527,0.7109552984489095,0.1489382313417565,0.11515660695645187,-0.03378162438530462,0.773183660897727
event_random5,181,0.07954032411301028,0.05791940799714771,-0.021620916115862567,0.7281766656476816,0.149567835686707,0.11734181768535164,-0.03222601800135537,0.7845391166262661
event_random5,182,0.07884944178587093,0.05466374082874582,-0.024185700957125113,0.6932673154135257,0.14888445120623886,0.11447531553509667,-0.03440913567114219,0.7688869764950962
event_random5,183,0.0795696510685813,0.05843864856287865,-0.02113100250570265,0.7344338925466724,0.147664514145278,0.11612879752536007,-0.03153571661991794,0.7864367292138185
event_random5,184,0.08228843449422209,0.0602591636953607,-0.02202927079886139,0.7322920172894019,0.1508896413369731,0.11995673791135375,-0.030932903425619357,0.7949965077023499
event_random5,185,0.08069466688554204,0.059979804330054676,-0.020714862555487365,0.7432932887018483,0.15175799142386212,0.12087031774873287,-0.03088767367512925,0.7964675640121016
event_random5,186,0.07909199799452335,0.058430078432078404,-0.020661919562444946,0.7387609355389446,0.1479957512334829,0.11773846740708523,-0.030257283826397682,0.7955530238252394
event_random5,187,0.07907088289207184,0.05628631590405838,-0.022784566988013462,0.7118463060654912,0.1468598660966936,0.11554390194098124,-0.03131596415571236,0.7867629530923466
event_random5,188,0.08035622819481389,0.058959661693701496,-0.021396566501112393,0.7337285860501189,0.14934123473805075,0.11784417764377485,-0.0314970570942759,0.7890933662794288
event_random5,189,0.07965959053431759,0.05738249781491325,-0.02227709271940434,0.7203463817729856,0.1447975201068757,0.11301039492580722,-0.031787125181068465,0.7804718951152876
event_random5,190,0.07695759019737339,0.05752602268501792,-0.019431567512355467,0.7475029108562358,0.14898715024871523,0.11586464877425053,-0.0331225014744647,0.7776821597085999
event_random5,191,0.07986276963646562,0.05829127841851485,-0.021571491217950767,0.7298930237938912,0.15186291911748723,0.12026428160528721,-0.03159863751220002,0.7919265763108765
event_random5,192,0.08056431998446059,0.057422467150922966,-0.023141852833537625,0.7127530793035767,0.1516475975461275,0.11888043397312156,-0.032767163573005936,0.7839256005157684
event_random5,193,0.08112106938776738,0.056598934777646395,-0.024522134610120983,0.6977094262292998,0.1482265818699202,0.1180385637001981,-0.030188018169722095,0.7963387012714472
event_random5,194,0.08035548878545995,0.05739336856746449,-0.022962120217995458,0.7142432886034491,0.15292924687055973,0.11950230768843487,-0.03342693918212486,0.7814221944712928
event_random5,195,0.07832708639680615,0.05819318626109502,-0.020133900135711126,0.7429509884522897,0.14887799240371533,0.11859452608047868,-0.03028346632323664,0.7965886976691868
event_random5,196,0.08132524222764503,0.05811627037584033,-0.023208971851804705,0.7146153984166648,0.14732759952722965,0.11856723420481056,-0.028760365322419087,0.8047863033490648
event_random5,197,0.0813952158685395,0.060086357283061435,-0.021308858585478062,0.7382050239919044,0.15840004501061686,0.12164428726667713,-0.03675575774393973,0.7679561407859692
event_random5,198,0.08001862152240188,0.05837361610885097,-0.02164500541355091,0.7295003962609977,0.1509807874759448,0.11728695717721407,-0.033693830298730715,0.7768336563743315
event_random5,199,0.08150477047910043,0.061171861581573124,-0.020332908897527306,0.7505310575318889,0.15134257347014643,0.12419298791734623,-0.0271495855528002,0.8206084056172358
event_random5,200,0.07975193165676475,0.058328671916031666,-0.021423259740733086,0.7313762902579688,0.14964251255629804,0.1190598114841972,-0.030582701072100843,0.795628257306926
event_random5,201,0.07781919767681045,0.05829550255963986,-0.019523695117170586,0.749114669644191,0.14687510307268994,0.11909454429104022,-0.027780558781649728,0.8108559027332164
event_random5,202,0.08053252749618961,0.05947716618291705,-0.021055361313272562,0.7385483609182787,0.15316930079462765,0.11881751700807118,-0.03435178378655647,0.7757267049706259
event_random5,203,0.08379497290005443,0.05790023505044755,-0.02589473784960688,0.6909750435686333,0.15321875927421838,0.11755347909893243,-0.035665280175285946,0.7672264131087555
event_random5,204,0.07856077747987852,0.05740993113721863,-0.021150846342659894,0.7307709136651915,0.14807357163592677,0.11628077210992314,-0.031792799526003626,0.7852905202815422
event_random5,205,0.0784126287022068,0.055718065815874726,-0.02269456288633208,0.7105751552786117,0.1435921706107639,0.11521910127038162,-0.02837306934038228,0.8024051783624518
event_random5,206,0.07861799457000981,0.05847821745841971,-0.020139777111590103,0.7438273868248381,0.14904874520596534,0.11798006398043642,-0.031068681225528916,0.7915535539558137
event_random5,207,0.07830832383862638,0.05780344440456517,-0.020504879434061207,0.7381519814379303,0.14821563429338291,0.11839357770134468,-0.029822056592038237,0.7987927742291513
event_random5,208,0.0804284105637446,0.057229146247544035,-0.023199264316200563,0.7115538631984567,0.15314260545350503,0.11653467874571675,-0.03660792670778827,0.760955309599309
event_random5,209,0.08088236989425299,0.057693056445031664,-0.023189313449221323,0.7132958210851211,0.1459599578251753,0.11704431070268248,-0.02891564712249281,0.8018932894107386
event_random5,210,0.08016359371778561,0.05913464633924794,-0.021028947378537673,0.7376745926265522,0.15160800472732658,0.11608091544155931,-0.03552708928576727,0.7656648186244239
event_random5,211,0.08112334724607966,0.059681251089041175,-0.02144209615703848,0.7356852634298237,0.15309628796815125,0.11920636976774704,-0.03388991820040421,0.7786365779981919
event_random5,212,0.07984377299133652,0.05694776089019076,-0.02289601210114576,0.7132398527355402,0.1474550392186956,0.11996134640571465,-0.027493692812980947,0.8135452476995099
event_random5,213,0.08123068286838986,0.058833541165777055,-0.022397141702612804,0.7242773184745879,0.15039110249311166,0.118383512446105,-0.032007590047006665,0.787170986072978
event_random5,214,0.0801626227165772,0.05929679775330277,-0.02086582496327443,0.7397063087987079,0.15433751892774186,0.12075535058274207,-0.03358216834499979,0.7824108578503042
event_random5,215,0.07887943803569826,0.0584004886186514,-0.02047894941704686,0.740376580677733,0.14898906663605355,0.11656111888850143,-0.032427947747552116,0.7823467957768591
event_random5,216,0.07979622854322733,0.05545867932741061,-0.024337549215816726,0.695003765715161,0.14394511309153918,0.1171105630744837,-0.02683455001705548,0.8135779017382094
event_random5,217,0.08282740822578333,0.059693159427223474,-0.023134248798559853,0.7206933152429802,0.15389707519974938,0.11912035676866352,-0.03477671843108586,0.774026125019285
event_random5,218,0.08187722567534964,0.058646551684613614,-0.02323067399073602,0.7162742899613175,0.15312868480558317,0.11851456631210483,-0.03461411849347834,0.77395405349804
event_random5,219,0.08027216415183631,0.05920455044931933,-0.02106761370251698,0.737547705046706,0.14637484814899007,0.11755196368420498,-0.028822884464785092,0.8030885440410689
event_random5,220,0.07936936827709647,0.05849292507181827,-0.0208764432052782,0.7369710297756963,0.15108192024986367,0.11911726864048486,-0.03196465160937881,0.7884283469755035
event_random5,221,0.08121738989954463,0.05553669134246251,-0.025680698557082125,0.6838029566223955,0.14920437611839532,0.11574333101125157,-0.03346104510714375,0.7757368384383576
event_random5,222,0.08027962226166954,0.057734615607046506,-0.022545006654623036,0.7191689993117043,0.1511826872995193,0.1162236554675147,-0.034959031832004606,0.7687629949139305
event_random5,223,0.08203820471354428,0.058570614439996345,-0.023467590273547938,0.7139431517853108,0.15174412944422228,0.11686735234866644,-0.03487677709555584,0.7701606169326257
event_random5,224,0.07875410153878734,0.05843064803370645,-0.020323453505080892,0.7419378405952438,0.15019131042088096,0.1191080077376193,-0.031083302683261663,0.7930419370058297
event_random5,225,0.08205208822531457,0.05985669323715959,-0.022195394988154975,0.7294962813474467,0.15407914964962946,0.11763413836816378,-0.036445011281465683,0.7634656514892485
event_random5,226,0.08127304611377172,0.05900041105890029,-0.022272635054871426,0.7259529927832085,0.14798024629144935,0.11665100629287962,-0.03132923999856972,0.7882876885008941
event_random5,227,0.08092235536453579,0.05971089144656081,-0.02121146391797498,0.7378788120733458,0.15554045540963274,0.11925948099166868,-0.03628097441796406,0.7667425216004791
event_random5,228,0.07833517619537991,0.05671281969709543,-0.021622356498284485,0.7239764107461121,0.14853930011128155,0.11709789374271293,-0.031441406368568625,0.7883293758283929
event_random5,229,0.08311150919402398,0.06024493899944497,-0.02286657019457901,0.724868788735421,0.15526289533330676,0.1231694653253294,-0.03209343000797736,0.7932962029396554
event_random5,230,0.07970733365000818,0.05886306631499383,-0.02084426733501435,0.7384899684821886,0.15116230446118292,0.11805972657392072,-0.0331025778872622,0.7810130111124189
event_random5,231,0.08156677638093543,0.059558980965682184,-0.022007795415253245,0.7301867697642993,0.15476204556603623,0.11875834269859023,-0.036003702867446,0.7673609008218789
event_random5,232,0.08013554831022068,0.0596653377334194,-0.020470210576801283,0.7445551817084096,0.14845201669482053,0.11869253509550248,-0.029759481599318044,0.7995346761742149
event_random5,233,0.07741968611219373,0.05641736265801801,-0.02100232345417572,0.7287211495053089,0.1463546025489655,0.11768541237744164,-0.028669190171523876,0.8041114548349644
event_random5,234,0.07860188982962837,0.0577026282641325,-0.020899261565495875,0.7341124798551846,0.14832955399296077,0.11661053312285459,-0.03171902087010618,0.7861584558421078
event_random5,235,0.08103240001679797,0.05783357052120896,-0.02319882949558901,0.7137092139591089,0.15437385939367393,0.11813099509883006,-0.03624286429484387,0.7652266747933033
event_random5,236,0.08042069183848034,0.05792172106018183,-0.022498970778298516,0.7202340558884246,0.14858236431531258,0.1194626645717929,-0.029119699743519675,0.8040164465163335
event_random5,237,0.07974258785432452,0.059566855645116844,-0.020175732209207674,0.7469892468743912,0.15143866805978998,0.12168099788135948,-0.029757670178430493,0.8035001855227506
event_random5,238,0.08058694998021466,0.057885639691172316,-0.022701310289042348,0.7183004159530064,0.14850469914944467,0.12103139891957197,-0.027473300229872696,0.8150004653911624
event_random5,239,0.07905091064830654,0.056982539852498924,-0.02206837079580761,0.7208334399335554,0.15204449709777085,0.11558979972796082,-0.036454697369810024,0.7602366539686856
event_random5,240,0.08087242918229572,0.0578340362869423,-0.023038392895353414,0.7151267356712849,0.15373745978614728,0.12214538964257049,-0.03159207014357679,0.7945063604698415
event_random5,241,0.07742274466697754,0.057765493967601396,-0.01965725069937615,0.7461049619988429,0.14683570675577182,0.11477991443650175,-0.03205579231927007,0.7816893926721266
event_random5,242,0.07866583908830703,0.05841544091636857,-0.02025039817193846,0.7425769761483609,0.14386049313247123,0.11604696355029061,-0.027813529582180627,0.8066631847524042
event_random5,243,0.07948333830857572,0.05755824494419787,-0.021925093364377854,0.724154850174275,0.146158145491435,0.1163231039785892,-0.029835041512845786,0.795871510188297
event_random5,244,0.07926805361112389,0.05738014000192282,-0.021887913609201073,0.7238747186025332,0.1474558677450955,0.11731464896228508,-0.030141218782810425,0.7955915946667171
event_random5,245,0.08117583889153375,0.05870818090158722,-0.02246765798994653,0.7232223492021121,0.14679914897168886,0.11999837487462135,-0.026800774097067506,0.8174323605769935
event_random5,246,0.08134812986563444,0.05841897252585276,-0.022929157339781688,0.7181354091648501,0.15010104973836122,0.1195851037335799,-0.030515946004781316,0.796697317853718
event_random5,247,0.08153201204855214,0.05823942068820367,-0.023292591360348468,0.7143135466045192,0.1493947653001001,0.122338352329823,-0.027056412970277097,0.8188931659290276
event_random5,248,0.08117494881788122,0.05890554873424428,-0.02226940008363694,0.7256616676950532,0.15432911875326638,0.1229506293110857,-0.031378489442180676,0.7966781013481518
event_random5,249,0.08206052195087697,0.05934465249094387,-0.022715869459933105,0.7231815138400988,0.15470910221718345,0.11859864026718094,-0.03611046195000252,0.766591225516195
event_random5,250,0.07728246084887251,0.05727875548496298,-0.02000370536390953,0.7411611231812714,0.15070414964641388,0.11924020103078287,-0.03146394861563101,0.7912204229979561
event_random5,251,0.07941764436915795,0.0573566480857833,-0.02206099628337465,0.7222154288431388,0.15279723033655557,0.11882616934259177,-0.0339710609939638,0.7776722724676477
event_random5,252,0.07792420928530948,0.05939907298564174,-0.01852513629966774,0.7622672534046468,0.14787556992529025,0.1190832953100334,-0.028792274615256852,0.8052939060197483
event_random5,253,0.07877899822898389,0.05718051656549048,-0.02159848166349341,0.7258345225371624,0.14628167725970237,0.11493551749033816,-0.03134615976936421,0.785713697323052
event_random5,254,0.07921856688042805,0.05721636711851788,-0.022002199761910174,0.7222595582280585,0.1458899385275883,0.11324681608233006,-0.032643122445258244,0.7762482952922397
event_random5,255,0.07988674538505039,0.058879884823790224,-0.021006860561260166,0.7370419778649377,0.15319226527388546,0.11834554784883632,-0.03484671742504915,0.7725295244981965
event_random5,256,0.08044173564796579,0.0575467541795902,-0.02289498146837559,0.7153842929425335,0.15010094181338438,0.11839585090876624,-0.031705090904618136,0.7887748702867164
event_random5,257,0.08025891166376377,0.05814838994412411,-0.02211052171963966,0.7245100729465488,0.1456721990439323,0.11689568637073496,-0.02877651267319735,0.8024570723716553
event_random5,258,0.08064242939153347,0.05886175339436485,-0.021780675997168625,0.7299104682050248,0.1478691426922349,0.11873378866115454,-0.02913535403108035,0.8029652874114462
event_random5,259,0.08313950147446057,0.060330189294215984,-0.02280931218024459,0.7256501208724312,0.15094986281149197,0.11848816702882425,-0.03246169578266772,0.7849504784035062
event_random5,260,0.07943021645125353,0.059156639123357155,-0.020273577327896378,0.7447624061261584,0.1503664397313349,0.11880163267538704,-0.03156480705594786,0.7900807712655442
event_random5,261,0.08036896560080624,0.06001629602096792,-0.02035266957983832,0.7467595927396862,0.15189990626579467,0.12211356352467694,-0.02978634274111773,0.8039080900484722
event_random5,262,0.07935940200495023,0.058812593091849635,-0.020546808913100595,0.7410916867566751,0.15374723198543838,0.11903606760578936,-0.03471116437964902,0.7742322646632327
event_random5,263,0.08100791509475286,0.05918919978426524,-0.021818715310487617,0.7306594635232022,0.15325652408144155,0.11754957592460205,-0.0357069481568395,0.7670118882647724
event_random5,264,0.08022893571500583,0.05910568288565861,-0.021123252829347225,0.7367127877106266,0.1526868081073222,0.11764051094239798,-0.03504629716492423,0.7704693837054312
event_random5,265,0.08062519603810239,0.060424552777914704,-0.020200643260187688,0.7494499951275637,0.14882137143078517,0.12033513638016169,-0.028486235050623476,0.8085877399411546
event_random5,266,0.08049234446132557,0.05824469509899508,-0.022247649362330486,0.7236053998524059,0.15162605688597883,0.11604662357283595,-0.03557943331314288,0.7653475000019407
event_random5,267,0.07987799367035815,0.05953810840705837,-0.02033988526329978,0.7453630927782343,0.1454644043479115,0.11986410471856317,-0.02560029962934833,0.8240098686403078
event_random5,268,0.07948722246748048,0.05662113917433418,-0.0228660832931463,0.7123300754092748,0.15353876805680194,0.11552007899507089,-0.03801868906173106,0.7523837820056888
event_random5,269,0.07981509171571602,0.06006963397514695,-0.019745457740569072,0.752609972423535,0.14934322257916488,0.11993782437111469,-0.029405398208050187,0.8031018903957107
event_random5,270,0.0793010746830442,0.05826226955146231,-0.021038805131581892,0.7346970994318655,0.15700001333680855,0.11841281182961431,-0.03858720150719423,0.7542216673293269
event_random5,271,0.08195469041202785,0.05967936577853566,-0.022275324633492195,0.7281995146159076,0.15348670453561158,0.12071844900080887,-0.03276825553480271,0.7865075308382824
event_random5,272,0.08110265374078288,0.059491756207389654,-0.021610897533393222,0.7335364931156861,0.15069881019352904,0.11803283732330103,-0.032665972870228016,0.7832366902679722
event_random5,273,0.08286227732002045,0.059695321191829846,-0.023166956128190606,0.7204161305063093,0.1506536887658343,0.11744431084162556,-0.033209377924208736,0.7795647873194324
event_random5,274,0.08013587072227826,0.059206577433523845,-0.020929293288754418,0.7388274052541624,0.15142348669771433,0.11855742551824242,-0.03286606117947191,0.782952685239099
event_random5,275,0.08073840460304649,0.05985094615401626,-0.020887458449030227,0.7412946347933894,0.15368483270473163,0.12208387140821875,-0.03160096129651288,0.7943781390761799
event_random5,276,0.07820239179646578,0.05881015507436549,-0.01939223672210029,0.7520250176929155,0.14546812887721802,0.1154029215498243,-0.03006520732739372,0.7933210005555913
event_random5,277,0.0816965891138528,0.060347261976093254,-0.021349327137759548,0.7386754163260475,0.14865176479894077,0.11939695332764619,-0.02925481147129458,0.8031990302243419
event_random5,278,0.08120897542962462,0.05722978475288643,-0.023979190676738184,0.7047224084544884,0.15016594413187923,0.116842677200421,-0.03332326693145822,0.7780903844470025
event_random5,279,0.08078185831510049,0.0558692784490686,-0.024912579866031882,0.6916067495147609,0.14862872401578175,0.11558998674907518,-0.03303873726670657,0.7777096083849954
event_random5,280,0.07990591906861559,0.057568534809017094,-0.022337384259598497,0.7204539473425332,0.14586767083933003,0.11528153090929637,-0.03058613993003366,0.7903158406928729
event_random5,281,0.0802752158343054,0.05857575808411053,-0.02169945775019487,0.7296867093452066,0.15060576790401276,0.11656819407219857,-0.03403757383181419,0.7739955494034748
event_random5,282,0.08412222790691704,0.05805626572362029,-0.026065962183296744,0.6901417992383742,0.15297265956973832,0.11907721529462915,-0.03389544427510917,0.7784215534302281
event_random5,283,0.08076926552458695,0.0587987735779118,-0.02197049194667515,0.7279845024715853,0.15023291907584208,0.11705136856326816,-0.03318155051257392,0.7791326247490213
event_random5,284,0.07957516647338914,0.060091313562120864,-0.019483852911268272,0.7551515909453498,0.14944107675773596,0.1203918123954329,-0.029049264362303068,0.8056139249491904
event_random5,285,0.08363789050778535,0.059318757358446966,-0.02431913314933838,0.7092330640850554,0.15136587101431975,0.1184160061575517,-0.032949864856768055,0.7823164189128811
event_random5,286,0.08207364344780345,0.060940679467608165,-0.021132963980195284,0.7425121745248795,0.15121849256092376,0.12219395004679284,-0.02902454251413092,0.8080622149937293
event_random5,287,0.07948321420782757,0.056513829651968044,-0.022969384555859527,0.7110159071347988,0.1517278954832287,0.11713520603777985,-0.034592689445448854,0.772008375023744
event_random5,288,0.08053120200011415,0.05966244509809704,-0.020868756902017116,0.740861226658612,0.154589400904526,0.12255156145620266,-0.032037839448323335,0.7927552648443872
event_random5,289,0.07890127610589184,0.05792018432167229,-0.02098109178421955,0.7340842528825359,0.14909885597434147,0.11985771267027605,-0.029241143304065423,0.8038808338737519
event_random5,290,0.08070524936035939,0.05780018479383203,-0.022905064566527356,0.7161886649497448,0.1470727373994149,0.1172801639615519,-0.029792573437863,0.7974296666760653
event_random5,291,0.08090170806541709,0.0600307832937724,-0.02087092477164469,0.7420212098022891,0.15050529738559162,0.11764896245882042,-0.0328563349267712,0.7816931663036822
event_random5,292,0.08142335344328508,0.05900062314408135,-0.022422730299203726,0.7246154898935458,0.1489451877613508,0.11764351475438865,-0.03130167300696214,0.7898443482637679
event_random5,293,0.08197826777679655,0.05795412513646117,-0.02402414264033538,0.706944983202789,0.15368013904728223,0.11822955286237309,-0.035450586184909136,0.7693222663339588
event_random5,294,0.07993060348030577,0.057022928495120584,-0.022907674985185186,0.7134054543848222,0.15405448586571388,0.11765799224671906,-0.036396493618994816,0.7637427211907293
event_random5,295,0.07730542589834857,0.058891781378314745,-0.01841364452003383,0.7618065704178834,0.15198486329894256,0.12102546951799642,-0.030959393780946143,0.79629949253531
event_random5,296,0.07843771485668617,0.05828185499714328,-0.020155859859542893,0.7430335662331604,0.15157535898117028,0.11869387662808345,-0.03288148235308683,0.783068418415083
event_random5,297,0.08240133413833303,0.060160138905723706,-0.022241195232609326,0.7300869522904637,0.15441481685060982,0.12082346972763074,-0.03359134712297908,0.7824603376275907
event_random5,298,0.08045512448746167,0.057588967151573175,-0.022866157335888496,0.7157899203865875,0.14742485049998386,0.11582404366512274,-0.03160080683486112,0.7856480320129978
event_random5,299,0.08036219647086945,0.05888857698304842,-0.021473619487821033,0.7327895399722553,0.15410909913618773,0.11778006865918028,-0.036329030477007446,0.7642642084040533
event_random5,300,0.07967309989746789,0.057552056077784026,-0.022121043819683862,0.7223524144516574,0.14624214958640036,0.11649832929458658,-0.029743820291813786,0.7966125335552385
event_random5,301,0.0813790452836883,0.060228234766140615,-0.02115081051754769,0.7400951259158213,0.15071668514356523,0.11788637495855968,-0.032830310185005554,0.7821720259191407
event_random5,302,0.08042908245782092,0.05931604652055672,-0.0211130359372642,0.737495004393014,0.14896282497367153,0.12082823228786646,-0.028134592685805065,0.8111301078589391
event_random5,303,0.07916522040255301,0.05764349316843442,-0.02152172723411859,0.7281416368869917,0.1524419329207204,0.11842806228364668,-0.034013870637073715,0.776873265869942
event_random5,304,0.08105886571652243,0.05906537754971298,-0.021993488166809454,0.7286726384289083,0.15211385629528631,0.11925911032775786,-0.03285474596752845,0.7840121421696772
event_random5,305,0.07975124407364449,0.060264983157302734,-0.019486260916341758,0.7556619819203371,0.14921313741721437,0.12129530353126634,-0.027917833885948026,0.8128996255343988
event_random5,306,0.0764070642374742,0.05565346667012632,-0.020753597567347883,0.7283811677040042,0.1443306038184179,0.11601345445081572,-0.02831714936760217,0.8038035689005505
event_random5,307,0.07924705187815971,0.05811139261282214,-0.021135659265337572,0.7332940624992195,0.14426944019949883,0.11685356481756229,-0.027415875381936544,0.8099675486088718
event_random5,308,0.0794786463240124,0.059606378343967835,-0.019872267980044565,0.7499672062980182,0.15352008606192566,0.12353031219786931,-0.02998977386405635,0.8046524423393084
event_random5,309,0.0797541001056317,0.05612784256615367,-0.023626257539478036,0.7037612171890119,0.1536800790111276,0.11608260425833045,-0.03759747475279715,0.7553523202569749
event_random5,310,0.07820620144171442,0.05905326971987172,-0.019152931721842695,0.755097020840259,0.15027879999906912,0.11886321914850306,-0.03141558085056606,0.7909513460929908
event_random5,311,0.0786326636338949,0.057677340157734305,-0.020955323476160595,0.733503578440045,0.14745598116351857,0.11779747130586461,-0.02965850985765396,0.7988653317170993
event_random5,312,0.07954772883805027,0.05923905425894843,-0.020308674579101835,0.7446982475081358,0.1478162866780532,0.1179923873608429,-0.029823899317210287,0.7982367167552562
event_random5,313,0.07955634057885409,0.05991892598991324,-0.019637414588940853,0.7531634254911866,0.15060197780390203,0.11986945994996583,-0.0307325178539362,0.7959354963189604
event_random5,314,0.07663168088136897,0.05889374477743816,-0.01773793610393081,0.7685299878598469,0.14856050884532673,0.11802923567732998,-0.030531273167996753,0.7944859410801811
event_random5,315,0.0814049841525936,0.05702904806160588,-0.024375936090987725,0.7005596605080711,0.14929068914469515,0.11587006236866847,-0.03342062677602668,0.7761372328877467
event_random5,316,0.08255441800533007,0.05955293568463487,-0.023001482320695203,0.7213779361970655,0.1502303578078446,0.11952172080966113,-0.030708636998183478,0.7955896701153968
event_random5,317,0.083003308779365,0.06080779628064439,-0.022195512498720614,0.7325948468184618,0.1512972886351464,0.1201250425278946,-0.031172246107251805,0.7939669217574433
event_random5,318,0.07997873580052915,0.05949994175614001,-0.02047879404438914,0.7439470149232635,0.14675568860971602,0.12037780135881544,-0.02637788725090058,0.8202598652168757
event_random5,319,0.07989214393127002,0.05755676745209197,-0.02233537647917805,0.720430878680727,0.1478828212874294,0.12099135709233952,-0.026891464195089892,0.8181569437140853
event_random5,320,0.08031317781799481,0.058892540361522326,-0.021420637456472484,0.7332861425927413,0.15295985167347273,0.12222894812481852,-0.03073090354865421,0.7990917014338099
event_random5,321,0.07942606711178181,0.059094394892862216,-0.020331672218919593,0.7440176385631002,0.15152707558618694,0.11909806947884155,-0.03242900610734539,0.7859854023982656
event_random5,322,0.07901372792689729,0.058234916405866165,-0.020778811521031122,0.737022767230329,0.1486367208687354,0.12180736009726237,-0.02682936077147302,0.8194970891804949
event_random5,323,0.07994428175558559,0.05728997854816524,-0.022654303207420345,0.7166238446336717,0.14892134060918225,0.11742557981184037,-0.03149576079734187,0.7885074048588044
event_random5,324,0.07951641317374417,0.05959630448888414,-0.01992010868486003,0.7494843153785824,0.14768517947002435,0.11834169591028226,-0.02934348355974209,0.8013105738501138
event_random5,325,0.07844802415973894,0.05906861190272295,-0.019379412257015984,0.7529649412513582,0.14645007289944895,0.11789541776353585,-0.0285546551359131,0.8050212296205655
event_random5,326,0.07912303754379853,0.05882366323282509,-0.020299374310973436,0.7434454623947326,0.1491407426926036,0.11558772643031792,-0.033553016262285684,0.775024479183114
event_random5,327,0.08184345060678977,0.0573260634913619,-0.02451738711542787,0.7004355640719541,0.15159421463448985,0.11746656505374505,-0.03412764958074481,0.7748749867332979
event_random5,328,0.08029030886798323,0.05921234253819205,-0.021077966329791184,0.7374780764083436,0.15303755590951812,0.12299978105355112,-0.030037774855966995,0.8037228530118025
event_random5,329,0.07815845995594389,0.05789139263934052,-0.020267067316603375,0.7406925964505,0.1484435250034372,0.1162435278102326,-0.032199997193204585,0.7830825076913325
event_random5,330,0.0808687859505004,0.060786388465049995,-0.020082397485450404,0.7516668854439982,0.15008444599707035,0.1234762461865601,-0.026608199810510255,0.8227118097832093
event_random5,331,0.08146897850566107,0.059266278960424884,-0.022202699545236182,0.7274705053078163,0.1493980524535365,0.11745684513523488,-0.03194120731830161,0.7862006445617122
event_random5,332,0.08061967923434282,0.05730590752720149,-0.023313771707141336,0.7108178557821648,0.15099936727432342,0.11871457856441094,-0.032284788709912485,0.7861925563485302
event_random5,333,0.07816487041710296,0.05859693516995959,-0.01956793524714337,0.7496581886117759,0.14668309616470415,0.11686114707897,-0.029821949085734156,0.7966913034597499
event_random5,334,0.0809600340760122,0.058627446468063726,-0.02233258760794847,0.7241529371519195,0.15304244946666024,0.11963426682837158,-0.03340818263828865,0.7817064301132575
event_random5,335,0.07700358853981888,0.05746579404830782,-0.019537794491511065,0.7462742339416041,0.14636245171265644,0.11958046439101445,-0.026781987321641984,0.8170159968745176
event_random5,336,0.07999259822311208,0.060099786599468845,-0.019892811623643238,0.7513168459891874,0.14707252243413943,0.11828129939640764,-0.028791223037731795,0.8042379190808753
event_random5,337,0.07855664424168574,0.05710136425678088,-0.021455279984904853,0.7268814090518431,0.144655668593313,0.11772462505435953,-0.026931043538953467,0.8138265592987732
event_random5,338,0.07737625007946115,0.05880518474524243,-0.018571065334218727,0.7599901091724235,0.14714436698140457,0.1199262015139332,-0.02721816546747137,0.8150240744797858
event_random5,339,0.07792812711156627,0.05716169292486784,-0.020766434186698428,0.7335181152632086,0.14801544967974847,0.11907699820990203,-0.028938451469846443,0.8044903317021385
event_random5,340,0.0811964920795824,0.06106284028429517,-0.020133651795287234,0.7520379110029308,0.1538558464087953,0.11883010714790589,-0.03502573926088941,0.7723470373181274
event_random5,341,0.08037133245368872,0.05998291895639693,-0.020388413497291785,0.7463223157456059,0.14591648897355708,0.1198798197611746,-0.026036669212382485,0.8215645853629274
event_random5,342,0.07996444028992884,0.059938976855676604,-0.02002546343425224,0.7495703920186839,0.15016534373913407,0.11975883420010254,-0.030406509539031526,0.797513135974613
event_random5,343,0.08116099728201988,0.060032201385531954,-0.021128795896487924,0.7396681090170792,0.15375641726925024,0.11714867418058691,-0.036607743088663325,0.7619107954072724
event_random5,344,0.08166819642771639,0.05937368550291368,-0.02229451092480271,0.7270111022405725,0.1515039365080833,0.11739705828617325,-0.03410687822191005,0.7748779404151632
event_random5,345,0.07894806602745938,0.058508638323670134,-0.020439427703789245,0.7411028701237584,0.15040140295515825,0.12011657249413403,-0.030284830461024217,0.7986399736573365
event_random5,346,0.08042927058842636,0.05954784673959204,-0.02088142384883432,0.74037531739298,0.14933894668799105,0.11776843746998744,-0.03157050921800361,0.7885982865276073
event_random5,347,0.08188865675285262,0.05878187107442353,-0.02310678567842909,0.7178267834070419,0.14971823469809667,0.11989521806234645,-0.029823016635750224,0.8008057155102875
event_random5,348,0.08037672042111266,0.059099213943013595,-0.021277506478099062,0.7352777475042379,0.1483081575498362,0.11759710529293131,-0.03071105225690489,0.7929240524305953
event_random5,349,0.08174289930761866,0.05899045643349279,-0.022752442874125874,0.7216584796129775,0.14988605243752173,0.11826942045245588,-0.031616631985065854,0.7890622144562458
event_random5,350,0.07886979735343345,0.05800085271833527,-0.020868944635098183,0.7354000474785081,0.14657411048620067,0.11669419735776658,-0.02987991312843409,0.7961446736444827
event_random5,351,0.08022322271105552,0.05848319571766056,-0.02174002699339496,0.7290058132955187,0.15201236211264235,0.116980486491788,-0.03503187562085436,0.7695458768353625
event_random5,352,0.08030211416090131,0.06003706884228946,-0.020265045318611855,0.7476399528161015,0.15109165982323808,0.11740854804550678,-0.0336831117777313,0.7770683582592374
event_random5,353,0.07961577980222406,0.0623279322265077,-0.017287847575716365,0.7828590309777581,0.1501589734007377,0.12063777798840164,-0.029521195412336054,0.8034003913069439
event_random5,354,0.08130371372997562,0.059064407208736076,-0.022239306521239545,0.7264662891648429,0.1527291104707699,0.12027379013681878,-0.03245532033395111,0.7874974833945453
event_random5,355,0.08132642077563737,0.05909463394544679,-0.02223178683019058,0.7266351252377939,0.15179345249103018,0.11909081243305279,-0.03270264005797739,0.784558296018006
event_random5,356,0.07914962922388638,0.0573479889472089,-0.021801640276677484,0.7245515804627671,0.15214897987747492,0.12119074396406317,-0.03095823591341175,0.7965268256261572
event_random5,357,0.08088156826674212,0.05756947191333003,-0.02331209635341209,0.711774921617119,0.14779169781118598,0.11723378698364526,-0.030557910827540724,0.793236621000318
event_random5,358,0.07813646442358478,0.05783304005710154,-0.02030342436648324,0.7401542990681462,0.14833836254444824,0.11904057163565561,-0.02929779090879263,0.8024934992792992
event_random5,359,0.07844602796145667,0.058955563843306684,-0.019490464118149982,0.7515430082995873,0.14974588258808283,0.12037392189004421,-0.029371960698038616,0.803854635664112
event_random5,360,0.0826562243496422,0.060822913874191094,-0.02183331047545111,0.7358540067945213,0.1546770848039032,0.12258427335895578,-0.03209281144494741,0.7925173500287124
event_random5,361,0.08348742671390887,0.06026097660755189,-0.023226450106356974,0.7217970295581349,0.15567718937540748,0.12655422258444568,-0.029122966790961796,0.812927205920109
event_random5,362,0.08179552816700801,0.06022706031336399,-0.021568467853644017,0.7363123836109222,0.15134277406299207,0.11964080466102842,-0.03170196940196365,0.7905286882823449
event_random5,363,0.08016689240611331,0.056619614020722,-0.023547278385391314,0.7062717827940196,0.15170223781093048,0.11698348267578666,-0.03471875513514382,0.7711388069409069
event_random5,364,0.08032501190391851,0.058332466437491765,-0.021992545466426747,0.7262055125154127,0.14998973393274573,0.11941183282394782,-0.030577901108797906,0.7961333732180044
event_random5,365,0.08182949462291499,0.05790170782290434,-0.023927786800010648,0.7075897033181716,0.14684431558638023,0.11640789557007382,-0.030436420016306406,0.7927300086845896
event_random5,366,0.07947429255085314,0.05797943116670683,-0.021494861384146316,0.7295369270460329,0.1482117642026405,0.12233393458784979,-0.025877829614790723,0.825399624962229
event_random5,367,0.08220963257888793,0.059323389799679736,-0.022886242779208192,0.7216111778963776,0.15171946628139021,0.12220763872707038,-0.02951182755431983,0.8054842382612591
event_random5,368,0.08206720871990092,0.059927092505052106,-0.022140116214848814,0.7302196996803677,0.1527539524134276,0.12004047446985079,-0.032713477943576805,0.7858420196222616
event_random5,369,0.08235195072982343,0.05798641852246922,-0.024365532207354212,0.7041292648028271,0.15404259126826123,0.11598471585434002,-0.03805787541392121,0.7529392676364136
event_random5,370,0.0794933110896155,0.05969989737490784,-0.019793413714707664,0.7510052928554721,0.14566714633030486,0.11738414022943694,-0.028283006100867925,0.8058381260745281
event_random5,371,0.08015767621326464,0.06061644049033403,-0.01954123572293061,0.7562150420760715,0.14896743397847784,0.11801067806010103,-0.030956755918376808,0.792191117940252
event_random5,372,0.07896742026545445,0.05933280865496136,-0.01963461161049309,0.7513580721709031,0.1486406333771551,0.11958191341797315,-0.029058719959181953,0.8045035243798413
event_random5,373,0.07938828512155797,0.05858190106935625,-0.020806384052201726,0.7379161922902938,0.14853677260271203,0.11552567609345132,-0.03301109650926071,0.7777580868977493
event_random5,374,0.0808826444577362,0.05940998919870914,-0.021472655259027057,0.7345208554568562,0.15325882403220212,0.11925771081583517,-0.03400111321636695,0.7781458037990506
event_random5,375,0.07894413618479622,0.05874515246931549,-0.020198983715480727,0.7441357307628527,0.1452355055869435,0.11641759527370356,-0.02881791031323995,0.8015780631824326
event_random5,376,0.08083904312514875,0.060673495753910366,-0.020165547371238386,0.7505469313878488,0.15120881442860998,0.118804499168333,-0.032404315260276984,0.7856982386726139
event_random5,377,0.07995009665852489,0.05973173163938919,-0.020218365019135695,0.7471126882373836,0.15033180741705984,0.11770418287991405,-0.032627624537145794,0.7829626005451513
event_random5,378,0.07934641889227127,0.05884520493678174,-0.020501213955489532,0.7416239542792215,0.151449972139965,0.11748483606040838,-0.03396513607955662,0.7757336260968924
event_random5,379,0.08017034914179876,0.059045212378614896,-0.02112513676318386,0.7364968845798657,0.1505857786983552,0.11826936888603207,-0.032316409812323144,0.7853953401731413
event_random5,380,0.07941441962591152,0.057997496120946235,-0.021416923504965282,0.7303144239314276,0.15111848147124135,0.11754280729865028,-0.033575674172591066,0.7778188753241231
event_random5,381,0.07926424738868636,0.05637682034018583,-0.022887427048500525,0.7112515692444799,0.1500152234960813,0.12191967311385418,-0.028095550382227108,0.8127153383005757
event_random5,382,0.07867604757456105,0.057006835281727,-0.02166921229283405,0.7245767554312105,0.15042141933999345,0.11609835069185019,-0.03432306864814326,0.7718206037494982
event_random5,383,0.07989038750127056,0.05806814181088368,-0.021822245690386877,0.7268476674989238,0.15345392679772055,0.1244664233918411,-0.028987503405879453,0.8110996309394538
event_random5,384,0.07823346545030851,0.058799862015018245,-0.01943360343529027,0.7515947513838065,0.14677130320753243,0.11348259953858048,-0.03328870366895195,0.7731933767605632
event_random5,385,0.07688861222813498,0.05879257186033377,-0.018096040367801207,0.7646460269810992,0.14588720016208678,0.11899258251121213,-0.026894617650874655,0.8156478592981865
event_random5,386,0.0806663497806314,0.05906600504562394,-0.021600344735007465,0.7322260794773948,0.15258786579599898,0.118693662717561,-0.033894203078437976,0.7778709145604504
event_random5,387,0.08438278097823279,0.05903399951846601,-0.02534878145976678,0.6995977003139338,0.150788600583001,0.11842449157690199,-0.03236410900609901,0.7853676678411489
event_random5,388,0.08319579321806571,0.059040188340429095,-0.024155604877636613,0.7096535300249857,0.15338747409197745,0.11899160949457042,-0.034395864597407025,0.775758321851093
event_random5,389,0.07888592658347457,0.05850820106541722,-0.020377725518057346,0.7416811033271659,0.14714827180995474,0.11872399885215518,-0.028424272957799562,0.8068324377298148
event_random5,390,0.07892034456584612,0.059380897403848935,-0.019539447161997188,0.752415587267302,0.1501124221981985,0.11757313976639804,-0.03253928243180047,0.7832339125882749
event_random5,391,0.07944404123455848,0.060239481850593656,-0.01920455938396482,0.7582630605703532,0.1514532206076614,0.12074920404806655,-0.030704016559594843,0.7972706262936897
event_random5,392,0.08275553719456577,0.05880724935588869,-0.023948287838677078,0.7106140730816298,0.1534214700592975,0.11685457498625039,-0.0365668950730471,0.7616572500647141
event_random5,393,0.08070437238731773,0.05760653551270272,-0.02309783687461501,0.7137969580661194,0.14949372397611307,0.11772420827796888,-0.03176951569814419,0.787485956914014
event_random5,394,0.08025712062907986,0.05857570721193227,-0.02168141341714759,0.7298505945989335,0.1520217320274141,0.12070374055399966,-0.031317991473414436,0.7939900364523748
event_random5,395,0.07896679897610857,0.05808251507747604,-0.020884283898632533,0.7355308285327473,0.14824158853907682,0.1170925102355111,-0.031149078303565725,0.789876251256207
event_random5,396,0.0786845077446113,0.05808503580920021,-0.020599471935411097,0.7382016800273895,0.14657596913018475,0.11543662627893461,-0.03113934285125014,0.7875549243437509
event_random5,397,0.08050606602628939,0.059891204649045696,-0.020614861377243693,0.7439340611859996,0.15275458951972065,0.12037363684827694,-0.03238095267144371,0.788019772281452
event_random5,398,0.07986020449201858,0.058088278935805406,-0.021771925556213177,0.7273745328514766,0.14984056258089654,0.11659716304344221,-0.033243399537454324,0.7781415194600144
event_random5,399,0.07824128230136111,0.057436659176360635,-0.020804623125000477,0.734096598201605,0.15046234526468444,0.11375759173486732,-0.036704753529817113,0.7560535596780159
event_random5,400,0.08179025370289038,0.05959148284995728,-0.0221987708529331,0.7285890451743565,0.15232827066996812,0.1202501093663212,-0.03207816130364692,0.7894142619583273
event_random5,401,0.08034202004367533,0.05743210718898375,-0.02290991285469158,0.7148451975412449,0.15198421037917287,0.118481594385819,-0.03350261599335387,0.7795651541053445
event_random5,402,0.07937956642999658,0.058477626903136605,-0.020901939526859974,0.7366836269470807,0.14772692230449058,0.11626725415002803,-0.03145966815446255,0.7870417411822961
event_random5,403,0.07842821293499803,0.05886686076558387,-0.019561352169414167,0.7505827120448763,0.14533327202502586,0.11856437694205428,-0.026768895082971575,0.8158102772339559
event_random5,404,0.07942965966304932,0.057357034408783474,-0.02207262525426585,0.7221110433067355,0.1499116207457345,0.1166059023996874,-0.03330571834604709,0.7778309768090826
event_random5,405,0.08137792659969634,0.05962321649266383,-0.021754710107032504,0.732670626839076,0.15068174014008215,0.11949369682208306,-0.031188043317999084,0.793020419800004
event_random5,406,0.08165263526595712,0.060116521953403744,-0.021536113312553375,0.7362471738676108,0.1538997175029535,0.11944058388278951,-0.03445913362016399,0.7760935875694335
event_random5,407,0.08239571403964757,0.060249213309763204,-0.022146500729884368,0.7312178067996619,0.1538902717969465,0.12234792654198552,-0.03154234525496098,0.7950335333959242
event_random5,408,0.08134099403314031,0.0580709943248009,-0.023269999708339408,0.7139203917417257,0.1495759298823722,0.11862188593739031,-0.030954043944981885,0.7930546447591907
event_random5,409,0.08071119176474,0.06045292914182003,-0.020258262622919965,0.7490030542236384,0.145066700427676,0.12016888095794576,-0.024897819469730242,0.8283698505837098
event_random5,410,0.08057332263402163,0.06091753506994459,-0.019655787564077043,0.7560509245304785,0.1485087870250832,0.12080083705201883,-0.02770794997306436,0.8134255182598422
event_random5,411,0.08164107424075975,0.059874686470561204,-0.02176638777019855,0.7333892532328836,0.14968969228767254,0.11974444450561668,-0.02994524778205586,0.7999511701546737
event_random5,412,0.080652418457562,0.05673360609633833,-0.023918812361223674,0.7034334144138609,0.15232215429743595,0.11644400948653932,-0.03587814481089663,0.764458788175762
event_random5,413,0.08070358903827607,0.05727103076986345,-0.023432558268412618,0.7096466396643273,0.15265262715743566,0.11758631836238613,-0.03506630879504953,0.770286896150929
event_random5,414,0.08302747823116245,0.0583319320827193,-0.024695546148443152,0.7025617702167637,0.15161936804661014,0.11503053278520499,-0.03658883526140515,0.7586796744189227
event_random5,415,0.08090183574477977,0.05960474513831965,-0.021297090606460123,0.7367539264047623,0.1486726537026959,0.12148031363462768,-0.027192340068068213,0.8170992486456496
event_random5,416,0.07909482302455198,0.05851948965355522,-0.020575333370996762,0.739864979979664,0.15327949420727385,0.11767933822387765,-0.035600155983396206,0.7677435186780072
event_random5,417,0.08103627865392374,0.05930660825254287,-0.021729670401380866,0.7318525632922962,0.1508864898542867,0.12054044283064332,-0.030346047023643394,0.798881615889209
event_random5,418,0.07988312916091334,0.05778822894663851,-0.022094900214274828,0.7234096805375794,0.15700092384146316,0.12192249581688164,-0.035078428024581526,0.7765718368638193
event_random5,419,0.07916802515095053,0.05797370260310634,-0.021194322547844195,0.7322868354056735,0.15230485352309409,0.11884322594525397,-0.03346162757784012,0.7802983502901547
event_random5,420,0.08038188062243931,0.05911599063630613,-0.021265889986133178,0.7354392579339999,0.15079997664541184,0.12192687436508796,-0.028873102280323873,0.8085337748545178
event_random5,421,0.07778077945615933,0.0594225424417293,-0.018358237014430026,0.7639746330290051,0.14262900961625644,0.11667136039728306,-0.02595764921897338,0.8180058230172637
event_random5,422,0.08145471133950949,0.059585339395675445,-0.021869371943834044,0.7315149537185047,0.14960145610943026,0.11915266580665472,-0.030448790302775544,0.7964672865182348
event_random5,423,0.07968812790268724,0.05894401515143794,-0.0207441127512493,0.739683773515405,0.15197262611551351,0.12047544480651813,-0.031497181308995384,0.7927443769705305
event_random5,424,0.08267796266012827,0.058708826086875686,-0.02396913657325258,0.710090381982625,0.15138569220420092,0.11615425007116577,-0.035231442133035154,0.7672736331943958
event_random5,425,0.08313296284185577,0.059498888144859055,-0.023634074696996715,0.7157075377915265,0.15469598467545473,0.12282681571872063,-0.0318691689567341,0.7939883893974741
event_random5,426,0.07931449649524872,0.058375006323019334,-0.02093949017222938,0.7359941612504122,0.15292148439450562,0.1188772599188069,-0.034044224475698714,0.777374483314119
event_random5,427,0.08163585356029175,0.061122867800863935,-0.020512985759427817,0.7487257759327762,0.1522012586201251,0.11999823106004931,-0.032203027560075786,0.7884181257630042
event_random5,428,0.07998953714207054,0.058574859950311274,-0.02141467719175926,0.7322815213479189,0.15004523524833974,0.1167561051492828,-0.03328913009905694,0.7781393721436063
event_random5,429,0.07941320053070937,0.05875396809917453,-0.020659232431534835,0.7398514063975317,0.14869185488089717,0.11730184044414368,-0.03139001443675349,0.7888921725948135
event_random5,430,0.07893672234384515,0.05676706296366091,-0.02216965938018424,0.7191464413278511,0.14394974809831454,0.11539541359863235,-0.028554334499682185,0.8016367873031622
event_random5,431,0.08050187043096348,0.060630573891634613,-0.019871296539328863,0.7531573312154278,0.15687247226932957,0.12374128726312104,-0.03313118500620853,0.7888017921377142
event_random5,432,0.07883199329012208,0.05847974816066346,-0.020352245129458622,0.7418275971462867,0.15006815615766694,0.11535289635346144,-0.034715259804205506,0.7686700450445169
event_random5,433,0.07953805808877994,0.059714133925010696,-0.01982392416376924,0.7507617781962707,0.14865186929623506,0.11812505706974424,-0.030526812226490813,0.7946422579748618
event_random5,434,0.07817059517910668,0.05741850009613875,-0.020752095082967936,0.7345281171849831,0.1492198887793902,0.11718126656257068,-0.03203862221681951,0.7852925472677031
event_random5,435,0.07894436518001391,0.05895278268631562,-0.01999158249369829,0.7467636550358949,0.14903327885373654,0.11519031626574346,-0.03384296258799309,0.7729167414936426
event_random5,436,0.0789038273853784,0.059269240082918846,-0.01963458730245956,0.751157986208182,0.14745807558664145,0.11995523125958998,-0.027502844327051468,0.8134870252603309
event_random5,437,0.0790457795228061,0.05857387604292906,-0.02047190347987704,0.7410120615741346,0.14917683623582287,0.11813971512626793,-0.031037121109554935,0.791944098744053
event_random5,438,0.07908179196706606,0.059002198695079604,-0.02007959327198646,0.7460908159447286,0.1460488427743723,0.11821749824798851,-0.02783134452638379,0.8094381030503621
event_random5,439,0.0799614901090955,0.059020500838321215,-0.020940989270774292,0.7381115679284685,0.15071078253478734,0.12214438423469155,-0.02856639830009579,0.8104555107495243
event_random5,440,0.07908229746134203,0.05743186043932345,-0.021650437022018583,0.7262290333357853,0.1484548997215245,0.11733402496899742,-0.03112087475252709,0.7903681534869889
event_random5,441,0.07742964680641215,0.05883358072222932,-0.01859606608418283,0.7598327404143236,0.14623463130486758,0.1195969455139917,-0.026637685790875873,0.8178428354953619
event_random5,442,0.07901535653714939,0.05758743693264802,-0.02142791960450137,0.7288132263957203,0.14920426223421693,0.11741586800644117,-0.031788394227775754,0.7869471437895308
event_random5,443,0.08042665488575727,0.05965098682563178,-0.020775668060125492,0.7416818082309097,0.15264757872787024,0.11811454035361199,-0.03453303837425825,0.7737727734560309
event_random5,444,0.07977010739838794,0.05925755405193632,-0.02051255334645162,0.7428541340177993,0.1531854174537761,0.11779952447865095,-0.035385892975125136,0.7689995982430712
event_random5,445,0.08139557516504002,0.05917339807217608,-0.02222217709286394,0.7269854405745568,0.15024310757931,0.1166925213772636,-0.0335505862020464,0.7766913454959271
event_random5,446,0.07954228060572184,0.05783071893332307,-0.021711561672398773,0.7270437620462574,0.15063855894224412,0.11665995468365395,-0.03397860425859017,0.7744362101099374
event_random5,447,0.08190343076641307,0.05630053877850633,-0.025602891987906738,0.6874014708745758,0.15423523352838114,0.1180225904522335,-0.036212643076147646,0.7652116040691566
event_random5,448,0.0810967697630851,0.057912551753790606,-0.02318421800929449,0.7141166278629282,0.14993106650846802,0.1181105605494836,-0.03182050595898442,0.787765759958846
event_random5,449,0.08020776777757155,0.059035213255837354,-0.021172554521734194,0.7360286277951416,0.15023179849533852,0.11701549274847618,-0.03321630574686234,0.7788996332364816
event_random5,450,0.08143619342876292,0.06054973173837041,-0.02088646169039251,0.7435236003674074,0.1515670696146303,0.11991517672102943,-0.03165189289360086,0.7911690647970039
event_random5,451,0.08016990212979103,0.05898768852767572,-0.021182213602115307,0.7357834668698688,0.15320490732831687,0.11873876557043371,-0.034466141757883165,0.7750323905485449
event_random5,452,0.0803485791650934,0.0593086001056235,-0.0210399790594699,0.7381412430923172,0.15391872408114451,0.11784858108612022,-0.0360701429950243,0.7656546127811685
event_random5,453,0.08213602592552544,0.05723935718236215,-0.024896668743163285,0.6968849117957369,0.15075308242263746,0.11685878788616695,-0.03389429453647051,0.7751668225167855
event_random5,454,0.08053008266700382,0.05970418581106673,-0.02082589685593709,0.7413898487841707,0.14749060398123412,0.11881088859349541,-0.02867971538773871,0.8055488647169161
event_random5,455,0.07920190020438227,0.059573691971051536,-0.01962820823333073,0.752175033898433,0.15027735041742338,0.11775222531549,-0.03252512510193338,0.783566019685676
event_random5,456,0.07917919357020599,0.058456092249384736,-0.020723101320821252,0.7382759234287142,0.15236203243239319,0.1177926807230731,-0.03456935170932009,0.7731104583114604
event_random5,457,0.08110856610617709,0.05779330785497554,-0.02331525825120155,0.7125425911157133,0.14985342770750706,0.11686678621440102,-0.03298664149310604,0.7798739608579969
event_random5,458,0.07926348644953711,0.05996262715324793,-0.019300859296289177,0.7564974724070834,0.15350897916445755,0.11694308331862041,-0.03656589584583714,0.7617996286284773
event_random5,459,0.08256292242474793,0.060272800241841465,-0.022290122182906463,0.7300226115030894,0.14982293980650702,0.12092428137457903,-0.028898658431927987,0.8071145949395335
event_random5,460,0.08172374489125075,0.05969220070666907,-0.022031544184581683,0.730414407539707,0.14982005010494537,0.12444648828006273,-0.025373561824882637,0.8306397454338784
event_random5,461,0.07951877724827244,0.057834864357610434,-0.02168391289066201,0.727310785690771,0.14563959316836436,0.11879956907195477,-0.026840024096409593,0.8157092895378965
event_random5,462,0.08000229263144545,0.058445956048200604,-0.02155633658324485,0.7305535144780091,0.15068794327283455,0.11748474175177619,-0.033203201521058365,0.779655884871022
event_random5,463,0.07712158183449751,0.05801264546625934,-0.01910893636823817,0.7522232309855127,0.14844444858620165,0.11788049623048964,-0.030563952355712007,0.7941051171208768
event_random5,464,0.07914453530763399,0.05911675863200652,-0.020027776675627468,0.7469468157494423,0.144811779614943,0.11724195467657457,-0.027569824938368417,0.8096161444070569
event_random5,465,0.08010658235205562,0.05842794146694498,-0.021678640885110637,0.7293775336733693,0.14854384923326053,0.12041681248312448,-0.028127036750136045,0.8106482570949959
event_random5,466,0.0792434520593432,0.058009809681688944,-0.02123364237765426,0.7320454646302766,0.14585428625035188,0.11856816203709775,-0.02728612421325413,0.8129220270810635
event_random5,467,0.078373028095447,0.05736217116461255,-0.021010856930834446,0.7319121457799708,0.14603688679294455,0.11697802292284798,-0.02905886387009657,0.8010169587407249
event_random5,468,0.07961158599042291,0.0582684697677451,-0.02134311622267781,0.7319094205051343,0.15194474329428082,0.11958354415985378,-0.03236119913442703,0.7870199492735915
event_random5,469,0.08175263565876179,0.05847145367894226,-0.023281181979819522,0.7152240806400916,0.15144675517209472,0.1190281105319398,-0.03241864464015491,0.7859403154374858
event_random5,470,0.08233039432421974,0.060268148354490944,-0.02206224596972879,0.7320279326873261,0.15628430977619434,0.12099800310216388,-0.03528630667403046,0.7742172152498102
event_random5,471,0.0829114824180976,0.060130207107047556,-0.02278127531105005,0.7252337716485282,0.15576650052097255,0.11924383992379589,-0.036522660597176654,0.7655294272194347
event_random5,472,0.08234291787616924,0.05909609525593904,-0.023246822620230194,0.7176827926453888,0.15390053695799408,0.1181574925672455,-0.035743044390748574,0.7677523087492258
event_random5,473,0.07957327966549892,0.059284611977130246,-0.02028866768836867,0.7450316516592522,0.14933860793478443,0.11964509604501478,-0.029693511889769653,0.8011665415902585
event_random5,474,0.08061930840943458,0.05704307767257937,-0.023576230736855212,0.7075609900159331,0.15173941583466735,0.11699777196580809,-0.034741643868859265,0.7710440383748863
event_random5,475,0.07944889575166829,0.05896203612390103,-0.020486859627767258,0.7421378933723308,0.1500688006401165,0.12350731229600799,-0.0265614883441085,0.8230045936876231
event_random5,476,0.0793015017553129,0.05810663894920587,-0.021194862806107037,0.7327306250579667,0.1557549796866576,0.11993110464365679,-0.035823875043000816,0.7699985251510415
event_random5,477,0.0801132820499529,0.05801014474184977,-0.022103137308103128,0.7241014630467743,0.14742020343451945,0.11664350482408863,-0.030776698610430822,0.791231473750468
event_random5,478,0.07823951631857098,0.057166932881412114,-0.02107258343715887,0.7306657245763537,0.14397468969973728,0.11653806290161069,-0.027436626798126598,0.8094343745046692
event_random5,479,0.08206647613535485,0.0570208263715805,-0.025045649763774352,0.6948126574550885,0.15521819100166728,0.12043703708289404,-0.03478115391877325,0.7759208911383354
event_random5,480,0.0809970577936378,0.05895885723355108,-0.022038200560086728,0.7279135667342994,0.15243169487197453,0.11947255869760244,-0.032959136174372086,0.783777670371939
event_random5,481,0.08081878287526953,0.057931229148760525,-0.022887553726509004,0.7168040285655852,0.15319583301859283,0.11879068597670255,-0.03440514704189028,0.7754172136149771
event_random5,482,0.08381979278812023,0.05821657763566144,-0.025603215152458787,0.6945445186535044,0.1496157297839211,0.11567327017708519,-0.03394245960683591,0.773135754804281
event_random5,483,0.07902024861282562,0.05931744689227606,-0.019702801720549563,0.7506613549510949,0.1529994941981819,0.12102032776597088,-0.03197916643221102,0.7909851493313562
event_random5,484,0.08287610337347011,0.05899165870180073,-0.023884444671669378,0.7118054095275533,0.15242327442422185,0.118398490613887,-0.034024783810334844,0.7767743545802747
event_random5,485,0.08064687289529374,0.057649287716535776,-0.02299758517875796,0.7148359960761725,0.14928690917187154,0.12156586608863931,-0.027721043083232227,0.814310288577832
event_random5,486,0.07846218524853701,0.056974900891611766,-0.02148728435692525,0.7261447117632261,0.14987822513488946,0.11784628521451068,-0.03203193992037878,0.7862802292224221
event_random5,487,0.07896812933756656,0.058773312483266116,-0.02019481685430044,0.7442662372313105,0.14820635681118127,0.11925016171151258,-0.028956195099668694,0.8046224485731093
event_random5,488,0.07998121995314085,0.0591575655355719,-0.02082365441756895,0.739643200869291,0.151715211674983,0.11861408687672084,-0.03310112479826216,0.7818206596898526
event_random5,489,0.08154577003023453,0.05770132952857152,-0.023844440501663004,0.7075943915567631,0.1530467780486978,0.11751801858855464,-0.03552875946014315,0.7678568610648027
event_random5,490,0.0834716674857035,0.05977263425647361,-0.023699033229229893,0.716082906415055,0.15369006237854657,0.120669873876561,-0.03302018850198557,0.7851507899017235
event_random5,491,0.07954354090493596,0.05933736537484854,-0.020206175530087418,0.7459733964541984,0.15322313744104676,0.11846327178988135,-0.034759865651165414,0.7731421883686501
event_random5,492,0.07923774675989186,0.05893133586257775,-0.02030641089731411,0.7437280623482759,0.15005672750262838,0.11921953070772714,-0.03083719679490124,0.7944964060717564
event_random5,493,0.08269470786968687,0.058205711116572294,-0.024488996753114577,0.7038625882601197,0.15419189489750068,0.11644430773839261,-0.03774758715910807,0.7551908471959512
event_random5,494,0.08056544350672741,0.05831216245916519,-0.022253281047562218,0.7237862776029526,0.15388739375603586,0.11784905980488257,-0.03603833395115329,0.765813605185319
event_random5,495,0.07857889026210527,0.05896921036132773,-0.019609679900777534,0.750445955200333,0.14920869719558563,0.11928819511712126,-0.029920502078464375,0.799472131043112
event_random5,496,0.08051510532857445,0.060609210618632205,-0.019905894709942244,0.7527681963687659,0.15090232073961574,0.11808621898570125,-0.03281610175391449,0.7825341479635746
event_random5,497,0.08316225271255717,0.060366701487755726,-0.022795551224801446,0.7258906477246088,0.15445105329318268,0.1190169228357835,-0.03543413045739918,0.7705801954607764
event_random5,498,0.07930276964061171,0.05786658661794928,-0.021436183022662432,0.7296918743215652,0.15094733070306363,0.12166553478243619,-0.029281795920627435,0.8060131584689684
event_random5,499,0.08021191607213601,0.05902355340370703,-0.02118836266842898,0.7358451997409723,0.15255502589405448,0.11847881613182663,-0.034076209762227846,0.7766300417667465
event_random5,500,0.0794902876794807,0.05892542891692084,-0.02056485876255986,0.7412909254337949,0.15217006937894462,0.11917931584282883,-0.03299075353611579,0.7831981435589683
event_random5,501,0.07940347685738224,0.05781760577892297,-0.021585871078459266,0.7281495479444815,0.15379531275516636,0.11972720452988503,-0.034068108225281335,0.7784840928181219
event_random5,502,0.0841138395014463,0.060217419840076405,-0.02389641966136989,0.7159038298215004,0.15260205614878658,0.11874339532800023,-0.033858660820786354,0.7781244782981545
event_random5,503,0.08251636753574225,0.057925976285679165,-0.024590391250063084,0.7019937742725809,0.14918847450428063,0.1181808347047409,-0.03100763979953973,0.7921579404671101
event_random5,504,0.0805377914411585,0.05885616653369352,-0.021681624907464975,0.7307894279258238,0.15224893859025757,0.12111158224801938,-0.031137356342238187,0.7954839184394112
event_random5,505,0.08078162173282882,0.05886363245403801,-0.021917989278790816,0.7286760427850687,0.15512618480283472,0.1187177882142221,-0.03640839658861261,0.7652981884722578
event_random5,506,0.08040217309708238,0.05768142964483094,-0.02272074345225144,0.7174113263727703,0.1530523142845462,0.12068936719396735,-0.03236294709057884,0.7885497697838696
event_random5,507,0.07867545032980569,0.05992428814607192,-0.018751162183733773,0.7616643806278918,0.14891699615793644,0.11901252577465239,-0.029904470383284046,0.7991869890286508
event_random5,508,0.0797706689056546,0.06000665152495033,-0.01976401738070427,0.7522395430320469,0.15318973170535377,0.12058392173056139,-0.032605809974792385,0.7871540761132304
event_random5,509,0.0788127780928914,0.06009990355644482,-0.018712874536446586,0.7625654749234831,0.14715845208050632,0.11616786757004166,-0.030990584510464658,0.7894066968473509
event_random5,510,0.07942912975182743,0.05922131865844195,-0.020207811093385486,0.7455869004668207,0.14916234446778862,0.11960724984472063,-0.02955509462306799,0.8018595461976641
event_random5,511,0.08199004632132308,0.05785808703450729,-0.024131959286815788,0.7056720861915184,0.14928314358200737,0.11593543258753214,-0.03334771099447523,0.7766143571584426
event_random5,512,0.07970992097335887,0.05934897620657103,-0.02036094476678784,0.7445619752453023,0.15308863208897,0.12012597914573406,-0.03296265294323594,0.7846825561542731
event_random5,513,0.07853657324292632,0.05922979027692303,-0.019306782966003286,0.7541682534800151,0.15373344025172211,0.12006153647017496,-0.03367190378154715,0.7809721572195809
event_random5,514,0.08189086665438924,0.059342550351529806,-0.022548316302859438,0.7246540765281927,0.15426054196052186,0.11831953534525338,-0.03594100661526847,0.767011018122402
event_random5,515,0.0818567010547708,0.05881362454546245,-0.023043076509308355,0.7184949281807718,0.15521980528440424,0.11799214353901079,-0.03722766174539345,0.7601616515548231
event_random5,516,0.08094025293941702,0.058028720368391136,-0.022911532571025885,0.7169327777098135,0.15366134275182994,0.11908617542093522,-0.03457516733089472,0.7749911154509747
event_random5,517,0.08026334996621953,0.05902783304888604,-0.02123551691733349,0.7354269797327063,0.14930291337030802,0.1189985658060779,-0.030304347564230116,0.7970277546489138
event_random5,518,0.08189120371466312,0.05702545578558232,-0.0248657479290808,0.6963563020062381,0.15462776200642275,0.11839540457830994,-0.036232357428112816,0.7656801278246022
event_random5,519,0.08046102254822339,0.05910327207238396,-0.021357750475839432,0.7345578045190898,0.15097867177763696,0.11864623014988375,-0.032332441627753214,0.7858476217397594
event_random5,520,0.08015961375549473,0.05869046800846752,-0.021469145747027206,0.7321700449741058,0.1534686984156704,0.1190844863699764,-0.034384212045694,0.7759529311145634
event_random5,521,0.07806638149416671,0.057745600577368,-0.02032078091679871,0.7396986958039407,0.14999416695271295,0.12075310889024009,-0.02924105806247286,0.8050520319787411
event_random5,522,0.08099738428239206,0.059223747562690214,-0.021773636719701846,0.7311809892059046,0.15247218166547183,0.12167590422438088,-0.030796277441090952,0.7980203529279929
event_random5,523,0.08121671696329437,0.060970552218004036,-0.020246164745290333,0.7507143171714202,0.15536424523876846,0.1267498453105837,-0.028614399928184764,0.8158237766726232
event_random5,524,0.0804417138704615,0.057827068629983956,-0.02261464524047755,0.7188691767943332,0.14766946577827597,0.11800370753526426,-0.02966575824301171,0.7991070253646444
event_random5,525,0.08010403847971412,0.058225548953480595,-0.021878489526233523,0.7268740759958797,0.15251388597077792,0.11946991292243404,-0.033043973048343875,0.7833379378014459
event_random5,526,0.08295033464814731,0.06067574593762444,-0.022274588710522875,0.7314707794126979,0.15224223579546659,0.1191988580127494,-0.03304337778271718,0.7829552514775855
event_random5,527,0.08037764218031149,0.058357388322435005,-0.02202025385787648,0.7260400621297356,0.14956017532591026,0.11792049563997946,-0.0316396796859308,0.7884484982918482
event_random5,528,0.08030308990606191,0.059983231358211285,-0.02031985854785063,0.7469604398582834,0.15234402100691238,0.11970741884734183,-0.03263660215957055,0.7857703771775217
event_random5,529,0.08090748550437096,0.05980204449134723,-0.02110544101302373,0.7391410586863001,0.15245824417887097,0.11976871376485845,-0.03268953041401251,0.7855837144781777
event_random5,530,0.07958656274936078,0.06007933631350251,-0.01950722643585827,0.7548929648175445,0.15176650876609263,0.1191394036794731,-0.032627105086619534,0.7850177529160569
event_random5,531,0.0805418720199516,0.059299922926342306,-0.02124194909360929,0.7362620391000188,0.15048222098283057,0.11973498148224346,-0.03074723950058711,0.7956752678172178
event_random5,532,0.07837670162615137,0.05885754081834822,-0.01951916080780315,0.7509571032867969,0.1483324822099265,0.12080811293678063,-0.027524369273145874,0.8144413896196235
event_random5,533,0.07887195142440355,0.058042015636274195,-0.020829935788129354,0.7359018584940904,0.15009615322191638,0.11794662050895849,-0.032149532712957896,0.7858070841734033
event_random5,534,0.08287083054469073,0.057826818954877415,-0.025044011589813314,0.6977946108998203,0.14835980034396118,0.11583289760019519,-0.03252690274376599,0.7807566290305408
event_random5,535,0.07869235384436234,0.057621602580376866,-0.02107075126398547,0.7322388995294361,0.15031862986618544,0.11531952048747753,-0.03499910937870791,0.7671671873947739
event_random5,536,0.08488611852583072,0.060365681020332185,-0.024520437505498538,0.7111372515161356,0.15388888109148663,0.12034431617926497,-0.03354456491222166,0.7820208667819251
event_random5,537,0.08106302433398187,0.058971125885167126,-0.02209189844881474,0.7274725606363326,0.1494206080777997,0.11471224787254568,-0.034708360205254016,0.767713699925634
event_random5,538,0.08302956669952535,0.0595015139182842,-0.023528052781241156,0.7166304279728867,0.14803093300115372,0.11551607218043498,-0.032514860820718736,0.7803509026017872
event_random5,539,0.08110670019460127,0.05877479201485202,-0.022331908179749248,0.7246601313311014,0.14746216620062508,0.11911042545812237,-0.028351740742502712,0.8077354926149014
event_random5,540,0.07971450037148914,0.05946141332321622,-0.020253087048272916,0.7459296996921695,0.15290258608545826,0.11792746502677715,-0.03497512105868111,0.7712587997750849
event_random5,541,0.07779187845744565,0.05857901079728266,-0.01921286766016299,0.7530221915045673,0.14861913952950034,0.11760061788952252,-0.031018521639977828,0.7912885127839085
event_random5,542,0.07995069455273113,0.05687517840433991,-0.02307551614839122,0.7113781652869586,0.14620313206502591,0.11708392100993256,-0.029119211055093353,0.8008304566133223
event_random5,543,0.07943025344586616,0.0595138555551882,-0.019916397890677957,0.7492592931954886,0.14894416580649547,0.12087798886082499,-0.028066176945670485,0.8115657851135079
event_random5,544,0.07895626990721273,0.058633741698129224,-0.020322528209083507,0.7426103305922888,0.14650152618559004,0.11694086587315332,-0.029560660312436718,0.7982228507641014
event_random5,545,0.0816379380585078,0.05920270203877439,-0.022435236019733414,0.7251861505412514,0.1507838085943115,0.11891334870478687,-0.03187045988952464,0.788634733486053
event_random5,546,0.07944828354138718,0.05734945044332954,-0.022098833098057637,0.7218463116758761,0.1453761878357587,0.11741077987068305,-0.027965407965075656,0.8076341911189054
event_random5,547,0.07840116504901355,0.058588794918009036,-0.019812370131004516,0.7472949525862461,0.1491203956254685,0.1157875063746211,-0.0333328892508474,0.7764699516049672
event_random5,548,0.07883468160582009,0.0562970206509451,-0.022537660954874993,0.714114898471143,0.1444123916899813,0.11544867776109176,-0.028963713928889537,0.7994374749289682
event_random5,549,0.08257530983277606,0.059000466605140155,-0.0235748432276359,0.7145049376698978,0.15383486716237768,0.12061787656302972,-0.03321699059934796,0.7840737200085702
event_random5,550,0.08103563608756302,0.058660735737301274,-0.022374900350261746,0.7238881382249588,0.1547142498677967,0.12074377081310723,-0.03397047905468946,0.7804308324299977
event_random5,551,0.0801001668464024,0.05837640293955438,-0.021723763906848027,0.7287925261316266,0.1511957207316648,0.11721298047364787,-0.033982740258016925,0.7752400657004842
event_random5,552,0.07954003842656465,0.0576213428282464,-0.02191869559831825,0.7244319209305551,0.1469682502929315,0.11555126220205442,-0.03141698809087709,0.7862328222030408
event_random5,553,0.08010920767897893,0.05753875725009289,-0.022570450428886044,0.718253980000246,0.1461494842188191,0.11954161990642788,-0.02660786431239122,0.8179407580217445
event_random5,554,0.0819419392853765,0.06012267043243584,-0.021819268852940665,0.733722815895882,0.15048467082381092,0.12036502374799149,-0.030119647075819433,0.7998490682743106
event_random5,555,0.0816186315392199,0.061353624290757816,-0.020265007248462086,0.7517110141852328,0.15665807358509867,0.12022477005218382,-0.03643330353291485,0.7674342426206089
event_random5,556,0.07923424574347734,0.05703565461259662,-0.022198591130880727,0.7198359002147989,0.14684592771906252,0.11443605345414533,-0.03240987426491719,0.7792933398403669
event_random5,557,0.0790854334944334,0.05756545633168048,-0.02151997716275291,0.727889496056595,0.1501886135813925,0.1197841861536419,-0.030404427427750583,0.7975583720847562
event_random5,558,0.07943251410386636,0.05798296670816987,-0.02144954739569649,0.7299651454107451,0.14388208735989422,0.1145828091450957,-0.029299278214798524,0.7963660470013071
event_random5,559,0.08171027911918578,0.05837757608101546,-0.023332703038170324,0.7144459266362763,0.14899970251793515,0.11831025532238622,-0.030689447195548933,0.7940301445108265
event_random5,560,0.07932193775592582,0.058514209130035785,-0.020807728625890032,0.7376800263009766,0.14887633733977457,0.12070451860419343,-0.02817181873558114,0.8107703397398492
event_random5,561,0.08348112053939732,0.059737226498314894,-0.02374389404108243,0.7155776792684886,0.15367972205201796,0.12086980327387095,-0.03280991877814701,0.786504567160517
event_random5,562,0.08039098817710641,0.059374784009204346,-0.021016204167902064,0.7385751233508656,0.14942879600042508,0.12534673098402835,-0.02408206501639673,0.838839195249032
event_random5,563,0.07943379678342487,0.06024573399063449,-0.01918806279279038,0.7584395613732733,0.1499076884756906,0.1193983961255004,-0.030509292350190204,0.7964794690624714
event_random5,564,0.08086131092337119,0.05839493319820438,-0.02246637772516681,0.7221615941094841,0.15011027106034688,0.11981988969286327,-0.030290381367483618,0.798212466385419
event_random5,565,0.07936807262314974,0.057900984298821435,-0.021467088324328303,0.7295248880962888,0.15177293643477413,0.11683747828503745,-0.034935458149736684,0.7698176040446412
event_random5,566,0.08202805151779616,0.060673286212923574,-0.021354765304872583,0.7396650912738111,0.1551221236244873,0.12386661868641237,-0.03125550493807493,0.7985103336147147
event_random5,567,0.08161526224867714,0.06002732160032784,-0.021587940648349305,0.7354913768141544,0.15426354351696936,0.12157109837994573,-0.03269244513702363,0.7880740686251163
event_random5,568,0.08167813920707821,0.05964801805976008,-0.02203012114731813,0.7302813046283381,0.15094735191569145,0.11859299702114688,-0.032354354894544565,0.7856580159642984
event_random5,569,0.08173952103389702,0.05923370835542853,-0.02250581267846849,0.7246642457185989,0.15291704273809878,0.12054097589712533,-0.03237606684097345,0.7882769228252472
event_random5,570,0.07648605620548907,0.05768235458027814,-0.018803701625210924,0.7541551681695746,0.144723189381186,0.11792055005032696,-0.026802639330859038,0.8148006587923955
event_random5,571,0.07861379762057512,0.057463783348016946,-0.021150014272558172,0.7309630762956209,0.15171213873162778,0.1167279691895801,-0.03498416954204768,0.7694042821192234
event_random5,572,0.07899823520940401,0.05989741661527897,-0.01910081859412504,0.7582120848207092,0.14872139321588376,0.11822831865838186,-0.0304930745575019,0.7949651096043849
event_random5,573,0.08187360355213164,0.060537959789998236,-0.0213356437621334,0.7394075399582445,0.1544574423429029,0.12266286232467057,-0.031794580018232335,0.7941531367090305
event_random5,574,0.08008569485611552,0.05621552696202018,-0.023870167894095344,0.7019421766024352,0.14922754554171247,0.1172163969260512,-0.032011148615661275,0.7854876691869637
event_random5,575,0.0817502532946176,0.05946892537957219,-0.02228132791504541,0.727446374572733,0.15257841701979102,0.1190103118065254,-0.03356810521326563,0.7799944063588529
event_random5,576,0.08025010563609611,0.05755619233956493,-0.022693913296531178,0.7172101754053821,0.15221573928685542,0.1188951195909885,-0.033320619695866915,0.7810960952397101
event_random5,577,0.07888500664578321,0.05774346306417398,-0.021141543581609232,0.7319954135702751,0.15006111126780622,0.11847346984629334,-0.03158764142151288,0.7895014827316581
event_random5,578,0.08037413074861467,0.05653788509534467,-0.02383624565327,0.703433860730359,0.1495113626711764,0.12048359436132744,-0.02902776830984896,0.8058490820280304
event_random5,579,0.08277925533534311,0.061504346813872256,-0.021274908521470855,0.742992269798936,0.1556120812781028,0.12199429032540395,-0.03361779095269886,0.7839641326265749
event_random5,580,0.08184902397217561,0.058083142695366394,-0.023765881276809217,0.709637572649756,0.15135758330472251,0.11732059174709196,-0.034036991557630555,0.775121993794621
event_random5,581,0.07986727591405737,0.05844135240770033,-0.021425923506357046,0.7317308840054493,0.14403620428640618,0.11625292625866386,-0.027783278027742317,0.8071090656311856
event_random5,582,0.07883561578951387,0.05809055946708812,-0.02074505632242575,0.7368567986097331,0.15527659868878893,0.11877649891004237,-0.03650009977874656,0.7649349606639607
event_random5,583,0.08139019742835894,0.05732920309357237,-0.024060994334786576,0.7043747884262662,0.1488427582712041,0.11532083282707775,-0.033521925444126355,0.7747829599942876
event_random5,584,0.0803774827510119,0.05741244862238794,-0.022965034128623968,0.714285228367209,0.14816713585196767,0.11581734508733957,-0.0323497907646281,0.7816668954379434
event_random5,585,0.07909413461417364,0.05762926908224765,-0.02146486553192599,0.7286162161501228,0.1470926112957929,0.11782562445580619,-0.029266986839986714,0.8010302041539472
event_random5,586,0.08191896706461736,0.06004418069043448,-0.02187478637418288,0.732970432147562,0.14937274267870115,0.11859563777231688,-0.030777104906384273,0.7939576903090986
event_random5,587,0.08124786619977192,0.058834442980565824,-0.0224134232192061,0.7241352386523473,0.1527724438542984,0.11975643054221011,-0.03301601331208828,0.7838876404728055
event_random5,588,0.08128760975075354,0.059391281485193126,-0.021896328265560414,0.7306314168579987,0.1530486893261774,0.1199124713125163,-0.03313621801366111,0.7834923111099554
event_random5,589,0.07732726021935755,0.05843439710387854,-0.018892863115479018,0.7556765484528377,0.14747319501630995,0.11890974802257294,-0.028563446993737016,0.8063143136583024
event_random5,590,0.08084643902325529,0.06017023085117117,-0.02067620817208412,0.7442533224482941,0.15036190651313666,0.12073737363539801,-0.029624532877738655,0.8029784699813549
event_random5,591,0.08040106933200236,0.057979846238038514,-0.022421223093963848,0.7211327749711975,0.1476856711635561,0.1180845236548601,-0.02960114750869601,0.7995665573005123
event_random5,592,0.08260600149949744,0.06000942515522876,-0.022596576344268683,0.726453575598788,0.15187961625880858,0.11890260931468083,-0.03297700694412775,0.7828740435587243
event_random5,593,0.08061118964928819,0.06061380744352871,-0.01999738220575948,0.7519279607116423,0.15257407824590724,0.12179090222883673,-0.030783176017070507,0.7982411142772461
event_random5,594,0.08143370445942541,0.06027147935503585,-0.02116222510438956,0.7401294065538465,0.1515135657517907,0.1200379347876747,-0.031475630964116,0.7922586614080529
event_random5,595,0.07747969378223606,0.05651152637172975,-0.020968167410506305,0.7293720923905649,0.15054308558960416,0.11405926281743302,-0.036483822772171146,0.7576519530652522
event_random5,596,0.08039320409480546,0.06041461883587817,-0.019978585258927296,0.7514891279197293,0.15225782488016035,0.12124288596959298,-0.031014938910567363,0.7962998687589375
event_random5,597,0.0780089842846006,0.0587806354637358,-0.0192283488208648,0.7535110987894175,0.1501468865813092,0.11933037553812684,-0.030816511043182365,0.7947575754326796
event_random5,598,0.07930001852537176,0.05796519043167183,-0.02133482809369993,0.7309606165240184,0.15124785479884656,0.11892179673887888,-0.032326058059967674,0.7862709649471723
event_random5,599,0.08036417896767227,0.0582925274825579,-0.02207165148511437,0.7253546073805714,0.14989761320766268,0.11407174422772168,-0.035825868979941,0.7609977356323269
event_random5,600,0.08113382523840687,0.05876424363268244,-0.02236958160572443,0.7242878473929615,0.15425401639043915,0.11965279965637655,-0.03460121673406259,0.7756867695004976
event_random5,601,0.0779032305823449,0.0571397664489292,-0.020763464133415697,0.7334710771529763,0.146016127601029,0.11747075189739514,-0.028545375703633857,0.8045053229898648
event_random5,602,0.0780849710158672,0.059700605359335975,-0.018384365656531225,0.7645594867058932,0.14957116511794252,0.12174275077156538,-0.027828414346377145,0.8139453261299837
event_random5,603,0.07891533493178939,0.057448259961727303,-0.021467074970062082,0.727973340180116,0.15139345365178766,0.11890738242690173,-0.032486071224885935,0.7854195776548867
event_random5,604,0.08138845506494591,0.05746096038319298,-0.023927494681752925,0.7060087372016167,0.1530456050012137,0.11685646762086999,-0.03618913738034371,0.7635401723554445
event_random5,605,0.07911124035249152,0.058812399766586726,-0.020298840585904795,0.7434139510964511,0.14738488980483397,0.11921636241173203,-0.02816852739310194,0.8088777795986922
event_random5,606,0.08128220456376958,0.05742259058024788,-0.023859613983521703,0.7064595613323609,0.15513227702663973,0.11782578882790641,-0.03730648819873332,0.7595182065668581
event_random5,607,0.0817708702143232,0.057772334063344775,-0.023998536150978418,0.7065148495047473,0.1503210039030477,0.11686096236484951,-0.03346004153819819,0.7774094060748898
event_random5,608,0.08056483434622548,0.05733363074426466,-0.02323120360196082,0.7116458590093381,0.14902307243491328,0.11847539781176572,-0.030547674623147558,0.795013791327585
event_random5,609,0.08261686327557088,0.05994649773534062,-0.02267036554023026,0.7255963898724572,0.15087769316474933,0.11897063500491033,-0.031907058159839005,0.7885236876931938
event_random5,610,0.0807341369255578,0.05941417914725298,-0.021319957778304817,0.7359238781735757,0.15066813857141756,0.11953140561491514,-0.03113673295650242,0.7933422868847388
event_random5,611,0.0785171636760556,0.05724593830303993,-0.02127122537301567,0.7290882097986113,0.1478364046213075,0.11840718333452568,-0.029429221286781826,0.8009338676615771
event_random5,612,0.08032687106480792,0.05916255480161398,-0.021164316263193934,0.7365225859959301,0.14720972896252765,0.11975371973301441,-0.027456009229513245,0.8134905252321863
event_random5,613,0.08013174083880234,0.059892640793422595,-0.020239100045379745,0.7474271763782857,0.14649984842728175,0.11976558425739095,-0.026734264169890803,0.8175133663489016
event_random5,614,0.07866545178165125,0.05759212921652264,-0.021073322565128616,0.7321146438766913,0.14651885836449116,0.11928858928746959,-0.02723026907702157,0.8141517796345263
event_random5,615,0.08083210019716032,0.059535501740499465,-0.021296598456660855,0.7365329070416876,0.15002100389809178,0.1200973065444117,-0.029923697353680084,0.8005366143662987
event_random5,616,0.07955831127078715,0.05685919335046807,-0.022699117920319083,0.7146857750278326,0.15368031958469666,0.1181539311713266,-0.035526388413370066,0.7688292911585815
event_random5,617,0.08170316340568724,0.06006350927647867,-0.021639654129208576,0.7351430075998469,0.15203200674010425,0.12248199409347053,-0.02955001264663372,0.8056329500593327
event_random5,618,0.08153113249225787,0.058760399374703995,-0.02277073311755387,0.7207111882112497,0.1546617392997345,0.11892986525175969,-0.035731874047974815,0.7689675920511508
event_random5,619,0.07956554596107505,0.059907294536442716,-0.019658251424632338,0.7529301007467539,0.15270552640786156,0.12041970373013919,-0.03228582267772237,0.7885746283242554
event_random5,620,0.07987097639158289,0.05544205067802522,-0.02442892571355767,0.6941451473713036,0.14773749715523174,0.11461723203179676,-0.03312026512343498,0.7758167982997937
event_random5,621,0.0825089893770594,0.06116246886466374,-0.02134652051239566,0.7412824872348903,0.15058177180250065,0.12121749459037881,-0.029364277212121842,0.8049944766845
event_random5,622,0.07939598043552722,0.05736797730960686,-0.022028003125920355,0.7225551847198612,0.15322259777853256,0.1193097514095568,-0.03391284636897576,0.778669420433706
event_random5,623,0.0809870228468201,0.05844048347290496,-0.022546539373915146,0.7216030595844971,0.15304234652768342,0.11750636725122288,-0.035535979276460544,0.7678029638023582
event_random5,624,0.07955122887527706,0.058774596236211334,-0.020776632639065727,0.7388270057821483,0.15244501733140892,0.1209707972846051,-0.03147422004680382,0.7935372333070079
event_random5,625,0.07909254882789368,0.06122140308167979,-0.017871145746213894,0.7740476693310047,0.14828635067433169,0.11910310340156686,-0.02918324727276482,0.803196672248969
event_random5,626,0.08061301735466778,0.05935885157145365,-0.021254165783214124,0.7363432547164985,0.15384911947220137,0.11826152056180725,-0.03558759891039412,0.7686850660407949
event_random5,627,0.07975780015843872,0.05783096587203751,-0.021926834286401214,0.7250822585020701,0.14818414452098655,0.11944696996937393,-0.02873717455161262,0.8060711917289995
event_random5,628,0.07816187699506896,0.05801066660424314,-0.020151210390825826,0.7421862016939906,0.15219366482576127,0.11793152841368426,-0.03426213641207701,0.7748780381147797
event_random5,629,0.07956860941412768,0.05763383595134192,-0.021934773462785752,0.7243288072483122,0.1480974431096225,0.12289081246855772,-0.02520663064106478,0.8297969896589862
event_random5,630,0.08140502114319254,0.057181971259322395,-0.02422304988387014,0.7024378896571813,0.14721889343263786,0.11469101886845365,-0.03252787456418421,0.779050950555692
event_random5,631,0.08026320502779022,0.059881820044535496,-0.020381384983254723,0.7460681394893476,0.154809760039092,0.12112457024511954,-0.03368518979397246,0.7824091337298992
event_random5,632,0.08129776358297706,0.05878674324798369,-0.022511020334993373,0.7231040640863711,0.15228855873311853,0.12177119548670097,-0.03051736324641756,0.7996082995315598
event_random5,633,0.0800726033739185,0.05870358781640059,-0.021369015557517912,0.7331295017631674,0.1533665163664843,0.12227174951562512,-0.03109476685085917,0.7972519192093065
event_random5,634,0.08167165196238445,0.05697148540025152,-0.024700166562132926,0.6975674426971418,0.15342093527136844,0.11338229949013019,-0.040038635781238244,0.7390275602842692
event_random5,635,0.08053811497391786,0.05954166244332261,-0.020996452530595247,0.7392979393993153,0.1511653998337891,0.12079058027576646,-0.03037481955802264,0.7990623542727326
event_random5,636,0.0781257073372377,0.059337048695773824,-0.018788658641463875,0.7595073467896977,0.1476560060721661,0.11802819592902224,-0.029627810143143876,0.7993457162273275
event_random5,637,0.08086873587156351,0.05897455119464464,-0.021894184676918872,0.7292626817897658,0.14596673441747482,0.11755651829567437,-0.028410216121800447,0.8053651317529288
event_random5,638,0.07838898578192824,0.059502098103919196,-0.018886887678009043,0.7590619716582273,0.14945849275551082,0.121993522412662,-0.027464970342848824,0.8162368037005636
event_random5,639,0.07818908851954004,0.058731685145301506,-0.019457403374238534,0.7511493772001705,0.15229905803251134,0.11897288300042037,-0.03332617503209097,0.7811793752199254
event_random5,640,0.07896883539940457,0.05785336527719575,-0.021115470122208817,0.7326100857963517,0.14732204891617476,0.11528092600934568,-0.032041122906829075,0.7825096572946779
event_random5,641,0.07829746936021006,0.05942712520884941,-0.018870344151360657,0.758991646785581,0.1515433885810072,0.12131269535047949,-0.030230693230527697,0.8005146017018885
event_random5,642,0.08153709572169358,0.058221929555850656,-0.023315166165842928,0.7140544931177902,0.14596068070783366,0.1167213220986734,-0.029239358609160257,0.7996764713115578
event_random5,643,0.07935163215415457,0.05978207590956589,-0.019569556244588678,0.75338180559952,0.15275022135912397,0.12112658408174255,-0.03162363727738142,0.7929715780703679
event_random5,644,0.08017043569341308,0.058197123797526784,-0.02197331189588629,0.7259175192721118,0.15164265044648167,0.11823463142349983,-0.03340801902298185,0.7796924616879316
event_random5,645,0.08098464389837473,0.05766383424559852,-0.023320809652776213,0.7120341767256417,0.15062993656855725,0.11882198615984148,-0.03180795040871577,0.7888338059928824
event_random5,646,0.07945604138872936,0.06021165782734985,-0.01924438356137951,0.7577983596334906,0.14844914814799745,0.11662707628538893,-0.03182207186260852,0.7856365478710374
event_random5,647,0.07815964012143413,0.05565231310538221,-0.022507327016051917,0.7120338965086968,0.1474115828303969,0.11671912852953324,-0.03069245430086366,0.7917907554376064
event_random5,648,0.08093703506297645,0.0588412759117293,-0.022095759151247146,0.7270006353203498,0.15253034866463097,0.11896590726391924,-0.03356444140071173,0.779949094101201
event_random5,649,0.08249307200052637,0.06110848652483963,-0.021384585475686745,0.7407711343862877,0.15533649686195286,0.11952836184160248,-0.03580813502035038,0.7694802204006637
event_random5,650,0.07986583219232689,0.057596589421462674,-0.022269242770864214,0.7211668349334031,0.15004463797617373,0.11792360880403642,-0.032121029172137314,0.7859235117936173
event_random5,651,0.07896181868671735,0.059391763485589597,-0.019570055201127756,0.7521579983007692,0.1462032972373717,0.11924490243409973,-0.02695839480327196,0.815610213225882
event_random5,652,0.07975987596596719,0.05904748728005489,-0.020712388685912297,0.7403156858625246,0.14836570979859598,0.119568724098502,-0.02879698570009398,0.8059053824553839
event_random5,653,0.08199926045502647,0.060105173998587856,-0.02189408645643861,0.7329965375913762,0.14901471419925988,0.12180700750072423,-0.027207706698535644,0.8174159723438186
event_random5,654,0.08405042407051583,0.05980039876838852,-0.02425002530212731,0.711482415820029,0.15649002129701284,0.12032374836252788,-0.03616627293448496,0.7688908683458955
event_random5,655,0.08049595664489026,0.05839032293871401,-0.02210563370617625,0.725382061068039,0.15361752674362625,0.11846962942670447,-0.03514789731692178,0.7711986512087228
event_random5,656,0.08122889363338064,0.05961468660405172,-0.021614207029328918,0.7339098679974306,0.15343187671841407,0.11898135367569705,-0.03445052304271702,0.775466977400385
event_random5,657,0.07808921334024908,0.05909104757943138,-0.018998165760817705,0.7567120355273756,0.15114792989372244,0.11666203310269566,-0.03448589679102679,0.7718400985360827
event_random5,658,0.07992976719220589,0.05786852925763395,-0.022061237934571938,0.7239922157971308,0.15379863449334946,0.11954686595351526,-0.03425176853983421,0.7772947162198939
event_random5,659,0.07758367911728582,0.05795648930372659,-0.01962718981355923,0.7470190891065097,0.14721120353694292,0.1196550132455446,-0.027556190291398316,0.8128118673760925
event_random5,660,0.08334782623795031,0.06015109392484635,-0.023196732313103964,0.721687614900964,0.14897224423631775,0.11800773617403472,-0.030964508062283028,0.7921457905060262
event_random5,661,0.07924847525238936,0.057994087836636544,-0.021254387415752814,0.731800676945996,0.15092776651092082,0.11765856235199623,-0.03326920415892459,0.7795686974767675
event_random5,662,0.07891106629484397,0.05798075814863642,-0.020930308146207548,0.7347607993534979,0.1479079454369348,0.11791013321677443,-0.029997812220160375,0.7971859312118504
event_random5,663,0.07968121784974064,0.05768658587446825,-0.021994631975272384,0.7239671710747582,0.15178257158464983,0.11641077981492648,-0.035371791769723354,0.7669574879353237
event_random5,664,0.07964101576825121,0.05695777969930999,-0.022683236068941216,0.7151814821781334,0.15221754361226808,0.11700358308453637,-0.03521396052773171,0.7686603022748186
event_random5,665,0.08068547778166421,0.05891038059515992,-0.02177509718650429,0.7301237126533731,0.15214929930864876,0.11795562507581449,-0.03419367423283427,0.7752623614554459
event_random5,666,0.08138405879563704,0.06015426253044234,-0.021229796265194695,0.7391406059200771,0.15230621845088219,0.12069878279566926,-0.03160743565521293,0.7924744243754819
event_random5,667,0.07856551050246464,0.05889838439629911,-0.019667126106165535,0.7496722673806266,0.14713675005314006,0.11737000835582337,-0.02976674169731669,0.7976933588205115
event_random5,668,0.08006024068310946,0.0585604521380112,-0.021499788545098264,0.731454859969786,0.15237922654161726,0.11967811271506272,-0.03270111382655454,0.7853965099525996
event_random5,669,0.08342833879915419,0.058947297814746696,-0.024481040984407496,0.706562046700423,0.15047628162774132,0.11836482336821874,-0.03211145825952258,0.7866011977956623
event_random5,670,0.08166434988821354,0.05881608183357563,-0.02284826805463791,0.7202173520524706,0.15569952694891023,0.1199123411454477,-0.03578718580346253,0.7701522509107853
event_random5,671,0.07976281428126891,0.05899841902181098,-0.020764395259457932,0.7396732368765713,0.15295737916624932,0.11559526281846136,-0.037362116347787966,0.7557351168577549
event_random5,672,0.07934878599891006,0.05786879445341917,-0.021479991545490885,0.7292965320756648,0.15229832883510847,0.1195765646929156,-0.03272176414219287,0.7851469258233271
event_random5,673,0.08006622610240993,0.05875171052773643,-0.021314515574673502,0.7337889318348683,0.14968886779962418,0.1200995816857599,-0.02958928611386427,0.8023280785751353
event_random5,674,0.07953744944007923,0.05838844887598905,-0.021149000564090185,0.7341000910517868,0.1554549457236599,0.12122643054480313,-0.034228515178856764,0.7798171359584652
event_random5,675,0.0818506214532013,0.0578517266765857,-0.02399889477661559,0.7067964256039627,0.1524436709815905,0.1179993638545607,-0.03444430712702981,0.7740522325050189
event_random5,676,0.08212735137383542,0.059227571794042436,-0.022899779579792987,0.7211674406062909,0.15091190014370037,0.11794246394553616,-0.03296943619816421,0.7815318992950837
event_random5,677,0.07983276798259326,0.05880944816965057,-0.021023319812942684,0.7366580121895985,0.1504296313457192,0.12018473604363691,-0.030244895302082297,0.7989432332478891
event_random5,678,0.07962230841371362,0.05785701643882965,-0.02176529197488397,0.7266432937137093,0.1499166791980374,0.1143966605883049,-0.03552001860973249,0.7630682669884173
event_random5,679,0.08114486108360039,0.059501686700610616,-0.021643174382989773,0.7332773253417533,0.1529435781485559,0.11957137255773265,-0.03337220559082324,0.7818005437377147
event_random5,680,0.07958967146001546,0.05912928473778458,-0.020460386722230876,0.7429266091076926,0.1509509924504231,0.11839003208298948,-0.03256096036743361,0.7842944929419552
event_random5,681,0.0779789598157747,0.05758346103423155,-0.020395498781543148,0.7384486939845374,0.1476993444010909,0.11766380518640965,-0.030035539214681245,0.796644058668825
event_random5,682,0.08000252862698456,0.05839641683930206,-0.021606111787682507,0.7299321389149837,0.15420112631206392,0.11660828598157004,-0.037592840330493885,0.7562090418560529
event_random5,683,0.07956254654161854,0.06009276509724632,-0.019469781444372218,0.7552896143892562,0.15199080081662455,0.12276244787228145,-0.029228352944343103,0.8076965659283102
event_random5,684,0.07956254845207918,0.06049745528629397,-0.019065093165785203,0.7603760370085659,0.15041928218953823,0.12029653516554557,-0.03012274702399266,0.7997414521228999
event_random5,685,0.07983835296321734,0.0562193810876188,-0.02361897187559854,0.7041650911000114,0.14817809805565357,0.12000505322267375,-0.02817304483297982,0.8098703843371075
event_random5,686,0.0795636322708695,0.05716339531276178,-0.022400236958107722,0.7184613583018999,0.15227793859027655,0.11712956121306961,-0.03514837737720694,0.7691827345274341
event_random5,687,0.08225839642172733,0.06044960781627362,-0.02180878860545371,0.7348746200492033,0.15253661736288454,0.12359190823819571,-0.028944709124688828,0.8102441916892035
event_random5,688,0.08346872201743125,0.0588368051353756,-0.024631916882055647,0.7048964416046574,0.15050539290510723,0.12068301146280805,-0.02982238144229918,0.801851741876771
event_random5,689,0.07957376292028745,0.05888354084770171,-0.020690222072585737,0.7399868837004473,0.15235429834070463,0.11822187216811622,-0.03413242617258841,0.7759667659900265
event_random5,690,0.07899697094229484,0.05819137456113709,-0.020805596381157747,0.736627922147095,0.1471414455842211,0.1159338100917752,-0.0312076354924459,0.7879072387216475
event_random5,691,0.07720285016404306,0.05660002296714876,-0.020602827196894304,0.7331338525311337,0.14598182609074054,0.11638486655789346,-0.029596959532847078,0.7972558617368578
event_random5,692,0.07889120955881428,0.05731980085952737,-0.021571408699286906,0.7265676515809384,0.14777205627721512,0.11869904533242026,-0.029073010944794864,0.8032577222160668
event_random5,693,0.08145815400420173,0.058038176725132146,-0.02341997727906958,0.7124906945735409,0.15278465021583398,0.11922388286110806,-0.03356076735472592,0.7803394038123875
event_random5,694,0.0790149144817128,0.057908749380493035,-0.021106165101219765,0.7328837822623402,0.14735239445701995,0.11879202063754836,-0.028560373819471588,0.8061763846816745
event_random5,695,0.0804171297544613,0.0575579037776283,-0.022859225976833,0.715741832037162,0.1488829335095173,0.11717824404911063,-0.03170468946040668,0.7870495380964537
event_random5,696,0.0808786273096159,0.05733533617557466,-0.023543291134041237,0.7089059011361076,0.1474030552205702,0.1149111092726282,-0.03249194594794201,0.7795707429583336
event_random5,697,0.07840397642308143,0.057049983279264575,-0.021353993143816856,0.7276414524106913,0.14997274287569595,0.11932546060913711,-0.030647282266558842,0.7956476511737826
event_random5,698,0.08096485675167421,0.057447215374899545,-0.023517641376774666,0.7095327241928534,0.15140276016045018,0.1161520114201868,-0.03525074874026338,0.7671723507358377
event_random5,699,0.08337475189164426,0.058756408961273834,-0.02461834293037042,0.7047266423969095,0.15736992016086285,0.12144781561471811,-0.03592210454614474,0.7717346205080023
event_random5,700,0.08194725922785619,0.06006870733171071,-0.021878551896145473,0.7330166731347089,0.1524822298464439,0.11804869091860334,-0.03443353892784057,0.7741799883008229
event_random5,701,0.07980656763005124,0.059988576006969566,-0.019817991623081677,0.7516746777665051,0.15123880040970689,0.12120770723064575,-0.030031093179061136,0.8014326145294283
event_random5,702,0.0823800718741767,0.058951538326218716,-0.023428533547957986,0.7156043565518906,0.15009340864022028,0.12014229142247336,-0.029951117217746917,0.8004501497494743
event_random5,703,0.08113346109864086,0.05958162895100718,-0.021551832147633683,0.7343656753231409,0.15049601854889924,0.11912598649037691,-0.03137003205852233,0.7915557344241
event_random5,704,0.08077746268344689,0.05819656342289196,-0.022580899260554933,0.7204554524193756,0.14808514207954193,0.11692342377459246,-0.031161718304949473,0.7895689069993843
event_random5,705,0.080114967922056,0.05818124016325365,-0.021933727758802347,0.7262218493285585,0.15134444891064885,0.11562751447014268,-0.03571693444050618,0.7640023489623142
event_random5,706,0.08115148487503215,0.05903968629947774,-0.02211179857555441,0.7275244117885816,0.15269104681267018,0.11951941993543118,-0.033171626877239,0.7827532945141453
event_random5,707,0.08328132214352302,0.058067808537565484,-0.025213513605957534,0.6972488793765091,0.15492734960615065,0.11833228016575935,-0.0365950694403913,0.763792064258366
event_random5,708,0.08006368427186915,0.05876624448220756,-0.021297439789661587,0.7339937578023178,0.15249035123217228,0.11910861983598049,-0.033381731396191786,0.7810895500832912
event_random5,709,0.08066675919237833,0.05813299412345401,-0.022533765068924315,0.7206561253417333,0.15257736673961986,0.11824523852406965,-0.034332128215550206,0.7749854454223245
event_random5,710,0.07730253662101991,0.05825695272058663,-0.019045583900433274,0.7536227822146984,0.14365542051904728,0.11937903155832846,-0.02427638896071882,0.8310095861819567
event_random5,711,0.08053424775770048,0.06044014268275415,-0.020094105074946328,0.7504899389461922,0.14728381016021197,0.11640050538795822,-0.030883304772253747,0.7903143275648586
event_random5,712,0.08135266629590862,0.060675970818403306,-0.020676695477505315,0.7458387485138248,0.14859539595993737,0.11723602663918604,-0.031359369320751326,0.7889613664126842
event_random5,713,0.08042893608668189,0.05785970113953262,-0.02256923494714927,0.7193891148476043,0.1503145508454491,0.12018626506138189,-0.030128285784067205,0.7995650746078162
event_random5,714,0.08074480612353765,0.05770845780136255,-0.023036348322175104,0.7147017941075983,0.14947022215026132,0.11614931589765116,-0.03332090625261015,0.777073280729369
event_random5,715,0.081100661998449,0.059113518536882896,-0.0219871434615661,0.7288907029885084,0.15065479617510516,0.1185732002839191,-0.03208159589118606,0.7870522764247225
event_random5,716,0.07931792473271593,0.05896625229747871,-0.020351672435237216,0.7434164786355933,0.15113569303086224,0.12048618833858989,-0.03064950469227236,0.7972053849250973
event_random5,717,0.08047693328643638,0.058331816814933324,-0.02214511647150305,0.7248265364103356,0.15218145845571315,0.12222647891322058,-0.02995497954249257,0.8031627515831051
event_random5,718,0.08179769386215269,0.059015081386688206,-0.02278261247546448,0.7214761028121618,0.15009285809558365,0.12179612523609912,-0.02829673285948453,0.8114718233863978
event_random5,719,0.07954707094024968,0.05984607200209014,-0.01970099893815954,0.7523353317062097,0.14717010344053658,0.11883131158750913,-0.028338791853027442,0.8074419247488156
event_random5,720,0.0790283964889334,0.058849136448148126,-0.02017926004078527,0.7446581110422626,0.1469957904738401,0.12201206626518912,-0.02498372420865097,0.8300378253818285
event_random5,721,0.0800570307884354,0.057545951053197306,-0.022511079735238096,0.7188119580061927,0.15011192629064782,0.11687897993147688,-0.03323294635917094,0.7786122183601517
event_random5,722,0.07911673825335706,0.058187424767240675,-0.020929313486116388,0.7354628875233198,0.14974016382551697,0.1160731308949268,-0.033667032930590174,0.7751636430034877
event_random5,723,0.08218892776317993,0.06027173471720564,-0.02191719304597429,0.7333315612885628,0.15133984216913057,0.1176876040383456,-0.03365223813078497,0.7776379461716582
event_random5,724,0.08187319617980061,0.05952037167365066,-0.022352824506149956,0.7269823880203574,0.15618559623364694,0.12174919478396763,-0.03443640144967931,0.7795161507840714
event_random5,725,0.0828328651886958,0.05991337771562918,-0.022919487473066623,0.7233044224553222,0.15631280130481356,0.1207862704755751,-0.03552653082923847,0.7727215523445139
event_random5,726,0.08187413706606625,0.05769908517406715,-0.024175051891999103,0.7047290785795806,0.1520073064804755,0.1168753925652497,-0.0351319139152258,0.768880097091002
event_random5,727,0.08083622341453404,0.05862342760023975,-0.022212795814294292,0.7252123506514467,0.15237818560799585,0.12119644540687702,-0.03118174020111883,0.7953661144034346
event_random5,728,0.08248497168240536,0.05893005751169241,-0.023554914170712947,0.7144338697065058,0.150176560815391,0.11930748097505516,-0.030869079840335836,0.7944480838239293
event_random5,729,0.08092698689966507,0.05837886217227551,-0.02254812472738956,0.721376939989806,0.15528797505728187,0.12231124052809247,-0.032976734529189394,0.7876414157823547
event_random5,730,0.0819817480692659,0.05996598347313392,-0.022015764596131984,0.7314552920055938,0.1517770419593129,0.11915850306599676,-0.032618538893316146,0.7850891118166591
event_random5,731,0.07969708669702555,0.05770095468812324,-0.02199613200890231,0.7240033115322991,0.1504949898114806,0.11819433661238363,-0.032300653199096974,0.7853705745316918
event_random5,732,0.08360018863747487,0.058898215086392175,-0.024701973551082695,0.7045225141990922,0.15384726508622956,0.11870000853057155,-0.03514725655565801,0.7715444825362454
event_random5,733,0.07819945173343916,0.05913988956801275,-0.01905956216542641,0.7562698747505888,0.14522644039988913,0.12037503771841784,-0.02485140268147129,0.8288782496283627
event_random5,734,0.0779660349352006,0.05813375392807207,-0.019832281007128534,0.7456292214473699,0.14776170914777711,0.11775682216156788,-0.030004886986209234,0.7969373313339168
event_random5,735,0.08138372244869149,0.05910032184362789,-0.022283400605063605,0.726193396730996,0.15099919017063268,0.1202352568113965,-0.030763933359236176,0.7962642493348991
event_random5,736,0.0805979097871978,0.057825416264484494,-0.022772493522713308,0.7174555322484244,0.15370054029090124,0.118049529025115,-0.03565101126578625,0.7680488878027925
event_random5,737,0.08123446075554631,0.059285887961596784,-0.02194857279394953,0.7298120454077,0.1455165636322214,0.11806642708063092,-0.02745013655159048,0.8113607422659598
event_random5,738,0.07915723966287101,0.059549730913178625,-0.019607508749692387,0.7522967092687877,0.1446460586000238,0.1171301183092543,-0.02751594029076951,0.8097705491799347
event_random5,739,0.07990619589284662,0.05975233432039453,-0.020153861572452088,0.7477809906070587,0.1509817973754764,0.1146220290707484,-0.03635976830472801,0.7591778019816193
event_random5,740,0.08006618661674834,0.05964662146983328,-0.020419565146915064,0.7449664332752963,0.15221137453668568,0.12079858899316222,-0.03141278554352346,0.7936239283092972
event_random5,741,0.079224997550688,0.059061706915142266,-0.020163290635545734,0.7454933258578481,0.15228259566349994,0.12212189821326819,-0.030160697450231755,0.8019425836628232
event_random5,742,0.08120849524998225,0.05681919060682779,-0.02438930464315446,0.6996705262414059,0.14865313304656566,0.11760267926819401,-0.03105045377837165,0.7911214305275014
event_random5,743,0.0815143813393085,0.05936410072964237,-0.022150280609666124,0.7282653656234689,0.14717188569478112,0.11271283616154203,-0.0344590495332391,0.7658584764979942
event_random5,744,0.07990581259434774,0.059850550375298066,-0.02005526221904968,0.7490137254361854,0.15035717654519573,0.11931641168859153,-0.031040764856604203,0.7935531540972127
event_random5,745,0.08198175378365717,0.05841301813766273,-0.02356873564599444,0.7125124243110204,0.15131312501265057,0.11563345391689292,-0.03567967109575765,0.7641997606435355
event_random5,746,0.07996522545449308,0.05947833609929088,-0.020486889355202202,0.7438025186728079,0.14945652175518048,0.12034763488604218,-0.029108886869138303,0.805235084241954
event_random5,747,0.08177117938904678,0.05960492386446209,-0.02216625552458469,0.7289233726332452,0.15027741746264697,0.12189224656154037,-0.028385170901106607,0.8111148608994293
event_random5,748,0.07968093763100254,0.05619840478785892,-0.023482532843143618,0.7052929654029705,0.14737939187102386,0.11377802142139853,-0.03360137044962533,0.7720076733724692
event_random5,749,0.08205805855142638,0.05860393413444687,-0.023454124416979513,0.7141764644324281,0.15440154708046952,0.11986430400455865,-0.03453724307591087,0.7763154338219741
event_random5,750,0.07979497504102527,0.05740359766037609,-0.022391377380649183,0.7193886285554069,0.1463520232475522,0.11785000817827736,-0.02850201506927484,0.8052502832771631
event_random5,751,0.07883112743713644,0.057159380908567155,-0.021671746528569284,0.7250864318051099,0.14778697950204678,0.11681085176505923,-0.030976127736987547,0.7904001567569858
event_random5,752,0.07909736656712855,0.05857382368188055,-0.020523542885248006,0.7405281139438438,0.15131658144130558,0.11932777062679419,-0.031988810814511395,0.7885967915094646
event_random5,753,0.07835318591925501,0.055308746651179595,-0.023044439268075416,0.705890207300271,0.14843543908921025,0.1146278371162294,-0.033807601972980855,0.7722403613286557
event_random5,754,0.08194962923018985,0.060334274784711955,-0.021615354445477894,0.7362360922370726,0.1541767442055278,0.1219111261054851,-0.03226561810004269,0.7907231841850902
event_random5,755,0.07754519062558388,0.058397685474726346,-0.01914750515085753,0.7530793980079489,0.1463554494254374,0.11714818136152765,-0.02920726806390976,0.8004360741019776
event_random5,756,0.0805782448601504,0.0594247951620263,-0.021153449698124105,0.7374793936646609,0.1506655800653838,0.11852967636668472,-0.03213590369869908,0.786707065510562
event_random5,757,0.07741969896188484,0.05564454306165643,-0.021775155900228417,0.718738819806717,0.14606815202945359,0.11452469579790017,-0.03154345623155341,0.7840497343651414
event_random5,758,0.0795085013080328,0.05773180327293842,-0.021776698035094383,0.7261085584958162,0.1439050408929032,0.11560299905335573,-0.028302041839547473,0.8033283499734358
event_random5,759,0.0800809953322024,0.060154579489258043,-0.019926415842944363,0.7511717260720473,0.14858237199190352,0.12019964494939263,-0.028382727042510894,0.8089764844778659
event_random5,760,0.08180351292087278,0.05923904593062562,-0.022564466990247153,0.7241626161938376,0.1537786058475535,0.11964303548222006,-0.03413557036533345,0.778021330228645
event_random5,761,0.07932225709013993,0.057663959499017994,-0.021658297591121936,0.7269581276978798,0.15060953477597425,0.11974370615075826,-0.030865828625215988,0.7950605937988741
event_random5,762,0.08002485615335847,0.058589289046254864,-0.021435567107103606,0.7321386362004225,0.15123578595591677,0.1178518943888432,-0.03338389156707357,0.779259311173848
event_random5,763,0.08158355657913981,0.06133392220076119,-0.020249634378378616,0.7517926990748983,0.15164916494564873,0.11892875617014981,-0.03272040877549892,0.7842361427626326
event_random5,764,0.07940793397671314,0.05876695994994825,-0.02064097402676489,0.7400640843669604,0.1491885271509293,0.11814081417918622,-0.031047712971743094,0.7918894062119596
event_random5,765,0.07914387950223631,0.0570900472659893,-0.02205383223624701,0.7213450695751672,0.15232477043565873,0.11631381382170652,-0.036010956613952205,0.7635909346132048
event_random5,766,0.07898899254587333,0.05841487862330823,-0.0205741139225651,0.7395318859065514,0.15177333640078441,0.11864449747004635,-0.033128838930738064,0.7817216138462194
event_random5,767,0.07771390075789221,0.057921071247170136,-0.019792829510722074,0.7453115939658708,0.14526540220057194,0.11572256349175512,-0.029542838708816813,0.7966285277754837
event_random5,768,0.07898998307916011,0.058576468375608905,-0.020413514703551204,0.7415683114769916,0.14934705510502208,0.11414890586953012,-0.03519814923549196,0.7643197637158609
event_random5,769,0.08032710875494403,0.05881892508821778,-0.02150818366672625,0.7322425268368389,0.14618631834949875,0.1195283151644984,-0.026658003185000348,0.8176436517043474
event_random5,770,0.08037672058157055,0.05792109677482981,-0.022455623806740745,0.7206203034378394,0.15370423069888475,0.11832640251398367,-0.03537782818490108,0.7698317865159597
event_random5,771,0.08143938440627124,0.05873008868005828,-0.022709295726212962,0.7211509407668825,0.151783585499699,0.1171937869696874,-0.03458979853001161,0.7721110723789022
event_random5,772,0.07786551655354815,0.058440557392447134,-0.019424959161101013,0.7505319424967475,0.14528830084370858,0.1183816695400674,-0.026906631303641182,0.8148052448312026
event_random5,773,0.08214537609958525,0.0597749473440502,-0.02237042875553505,0.727672696654097,0.15407091926881172,0.12064911101185101,-0.033421808256960714,0.783075168139623
event_random5,774,0.08023611831288403,0.058187677028747824,-0.02204844128413621,0.7252055340195122,0.15014655561679183,0.1189431280559414,-0.031203427560850427,0.7921801973234159
event_random5,775,0.0782674407849153,0.05710373017726398,-0.021163710607651313,0.7295975134052134,0.14948821313666577,0.11822012299878117,-0.031268090137884605,0.7908324042290976
event_random5,776,0.07939329345298789,0.05902458860176503,-0.020368704851222857,0.7434455233516163,0.14898690901597694,0.11947407039637661,-0.02951283861960033,0.8019098535936775
event_random5,777,0.08017110578789004,0.06026508466927986,-0.01990602111861018,0.7517057932158768,0.15147426770267386,0.12120922147877886,-0.030265046223895004,0.8001967813879667
event_random5,778,0.08028540804054034,0.06122766162049134,-0.019057746420048996,0.7626250288168712,0.1560596763830313,0.12385399192668058,-0.03220568445635073,0.7936322488757094
event_random5,779,0.0828974866600004,0.06015256324695581,-0.022744923413044585,0.7256258985711874,0.15206869221995026,0.11931651985193571,-0.032752172368014545,0.7846225157204468
event_random5,780,0.0799683029083478,0.058609263951214526,-0.02135903895713328,0.7329061868223837,0.1505515316883674,0.11674734626534874,-0.03380418542301866,0.7754643540061001
event_random5,781,0.07982418708031075,0.058151648525825175,-0.021672538554485574,0.728496595490776,0.1461581006892785,0.11609069296566887,-0.030067407723609635,0.7942816198225594
event_random5,782,0.08067221827540533,0.058972432184332006,-0.02169978609107332,0.7310128994222913,0.15231307659128138,0.11849113381363269,-0.03382194277764869,0.777944589298745
event_random5,783,0.07871668372515128,0.05663632250847691,-0.022080361216674373,0.7194957895613261,0.14886436281813348,0.11661961162335838,-0.0322447511947751,0.7833950948074235
event_random5,784,0.07948086550425226,0.057234635919534295,-0.022246229584717968,0.7201058463118046,0.1503386053672799,0.11766719305371505,-0.03267141231356484,0.7826811534286353
event_random5,785,0.07989006225622651,0.059473085704401206,-0.020416976551825304,0.7444365922967592,0.1487961010306299,0.11656188131745109,-0.032234219713178816,0.7833665029533041
event_random5,786,0.08080772203877869,0.06049621044398908,-0.020311511594789604,0.7486439280513025,0.1504666366149669,0.12187799361961513,-0.02858864299535177,0.8100001193719242
event_random5,787,0.07996804157664995,0.05845644787541143,-0.02151159370123852,0.7309976175842758,0.1512562810653215,0.12069721026660547,-0.030559070798716018,0.797964946754715
event_random5,788,0.08082935343729984,0.057427163854188376,-0.023402189583111466,0.7104741212452629,0.14916089574221703,0.11839767000835187,-0.030763225733865154,0.7937581054284442
event_random5,789,0.08305825612743294,0.0585418872356285,-0.02451636889180444,0.7048292363110783,0.15396489803411445,0.11922766333799009,-0.03473723469612436,0.7743821147569134
event_random5,790,0.08240907353116626,0.060159971124512955,-0.022249102406653308,0.7300163507087732,0.14934945763472252,0.1192727358634341,-0.03007672177128841,0.798615125574478
event_random5,791,0.0815538281472102,0.05788709381759447,-0.023666734329615725,0.7098022880434789,0.15550184234232692,0.12218815946745232,-0.0333136828748746,0.7857666354747312
event_random5,792,0.07946241010203092,0.0587861144099645,-0.020676295692066422,0.7397977777729401,0.15065986508035079,0.11559334409503681,-0.03506652098531397,0.7672470968521571
event_random5,793,0.07920503678917255,0.0588245051797423,-0.020380531609430257,0.742686419505378,0.14741435134440997,0.12136632114238324,-0.02604803020202673,0.8233005812224504
event_random5,794,0.08007403141215917,0.05978634985632197,-0.020287681555837205,0.7466384394784382,0.1525900449788512,0.1203081223517482,-0.032281922627103,0.7884401788361932
event_random5,795,0.08058264912248382,0.05842635426171036,-0.02215629486077346,0.7250488150731259,0.1539132258449454,0.11933803907355205,-0.03457518677139336,0.7753592221748056
event_random5,796,0.07995998547483635,0.059186219518065734,-0.020773765956770614,0.7401979773582102,0.15306963754380237,0.11910619563976575,-0.03396344190403662,0.778117708717265
event_random5,797,0.07865217591373831,0.05731849677866762,-0.021333679135070692,0.7287591997649451,0.1502166753337402,0.1166423381597059,-0.0335743371740343,0.7764939405066625
event_random5,798,0.08155191709203873,0.059120362259516744,-0.02243155483252198,0.7249414160649842,0.149808683619288,0.12034502752094904,-0.029463656098338967,0.8033247780668337
event_random5,799,0.08136062169084889,0.05663708795574486,-0.024723533735104025,0.6961240804052898,0.1524731849765273,0.11807460852348306,-0.03439857645304423,0.7743958948693846
event_random5,800,0.0807617343998479,0.06004109658221872,-0.020720637817629187,0.743434957512896,0.15310721286925832,0.12131795555024909,-0.03178925731900924,0.7923725687165712
event_random5,801,0.08164532272741085,0.058233136918389064,-0.023412185809021782,0.7132452291579761,0.14854446537721003,0.11742393962920103,-0.031120525748008998,0.7904969015911678
event_random5,802,0.08044065363504463,0.059179024237414064,-0.021261629397630565,0.7356855217252019,0.15103205910506,0.12084712729874621,-0.030184931806313806,0.8001422215576314
event_random5,803,0.07803268001546318,0.05793961092990519,-0.02009306908555799,0.7425044342757895,0.14719413042007537,0.11507567123690199,-0.03211845918317338,0.781795244881634
event_random5,804,0.0787899718748905,0.058665464516504964,-0.02012450735838553,0.7445803459564504,0.15302902679687408,0.11776950463403921,-0.03525952216283487,0.7695893197462645
event_random5,805,0.08033163551149107,0.06039650053953048,-0.01993513497196059,0.7518395480805447,0.1493113295675789,0.12183298696309065,-0.02747834260448824,0.8159661247135875
event_random5,806,0.08104270487134656,0.05907656462064,-0.021966140250706555,0.7289559833228999,0.15074553346330974,0.12095987879717927,-0.029785654666130465,0.8024110301524784
event_random5,807,0.08160395241063766,0.05885411794303009,-0.022749834467607567,0.7212165122452823,0.15075119282403393,0.11979035654805602,-0.030960836275977913,0.7946229433015677
event_random5,808,0.07875667906768732,0.05862012392773076,-0.02013655513995656,0.7443193976900648,0.14789209607356754,0.1186080279500362,-0.029284068123531348,0.80199030982045
event_random5,809,0.08008995065667134,0.05947057592588347,-0.020619374730787864,0.7425472913676928,0.14651655123440963,0.11757317971335045,-0.028943371521059177,0.8024566420843942
event_random5,810,0.08016009744183032,0.05837102959514264,-0.02178906784668768,0.7281806217551154,0.1517872966735156,0.12037315355637683,-0.03141414311713876,0.7930383911856043
event_random5,811,0.080931318934484,0.05958832915971161,-0.0213429897747724,0.7362826893745535,0.15258635671256296,0.1218794215349806,-0.030706935177582356,0.798757006595111
event_random5,812,0.08149530622509724,0.05991015935145771,-0.02158514687363953,0.7351363179859777,0.15283151791670635,0.11999832710350881,-0.032833190813197535,0.7851674100947441
event_random5,813,0.08316422587807921,0.06106732070411651,-0.022096905173962705,0.7342979515452076,0.1506293414597131,0.11919718326060665,-0.031432158199106455,0.7913277858450094
event_random5,814,0.08068651691489763,0.05736321234071787,-0.023323304574179762,0.7109392564462844,0.14964521442846085,0.1166327481415505,-0.03301246628691035,0.7793951085372514
event_random5,815,0.08328527575189244,0.05996050700121363,-0.023324768750678813,0.7199412676477952,0.15362593272147043,0.12255896647765685,-0.031066966243813582,0.7977752473591867
event_random5,816,0.08152621267288984,0.05604314786432053,-0.02548306480856931,0.6874248910492653,0.15592128593588142,0.11747459164877215,-0.03844669428710927,0.7534224140319143
event_random5,817,0.07855426272465588,0.05928167531118943,-0.01927258741346645,0.7546589230807287,0.1472118019266496,0.12195854600480756,-0.025253255921842035,0.8284563085884593
event_random5,818,0.08194962148137057,0.059447491274944274,-0.022502130206426295,0.7254150806353431,0.14837091594687035,0.12015280047484828,-0.028218115472022076,0.809813700401185
event_random5,819,0.07977041122358268,0.059503948191013276,-0.020266463032569404,0.7459400958111396,0.14882664017371203,0.11733037420572795,-0.03149626596798408,0.7883694348590998
event_random5,820,0.08055568474384124,0.059456061490036,-0.02109962325380524,0.7380740624215428,0.14805174567373233,0.1187722750437641,-0.029279470629968232,0.8022348841837191
event_random5,821,0.07807482826430111,0.05820726718665499,-0.019867561077646118,0.7455317991812945,0.1478067003927818,0.11700976728566563,-0.03079693310711616,0.7916404802672928
event_random5,822,0.08309905440954657,0.05917579905566883,-0.023923255353877737,0.7121115814871488,0.1494019712650486,0.1170497242688232,-0.032352246996225395,0.783455019219054
event_random5,823,0.07926990882484196,0.059774317886617044,-0.019495590938224915,0.7540606362837735,0.14685411677804994,0.11733518039215189,-0.029518936385898045,0.7989914274550988
event_random5,824,0.08052677432790509,0.0570512018780026,-0.02347557244990249,0.7084749433236958,0.14845704595492276,0.11657218715689222,-0.031884858798030546,0.7852250218712286
event_random5,825,0.08018797604416415,0.059321727215280236,-0.020866248828883917,0.7397833209134538,0.15022071990105898,0.11713977794677187,-0.03308094195428711,0.7797844267017529
event_random5,826,0.0793178969421342,0.06076422118272271,-0.01855367575941149,0.7660846230839026,0.14848511222362076,0.12531545852247067,-0.023169653701150095,0.8439597522325588
event_random5,827,0.07884969990481534,0.05811691196909038,-0.020732787935724965,0.7370593932411553,0.15185451937898176,0.12116564676266414,-0.030688872616317614,0.7979060962964973
event_random5,828,0.08117733984825197,0.059685531490417436,-0.021491808357834534,0.7352486741003089,0.15064318186679543,0.12132367578750006,-0.02931950607929537,0.8053711710283654
event_random5,829,0.08071291952859626,0.05797349040342681,-0.02273942912516945,0.7182677908570392,0.1522284470566386,0.1183460559690903,-0.0338823910875483,0.7774240508743947
event_random5,830,0.08053028204944535,0.060612026090557304,-0.01991825595888804,0.7526612914796661,0.15169490606485792,0.12218600930713724,-0.02950889675772067,0.8054720654554873
event_random5,831,0.07953008996373426,0.05759344276870936,-0.021936647195024896,0.7241717291527268,0.15230266807143777,0.11725283062911952,-0.03504983744231825,0.7698672131871119
event_random5,832,0.08493538405465217,0.06046511069823365,-0.024470273356418527,0.7118954175721042,0.15278518519490697,0.11911350797835285,-0.03367167721655412,0.7796142526934179
event_random5,833,0.0795567813228991,0.058925252525993545,-0.02063152879690556,0.7406691365105904,0.15129263021543465,0.1197198648370205,-0.03157276537841415,0.7913132626919381
event_random5,834,0.08146150756043992,0.05950534701407469,-0.021956160546365226,0.7304719590405938,0.15145586888150633,0.12006628097308922,-0.031389587908417116,0.7927476291263748
event_random5,835,0.08086804324143856,0.060509959412710326,-0.020358083828728238,0.7482555158661697,0.15330214745406548,0.12020292088620077,-0.03309922656786471,0.7840915661159779
event_random5,836,0.07931981240932101,0.0576908551756386,-0.02162895723368241,0.7273196118761779,0.15209901990736455,0.11697999503332486,-0.03511902487403969,0.769104200043966
event_random5,837,0.08167929691244828,0.05812503816043344,-0.02355425875201484,0.7116251040056998,0.15403683655883801,0.11523388709550753,-0.03880294946333049,0.7480930514402717
event_random5,838,0.08023337662280146,0.05878349172570548,-0.021449884897095976,0.732656335804766,0.150176876037848,0.1177210076379501,-0.03245586839989789,0.7838823841846445
event_random5,839,0.07927177804368328,0.05903950779347652,-0.02023227025020676,0.744773351254243,0.15142437028751585,0.12110121574218577,-0.030323154545330078,0.7997471973120692
event_random5,840,0.07981862153758243,0.06029258248436819,-0.01952603905321424,0.7553698788944827,0.14473067290702457,0.11736165932917526,-0.027369013577849308,0.8108969368543512
event_random5,841,0.08227824787358527,0.06168120926303913,-0.02059703861054614,0.7496660521722335,0.15262872359011326,0.12057126118224322,-0.03205746240787004,0.7899644204981964
event_random5,842,0.07952059184518988,0.058352576280886595,-0.021168015564303283,0.7338046023913778,0.15069868501111647,0.11895456313724756,-0.03174412187386891,0.7893536903024252
event_random5,843,0.08218356738947294,0.059363047582791165,-0.022820519806681774,0.7223225940225503,0.1531538463731841,0.11873330309683215,-0.03442054327635195,0.7752551170508593
event_random5,844,0.08261328029140538,0.05865623021216708,-0.023957050079238304,0.7100096982623911,0.1530756095571921,0.118589608482223,-0.0344860010749691,0.7747126327000877
event_random5,845,0.07795387776109988,0.05796306123465997,-0.019990816526439914,0.7435558422416848,0.14826555734499802,0.11730459296999446,-0.030960964375003563,0.7911789836464802
event_random5,846,0.07877457396652504,0.05903191694906032,-0.01974265701746472,0.7493778001788459,0.14535221362310613,0.11889027481361847,-0.026461938809487662,0.8179460900533468
event_random5,847,0.07838712183560388,0.056912258112260666,-0.021474863723343215,0.7260409207474026,0.15063800361027951,0.11825976117733392,-0.0323782424329456,0.7850592701911239
event_random5,848,0.07875626479368822,0.06001141703921635,-0.01874484775447187,0.7619891217089039,0.1520341169684732,0.11993391009538916,-0.03210020687308403,0.7888618192208756
event_random5,849,0.08108517484399963,0.05937193759448008,-0.021713237249519547,0.7322169275543426,0.14680331189338,0.1177062071957106,-0.029097104697669407,0.801795311547181
event_random5,850,0.0824124555234368,0.057855529308737275,-0.02455692621469953,0.7020240926116329,0.1471739893519771,0.11738677168559225,-0.02978721766638484,0.7976054206484369
event_random5,851,0.0790266929168072,0.05794913617365437,-0.021077556743152828,0.7332856030639983,0.14678722023574003,0.11331295521108363,-0.033474265024656405,0.7719538187936471
event_random5,852,0.07932308414070312,0.05724512974409546,-0.02207795439660766,0.7216704993788967,0.15177341833102356,0.1175917954904511,-0.03418162284057247,0.7747851816447788
event_random5,853,0.08007425170980847,0.05844719879959335,-0.021627052910215126,0.7299125193377738,0.14926732212880342,0.11483639936205378,-0.03443092276674964,0.7693338215243183
event_random5,854,0.08205899121416534,0.06032847086414226,-0.021730520350023076,0.7351841641178758,0.15319343794695708,0.11710385847036099,-0.03608957947659609,0.7644182416671657
event_random5,855,0.07988571585441341,0.05751016581085261,-0.022375550043560802,0.7199054949405622,0.14959085749914675,0.11778333024125402,-0.03180752725789272,0.7873698447241393
event_random5,856,0.07903431936018003,0.05913403689889337,-0.01990028246128666,0.7482070748202958,0.14750488387295493,0.11808827427805631,-0.029416609594898627,0.8005719619410366
event_random5,857,0.07931020793426732,0.0576954271198154,-0.021614780814451923,0.7274653367147095,0.14728483214242621,0.11464342821973203,-0.032641403922694184,0.7783790533764566
event_random5,858,0.07950471589911062,0.056772599735890335,-0.022732116163220288,0.7140783926318692,0.1470846480554466,0.11993281154223978,-0.027151836513206823,0.8153999287337494
event_random5,859,0.08071153805440186,0.05929270383825219,-0.021418834216149665,0.7346248785184497,0.1507873715934006,0.11896023721149865,-0.03182713438190196,0.7889270563868963
event_random5,860,0.0796309324214673,0.058387223049949304,-0.02124370937151799,0.733222898118533,0.14689228041530564,0.11619264340170339,-0.030699637013602246,0.7910057837838328
event_random5,861,0.08004009990988495,0.05955202334117756,-0.020488076568707388,0.7440273488941871,0.15215464754145452,0.11717113144233272,-0.0349835160991218,0.7700792143756862
event_random5,862,0.07895566109466269,0.05925417657882717,-0.01970148451583552,0.7504740731356208,0.14676326315981197,0.12153623301643311,-0.025227030143378862,0.8281107301633863
event_random5,863,0.0794812081307017,0.05756734488971844,-0.02191386324098326,0.7242887500533796,0.14989189663487648,0.11896423257036409,-0.03092766406451239,0.793666870865945
event_random5,864,0.08156399781916394,0.06019453551586119,-0.021369462303302757,0.7380037409313711,0.15300442749026813,0.1184072460535197,-0.034597181436748434,0.7738811745238614
event_random5,865,0.08171921366094255,0.058189773445344144,-0.023529440215598406,0.7120696692796956,0.15107217883745802,0.12456167673112292,-0.0265105021063351,0.8245176424253579
event_random5,866,0.079983828843566,0.05924626986980271,-0.02073755897376329,0.7407281037480435,0.15574621257845747,0.12218226599381879,-0.03356394658463868,0.7844959050434002
event_random5,867,0.08133119208353055,0.05868372550422666,-0.022647466579303895,0.7215402110909183,0.1503286059122428,0.12029348885735346,-0.030035117054889357,0.800203581529766
event_random5,868,0.08108992123985652,0.05952300880666543,-0.021566912433191088,0.7340370775623503,0.1515078250516408,0.11973427775587157,-0.031773547295769214,0.790284447123841
event_random5,869,0.07793025141768678,0.05838898472235389,-0.01954126669533289,0.749246713056313,0.1475248796759358,0.11657046946550642,-0.030954410210429384,0.7901749841896082
event_random5,870,0.08331176002763062,0.060588199687260105,-0.022723560340370513,0.7272466656227864,0.1537106230903004,0.12074049261925571,-0.03297013047104469,0.7855051927564192
event_random5,871,0.07992592277589705,0.057920898210263104,-0.022005024565633947,0.7246822582538901,0.14950853228400052,0.11936187436051883,-0.030146657923481687,0.7983616221566787
event_random5,872,0.08226891169717593,0.058082340161694244,-0.024186571535481684,0.7060059378868392,0.1509454838738473,0.11892923181737172,-0.03201625205647557,0.7878952636752408
event_random5,873,0.07907670597377639,0.05915556926700567,-0.019921136706770717,0.7480783188746252,0.14793699043115197,0.11863325305814992,-0.029303737373002042,0.8019174427734513
event_random5,874,0.0803481094902843,0.05862989891764851,-0.021718210572635788,0.7296985490957699,0.15361826937028203,0.11853900157032037,-0.035079267799961664,0.7716465109016007
event_random5,875,0.08194847419076587,0.05949259752753932,-0.02245587666322655,0.7259756586687379,0.15163131178711858,0.11921247459860444,-0.03241883718851414,0.786199586309533
event_random5,876,0.07927570319753699,0.058813091609227555,-0.020462611588309434,0.7418804152727442,0.1488852575545928,0.11898596324092194,-0.029899294313670874,0.7991789462250318
event_random5,877,0.07989138160844508,0.057738722944698645,-0.02215265866374644,0.7227152889617227,0.15229656867059646,0.11706994901579214,-0.03522661965480432,0.7686972204147535
event_random5,878,0.08220272828691454,0.05743940559782021,-0.024763322689094328,0.6987530316188266,0.1504998199384738,0.11966160659565642,-0.03083821334281739,0.7950946828014517
event_random5,879,0.08098505949570396,0.05961009392599333,-0.021374965569710636,0.7360628527926868,0.1525923597488301,0.121601704022204,-0.0309906557266261,0.7969055870317668
event_random5,880,0.08069973625360985,0.05626117504033763,-0.024438561213272217,0.6971667771444664,0.1521639185565786,0.11904556057205239,-0.03311835798452621,0.7823507813239449
event_random5,881,0.08155572776484309,0.05896072278454672,-0.022595004980296367,0.7229501152212563,0.15089042641015232,0.11773673612771601,-0.03315369028243631,0.7802796965241684
event_random5,882,0.08143845864487721,0.059453174174832826,-0.021985284470044386,0.7300380577447564,0.15018208233128194,0.12036879242952657,-0.02981328990175537,0.8014857069567648
event_random5,883,0.08076369216968537,0.057556140827498395,-0.02320755134218698,0.7126487073742535,0.15328271610828786,0.11735405099172119,-0.03592866511656667,0.765605242203664
event_random5,884,0.07787244153343632,0.056369467035775465,-0.021502974497660858,0.723869265246704,0.14946128584551646,0.11976834946589604,-0.02969293637962042,0.8013335947724208
event_random5,885,0.07843198063996788,0.058538290558072636,-0.019893690081895246,0.7463574179872529,0.15346933839681917,0.11888850672477459,-0.03458083167204458,0.7746726998807385
event_random5,886,0.08486391329811128,0.06096900471765448,-0.023894908580456807,0.7184326334738018,0.15567811150216856,0.12274818583508239,-0.03292992566708618,0.7884742732980322
event_random5,887,0.07966905703471976,0.05915488074791271,-0.020514176286807045,0.7425076052065361,0.15223076506007868,0.12003439194010417,-0.03219637311997452,0.7885028489000364
event_random5,888,0.08030527921838417,0.059450285608182385,-0.02085499361020178,0.7403035788781931,0.15268982355770663,0.12000728377265449,-0.032682539785052145,0.7859546954502812
event_random5,889,0.07951322890915147,0.056991193328584065,-0.022522035580567402,0.7167510879692718,0.1524409127476923,0.11777248687710658,-0.03466842587058573,0.7725779435080786
event_random5,890,0.08091374195941022,0.05760007786293011,-0.023313664096480106,0.7118701529318069,0.15079982464660885,0.11804894684948017,-0.03275087779712868,0.7828188602083684
event_random5,891,0.0819225244851138,0.059435487953796315,-0.022487036531317492,0.7255085012009899,0.14576177891563263,0.11838766245082802,-0.027374116464804615,0.812199626894998
event_random5,892,0.08087459772483846,0.05995617387583208,-0.020918423849006378,0.7413474139286896,0.15064006563826993,0.1210351568055467,-0.029604908832723223,0.8034725442578263
event_random5,893,0.07936472344132761,0.06013805152982705,-0.019226671911500563,0.7577428474791528,0.15319205319152235,0.11884690779925876,-0.03434514539226359,0.7758033483021152
event_random5,894,0.08007480656078535,0.05765402984606938,-0.02242077671471597,0.7200021120538556,0.15405196857981016,0.11822643020228145,-0.03582553837752871,0.7674451114919154
event_random5,895,0.08170531273498309,0.05933560340092835,-0.022369709334054744,0.7262147517063858,0.15301210263854872,0.12000742615145413,-0.0330046764870946,0.7843002225447515
event_random5,896,0.08040842329979542,0.059197398898677304,-0.021211024401118113,0.7362089252510927,0.15218681162154246,0.12064377534524293,-0.031543036276299535,0.792734758418222
event_random5,897,0.07832746912608171,0.058183908518968146,-0.020143560607113566,0.7428289100636075,0.15267423456459467,0.118371768338874,-0.03430246622572067,0.7753224941749572
event_random5,898,0.0801550830131059,0.0606265564539472,-0.019528526559158696,0.7563657122535117,0.151920513245786,0.11913187584802384,-0.032788637397762166,0.7841724155794895
event_random5,899,0.08278045695392917,0.060778221412433726,-0.022002235541495448,0.7342097839138455,0.15235736529627192,0.12149815235558475,-0.030859212940687164,0.7974550630966951
event_random5,900,0.08186293138257486,0.05952922758411921,-0.022333703798455652,0.7271817241178155,0.1498037332106281,0.12024494767137014,-0.029558785539257948,0.802683251573594
event_random5,901,0.07990192458127153,0.05651702447351355,-0.023384900107757983,0.7073299519341084,0.15059892255869173,0.11805644925566579,-0.03254247330302594,0.7839129739434662
event_random5,902,0.07957942277178749,0.05932924270635935,-0.02025018006542814,0.7455349717288068,0.14996924813353196,0.12226476099688109,-0.02770448713665087,0.8152655462272977
event_random5,903,0.07787371829342589,0.05731029423623032,-0.02056342405719557,0.7359388442232437,0.150736623764173,0.11748656989673018,-0.033250053867442814,0.779416222566704
event_random5,904,0.08121023059361637,0.05858258774081726,-0.022627642852799112,0.7213695529812005,0.1524813103448722,0.11748548704621982,-0.034995823298652376,0.7704910639900646
event_random5,905,0.08091552983427841,0.05714925398987623,-0.023766275844402183,0.7062828866958241,0.1530434189990497,0.11852452461291779,-0.0345188943861319,0.7744503186618809
event_random5,906,0.08195950127845274,0.06081770875137906,-0.021141792527073676,0.7420458617086304,0.15239755613571426,0.12032991959308786,-0.0320676365426264,0.7895790631047307
event_random5,907,0.07846409088219014,0.05682625451071503,-0.021637836371475108,0.7242326250365505,0.1464687557754312,0.11490695397140874,-0.03156180180402246,0.784515123126917
event_random5,908,0.07871006972640106,0.058409264169451636,-0.020300805556949422,0.7420812149256667,0.1499305471876289,0.11962928240438438,-0.030301264783244533,0.7978979910923398
event_random5,909,0.07796007917542037,0.05570865527294507,-0.022251423902475302,0.7145792546925628,0.14732705691817546,0.11708585137625233,-0.03024120554192314,0.7947342044664687
event_random5,910,0.07861384465136453,0.057572246183179285,-0.02104159846818525,0.7323423302663773,0.1477815080580431,0.11621402908675914,-0.031567478971283966,0.7863908726734239
event_random5,911,0.08261406170884567,0.059790676240908336,-0.02282338546793733,0.7237348582572647,0.15039617724516183,0.11612714828383458,-0.03426902896132725,0.7721416222869477
event_random5,912,0.0801603899647725,0.05893640986996528,-0.021223980094807214,0.7352310772922342,0.14891494947958095,0.11942804084293526,-0.029486908636645687,0.8019882574604177
event_random5,913,0.07940193659084818,0.0600210702324646,-0.019380866358383583,0.7559144374745966,0.15234316377515528,0.1218797575796975,-0.030463406195457773,0.8000343078051142
event_random5,914,0.07946791089438764,0.05893849552621581,-0.02052941536817183,0.741664086332214,0.14778066201267132,0.11781148630890692,-0.029969175703764395,0.7972050246926441
event_random5,915,0.08005191136730797,0.05962099382484596,-0.020430917542462006,0.7447791415158428,0.146671997479572,0.11561727517116711,-0.031054722308404878,0.7882709525877284
event_random5,916,0.08154451382167259,0.058335485692830195,-0.023209028128842395,0.7153821018591445,0.15052915961358687,0.11817686856975858,-0.03235229104382829,0.7850762528211965
event_random5,917,0.0807381282007607,0.05806506895825941,-0.0226730592425013,0.7191777943362369,0.1551949399513703,0.11783021712484638,-0.03736472282652391,0.7592400703384273
event_random5,918,0.08051820044031033,0.055711133481358525,-0.024807066958951803,0.6919073349466901,0.149889971661697,0.11817396121654834,-0.03171601044514867,0.7884047205190485
event_random5,919,0.07948497601663418,0.05858730426311849,-0.020897671753515687,0.7370865187259749,0.15023703055038806,0.11819891870827155,-0.03203811184211651,0.7867495668361787
event_random5,920,0.07986707024265544,0.05913457390930139,-0.02073249633335405,0.740412459473426,0.14552761682408824,0.11763685477285318,-0.027890762051235057,0.8083472906386626
event_random5,921,0.0798968045995503,0.06119476337608572,-0.018702041223464583,0.7659225382391595,0.15363279731796387,0.1243594360331607,-0.029273361284803165,0.8094589059377864
event_random5,922,0.07929198781810912,0.05808066690504636,-0.021211320913062756,0.7324909931414482,0.14605789085164286,0.11758448341951756,-0.0284734074321253,0.8050539600010592
event_random5,923,0.08105441294163872,0.05984702512792054,-0.021207387813718177,0.7383561604599117,0.15368572216376342,0.11719358304152502,-0.03649213912223839,0.762553485070309
event_random5,924,0.08234473635563228,0.05842217415909574,-0.02392256219653654,0.709482800537253,0.1522770766446145,0.11891827815741801,-0.0333587984871965,0.7809335507205097
event_random5,925,0.07902105596594389,0.054687911240603446,-0.02433314472534044,0.6920675834067894,0.14252301502346632,0.11503475247893487,-0.027488262544531447,0.807131062025277
event_random5,926,0.07926749484418551,0.05891499322475119,-0.02035250161943432,0.7432427799132442,0.15257047207556423,0.11856507552289676,-0.034005396552667475,0.7771167900966743
event_random5,927,0.0805564174252325,0.058675582108243314,-0.02188083531698918,0.7283787435396115,0.14853390306953862,0.11971459954482705,-0.02881930352471157,0.805974912601473
event_random5,928,0.07865915435902641,0.05807855678781548,-0.020580597571210932,0.7383572485756169,0.1466361266171955,0.11932664687995084,-0.027309479737244652,0.8137602215275498
event_random5,929,0.07997411704166933,0.06019412567851695,-0.01977999136315238,0.7526700875878841,0.154805946084547,0.1180692758360447,-0.036736670248502315,0.762692124058086
event_random5,930,0.07991122511703248,0.059635419700364886,-0.020275805416667597,0.7462708726217994,0.1534701625710023,0.11989693546139177,-0.033573227109610526,0.7812393852513317
event_random5,931,0.07776975109714003,0.05844048179974585,-0.019329269297394182,0.7514551734484719,0.14519250629145514,0.12010829882979056,-0.02508420746166458,0.8272348339292988
event_random5,932,0.08100479314471448,0.05939741897906367,-0.02160737416565081,0.7332580786046896,0.15123151685394975,0.12108194544600366,-0.030149571407946094,0.8006396283318197
event_random5,933,0.08127559554125152,0.06097610608404355,-0.02029948945720797,0.7502388100385565,0.15216611630455348,0.12288802401889766,-0.029278092285655824,0.8075912496376193
event_random5,934,0.08066908350891014,0.057975251785811144,-0.022693831723098995,0.7186799361543212,0.1508777941751773,0.11904387244897158,-0.03183392172620572,0.789008568820639
event_random5,935,0.0826758770058443,0.06063980631415229,-0.022036070691692014,0.7334643249065952,0.15460103443274106,0.12475463023022126,-0.0298464042025198,0.8069456371231175
event_random5,936,0.07772918136127635,0.05889637559016569,-0.018832805771110663,0.7577125419142402,0.15098717680003249,0.118044260637243,-0.03294291616278948,0.7818164637489772
event_random5,937,0.08096205285750403,0.05984868431899153,-0.021113368538512506,0.7392189576063153,0.14860202708864326,0.12111287284748588,-0.027489154241157374,0.8150149444141855
event_random5,938,0.07805973241153162,0.06087091511603681,-0.01718881729549481,0.7797991773162223,0.1536112165364026,0.12523694518419615,-0.028374271352206465,0.8152851595607123
event_random5,939,0.08150966316483353,0.05944979189822237,-0.02205987126661116,0.7293588218859349,0.15345295137811732,0.12097625915699817,-0.03247669222111915,0.7883605891613343
event_random5,940,0.08015448429728993,0.05992457296461346,-0.020229911332676466,0.7476134802683716,0.1481999949730219,0.116254213374737,-0.031945781598284886,0.78444141240288
event_random5,941,0.07938695792055935,0.058479419637220316,-0.02090753828333903,0.7366376186846622,0.14418026731482084,0.11698368036443993,-0.027196586950380908,0.8113709493200165
event_random5,942,0.0804344467384446,0.05850425411425955,-0.021930192624185052,0.7273532234827538,0.1480809584302569,0.11861270189695405,-0.029468256533302845,0.8009990153650863
event_random5,943,0.08252669500864085,0.060358777500653236,-0.022167917507987613,0.7313848869669802,0.150274851556439,0.11981353018619231,-0.03046132137024668,0.7972959476935083
event_random5,944,0.07864321655393768,0.05755961665470193,-0.021083599899235743,0.7319082201479451,0.15044638423567291,0.11917115667800078,-0.03127522755767213,0.792117120550536
event_random5,945,0.08247629687935189,0.05891434626106269,-0.023561950618289196,0.7143185192618902,0.15388662192781502,0.11794565284857991,-0.03594096907923511,0.7664451358475186
event_random5,946,0.0798823443202698,0.05745088588597726,-0.022431458434292548,0.7191937890009988,0.1500445059380154,0.11767990528542893,-0.03236460065258648,0.7842999951897168
event_random5,947,0.07945785711309397,0.059118514442449824,-0.020339342670644148,0.7440235187604575,0.14739055360938538,0.11881889895666166,-0.028571654652723724,0.8061500282545626
event_random5,948,0.07906615269721308,0.058205456051651595,-0.020860696645561484,0.7361614808115384,0.14896263803687967,0.11800093955061818,-0.0309616984862615,0.7921512474920315
event_random5,949,0.08167100115762718,0.057993086044093124,-0.023677915113534058,0.7100817330764067,0.15381651803990784,0.11534228913248776,-0.03847422890742008,0.7498693287450577
event_random5,950,0.0806911550671742,0.05838841055439933,-0.02230274451277487,0.7236036032176245,0.15072212094771392,0.11268789066080309,-0.03803423028691083,0.7476532970226377
event_random5,951,0.08198955728715854,0.05959851565543091,-0.02239104163172763,0.7269037378344939,0.15338556390469057,0.11725992655554897,-0.03612563734914161,0.7644782440439503
event_random5,952,0.07826394547261346,0.057599278481230566,-0.020664666991382898,0.7359618548925062,0.14974156632930902,0.11568579913121946,-0.03405576719808956,0.7725697143891582
event_random5,953,0.07948734999203019,0.05872402933649426,-0.020763320655535933,0.7387845907856059,0.1499080924914738,0.12049591147145393,-0.02941218102001987,0.8037985773070074
event_random5,954,0.08080514155950802,0.05732591222621293,-0.02347922933329509,0.7094339681837686,0.15145262671015672,0.11731251703373051,-0.03414010967642621,0.7745822544117242
event_random5,955,0.07849442325749742,0.05653850576718276,-0.021955917490314662,0.7202869123798864,0.1525150124918602,0.11849039728945764,-0.03402461520240256,0.7769097307439261
event_random5,956,0.08035092739479861,0.05791095218004934,-0.022439975214749275,0.7207253737783008,0.1478184592361358,0.11912870142600515,-0.02868975781013064,0.8059122117874361
event_random5,957,0.07990047219180385,0.05866054571406665,-0.021239926477737203,0.7341702008124554,0.1507588260953667,0.1208464390849943,-0.029912387010372396,0.8015878221852797
event_random5,958,0.07900279497878074,0.05744076538153825,-0.021562029597242488,0.7270725725205822,0.14557957128643567,0.11430829247664251,-0.03127127880979316,0.7851945947260331
event_random5,959,0.07981055191261428,0.05826312021819218,-0.021547431694422102,0.730017758578907,0.1461746508400649,0.11660574379126269,-0.029568907048802204,0.7977152202596698
event_random5,960,0.08073049921167748,0.05780643088044534,-0.022924068331232138,0.7160420342363469,0.14858320324285954,0.11672957180416474,-0.031853631438694796,0.7856175479900647
event_random5,961,0.08097650759222043,0.05925026148165489,-0.02172624611056554,0.7316969235080617,0.14886484591684637,0.11569321528813152,-0.03317163062871485,0.7771694826645371
event_random5,962,0.07848066234614118,0.05916992570121452,-0.019310736644926656,0.7539427412098524,0.1495147611072788,0.1185639789715313,-0.030950782135747493,0.7929917962177667
event_random5,963,0.0818384429571718,0.06051349088254166,-0.021324952074630137,0.7394262243504555,0.15530892144118202,0.11958224566650412,-0.035726675774677905,0.7699637893100161
event_random5,964,0.07948664822123626,0.059235953371624434,-0.020250694849611825,0.7452314910392523,0.14925945879366181,0.1184664501372221,-0.03079300865643972,0.7936947587421688
event_random5,965,0.08115320078565225,0.060967905579396256,-0.02018529520625599,0.7512692658965989,0.15565125206196184,0.12166989151887268,-0.03398136054308916,0.7816827035251742
event_random5,966,0.08202814744945197,0.05901150347339038,-0.02301664397606159,0.7194055371024308,0.1558324858760836,0.11807077479679368,-0.03776171107928991,0.757677541579375
event_random5,967,0.08248984249543924,0.06121431445146211,-0.02127552804397713,0.7420830565271909,0.1554218348201649,0.12400732291267093,-0.03141451190749396,0.7978758136278408
event_random5,968,0.07808713066778784,0.057806512304035926,-0.020280618363751918,0.74028219259287,0.14880870314041927,0.11898316809442339,-0.029825535045995888,0.7995712991473903
event_random5,969,0.07834983077266847,0.05816893175018285,-0.020180899022485613,0.7424257484226052,0.15032925426332996,0.1142811578973291,-0.03604809636600087,0.7602057128358007
event_random5,970,0.07949154523905871,0.05857340215601996,-0.020918143083038757,0.7368507176438622,0.15083170504031718,0.11651402285404279,-0.03431768218627439,0.7724769989366539
event_random5,971,0.08064539132368245,0.05999873864864007,-0.020646652675042385,0.7439822370980391,0.15027112037449508,0.11923128302033707,-0.03103983735415801,0.7934410998147701
event_random5,972,0.08110698901249387,0.05746305360816828,-0.02364393540432559,0.7084846115951433,0.15269716517816423,0.11926906304404744,-0.03342810213411679,0.7810823659030376
event_random5,973,0.07832676440208304,0.05778132931727197,-0.02054543508481107,0.7376958534972411,0.14695459874504122,0.1143799305204884,-0.03257466822455282,0.7783351558730855
event_random5,974,0.07946790112241893,0.05764231685366343,-0.0218255842687555,0.7253534576793017,0.1458524828824831,0.11577682529525028,-0.03007565758723281,0.793793996558389
event_random5,975,0.07952682057471991,0.05691100914424759,-0.022615811430472317,0.7156203244762753,0.1483322997645374,0.11674302409534466,-0.03158927566919274,0.7870371070944255
event_random5,976,0.07752268361327172,0.05704817657278925,-0.020474507040482468,0.735890115174273,0.14705657350119247,0.11743874470745626,-0.029617828793736214,0.798595682677891
event_random5,977,0.08019148929101619,0.058279843899432866,-0.021911645391583322,0.7267584679458239,0.14942813940589367,0.1167016516872722,-0.032726487718621466,0.7809884547265488
event_random5,978,0.08006926695168065,0.057857404857839814,-0.022211862093840837,0.722591913983114,0.14927118501435013,0.11920766935230645,-0.030063515662043683,0.7985979969332089
event_random5,979,0.07988981020173508,0.0586573750313429,-0.02123243517039218,0.7342284940122308,0.15218199983158895,0.1188183557224372,-0.033363644109151755,0.7807648463939666
event_random5,980,0.07964237682223163,0.05752318533637482,-0.02211919148585681,0.7222685664539034,0.1515922141219788,0.11879673389513301,-0.03279548022684578,0.783659863952796
event_random5,981,0.07950595888234128,0.059427439183426994,-0.02007851969891429,0.7474589328753591,0.15145751280729344,0.11990689159787209,-0.031550621209421356,0.7916866543981566
event_random5,982,0.07833479469592522,0.05691916119505616,-0.021415633500869058,0.7266140342360143,0.15052889608184475,0.11708331857436033,-0.03344557750748442,0.7778129091619753
event_random5,983,0.0800901942728175,0.05935832633863996,-0.020731867934177535,0.7411434930029392,0.14811006125471127,0.12018198704863642,-0.02792807420607485,0.81143702210719
event_random5,984,0.07988990500706734,0.06056671529703322,-0.019323189710034126,0.7581272664133881,0.15216069549308725,0.12107028262473038,-0.03109041286835687,0.7956738251780051
event_random5,985,0.07976994879963173,0.05817829616030059,-0.02159165263933114,0.7293259809710343,0.15343510432842075,0.12033479290731355,-0.0331003114211072,0.7842715878743269
event_random5,986,0.07844756685033959,0.05816922478064867,-0.020278342069690918,0.741504512072663,0.14913511628230255,0.11742219498679951,-0.031712921295503044,0.7873544334422709
event_random5,987,0.07875918077541243,0.05768224643064789,-0.021076934344764535,0.7323875878690643,0.14567583164039508,0.1192262034865483,-0.02644962815384677,0.8184350289542989
event_random5,988,0.0777676408343927,0.05628258090802527,-0.021485059926367435,0.7237275080502934,0.1443389772691372,0.1168819987687368,-0.027456978500400395,0.8097743310928164
event_random5,989,0.07968731500500789,0.0566719337874633,-0.023015381217544595,0.7111788593190997,0.14665548757241556,0.11592851767458259,-0.030726969897832968,0.7904819628201052
event_random5,990,0.08106328817102967,0.058743376263145894,-0.02231991190788378,0.7246606643837025,0.1521657350302944,0.12065365308461497,-0.031512081945679435,0.7929094750575367
event_random5,991,0.07987782362300064,0.05966579540238932,-0.02021202822061132,0.7469632082615817,0.15134675559238125,0.1187770030888948,-0.032569752503486454,0.784800457888864
event_random5,992,0.07837681839483217,0.057910561684281894,-0.020466256710550274,0.7388735964319301,0.15155765991170514,0.12043016814593953,-0.03112749176576561,0.7946161758904172
event_random5,993,0.07936284328511493,0.059142103092446746,-0.020220740192668188,0.745211495006244,0.15488583846536083,0.12048201721009923,-0.034403821255261605,0.777876262955081
event_random5,994,0.07858281706653697,0.05736266872888374,-0.021220148337653233,0.729964524945881,0.14662292596482593,0.11736980752828033,-0.0292531184365456,0.8004874187031074
event_random5,995,0.0814528935028596,0.05772339332632037,-0.02372950017653923,0.7086721029044089,0.15470072621213563,0.11869909524706145,-0.03600163096507418,0.7672820816903831
event_random5,996,0.07824603211389429,0.05951025196076512,-0.01873578015312917,0.7605529680296438,0.14751297603148458,0.1191074889492102,-0.02840548708227439,0.807437366891631
event_random5,997,0.08114544167669197,0.05980138366724491,-0.021344058009447053,0.7369654096592604,0.15105972798560227,0.11965966839688343,-0.031400059588718846,0.7921348064938153
event_random5,998,0.07984203292218017,0.057846957012785694,-0.02199507590939448,0.724517586734891,0.15111441006460027,0.11986413113181728,-0.031250278932782996,0.7932011982217729
event_random5,999,0.08013107215786272,0.05872184031972883,-0.02140923183813389,0.7328223464181722,0.1522750565540646,0.11712640770171465,-0.035148648852349945,0.7691765831663272
