model_id,feature_set,features,feature_count,alpha,cap,calibration_base_sigma,calibration_oof_sigma,relative_sigma_improvement,calibration_base_r68,calibration_oof_r68,relative_r68_improvement,calibration_base_r90,calibration_oof_r90,relative_r90_improvement,calibration_protocol_successes,calibration_center_bias_max,background_applied,background_ood,background_strong,background_near_cap,background_energy_trend,background_rank_corr,background_spike_growth,background_2600_spike_growth,background_median_scale_shift,background_ratio_q01,background_ratio_q99,time_ratio_span,time_applied_fraction_span,time_supported_blocks,safety_pass_count,safe
S10_corrected_position_a3000_c75,S10_corrected_position,dt|wS2CDF_max|yS2Tcor_max|xS2Bcor_max,4,3000.0,0.0075,0.04178090146749322,0.041660389341621196,0.002884383094648779,0.06774135758272384,0.0677468961288547,-8.176018799299634e-05,0.1312197664911172,0.13083147272635196,0.0029591103165963473,12,0.1568882453789917,0.6960440351869952,0.005247183497093472,0.29947013735274447,0.0,0.004635811869174275,0.9999676699168484,1.0993788819875776,0.9995421245421245,0.0,0.9934007774300845,1.0067218998085532,0.00022231302991904123,0.01507018992568121,10,16,True
S01_M06_reference_a1000_c25,S01_M06_reference,dt|wS2CDF_max,2,1000.0,0.0025,0.04178090146749322,0.04166268293908018,0.0028294872599868848,0.06774135758272384,0.06777750435145811,-0.0005335997096032052,0.1312197664911172,0.13117228744255305,0.0003618284793042159,12,0.1571452617666217,0.23134934924636041,0.0006790472760944493,0.7682596841401307,0.0,0.0009628363500832994,0.9999983338858605,1.0613756613756613,0.9969278033794163,0.0,0.9978202951271355,1.0022044688359628,0.00025911521009569505,0.019405450041288186,10,16,True
S02_top_xy_a3000_c75,S02_top_xy,dt|wS2CDF_max|xS2T_max|yS2T_max,4,3000.0,0.0075,0.04178090146749322,0.04172116678901412,0.0014297125332629612,0.06774135758272384,0.06767660545301969,0.000955872926300283,0.1312197664911172,0.13081991907771584,0.0030471583976520167,12,0.15658053349901613,0.7449663048510726,0.0006893358711867895,0.25344925150470704,0.0,0.0048063905076585235,0.999966356529016,0.9568037741412354,0.9306547619047619,0.0,0.9933860249522408,1.006708066639096,0.00024044153155999837,0.010914726695523957,10,16,True
S01_M06_reference_a3000_c75,S01_M06_reference,dt|wS2CDF_max,2,3000.0,0.0075,0.04178090146749322,0.041725609448543,0.0013233802289603913,0.06774135758272384,0.06774601582924807,-6.876517817833161e-05,0.1312197664911172,0.13065829384733604,0.004278872450357185,12,0.15650083263919734,0.7498430989248418,0.0006790472760944493,0.24858274602603014,0.0,0.004566408013286786,0.9999661545653414,1.0676190476190477,1.0676190476190477,0.0,0.9933924727459753,1.0067106813635402,0.0002713595817804837,0.014217952475582663,10,16,True
S02_top_xy_a100_c25,S02_top_xy,dt|wS2CDF_max|xS2T_max|yS2T_max,4,100.0,0.0025,0.04178090146749322,0.04156348831403349,0.005203649175183123,0.06774135758272384,0.0677060454422975,0.0005212789009022556,0.1312197664911172,0.1310705880693106,0.00113685937565422,12,0.15878564173717202,0.13734245588764854,0.0006893358711867895,0.8624723494006893,0.0,0.001043508241860295,0.9999989410393609,1.0535714285714286,1.0535714285714286,0.0,0.9978792155467738,1.0021547908274147,0.0003117838488697622,0.012090315159852927,10,15,False
S08_s2_shape_a1000_c25,S08_s2_shape,dt|wS2CDF_max|wS2FWHM_max|tDiffBottomTopS2_max,4,1000.0,0.0025,0.04178090146749322,0.04167256127684066,0.002593055363749208,0.06774135758272384,0.06772237752866762,0.0002801841405827288,0.1312197664911172,0.13170826614559214,-0.0037227596690474485,12,0.15747139475312733,0.21131745460157417,0.009053963681259323,0.7878388806008539,0.0,0.0006916723746414933,0.9999984747463474,1.0395238095238095,0.9742703533026115,0.0,0.9978194893659543,1.0021911489857114,0.0003866722893285379,0.013831544178364963,10,15,False
S11_historical_core_a1000_c75,S11_historical_core,dt|wS2CDF_max|xS2T_max|yS2B_max,4,1000.0,0.0075,0.04178090146749322,0.04172914352448204,0.0012387943101574983,0.06774135758272384,0.06803423775951067,-0.004323506159869428,0.1312197664911172,0.13106102503286599,0.001209737393199406,12,0.15724819967910164,0.5776120170790678,0.0009979937239569937,0.4214002777920675,0.0,0.004962481034487418,0.9999685238076733,1.0405643738977073,1.0395238095238095,0.0,0.9933643034486107,1.006720432693545,0.0003527651226222783,0.017857142857142794,10,15,False
S08_s2_shape_a300_c25,S08_s2_shape,dt|wS2CDF_max|wS2FWHM_max|tDiffBottomTopS2_max,4,300.0,0.0025,0.04178090146749322,0.04175351279233304,0.0006555309770299722,0.06774135758272384,0.06774315910317256,-2.6594100162924406e-05,0.1312197664911172,0.13170712500718637,-0.003714063277975521,12,0.15740165369845371,0.1737229281341633,0.009053963681259323,0.8255980245897423,0.0,0.0007420624749455112,0.9999987381933699,1.0476190476190477,1.0476190476190477,0.0,0.9978367867946607,1.002171569308062,0.00042310447239934934,0.015070189925681265,10,15,False
S17_geometry_shape_a300_c25,S17_geometry_shape,dt|wS2CDF_max|xS2T_max|yS2T_max|xS2B_max|yS2B_max|wS2FWHM_max|tDiffBottomTopS2_max,8,300.0,0.0025,0.04178090146749322,0.04182011876075477,-0.000938641625338299,0.06774135758272384,0.06770938214942582,0.0004720223278515956,0.1312197664911172,0.13124196247126,-0.00016915119372895582,12,0.1572370564310811,0.15867071351406967,0.010432635423632902,0.8407839909460363,0.0,0.0009027581006645893,0.9999988102744516,1.019140989729225,1.000652315720809,0.0,0.9978581160943383,1.0021770494107658,0.000357890937264127,0.01291848665248091,10,15,False
S01_M06_reference_a100_c25,S01_M06_reference,dt|wS2CDF_max,2,100.0,0.0025,0.04178090146749322,0.04182545409927277,-0.0010663396483727716,0.06774135758272384,0.06774551382602627,-6.135459120892861e-05,0.1312197664911172,0.13122758027595569,-5.9547315526042865e-05,12,0.15693466275456425,0.16707649570451155,0.0006790472760944493,0.8326560008230877,0.0,0.000853224435472353,0.9999987903133535,1.0593286494925838,1.0593286494925838,0.0,0.9978511666508125,1.0021720946271209,0.0003174084212164141,0.010097677318699066,10,15,False
S02_top_xy_a300_c25,S02_top_xy,dt|wS2CDF_max|xS2T_max|yS2T_max,4,300.0,0.0025,0.04178090146749322,0.041849818395248095,-0.0016494839827354557,0.06774135758272384,0.06769910514495651,0.000623731783286674,0.1312197664911172,0.1311952907732333,0.00018652462611679077,12,0.1573212189114539,0.1653274345388137,0.0006893358711867895,0.8344256391789701,0.0,0.0011832826986997523,0.999998767176745,1.0362997658079627,1.0362997658079627,0.0,0.9978495761640884,1.0021771633581924,0.00022872259310258158,0.01570602551916206,10,15,False
S11_historical_core_a1000_c25,S11_historical_core,dt|wS2CDF_max|xS2T_max|yS2B_max,4,1000.0,0.0025,0.04178090146749322,0.041859239972077814,-0.0018749835889859678,0.06774135758272384,0.06774655251954677,-7.668781684189163e-05,0.1312197664911172,0.13120361323363797,0.0001231007942718021,12,0.15730996161352206,0.22873604609290601,0.0009979937239569937,0.7708729872935851,0.0,0.0009761728842450369,0.9999983458225542,0.9772256728778468,0.9047619047619047,0.0,0.997816986071939,1.0022027409447638,0.0002823176977888586,0.014760528488852204,10,15,False
S02_top_xy_a1000_c25,S02_top_xy,dt|wS2CDF_max|xS2T_max|yS2T_max,4,1000.0,0.0025,0.04178090146749322,0.041860475191987795,-0.0019045478125092608,0.06774135758272384,0.06775638834062418,-0.00022188450950344496,0.1312197664911172,0.13112547753031312,0.0007185576024513196,12,0.1573616334547201,0.21823139050362672,0.0006893358711867895,0.7814702402386954,0.0,0.0011052977688323958,0.9999984030584503,1.0894071914480077,0.9814090019569472,0.0,0.9978261610606112,1.0022021107779575,0.00034767986565942266,0.016743503725567876,10,15,False
S04_top_bottom_xy_a300_c25,S04_top_bottom_xy,dt|wS2CDF_max|xS2T_max|yS2T_max|xS2B_max|yS2B_max,6,300.0,0.0025,0.04178090146749322,0.04190076436695864,-0.0028688442626991772,0.06774135758272384,0.0677060454422975,0.0005212789009022556,0.1312197664911172,0.13124817300462333,-0.00021648044548272516,12,0.15724494289032798,0.16447348114614949,0.001821081331344205,0.835269303976542,0.0,0.0011242095163479012,0.9999987650462165,1.0535714285714286,1.0535714285714286,0.0,0.9978464713600691,1.0021765967012592,0.00021321345813496428,0.014157643761443323,10,15,False
S01_M06_reference_a300_c25,S01_M06_reference,dt|wS2CDF_max,2,300.0,0.0025,0.04178090146749322,0.04202126285059734,-0.005752900838942532,0.06774135758272384,0.06776521292509381,-0.0003521532963202123,0.1312197664911172,0.1311869687762475,0.0002499449263378972,12,0.15812830402515032,0.18522557744739956,0.0006790472760944493,0.8144966304851072,0.0,0.000879726674661557,0.9999986491351096,1.0957142857142859,1.0362997658079627,0.0,0.9978373261337089,1.0021832562927604,0.0002799696065876045,0.014347646573080103,10,15,False
S09_hit_topology_a100_c75,S09_hit_topology,dt|wS2CDF_max|nPMTS2_max|rmsCogS1T_max,4,100.0,0.0075,0.04178090146749322,0.04204584938329316,-0.006341364271569727,0.06774135758272384,0.06765897511800402,0.001216132472975917,0.1312197664911172,0.13106930895119598,0.0011466072829157126,12,0.15698019134675678,0.17653171459437214,0.001018570914141674,0.8230876073872113,0.0,0.00293856041982436,0.9999884887342192,1.0368480725623583,1.0114285714285713,0.0,0.9936085523502927,1.006621902749457,0.0005435920334520006,0.01785714285714285,10,15,False
S11_historical_core_a300_c25,S11_historical_core,dt|wS2CDF_max|xS2T_max|yS2B_max,4,300.0,0.0025,0.04178090146749322,0.042047247307091466,-0.006374822711890715,0.06774135758272384,0.06771993298734048,0.0003162705346906325,0.1312197664911172,0.13123025439955988,-7.992628491226839e-05,12,0.15794296845488776,0.18125417974175626,0.0009979937239569937,0.8184680281907506,0.0,0.0010021210484134446,0.999998661116643,1.0414614121510675,1.0414614121510675,0.0,0.9978388891546707,1.0021813318964095,0.00030530501974590507,0.00877374071015688,10,15,False
S13_core_s2_shape_a3000_c25,S13_core_s2_shape,dt|wS2CDF_max|xS2T_max|yS2B_max|wS2FWHM_max|tDiffBottomTopS2_max,6,3000.0,0.0025,0.04178090146749322,0.04210824949714208,-0.007834872349596012,0.06774135758272384,0.06777645989804576,-0.0005181814562698062,0.1312197664911172,0.13110832590815089,0.000849266737369514,12,0.15743453005688712,0.30415144811975925,0.0101754205463244,0.6940994907145429,0.0,0.0007431950667029144,0.9999978761592359,1.0828373015873016,1.0414614121510675,0.0,0.997793813601976,1.002213790270082,0.00022618129149920563,0.017031379025598647,10,15,False
S03_bottom_xy_a1000_c25,S03_bottom_xy,dt|wS2CDF_max|xS2B_max|yS2B_max,4,1000.0,0.0025,0.04178090146749322,0.04213751200480941,-0.008535252347143585,0.06774135758272384,0.06774559403161408,-6.253858855820305e-05,0.1312197664911172,0.13115373885478449,0.0005031836140111379,12,0.1580242083576594,0.2305262616389732,0.001810792736251865,0.7691033489377026,0.0,0.0010251826851886516,0.9999983348709992,0.9833333333333333,0.9688013136288999,0.0,0.9978163896040926,1.0022007678481737,0.00026718489691623937,0.014347646573080103,10,15,False
S06_s1_pattern_a3000_c50,S06_s1_pattern,dt|wS2CDF_max|qS1hitStdevTo1_max|qS1channelStdevTo1_max,4,3000.0,0.005,0.04178090146749322,0.04217593660755678,-0.009454921415970707,0.06774135758272384,0.06720773337422194,0.0078773769458379,0.1312197664911172,0.1310623689874709,0.0011994953798134533,12,0.15667789459961612,0.22341684243016616,0.06221513452338083,0.7705643294408149,0.0,0.003818770522410916,0.9999935366651165,1.0265567765567765,1.0172413793103448,0.0,0.9956206986580316,1.0044381527296768,0.0004636111941067611,0.010195187592593746,10,15,False
S11_historical_core_a3000_c75,S11_historical_core,dt|wS2CDF_max|xS2T_max|yS2B_max,4,3000.0,0.0075,0.04178090146749322,0.04217775102952397,-0.009498348482009478,0.06774135758272384,0.06776938512767956,-0.00041374347895950514,0.1312197664911172,0.1309387236657899,0.002141772027511646,12,0.157238981729657,0.7542671948145481,0.0009979937239569937,0.2439323010442924,0.0,0.004376220050787425,0.9999662783480839,1.0607385811467445,1.0535714285714286,0.0,0.9933784608396495,1.0067051766258504,0.00023348566024838924,0.012567191854963466,10,15,False
S05_s2_pattern_a300_c50,S05_s2_pattern,dt|wS2CDF_max|qS2hitStdevTo1_max|qS2channelStdevTo1_max,4,300.0,0.005,0.04178090146749322,0.04223434963585941,-0.010853001070811885,0.06774135758272384,0.06776343416352339,-0.0003258951634175222,0.1312197664911172,0.13089999416000117,0.002436921964326655,12,0.1580379331602152,0.16466896445290397,0.11312310304027985,0.8352590153814496,0.0,0.0026173090362281047,0.9999944202759471,0.9863221884498481,0.9470304975922953,0.0,0.9957309215584702,1.0043706427050778,0.00038835600820941174,0.011457473162675452,10,15,False
S16_geometry_s2_pattern_a100_c75,S16_geometry_s2_pattern,dt|wS2CDF_max|xS2T_max|yS2T_max|xS2B_max|yS2B_max|qS2hitStdevTo1_max|qS2channelStdevTo1_max,8,100.0,0.0075,0.04178090146749322,0.04224347414049874,-0.011071390438174733,0.06774135758272384,0.06774831241904537,-0.0001026675072615113,0.1312197664911172,0.13092550282545778,0.002242525448171162,12,0.1581815328002314,0.1955964813004784,0.11393590205257471,0.8035495653068574,0.0,0.003243373448225337,0.999984797559987,1.0786564625850341,1.0786564625850341,0.0,0.9935842346777533,1.006625292617443,0.0005972043778055269,0.012818941585369392,10,15,False
S16_geometry_s2_pattern_a1000_c50,S16_geometry_s2_pattern,dt|wS2CDF_max|xS2T_max|yS2T_max|xS2B_max|yS2B_max|qS2hitStdevTo1_max|qS2channelStdevTo1_max,8,1000.0,0.005,0.04178090146749322,0.042270405757750026,-0.011715982017229898,0.06774135758272384,0.06779964261359782,-0.0008604054148575457,0.1312197664911172,0.13093336722470167,0.0021825924102288896,12,0.15812456073183756,0.17821904418951592,0.11393590205257471,0.821688358454653,0.0,0.0019467194797330415,0.9999938151463655,1.087557603686636,1.087557603686636,0.0,0.9957447104460363,1.004400245473607,0.0005663232656907269,0.013642936957887403,10,15,False
S04_top_bottom_xy_a3000_c75,S04_top_bottom_xy,dt|wS2CDF_max|xS2T_max|yS2T_max|xS2B_max|yS2B_max,6,3000.0,0.0075,0.04178090146749322,0.04228619352986937,-0.012093852564892149,0.06774135758272384,0.06770539602515276,0.0005308656167271053,0.1312197664911172,0.13106751353717935,0.0011602897795748301,12,0.15728557726324588,0.7387314162251145,0.001821081331344205,0.25954009979937237,0.0,0.00474403315566446,0.9999664380498529,1.0894071914480077,0.9926984126984127,0.0,0.9933845385848126,1.0067049919457878,0.0002852302036064902,0.010294775273175794,10,15,False
S05_s2_pattern_a100_c50,S05_s2_pattern,dt|wS2CDF_max|qS2hitStdevTo1_max|qS2channelStdevTo1_max,4,100.0,0.005,0.04178090146749322,0.0423007659587203,-0.012442634624136861,0.06774135758272384,0.06774542632561309,-6.00629074236636e-05,0.1312197664911172,0.13098084089507447,0.0018208049170617135,12,0.15781507875883838,0.1527650599310664,0.11312310304027985,0.8471629199032872,0.0,0.0021866978815412,0.9999948308812848,1.0925925925925926,1.0593286494925838,0.0,0.995743970980671,1.0043480794955366,0.0005200346949811863,0.012180016515276615,10,15,False
S09_hit_topology_a300_c50,S09_hit_topology,dt|wS2CDF_max|nPMTS2_max|rmsCogS1T_max,4,300.0,0.005,0.04178090146749322,0.04240608805272759,-0.014963453713912278,0.06774135758272384,0.06765539293321905,0.0012690127947290186,0.1312197664911172,0.1312648428436497,-0.00034351800599763394,12,0.15797915007694197,0.15081022686352177,0.001018570914141674,0.8485930346211225,0.0,0.0014864204592525056,0.9999955952767358,1.094887955182073,1.094887955182073,0.0,0.9957502008898388,1.0043532247156244,0.0006373761994100668,0.013521882741535901,10,15,False
S05_s2_pattern_a1000_c50,S05_s2_pattern,dt|wS2CDF_max|qS2hitStdevTo1_max|qS2channelStdevTo1_max,4,1000.0,0.005,0.04178090146749322,0.04243521166493408,-0.01566050933462826,0.06774135758272384,0.06778709952404392,-0.0006752439418449274,0.1312197664911172,0.13083969049957672,0.0028964842851340045,12,0.15817664422483035,0.20259272596326972,0.11312310304027985,0.7973146766808992,0.0,0.002866324751942745,0.9999931993532291,1.0925925925925926,0.9811035525321239,0.0,0.9956883847969326,1.004411392067201,0.00042710252893152223,0.014760528488852176,10,15,False
S05_s2_pattern_a300_c75,S05_s2_pattern,dt|wS2CDF_max|qS2hitStdevTo1_max|qS2channelStdevTo1_max,4,300.0,0.0075,0.04178090146749322,0.042540101964177165,-0.01817099368415076,0.06774135758272384,0.0677205562543496,0.0003070698479705758,0.1312197664911172,0.13078960128920658,0.003278204293556075,12,0.1581478252573877,0.2450331807191728,0.11312310304027985,0.7545244096918565,0.0,0.004135873359485263,0.9999819068325835,1.068840579710145,0.9637320044296789,0.0,0.9935049754778074,1.0066655197525067,0.0005400581477674748,0.01630883567299754,10,15,False
S05_s2_pattern_a100_c75,S05_s2_pattern,dt|wS2CDF_max|qS2hitStdevTo1_max|qS2channelStdevTo1_max,4,100.0,0.0075,0.04178090146749322,0.04258915117554993,-0.01934495618017129,0.06774135758272384,0.06763268887396832,0.0016041708143037514,0.1312197664911172,0.13073583472425546,0.003687948697077559,12,0.15811545073844901,0.22766603220330264,0.11312310304027985,0.7715314573794948,0.0,0.0038780176823818664,0.9999831307970982,1.0195852534562213,1.0195852534562213,0.0,0.9935211656348982,1.006632763952972,0.0005883422318384568,0.015173410404624277,10,15,False
S15_core_hit_pattern_a3000_c50,S15_core_hit_pattern,dt|wS2CDF_max|xS2T_max|yS2B_max|qS2hitStdevTo1_max|qS1hitStdevTo1_max,6,3000.0,0.005,0.04178090146749322,0.042799619457956684,-0.024382384167944693,0.06774135758272384,0.06758559054190436,0.002299437837945173,0.1312197664911172,0.13102517564916022,0.0014829384867877105,12,0.15804926635467687,0.2679150162045373,0.059221153351509855,0.7295848551880241,0.0,0.004893793639843807,0.9999918790849864,1.028839704896043,1.028839704896043,0.0,0.9955649348212677,1.0043847400120658,0.00048097469890462374,0.017367620614658408,10,15,False
S06_s1_pattern_a1000_c75,S06_s1_pattern,dt|wS2CDF_max|qS1hitStdevTo1_max|qS1channelStdevTo1_max,4,1000.0,0.0075,0.04178090146749322,0.04288426671504514,-0.026408363840841664,0.06774135758272384,0.06768640174483036,0.0008112597658878062,0.1312197664911172,0.13089343479325002,0.0024869096066350016,12,0.15689622026880046,0.1673954421523741,0.06221513452338083,0.8225731776325943,0.0,0.004143475473455981,0.9999898698339297,0.9790764790764791,0.9790764790764791,0.0,0.9938339298545507,1.0065998988975637,0.0002535228066014028,0.006829501118134851,10,15,False
S15_core_hit_pattern_a1000_c75,S15_core_hit_pattern,dt|wS2CDF_max|xS2T_max|yS2B_max|qS2hitStdevTo1_max|qS1hitStdevTo1_max,6,1000.0,0.0075,0.04178090146749322,0.04294047669349255,-0.02775371486183742,0.06774135758272384,0.06732369239078607,0.006165586383882649,0.1312197664911172,0.13043358274692118,0.005991351495425956,12,0.15628755666497862,0.201512423478574,0.059221153351509855,0.7962035084109265,0.0,0.0073949277621041904,0.9999859311869366,1.0476190476190477,1.0476190476190477,0.0,0.9934303829095531,1.006537217946579,0.00047935767401197094,0.015068634534007641,10,15,False
S15_core_hit_pattern_a3000_c75,S15_core_hit_pattern,dt|wS2CDF_max|xS2T_max|yS2B_max|qS2hitStdevTo1_max|qS1hitStdevTo1_max,6,3000.0,0.0075,0.04178090146749322,0.04299888214798911,-0.029151613242321073,0.06774135758272384,0.06733334257212197,0.006023130110783814,0.1312197664911172,0.13040629027230752,0.006199342069891145,12,0.15733577703243662,0.410041668810124,0.059221153351509855,0.586480786048665,0.0,0.008231010758267852,0.9999742627344005,1.0405643738977073,1.0405643738977073,0.0,0.993305790082144,1.0066402723817496,0.0005762193626798195,0.018827419620554342,10,15,False
S07_s1_s2_pattern_a3000_c75,S07_s1_s2_pattern,dt|wS2CDF_max|qS2hitStdevTo1_max|qS2channelStdevTo1_max|qS1hitStdevTo1_max|qS1channelStdevTo1_max,6,3000.0,0.0075,0.04178090146749322,0.04349702660565344,-0.04107439231524035,0.06774135758272384,0.06684849652675551,0.013180442315139596,0.1312197664911172,0.13117707019971175,0.0003253800288414155,12,0.15635844597556592,0.15441123514584085,0.1422501157466948,0.8088687689695973,0.0,0.009005361448244546,0.9999879858245294,1.0636054421768708,1.0636054421768708,0.0,0.9938729902360182,1.0066644808045837,0.0007038913052963558,0.00899552251742658,10,15,False
S12_core_channel_pattern_a3000_c75,S12_core_channel_pattern,dt|wS2CDF_max|xS2T_max|yS2B_max|qS2channelStdevTo1_max|qS1channelStdevTo1_max,6,3000.0,0.0075,0.04178090146749322,0.0440508846731105,-0.05433064213282712,0.06774135758272384,0.0664934929160974,0.01842101651273509,0.1312197664911172,0.12927763577658602,0.014800595721702003,12,0.15556797650151388,0.21789186686557951,0.06870723802664747,0.7773342250115747,0.0,0.010059550093072911,0.9999821719159352,1.0479969765684052,1.0479969765684052,0.0,0.9938874044766864,1.006703918971524,0.0006595447135977484,0.016433629221386276,10,15,False
S10_corrected_position_a1000_c75,S10_corrected_position,dt|wS2CDF_max|yS2Tcor_max|xS2Bcor_max,4,1000.0,0.0075,0.04178090146749322,0.04172179947233111,0.0014145696499175964,0.06774135758272384,0.0679074521932549,-0.0024518937390387574,0.1312197664911172,0.1311122841839839,0.0008191014967288135,12,0.15737180838978593,0.5258192293842275,0.005247183497093472,0.4718452595298112,0.0,0.004459428244847888,0.9999707396202071,1.3423280423280424,0.9755291005291005,0.0,0.9934063569954419,1.0067325588274705,0.00026305675427251707,0.014554087530966209,10,14,False
S06_s1_pattern_a300_c25,S06_s1_pattern,dt|wS2CDF_max|qS1hitStdevTo1_max|qS1channelStdevTo1_max,4,300.0,0.0025,0.04178090146749322,0.0417403304605318,0.0009710419243343926,0.06774135758272384,0.06774135758272384,0.0,0.1312197664911172,0.1312197664911172,0.0,12,0.15733078218516294,0.020494881423941562,0.06221513452338083,0.9776325942692525,0.0,0.0011507126692058517,0.999999838551716,1.0414614121510675,1.0414614121510675,0.0,1.0,1.000324287913679,0.000720192654402152,0.004853216196289235,10,14,False
S09_hit_topology_a100_c25,S09_hit_topology,dt|wS2CDF_max|nPMTS2_max|rmsCogS1T_max,4,100.0,0.0025,0.04178090146749322,0.04175777123443489,0.0005536078027500446,0.06774135758272384,0.06766702049957933,0.0010973663032031178,0.1312197664911172,0.1312197664911172,0.0,12,0.15732111173960217,0.05983846905705026,0.001018570914141674,0.93998662482638,0.0,0.0008180567649118195,0.9999995657031405,0.9800664451827243,0.9062980030721967,0.0,0.9981393009365889,1.0019330629514893,0.0005338518985531504,0.00619322873658134,10,14,False
S09_hit_topology_a300_c25,S09_hit_topology,dt|wS2CDF_max|nPMTS2_max|rmsCogS1T_max,4,300.0,0.0025,0.04178090146749322,0.04175812676486003,0.0005450984022188354,0.06774135758272384,0.06770225728264245,0.0005771998300099224,0.1312197664911172,0.13119607535014818,0.00018054551995116963,12,0.15701945915015203,0.07472606615566645,0.001018570914141674,0.9250270075621174,0.0,0.0007167870090555342,0.9999994454082155,1.0843776106934002,1.0843776106934002,0.0,0.9980232430014047,1.0020264250285362,0.0004481652670978997,0.007010896008728604,10,14,False
S15_core_hit_pattern_a100_c25,S15_core_hit_pattern,dt|wS2CDF_max|xS2T_max|yS2B_max|qS2hitStdevTo1_max|qS1hitStdevTo1_max,6,100.0,0.0025,0.04178090146749322,0.04175845966413455,0.0005371306642613094,0.06774135758272384,0.06775465971026458,-0.00019636641507347896,0.1312197664911172,0.1312197664911172,0.0,12,0.15729928377714153,0.0353721899274654,0.059221153351509855,0.9638458768455167,0.0,0.0011936740588202456,0.9999997519687398,1.0,1.0,0.0,0.9985660814390905,1.0014500450974797,0.0004463846070146271,0.004338733113453508,10,14,False
S07_s1_s2_pattern_a300_c25,S07_s1_s2_pattern,dt|wS2CDF_max|qS2hitStdevTo1_max|qS2channelStdevTo1_max|qS1hitStdevTo1_max|qS1channelStdevTo1_max,6,300.0,0.0025,0.04178090146749322,0.041760867012881814,0.00047951226296527594,0.06774135758272384,0.06774077337748992,8.624055595762847e-06,0.1312197664911172,0.1312186348445557,8.624055595762847e-06,12,0.1569741287636054,0.010000514429754618,0.1422501157466948,0.9897422706929369,0.0,0.0022186024890304074,0.9999999039470763,1.0,1.0,0.0,1.0,1.0,0.0009142509730326598,0.0019611890999174236,10,14,False
S14_core_hit_topology_a100_c25,S14_core_hit_topology,dt|wS2CDF_max|xS2T_max|yS2B_max|nPMTS2_max|rmsCogS1T_max,6,100.0,0.0025,0.04178090146749322,0.04178089214833258,2.2304833813269198e-07,0.06774135758272384,0.06777933383616216,-0.0005606066189616232,0.1312197664911172,0.1312197664911172,0.0,12,0.1569401626154303,0.05777046144348989,0.0017181953804208036,0.942106075415402,0.0,0.0006977602109326463,0.9999995782943368,1.0067460317460317,1.0067460317460317,0.0,0.9982063475195528,1.0019318446716743,0.00039399731268674465,0.006915772089182495,10,14,False
S09_hit_topology_a1000_c25,S09_hit_topology,dt|wS2CDF_max|nPMTS2_max|rmsCogS1T_max,4,1000.0,0.0025,0.04178090146749322,0.04179290971438612,-0.00028740995218212717,0.06774135758272384,0.06772776708281633,0.00020062337680371023,0.1312197664911172,0.13119378944751672,0.0001979659337545403,12,0.15714472216297237,0.1007047687638253,0.001018570914141674,0.8990277277637738,0.0,0.0009178273346190312,0.9999992741359912,1.0238095238095237,1.0238095238095237,0.0,0.9979389839240924,1.0021210948363062,0.00046243406134627296,0.006388963060001737,10,14,False
S13_core_s2_shape_a100_c25,S13_core_s2_shape,dt|wS2CDF_max|xS2T_max|yS2B_max|wS2FWHM_max|tDiffBottomTopS2_max,6,100.0,0.0025,0.04178090146749322,0.04179395335847719,-0.00031238892713036925,0.06774135758272384,0.06774077337748992,8.624055595762847e-06,0.1312197664911172,0.13176403077825832,-0.004147730953156126,12,0.15728189728540865,0.1526107310046813,0.0101754205463244,0.8465353156026545,0.0,0.0008898803180673218,0.9999988719846367,1.0742296918767507,1.0350877192982455,0.0,0.9978596387072396,1.0021638320633905,0.000523668494021301,0.013640156428936623,10,14,False
S08_s2_shape_a100_c25,S08_s2_shape,dt|wS2CDF_max|wS2FWHM_max|tDiffBottomTopS2_max,4,100.0,0.0025,0.04178090146749322,0.04182631213099754,-0.0010868761062909904,0.06774135758272384,0.06779209137233046,-0.0007489337594785983,0.1312197664911172,0.13176077032149058,-0.004122883654193998,12,0.1575945480532307,0.1578373373115901,0.009053963681259323,0.8414115952466691,0.0,0.0007837674001789588,0.9999988509167073,0.9936120789779326,0.9672131147540983,0.0,0.9978579153493995,1.00216580940574,0.00046626754509349055,0.009995607403459839,10,14,False
S15_core_hit_pattern_a3000_c25,S15_core_hit_pattern,dt|wS2CDF_max|xS2T_max|yS2B_max|qS2hitStdevTo1_max|qS1hitStdevTo1_max,6,3000.0,0.0025,0.04178090146749322,0.041839641869355834,-0.0014059151382437296,0.06774135758272384,0.06772845300926084,0.00019049770957491052,0.1312197664911172,0.1311404508704941,0.0006044487255542075,12,0.15715740794289035,0.1322290241267555,0.059221153351509855,0.8665569216523483,0.0,0.001574676937639127,0.9999989569967351,1.0843776106934002,1.0843776106934002,0.0,0.9978444504616105,1.002116197923049,0.0003273620397570287,0.007548390365639757,10,14,False
S17_geometry_shape_a3000_c75,S17_geometry_shape,dt|wS2CDF_max|xS2T_max|yS2T_max|xS2B_max|yS2B_max|wS2FWHM_max|tDiffBottomTopS2_max,8,3000.0,0.0075,0.04178090146749322,0.04186230290321328,-0.0019482929487146805,0.06774135758272384,0.06778947264167792,-0.0007102759772021905,0.1312197664911172,0.13130706970685663,-0.0006653206149802582,12,0.15688894281997512,0.6777406245177221,0.010432635423632902,0.3172591182674006,0.0,0.00352441141024026,0.9999665222717753,1.1909937888198758,1.0742296918767507,0.0,0.9933708647327499,1.0067071011213065,0.00022877763459772105,0.011217538016968565,10,14,False
S10_corrected_position_a3000_c25,S10_corrected_position,dt|wS2CDF_max|yS2Tcor_max|xS2Bcor_max,4,3000.0,0.0025,0.04178090146749322,0.04186529143367806,-0.0020198215744697823,0.06774135758272384,0.06792215144054829,-0.0026688844787863264,0.1312197664911172,0.1310822001319315,0.001048366133123646,12,0.1577873369963595,0.2988322444570194,0.005247183497093472,0.6996861978496837,0.0,0.0013146664088288147,0.9999978938651276,1.019140989729225,0.9657738095238095,0.0,0.997811377608253,1.0022229214660403,0.00020376460140147934,0.01073492981007429,10,14,False
S06_s1_pattern_a3000_c25,S06_s1_pattern,dt|wS2CDF_max|qS1hitStdevTo1_max|qS1channelStdevTo1_max,4,3000.0,0.0025,0.04178090146749322,0.04187370203204765,-0.002221124037417699,0.06774135758272384,0.0677889704635204,-0.0007028628078262766,0.1312197664911172,0.13119607535014818,0.00018054551995116963,12,0.15748412032873405,0.10302999125469417,0.06221513452338083,0.8940171819538042,0.0,0.0011813171404961385,0.999999269725534,1.0172413793103448,1.0172413793103448,0.0,0.9979054744925897,1.0021121936075523,0.0004150730495600108,0.010517079095459209,10,14,False
S17_geometry_shape_a1000_c75,S17_geometry_shape,dt|wS2CDF_max|xS2T_max|yS2T_max|xS2B_max|yS2B_max|wS2FWHM_max|tDiffBottomTopS2_max,8,1000.0,0.0075,0.04178090146749322,0.041884326067607974,-0.002475403748653404,0.06774135758272384,0.06812363172893415,-0.005643142680503477,0.1312197664911172,0.13112203762523336,0.0007447724416613788,12,0.15716885378138024,0.5320232522249086,0.010432635423632902,0.46550748495292965,0.0,0.004014717964390429,0.9999697122745983,1.0823575331772053,1.0823575331772053,0.0,0.9933864008856048,1.006718790937082,0.0003601240321315924,0.017911677446028063,10,14,False
S04_top_bottom_xy_a100_c25,S04_top_bottom_xy,dt|wS2CDF_max|xS2T_max|yS2T_max|xS2B_max|yS2B_max,6,100.0,0.0025,0.04178090146749322,0.04188835612483982,-0.0025718606725180226,0.06774135758272384,0.06771519374784613,0.00038623133358028916,0.1312197664911172,0.1310413417116292,0.0013597401082104943,12,0.15726212136704587,0.13478059570965584,0.001821081331344205,0.865034209578682,0.0,0.001081378652733171,0.9999989712149313,0.9969278033794163,0.9969278033794163,0.0,0.9978864287365485,1.0021639889796046,0.00029486973159631447,0.008464079273327846,10,14,False
S10_corrected_position_a3000_c50,S10_corrected_position,dt|wS2CDF_max|yS2Tcor_max|xS2Bcor_max,4,3000.0,0.005,0.04178090146749322,0.041893510900687964,-0.0026952370398793946,0.06774135758272384,0.06794924004607428,-0.0030687673050628916,0.1312197664911172,0.13083910469837445,0.0029009485607376373,12,0.1577493149537773,0.5377951540717115,0.005247183497093472,0.45913884459077114,0.0,0.002707540488126517,0.999986817680451,0.9640522875816994,0.9118629908103593,0.0,0.9955970376931116,1.0044812349631214,0.00018004643232716333,0.01393476465730803,10,14,False
S16_geometry_s2_pattern_a3000_c25,S16_geometry_s2_pattern,dt|wS2CDF_max|xS2T_max|yS2T_max|xS2B_max|yS2B_max|qS2hitStdevTo1_max|qS2channelStdevTo1_max,8,3000.0,0.0025,0.04178090146749322,0.04189672753048328,-0.0027722250818396077,0.06774135758272384,0.06771607889449971,0.0003731647715099484,0.1312197664911172,0.13113465728651777,0.0006486004881374186,12,0.15676314620665655,0.12799012294871134,0.11393590205257471,0.8715263130819486,0.0,0.00103971964988783,0.9999988520942553,1.0535714285714286,0.9902419984387197,0.0,0.9979198031462063,1.0021660992124168,0.00027245081970117546,0.015070189925681252,10,14,False
S09_hit_topology_a100_c50,S09_hit_topology,dt|wS2CDF_max|nPMTS2_max|rmsCogS1T_max,4,100.0,0.005,0.04178090146749322,0.0419052958766746,-0.0029773031412010376,0.06774135758272384,0.06777122280229783,-0.00044087128808301124,0.1312197664911172,0.1312057299441702,0.00010696976013846449,12,0.1572170251912205,0.11743402438397037,0.001018570914141674,0.8822881835485364,0.0,0.0013260982937853554,0.9999966255678772,1.0642135642135642,1.0642135642135642,0.0,0.9958428905155722,1.00427703474465,0.0008796392813372744,0.01682493806771264,10,14,False
S04_top_bottom_xy_a3000_c25,S04_top_bottom_xy,dt|wS2CDF_max|xS2T_max|yS2T_max|xS2B_max|yS2B_max,6,3000.0,0.0025,0.04178090146749322,0.041905400195645884,-0.0029797999511698148,0.06774135758272384,0.06794787384474077,-0.0030485993990412297,0.1312197664911172,0.1309428622247125,0.002110232884947605,12,0.1577802121249008,0.33340192396728224,0.001821081331344205,0.6660424918977313,0.0,0.0013099879932869892,0.9999976669106379,1.0607385811467445,0.9588057445200303,0.0,0.9978016954539608,1.0022259451873228,0.0001448360461486775,0.013831544178365018,10,14,False
S08_s2_shape_a3000_c50,S08_s2_shape,dt|wS2CDF_max|wS2FWHM_max|tDiffBottomTopS2_max,4,3000.0,0.005,0.04178090146749322,0.041912948648351635,-0.0031604674916156927,0.06774135758272384,0.06813718001869805,-0.005843142949871316,0.1312197664911172,0.13067377210690728,0.004160915682218214,12,0.1574909342160412,0.5346982869489171,0.009053963681259323,0.4611759864190545,0.0,0.0022489360165182204,0.9999863924825695,1.0368480725623583,0.9772256728778468,0.0,0.9955648033551792,1.0044657727435733,0.0002756152415055446,0.012131735453188686,10,14,False
S03_bottom_xy_a3000_c25,S03_bottom_xy,dt|wS2CDF_max|xS2B_max|yS2B_max,4,3000.0,0.0025,0.04178090146749322,0.04191593892637151,-0.0032320379440196056,0.06774135758272384,0.06789690734107101,-0.0022962303074192114,0.1312197664911172,0.1310001837240903,0.001673397026215162,12,0.15757879823817167,0.34833067544626783,0.001810792736251865,0.6511034518236535,0.0,0.0011345086409857257,0.9999975875889217,1.0067460317460317,1.0067460317460317,0.0,0.9977941547545234,1.002224858306847,0.00015585453810551542,0.015724700872613073,10,14,False
S14_core_hit_topology_a100_c50,S14_core_hit_topology,dt|wS2CDF_max|xS2T_max|yS2B_max|nPMTS2_max|rmsCogS1T_max,6,100.0,0.005,0.04178090146749322,0.041917408048774,-0.0032672004788356634,0.06774135758272384,0.0677968936210632,-0.0008198247026793837,0.1312197664911172,0.13118543412470135,0.00026164020356012063,12,0.1570605779424148,0.11555121148207212,0.0017181953804208036,0.8841401306651576,0.0,0.0011291874470157868,0.99999664953131,1.0278745644599303,0.9833333333333333,0.0,0.9958953118603227,1.0042998967911159,0.0006992043073978937,0.012283236994219654,10,14,False
S11_historical_core_a3000_c25,S11_historical_core,dt|wS2CDF_max|xS2T_max|yS2B_max,4,3000.0,0.0025,0.04178090146749322,0.04193080422341599,-0.0035878296220916983,0.06774135758272384,0.06790114026759513,-0.002358716898700486,0.1312197664911172,0.13103148790780017,0.0014348340067330545,12,0.15759358185234007,0.3472195071762951,0.0009979937239569937,0.6522351972838109,0.0,0.0011430234693057654,0.9999975992562082,0.9577922077922078,0.9577922077922078,0.0,0.9977985647843274,1.0022242360263744,0.00017773412265942312,0.016928158546655636,10,14,False
S13_core_s2_shape_a3000_c50,S13_core_s2_shape,dt|wS2CDF_max|xS2T_max|yS2B_max|wS2FWHM_max|tDiffBottomTopS2_max,6,3000.0,0.005,0.04178090146749322,0.04193732344514735,-0.003743863156610683,0.06774135758272384,0.06812858217857416,-0.005716221370046348,0.1312197664911172,0.13081536810400599,0.003081840472095143,12,0.1573220500538286,0.5377231339060651,0.0101754205463244,0.45856268326560007,0.0,0.001968691275780075,0.9999864118223459,0.9950396825396826,0.9915966386554622,0.0,0.9955703456580864,1.0044679877526974,0.0002617657236421156,0.015792733278282345,10,14,False
S05_s2_pattern_a1000_c25,S05_s2_pattern,dt|wS2CDF_max|qS2hitStdevTo1_max|qS2channelStdevTo1_max,4,1000.0,0.0025,0.04178090146749322,0.041942631663398386,-0.003870912072852173,0.06774135758272384,0.06773839456779554,4.374011732322103e-05,0.1312197664911172,0.13112942497037292,0.0006884749391045109,12,0.15740521321111245,0.10094140645094912,0.11312310304027985,0.8990071505735892,0.0,0.0009278840118207855,0.9999991261814758,1.0362997658079627,1.0362997658079627,0.0,0.997955903773364,1.0021197288897374,0.0002818879503345695,0.012180016515276629,10,14,False
S16_geometry_s2_pattern_a3000_c50,S16_geometry_s2_pattern,dt|wS2CDF_max|xS2T_max|yS2T_max|xS2B_max|yS2B_max|qS2hitStdevTo1_max|qS2channelStdevTo1_max,8,3000.0,0.005,0.04178090146749322,0.04194429848296522,-0.003910806366854702,0.06774135758272384,0.06789195953937602,-0.002223190706921674,0.1312197664911172,0.13072827300323353,0.0037455750838950586,12,0.15765041089009513,0.25752353516127374,0.11393590205257471,0.7403981686300736,0.0,0.0030176648391412523,0.999991569856693,1.0460992907801419,0.9783163265306122,0.0,0.995717390525382,1.0044569000769719,0.00025257419967195105,0.014270303124104322,10,14,False
S02_top_xy_a3000_c50,S02_top_xy,dt|wS2CDF_max|xS2T_max|yS2T_max,4,3000.0,0.005,0.04178090146749322,0.0419604689668646,-0.004297836883943029,0.06774135758272384,0.06803648082554246,-0.004356618369483201,0.1312197664911172,0.13072931277751557,0.0037376511688490544,12,0.1575158924181036,0.5887031225886106,0.0006893358711867895,0.4102165749266938,0.0,0.002931851994535004,0.9999858403402118,1.0702947845804989,1.0702947845804989,0.0,0.995579078420824,1.0044805828657277,0.00017428774264582891,0.014304756115011696,10,14,False
S16_geometry_s2_pattern_a1000_c75,S16_geometry_s2_pattern,dt|wS2CDF_max|xS2T_max|yS2T_max|xS2B_max|yS2B_max|qS2hitStdevTo1_max|qS2channelStdevTo1_max,8,1000.0,0.0075,0.04178090146749322,0.041961269841669424,-0.004317005326381906,0.06774135758272384,0.06765413183682388,0.0012876291384247285,0.1312197664911172,0.13071235016736552,0.003866919880443631,12,0.1577613910269966,0.26475641751118884,0.11393590205257471,0.7349452132311333,0.0,0.0036890526530822722,0.9999804123289446,1.1955420466058764,1.0476190476190477,0.0,0.9935454867600882,1.0066882797752106,0.0005494997535828716,0.014141205615194052,10,14,False
S14_core_hit_topology_a100_c75,S14_core_hit_topology,dt|wS2CDF_max|xS2T_max|yS2B_max|nPMTS2_max|rmsCogS1T_max,6,100.0,0.0075,0.04178090146749322,0.04196432980740386,-0.004390243711073438,0.06774135758272384,0.06797714729381153,-0.003480734952790776,0.1312197664911172,0.13096188959243218,0.001965229062516727,12,0.15684766238144943,0.17185040382735736,0.0017181953804208036,0.827707186583672,0.0,0.0022666809756732038,0.9999890326168572,1.0535714285714286,0.9965404965404966,0.0,0.9936895410075832,1.006605682032179,0.0008059743884607506,0.01732227988203569,10,14,False
S03_bottom_xy_a3000_c50,S03_bottom_xy,dt|wS2CDF_max|xS2B_max|yS2B_max,4,3000.0,0.005,0.04178090146749322,0.04196729923078338,-0.004461315020576562,0.06774135758272384,0.06793135973271691,-0.0028048175704338263,0.1312197664911172,0.13080073416112323,0.003193362869018168,12,0.15757970373245167,0.6019033900920829,0.001810792736251865,0.3968414013066516,0.0,0.0026666927616996556,0.999985652855187,0.9800664451827243,0.9101274312541918,0.0,0.9955780922636388,1.0044830435621237,0.0001880115690418016,0.020189186337541853,10,14,False
S14_core_hit_topology_a300_c50,S14_core_hit_topology,dt|wS2CDF_max|xS2T_max|yS2B_max|nPMTS2_max|rmsCogS1T_max,6,300.0,0.005,0.04178090146749322,0.041990185032678526,-0.005009072514821966,0.06774135758272384,0.0678282842459656,-0.0012832140710437034,0.1312197664911172,0.13117010299658657,0.0003784757118431292,12,0.15717948360077894,0.15016204537270436,0.0017181953804208036,0.8493029476824939,0.0,0.0011086269195754932,0.9999956489288144,1.0952380952380953,1.0952380952380953,0.0,0.9957713680984505,1.004359982384631,0.0005220148070625985,0.01393476465730803,10,14,False
S13_core_s2_shape_a300_c25,S13_core_s2_shape,dt|wS2CDF_max|xS2T_max|yS2B_max|wS2FWHM_max|tDiffBottomTopS2_max,6,300.0,0.0025,0.04178090146749322,0.042066557905164656,-0.0068370099169279275,0.06774135758272384,0.06777401858617794,-0.00048214273553970344,0.1312197664911172,0.13137201618551692,-0.0011602649392767894,12,0.15813060402622559,0.17045115489479912,0.0101754205463244,0.8288492206389217,0.0,0.0009733356347404312,0.9999987383599019,1.1238095238095238,1.0172413793103448,0.0,0.9978411614827841,1.0021738664852342,0.00022620514267523983,0.01125103220478943,10,14,False
S01_M06_reference_a3000_c25,S01_M06_reference,dt|wS2CDF_max,2,3000.0,0.0025,0.04178090146749322,0.04211285658463089,-0.00794514013528258,0.06774135758272384,0.06791834518376974,-0.002612696399385994,0.1312197664911172,0.13100920208931438,0.0016046698407824467,12,0.15752330231724743,0.34555275477133596,0.0006790472760944493,0.6538402181182159,0.0,0.0011160570753381762,0.999997587788483,0.9271428571428572,0.921875,0.0,0.9977914248649692,1.0022235250276708,0.00025471877910798746,0.01321222130470684,10,14,False
S17_geometry_shape_a100_c25,S17_geometry_shape,dt|wS2CDF_max|xS2T_max|yS2T_max|xS2B_max|yS2B_max|wS2FWHM_max|tDiffBottomTopS2_max,8,100.0,0.0025,0.04178090146749322,0.042135934117975546,-0.008497486603024962,0.06774135758272384,0.06774655251954677,-7.668781684189163e-05,0.1312197664911172,0.13144601920738416,-0.0017242273958952836,12,0.1580936111508784,0.12939966047636195,0.010432635423632902,0.8699418694377283,0.0,0.001087442188716796,0.9999989995950962,1.028486394557823,1.028486394557823,0.0,0.9978991302044038,1.002153144418346,0.00037512648252313596,0.009496284062758056,10,14,False
S03_bottom_xy_a3000_c75,S03_bottom_xy,dt|wS2CDF_max|xS2B_max|yS2B_max,4,3000.0,0.0075,0.04178090146749322,0.042140959565725056,-0.008617767582443703,0.06774135758272384,0.0677189630046889,0.00033058944836761306,0.1312197664911172,0.13100517306460624,0.0016353742446681974,12,0.1572451844263365,0.7555224034158136,0.001810792736251865,0.24271824682339627,0.0,0.004241388682875015,0.9999661821486662,1.1017740429505136,1.0535714285714286,0.0,0.9933754790642354,1.0067058487537317,0.0002176878491051415,0.014425213742776055,10,14,False
S12_core_channel_pattern_a3000_c50,S12_core_channel_pattern,dt|wS2CDF_max|xS2T_max|yS2B_max|qS2channelStdevTo1_max|qS1channelStdevTo1_max,6,3000.0,0.005,0.04178090146749322,0.04215840537432266,-0.009035322206323082,0.06774135758272384,0.0674752657567738,0.003928055702531408,0.1312197664911172,0.13042853368492502,0.006029829402613207,12,0.15467883213320643,0.13856679870363703,0.06870723802664747,0.8582231596275529,0.0,0.006105803598549918,0.9999940979856511,1.0195852534562213,1.0195852534562213,0.0,0.9960211180929224,1.004414017918359,0.0007293279088693705,0.016115839265057413,10,14,False
S14_core_hit_topology_a3000_c25,S14_core_hit_topology,dt|wS2CDF_max|xS2T_max|yS2B_max|nPMTS2_max|rmsCogS1T_max,6,3000.0,0.0025,0.04178090146749322,0.04216488282868951,-0.009190356064840755,0.06774135758272384,0.06768211900752662,0.0008744816654270293,0.1312197664911172,0.1312292488107108,-7.226289031869726e-05,12,0.15806151627980747,0.14516178815782704,0.0017181953804208036,0.8542414733268172,0.0,0.0009207140019135119,0.9999989834113465,0.9833333333333333,0.9833333333333333,0.0,0.9978965223313351,1.002181945169589,0.0002420043095971991,0.0070189925681255205,10,14,False
S02_top_xy_a3000_c25,S02_top_xy,dt|wS2CDF_max|xS2T_max|yS2T_max,4,3000.0,0.0025,0.04178090146749322,0.042188339275269014,-0.009751771586182567,0.06774135758272384,0.06790039485636863,-0.0023477131152940256,0.1312197664911172,0.13092230154243412,0.0022669217956824417,12,0.15813190460640014,0.33417356859920777,0.0006893358711867895,0.6652914244559905,0.0,0.0013105572506723296,0.999997669765739,1.0114285714285713,1.009672619047619,0.0,0.9977997865266257,1.0022255580363553,0.00022472248720584176,0.01847646573080103,10,14,False
S16_geometry_s2_pattern_a3000_c75,S16_geometry_s2_pattern,dt|wS2CDF_max|xS2T_max|yS2T_max|xS2B_max|yS2B_max|qS2hitStdevTo1_max|qS2channelStdevTo1_max,8,3000.0,0.0075,0.04178090146749322,0.042248034610986085,-0.011180542474803046,0.06774135758272384,0.06792999294826267,-0.0027846410563661106,0.1312197664911172,0.1309389975544378,0.0021396847760615234,12,0.15773487873232783,0.38378517413447194,0.11393590205257471,0.6098358969082772,0.0,0.005019002928552999,0.9999753351293575,1.0077639751552794,0.9420168067226891,0.0,0.9935285912581117,1.0067355386485728,0.00032337036107366046,0.018786127167630062,10,14,False
S09_hit_topology_a3000_c50,S09_hit_topology,dt|wS2CDF_max|nPMTS2_max|rmsCogS1T_max,4,3000.0,0.005,0.04178090146749322,0.04226882878815002,-0.011678238226535687,0.06774135758272384,0.06788198587155472,-0.002075959116395687,0.1312197664911172,0.1314457893763323,-0.0017224758987086641,12,0.15708812980512465,0.2778332218735532,0.001018570914141674,0.7215494624209065,0.0,0.0026935203000191758,0.9999918258501387,0.9930213464696223,0.9930213464696223,0.0,0.9956276505602868,1.004465377867937,0.00048505834753553856,0.01555656942471556,10,14,False
S06_s1_pattern_a1000_c50,S06_s1_pattern,dt|wS2CDF_max|qS1hitStdevTo1_max|qS1channelStdevTo1_max,4,1000.0,0.005,0.04178090146749322,0.042268934690744664,-0.011680772939548723,0.06774135758272384,0.06773655044816555,7.096306790754792e-05,0.1312197664911172,0.13112615644280515,0.0007133837440442825,12,0.15725114419066932,0.11407994238386748,0.06221513452338083,0.8810741293276403,0.0,0.0025423870381931406,0.9999969185222964,1.059732664995823,1.059732664995823,0.0,0.9962588236256329,1.0043615928403902,0.00015083744379951192,0.006709331131296459,10,14,False
S15_core_hit_pattern_a300_c75,S15_core_hit_pattern,dt|wS2CDF_max|xS2T_max|yS2B_max|qS2hitStdevTo1_max|qS1hitStdevTo1_max,6,300.0,0.0075,0.04178090146749322,0.04231411173021174,-0.012762057399201332,0.06774135758272384,0.06763533567959261,0.0015650985884326785,0.1312197664911172,0.1306607095092116,0.004260463166907313,12,0.156794737721777,0.12540768558053397,0.059221153351509855,0.8709295745665929,0.0,0.005994749460936404,0.9999915509346222,1.0132708821233412,1.0132708821233412,0.0,0.993641225806092,1.0063766511742227,0.0012393460159508818,0.0138301166271029,10,14,False
S11_historical_core_a3000_c50,S11_historical_core,dt|wS2CDF_max|xS2T_max|yS2B_max,4,3000.0,0.005,0.04178090146749322,0.042333786840348796,-0.013232968974729697,0.06774135758272384,0.06798293980821511,-0.0035662442282213824,0.1312197664911172,0.13074085562701984,0.003649685385850532,12,0.157589745531042,0.6014918462883894,0.0009979937239569937,0.3972323679201605,0.0,0.002655371935272331,0.9999856801647501,1.0383022774327122,0.963265306122449,0.0,0.9955745631337269,1.0044815736533956,0.00018155164367117393,0.0213246329126503,10,14,False
S08_s2_shape_a300_c75,S08_s2_shape,dt|wS2CDF_max|wS2FWHM_max|tDiffBottomTopS2_max,4,300.0,0.0075,0.04178090146749322,0.042341389941153273,-0.013414944483572944,0.06774135758272384,0.06830691729658982,-0.008348809856302708,0.1312197664911172,0.13066019260706613,0.00426440237636716,12,0.15847743698294525,0.4649210350326663,0.009053963681259323,0.5328463398322959,0.0,0.0039416637697596854,0.9999724385355289,1.0894071914480077,1.0058788947677837,0.0,0.9933830711873756,1.0067043337636026,0.0005529146680347541,0.019349615741552362,10,14,False
S01_M06_reference_a3000_c50,S01_M06_reference,dt|wS2CDF_max,2,3000.0,0.005,0.04178090146749322,0.0423515144543163,-0.013657268435603998,0.06774135758272384,0.06807993715450218,-0.004998122031506069,0.1312197664911172,0.13068821718905776,0.004050832555744677,12,0.15769677782122282,0.5982303616441175,0.0006790472760944493,0.4005864499202634,0.0,0.002970889099074206,0.999985490788346,0.9271428571428572,0.8990476190476191,0.0,0.9955750368601531,1.004479374869907,0.0001851263251781976,0.020292119175558843,10,14,False
S17_geometry_shape_a3000_c50,S17_geometry_shape,dt|wS2CDF_max|xS2T_max|yS2T_max|xS2B_max|yS2B_max|wS2FWHM_max|tDiffBottomTopS2_max,8,3000.0,0.005,0.04178090146749322,0.042360113439941935,-0.013863079830849445,0.06774135758272384,0.06802972327187788,-0.004256863154859181,0.1312197664911172,0.13092738998646908,0.0022281437657328818,12,0.15781070090209293,0.5286177272493441,0.010432635423632902,0.4679253047996296,0.0,0.002026480609768059,0.9999866921484158,1.0593286494925838,1.0593286494925838,0.0,0.9955809378373588,1.0044661713953913,0.0002149390142751617,0.014505092693247179,10,14,False
S04_top_bottom_xy_a3000_c50,S04_top_bottom_xy,dt|wS2CDF_max|xS2T_max|yS2T_max|xS2B_max|yS2B_max,6,3000.0,0.005,0.04178090146749322,0.04236127531488458,-0.013890888588004913,0.06774135758272384,0.06813051444062422,-0.00574474548174142,0.1312197664911172,0.1307633145164379,0.003478530612308184,12,0.1575416566932515,0.5841658521528885,0.001821081331344205,0.4146818251967694,0.0,0.0030539430895761936,0.9999858910190661,1.0886904761904763,0.9577922077922078,0.0,0.9955761621785582,1.0044756214645658,0.00019228614016308931,0.015542943767519968,10,14,False
S08_s2_shape_a300_c50,S08_s2_shape,dt|wS2CDF_max|wS2FWHM_max|tDiffBottomTopS2_max,4,300.0,0.005,0.04178090146749322,0.04237210524159261,-0.014150096176344107,0.06774135758272384,0.06799569204894568,-0.003754493197324127,0.1312197664911172,0.13113402306424893,0.0006534337711542326,12,0.1581650214476632,0.3331035547096044,0.009053963681259323,0.6653428674314522,0.0,0.002172872638913659,0.9999906995869645,0.9995421245421245,0.9429223744292238,0.0,0.9955955860247048,1.0044460105647783,0.00046814595925459557,0.015000570168235416,10,14,False
S10_corrected_position_a100_c75,S10_corrected_position,dt|wS2CDF_max|yS2Tcor_max|xS2Bcor_max,4,100.0,0.0075,0.04178090146749322,0.042397801595361176,-0.014765122488989979,0.06774135758272384,0.06782276495955737,-0.00120173819566749,0.1312197664911172,0.13119940755242965,0.0001551514625574013,12,0.15855049343132832,0.3783322187355317,0.005247183497093472,0.6203302639024642,0.0,0.004314793682943547,0.9999763662327715,1.034275248560963,1.034275248560963,0.0,0.9934248870316043,1.0067103463858293,0.0006454681738090606,0.013831544178365018,10,14,False
S01_M06_reference_a100_c50,S01_M06_reference,dt|wS2CDF_max,2,100.0,0.005,0.04178090146749322,0.04241637445155008,-0.015209652298940446,0.06774135758272384,0.06793922531472753,-0.0029209295335135277,0.1312197664911172,0.1311223217156281,0.0007426074447075548,12,0.15832125544808995,0.32036627398528733,0.0006790472760944493,0.679160450640465,0.0,0.0023547505888473225,0.999991027643783,0.9942795299938156,0.9725274725274725,0.0,0.9956050347676048,1.0044430214183715,0.000330317718479467,0.014623387687383194,10,14,False
S08_s2_shape_a100_c50,S08_s2_shape,dt|wS2CDF_max|wS2FWHM_max|tDiffBottomTopS2_max,4,100.0,0.005,0.04178090146749322,0.04244126945540386,-0.01580549879768456,0.06774135758272384,0.06793659029221844,-0.0028820312503508028,0.1312197664911172,0.1311929782960274,0.000204147559518697,12,0.15819040546589969,0.3056021400277792,0.009053963681259323,0.6928339935181851,0.0,0.0021423087599232783,0.9999914071541006,1.028486394557823,1.028486394557823,0.0,0.9956085715922309,1.0044358853577036,0.00038562435677858,0.017474963946873256,10,14,False
S17_geometry_shape_a100_c50,S17_geometry_shape,dt|wS2CDF_max|xS2T_max|yS2T_max|xS2B_max|yS2B_max|wS2FWHM_max|tDiffBottomTopS2_max,8,100.0,0.005,0.04178090146749322,0.04244439366613895,-0.01588027484667731,0.06774135758272384,0.06792656928308573,-0.0027341008059325045,0.1312197664911172,0.13118060554898078,0.0002984378282601119,12,0.15844199018068306,0.2550851381243891,0.010432635423632902,0.7437522506301765,0.0,0.0029446376550504865,0.9999923697882787,1.060197663971249,0.9915966386554622,0.0,0.995642564517581,1.0044424893674977,0.0007700037863342946,0.013521882741535929,10,14,False
S02_top_xy_a100_c50,S02_top_xy,dt|wS2CDF_max|xS2T_max|yS2T_max,4,100.0,0.005,0.04178090146749322,0.042450628719780004,-0.01602950699395156,0.06774135758272384,0.0678561539582426,-0.0016946276191551757,0.1312197664911172,0.1311946421877039,0.00019146736871367143,12,0.1584739178380623,0.2693245537321879,0.0006893358711867895,0.7303153454395802,0.0,0.003067817374255205,0.9999920213437524,1.0982683982683983,1.0982683982683983,0.0,0.9956327568833072,1.004441315704143,0.00043576631304320657,0.017547481420313815,10,14,False
S10_corrected_position_a100_c50,S10_corrected_position,dt|wS2CDF_max|yS2Tcor_max|xS2Bcor_max,4,100.0,0.005,0.04178090146749322,0.04246455502714459,-0.016362824535590237,0.06774135758272384,0.0678469238701972,-0.0015583727761057098,0.1312197664911172,0.13118730911081306,0.0002473513036340691,12,0.15851468337655295,0.26267812130253615,0.005247183497093472,0.7364061937342455,0.0,0.0025480643549419413,0.9999923873118461,1.0278745644599303,0.9851576994434138,0.0,0.9956485753174293,1.0044373412477483,0.00030078644953057676,0.012592898431048716,10,14,False
S01_M06_reference_a300_c75,S01_M06_reference,dt|wS2CDF_max,2,300.0,0.0075,0.04178090146749322,0.042465524452569944,-0.016386027132740955,0.06774135758272384,0.06818946456806577,-0.006614969072544996,0.1312197664911172,0.13085034165645779,0.002815313916020523,12,0.1583478233147675,0.4861978496836257,0.0006790472760944493,0.5130099284942641,0.0,0.0039248167999095295,0.9999717890280815,1.0535714285714286,1.0535714285714286,0.0,0.9933785599405343,1.0067109225110493,0.0004849677055489554,0.014294241241163352,10,14,False
S10_corrected_position_a1000_c50,S10_corrected_position,dt|wS2CDF_max|yS2Tcor_max|xS2Bcor_max,4,1000.0,0.005,0.04178090146749322,0.0424679222710847,-0.016443417433824603,0.06774135758272384,0.06792224582692642,-0.00267027781339757,0.1312197664911172,0.1310122217412113,0.001581657668320413,12,0.1582171329446065,0.3777766346005453,0.005247183497093472,0.6206697875405114,0.0,0.0030098136777428593,0.9999896056290578,1.0535714285714286,0.9619565217391305,0.0,0.995607406001179,1.0044681786384826,0.00023447879451032883,0.014450867052023142,10,14,False
S17_geometry_shape_a300_c50,S17_geometry_shape,dt|wS2CDF_max|xS2T_max|yS2T_max|xS2B_max|yS2B_max|wS2FWHM_max|tDiffBottomTopS2_max,8,300.0,0.005,0.04178090146749322,0.042469847950196093,-0.01648950737070365,0.06774135758272384,0.06785259044313102,-0.0016420228996938402,0.1312197664911172,0.13104835986750552,0.0013062561243262216,12,0.15822224720572808,0.30801995987447917,0.010432635423632902,0.6908791604506405,0.0,0.002863663645059488,0.9999911209816666,1.0805860805860807,1.0805860805860807,0.0,0.9956196387099963,1.0044432233263738,0.0005191078386630466,0.013036866873557929,10,14,False
S05_s2_pattern_a1000_c75,S05_s2_pattern,dt|wS2CDF_max|qS2hitStdevTo1_max|qS2channelStdevTo1_max,4,1000.0,0.0075,0.04178090146749322,0.04249511363230159,-0.017094225823826248,0.06774135758272384,0.06791521744780052,-0.0025665246650004025,0.1312197664911172,0.1306900962473183,0.004036512622774269,12,0.15756765730528743,0.3002006276043006,0.11312310304027985,0.6996553320644066,0.0,0.0037986012189719833,0.9999787605631919,0.9950396825396826,0.9897186147186148,0.0,0.9934902864269496,1.00669783198006,0.000531266731622182,0.017341040462427793,10,14,False
S13_core_s2_shape_a1000_c75,S13_core_s2_shape,dt|wS2CDF_max|xS2T_max|yS2B_max|wS2FWHM_max|tDiffBottomTopS2_max,6,1000.0,0.0075,0.04178090146749322,0.04251352396373516,-0.01753486570441609,0.06774135758272384,0.06818481218930013,-0.0065462905143989225,0.1312197664911172,0.13087335819482576,0.0026399094096458686,12,0.1575005604080295,0.54095375276506,0.0101754205463244,0.4563917897011163,0.0,0.003924781377138527,0.9999692787627421,1.0780730897009967,0.9365079365079365,0.0,0.9933706257836282,1.006708118447824,0.0003301923477525559,0.018635019801201302,10,14,False
S14_core_hit_topology_a1000_c75,S14_core_hit_topology,dt|wS2CDF_max|xS2T_max|yS2B_max|nPMTS2_max|rmsCogS1T_max,6,1000.0,0.0075,0.04178090146749322,0.04251695969073979,-0.01761709770238551,0.06774135758272384,0.06786907854272489,-0.001885420732011145,0.1312197664911172,0.13130672196748153,-0.0006626705616812334,12,0.15686706891978064,0.30235094397859974,0.0017181953804208036,0.6967436596532743,0.0,0.004011393568868141,0.9999805422042536,1.0769841269841272,1.0769841269841272,0.0,0.9934506786173879,1.0067119025023474,0.0004919882492218086,0.011973575557390592,10,14,False
S10_corrected_position_a300_c50,S10_corrected_position,dt|wS2CDF_max|yS2Tcor_max|xS2Bcor_max,4,300.0,0.005,0.04178090146749322,0.04253554650720895,-0.01806196164299778,0.06774135758272384,0.0679535200907239,-0.0031319494555592797,0.1312197664911172,0.13098432263101872,0.0017942712930708593,12,0.15847074904099556,0.2991717680950666,0.005247183497093472,0.699819949585884,0.0,0.0024858650416641885,0.9999915064738106,1.0460992907801419,1.0256991685563113,0.0,0.9956332026178454,1.00444961170862,0.00028740330355159216,0.013005780346820817,10,14,False
S02_top_xy_a300_c50,S02_top_xy,dt|wS2CDF_max|xS2T_max|yS2T_max,4,300.0,0.005,0.04178090146749322,0.042546537940647756,-0.018325034794910433,0.06774135758272384,0.0679668846965705,-0.0033292381773017965,0.1312197664911172,0.1310089253385431,0.0016067789039112546,12,0.1582512969568286,0.32000617315705543,0.0006893358711867895,0.6796028602294357,0.0,0.0031977445956383648,0.9999908265180867,1.0479969765684052,1.0479969765684052,0.0,0.995616584333995,1.004452766576128,0.00041493590966346083,0.017683045523373964,10,14,False
S01_M06_reference_a300_c50,S01_M06_reference,dt|wS2CDF_max,2,300.0,0.005,0.04178090146749322,0.042559920969457404,-0.018645349300811187,0.06774135758272384,0.06809485054695111,-0.005218273988613076,0.1312197664911172,0.13104920207599613,0.0012998378192710103,12,0.15842404675328015,0.3506147435567673,0.0006790472760944493,0.6488296723082463,0.0,0.0022996539632683622,0.9999903383961637,1.0059907834101383,0.921875,0.0,0.9955967875036849,1.0044517176018604,0.0003145435812159647,0.014554087530966098,10,14,False
S11_historical_core_a1000_c50,S11_historical_core,dt|wS2CDF_max|xS2T_max|yS2B_max,4,1000.0,0.005,0.04178090146749322,0.042565726452273744,-0.018784299936446924,0.06774135758272384,0.06811828936112957,-0.005564278482984797,0.1312197664911172,0.13108198311436237,0.0010500199812819577,12,0.15811716488737237,0.4286022943567056,0.0009979937239569937,0.5707083697721076,0.0,0.0030363518393939914,0.9999884067304955,1.0265567765567765,0.9611528822055139,0.0,0.9955808260363115,1.0044680796813514,0.00029158334629353355,0.01568951279933939,10,14,False
S03_bottom_xy_a100_c50,S03_bottom_xy,dt|wS2CDF_max|xS2B_max|yS2B_max,4,100.0,0.005,0.04178090146749322,0.042571651039169184,-0.018926101254449712,0.06774135758272384,0.06802091889807779,-0.004126892718566477,0.1312197664911172,0.13122319132864188,-2.6100012340046774e-05,12,0.1583537130539494,0.3174957559545244,0.001810792736251865,0.6820206800761356,0.0,0.0024967318964753786,0.9999910137895425,1.0460992907801419,0.9611528822055139,0.0,0.9956066770257168,1.0044417170431261,0.00047230542963405675,0.01747623169762097,10,14,False
S17_geometry_shape_a1000_c50,S17_geometry_shape,dt|wS2CDF_max|xS2T_max|yS2T_max|xS2B_max|yS2B_max|wS2FWHM_max|tDiffBottomTopS2_max,8,1000.0,0.005,0.04178090146749322,0.04258215520988921,-0.019177512074969982,0.06774135758272384,0.06796333209278778,-0.0032767945312117686,0.1312197664911172,0.13103211464171075,0.0014300577910200118,12,0.1580616993407018,0.38799320952723904,0.010432635423632902,0.6104635012089099,0.0,0.00249038049872462,0.9999892830030945,1.028486394557823,1.028486394557823,0.0,0.995593175244318,1.0044577281059466,0.0003540309839458189,0.012799339388934794,10,14,False
S13_core_s2_shape_a100_c75,S13_core_s2_shape,dt|wS2CDF_max|xS2T_max|yS2B_max|wS2FWHM_max|tDiffBottomTopS2_max,6,100.0,0.0075,0.04178090146749322,0.04259414099171688,-0.019464384339729524,0.06774135758272384,0.06804721952350133,-0.004515143358382989,0.1312197664911172,0.13056479004517973,0.004991446513371134,12,0.15831954970343975,0.4208446936570811,0.0101754205463244,0.5769329698029734,0.0,0.004420516370691033,0.9999742678163701,1.0414614121510675,0.9672131147540983,0.0,0.9933944993750249,1.0067084167553861,0.000575722990350247,0.018622523400974256,10,14,False
S04_top_bottom_xy_a300_c50,S04_top_bottom_xy,dt|wS2CDF_max|xS2T_max|yS2T_max|xS2B_max|yS2B_max,6,300.0,0.005,0.04178090146749322,0.04261424886633059,-0.01994565386497804,0.06774135758272384,0.06797303280154508,-0.0034199966916566016,0.1312197664911172,0.1310059923323785,0.001629130766309994,12,0.15826225080052847,0.31831884356191165,0.001821081331344205,0.6812593240393024,0.0,0.003316217328996786,0.9999908418077491,1.0607385811467445,0.9438244047619048,0.0,0.9956127628179584,1.0044558412879554,0.0003634315230542917,0.015928190847666335,10,14,False
S11_historical_core_a100_c50,S11_historical_core,dt|wS2CDF_max|xS2T_max|yS2B_max,4,100.0,0.005,0.04178090146749322,0.04261846248681825,-0.020046504261682196,0.06774135758272384,0.06788734528395832,-0.0021550749268082203,0.1312197664911172,0.13116015856733904,0.00045426024883366,12,0.1586636949256467,0.31125057873347395,0.0009979937239569937,0.6882555687020937,0.0,0.002710715607545878,0.9999911172279123,1.032069970845481,0.9293040293040293,0.0,0.9956107265684746,1.0044484840099033,0.00035606581175051666,0.019127013624975375,10,14,False
S03_bottom_xy_a1000_c50,S03_bottom_xy,dt|wS2CDF_max|xS2B_max|yS2B_max,4,1000.0,0.005,0.04178090146749322,0.0426423404985245,-0.020618009683240235,0.06774135758272384,0.06807881273977395,-0.004981523386773157,0.1312197664911172,0.13105141026848038,0.0012830096191963625,12,0.15802550024532303,0.4297546170070477,0.001810792736251865,0.5695560471217656,0.0,0.002976145087507182,0.9999884047904762,1.0405643738977073,0.950915750915751,0.0,0.9955860320719191,1.004463463303429,0.0002465092311763062,0.015173410404624277,10,14,False
S04_top_bottom_xy_a1000_c50,S04_top_bottom_xy,dt|wS2CDF_max|xS2T_max|yS2T_max|xS2B_max|yS2B_max,6,1000.0,0.005,0.04178090146749322,0.042658966808921055,-0.02101595012522628,0.06774135758272384,0.06799070097916958,-0.0036808148720852696,0.1312197664911172,0.13108002553258602,0.0010649383265030066,12,0.15788692632271728,0.41214054220896135,0.001821081331344205,0.5872421420854982,0.0,0.0033168809833197177,0.9999886923349259,1.0894071914480077,0.963265306122449,0.0,0.9955852459925049,1.0044677388840972,0.00041309905926434354,0.01331544178364985,10,14,False
S03_bottom_xy_a300_c50,S03_bottom_xy,dt|wS2CDF_max|xS2B_max|yS2B_max,4,300.0,0.005,0.04178090146749322,0.042663422961751116,-0.02112260538333577,0.06774135758272384,0.06805953482089179,-0.004696942156486861,0.1312197664911172,0.1310475042805719,0.0013127763838609585,12,0.15863228071162339,0.34969905859354905,0.001810792736251865,0.6497453572714645,0.0,0.0028113167141225483,0.9999902177876121,1.0077639751552794,0.9669140383426098,0.0,0.9955927856064378,1.0044506827794715,0.0002679602743818066,0.014795918976110822,10,14,False
S03_bottom_xy_a100_c75,S03_bottom_xy,dt|wS2CDF_max|xS2B_max|yS2B_max,4,100.0,0.0075,0.04178090146749322,0.04266927316513066,-0.021262626377954508,0.06774135758272384,0.06800199354533286,-0.0038475160804201103,0.1312197664911172,0.13077402587080622,0.003396901489998827,12,0.1585327849913949,0.44622665774988424,0.001810792736251865,0.5531663151396676,0.0,0.0045494811210934575,0.9999732086069224,1.0454042081949058,1.0034013605442178,0.0,0.9933832151503348,1.0067046953797898,0.0003950288449443562,0.017386668835976393,10,14,False
S01_M06_reference_a100_c75,S01_M06_reference,dt|wS2CDF_max,2,100.0,0.0075,0.04178090146749322,0.04268282160542011,-0.02158689990517826,0.06774135758272384,0.06811183810720438,-0.005469044874515827,0.1312197664911172,0.1308246480010021,0.0030111202045297603,12,0.15744166730386633,0.44901486701990845,0.0006790472760944493,0.5503060857039971,0.0,0.003956338243235473,0.9999734123641288,1.0471861471861472,1.0471861471861472,0.0,0.9933826255449553,1.0067095754246986,0.0003972952349560188,0.014966969446738199,10,14,False
S09_hit_topology_a3000_c75,S09_hit_topology,dt|wS2CDF_max|nPMTS2_max|rmsCogS1T_max,4,3000.0,0.0075,0.04178090146749322,0.04270948339787838,-0.02222503339492632,0.06774135758272384,0.06772255664545478,0.0002775400130726746,0.1312197664911172,0.13107539795446066,0.0011002041881114089,12,0.15740573217348597,0.4495190081794331,0.001018570914141674,0.5495138638818869,0.0,0.005293926078705303,0.999971610801689,1.2174603174603176,1.064900153609831,0.0,0.9933866935822381,1.0067603151499696,0.0003785339977473434,0.010687820618425437,10,14,False
S03_bottom_xy_a300_c75,S03_bottom_xy,dt|wS2CDF_max|xS2B_max|yS2B_max,4,300.0,0.0075,0.04178090146749322,0.0427139665931226,-0.02233233589646999,0.06774135758272384,0.06820189047454274,-0.006798400685378958,0.1312197664911172,0.13114553685534092,0.0005656894365934084,12,0.15856611317794245,0.4832553114872164,0.001810792736251865,0.5159833324759504,0.0,0.004611553770319394,0.9999717056868955,1.0336927223719676,0.9184981684981686,0.0,0.993383911562518,1.0067043482150402,0.00026629176589043624,0.018112823680203283,10,14,False
S11_historical_core_a300_c50,S11_historical_core,dt|wS2CDF_max|xS2T_max|yS2B_max,4,300.0,0.005,0.04178090146749322,0.04272537600553872,-0.02260541311633313,0.06774135758272384,0.06801852158019285,-0.004091503438361732,0.1312197664911172,0.13114511488266886,0.0005689052072301859,12,0.15857399856795196,0.34613920469159937,0.0009979937239569937,0.6533154997685066,0.0,0.002938390505927777,0.9999902850135584,1.019140989729225,0.9969278033794163,0.0,0.9956052289125203,1.0044554981498277,0.00029141427459999925,0.01737587697456977,10,14,False
S15_core_hit_pattern_a1000_c50,S15_core_hit_pattern,dt|wS2CDF_max|xS2T_max|yS2B_max|qS2hitStdevTo1_max|qS1hitStdevTo1_max,6,1000.0,0.005,0.04178090146749322,0.042771242851369025,-0.02370320766406442,0.06774135758272384,0.06758493683881212,0.0023090878230586087,0.1312197664911172,0.13118224257385894,0.00028596238403455487,12,0.15790208261318972,0.1343073203354082,0.059221153351509855,0.8642111219712948,0.0,0.003401495495412402,0.9999957596330662,1.0132708821233412,1.0132708821233412,0.0,0.995710040381204,1.004257730049619,0.0006437677359668603,0.01135308081329342,10,14,False
S08_s2_shape_a100_c75,S08_s2_shape,dt|wS2CDF_max|wS2FWHM_max|tDiffBottomTopS2_max,4,100.0,0.0075,0.04178090146749322,0.04282424074256755,-0.024971679366135202,0.06774135758272384,0.06806358359780416,-0.004756710325547031,0.1312197664911172,0.13085690963235277,0.002765260665122282,12,0.15855438642648712,0.43264571222799525,0.009053963681259323,0.5651936828026133,0.0,0.00371018284616219,0.9999739780259279,1.0034013605442178,0.9761904761904763,0.0,0.9933818166246586,1.0067084986083255,0.0005471050804344291,0.024919792925805928,10,14,False
S06_s1_pattern_a3000_c75,S06_s1_pattern,dt|wS2CDF_max|qS1hitStdevTo1_max|qS1channelStdevTo1_max,4,3000.0,0.0075,0.04178090146749322,0.04343610449835511,-0.039616259408612464,0.06774135758272384,0.0663795024229057,0.0201037476722411,0.1312197664911172,0.1305942283662694,0.004767102865482764,12,0.1557689574914931,0.35726117598641904,0.06221513452338083,0.6326560008230876,0.0,0.00901127563160166,0.9999765040249481,1.1238095238095238,1.0034013605442178,0.0,0.9934501765644234,1.0067418606285352,0.000785248097145308,0.009016658798799593,10,14,False
S13_core_s2_shape_a1000_c25,S13_core_s2_shape,dt|wS2CDF_max|xS2T_max|yS2B_max|wS2FWHM_max|tDiffBottomTopS2_max,6,1000.0,0.0025,0.04178090146749322,0.04167334522321391,0.0025742920928355506,0.06774135758272384,0.06773519350721569,9.099427186165521e-05,0.1312197664911172,0.13169498865638074,-0.00362157453843448,12,0.15721979649705042,0.2121714079942384,0.0101754205463244,0.7871083903492978,0.0,0.0008186697660140448,0.9999984549836364,1.20874861572536,1.1789965986394557,0.0,0.9978187508078099,1.0021936860151504,0.00029159402202483253,0.016824938067712625,10,13,False
S13_core_s2_shape_a3000_c75,S13_core_s2_shape,dt|wS2CDF_max|xS2T_max|yS2B_max|wS2FWHM_max|tDiffBottomTopS2_max,6,3000.0,0.0075,0.04178090146749322,0.04167756042794338,0.002473403778284755,0.06774135758272384,0.06781794064771621,-0.001130521556182984,0.1312197664911172,0.1309794634385164,0.0018313022422353775,12,0.15683768322286484,0.6880909511806163,0.0101754205463244,0.30652811358608983,0.0,0.0035280398356473666,0.9999661116773044,1.3462301587301588,1.3462301587301588,0.0,0.9933679465972344,1.006697848775916,0.00024298079081375157,0.010702415732075088,10,13,False
S08_s2_shape_a3000_c75,S08_s2_shape,dt|wS2CDF_max|wS2FWHM_max|tDiffBottomTopS2_max,4,3000.0,0.0075,0.04178090146749322,0.04172234091219226,0.0014016106221766966,0.06774135758272384,0.0681570878219633,-0.0061370225527555,0.1312197664911172,0.13067412425475144,0.0041582320328446,12,0.15694249402765215,0.691805134008951,0.009053963681259323,0.3024229641442461,0.0,0.0043084757649788285,0.9999653973620369,1.2876984126984126,1.2876984126984126,0.0,0.993354414462892,1.0067032205052182,0.0003028588991054182,0.012592898431048716,10,13,False
S14_core_hit_topology_a1000_c25,S14_core_hit_topology,dt|wS2CDF_max|xS2T_max|yS2B_max|nPMTS2_max|rmsCogS1T_max,6,1000.0,0.0025,0.04178090146749322,0.041789875397422946,-0.0002147854549454653,0.06774135758272384,0.06776610323747578,-0.0003652961150315548,0.1312197664911172,0.13120438182984878,0.0001172434739048489,12,0.15683146282324145,0.09861618396008025,0.0017181953804208036,0.9010854467822419,0.0,0.0010477339080797081,0.9999992831751063,1.059732664995823,1.059732664995823,0.0,0.9979475909240338,1.0021057407929035,0.0003332265482947072,0.005573905862923209,10,13,False
S16_geometry_s2_pattern_a1000_c25,S16_geometry_s2_pattern,dt|wS2CDF_max|xS2T_max|yS2T_max|xS2B_max|yS2B_max|qS2hitStdevTo1_max|qS2channelStdevTo1_max,8,1000.0,0.0025,0.04178090146749322,0.04179924571044783,-0.0004390580937772004,0.06774135758272384,0.06769872155104695,0.0006293944083543002,0.1312197664911172,0.13113532503171596,0.000643511733477653,12,0.15738738264204943,0.08964452903955965,0.11393590205257471,0.9103348937702557,0.0,0.0009526935321652642,0.9999991869130543,1.0145502645502646,1.0067460317460317,0.0,0.9979795296845713,1.0021026173535128,0.00036351580251614557,0.009505073091050753,10,13,False
S05_s2_pattern_a100_c25,S05_s2_pattern,dt|wS2CDF_max|qS2hitStdevTo1_max|qS2channelStdevTo1_max,4,100.0,0.0025,0.04178090146749322,0.04180772240866548,-0.0006419426156500929,0.06774135758272384,0.06771939022790467,0.00032428276614249185,0.1312197664911172,0.13114074830647843,0.0006021820244902498,12,0.15727058522494608,0.07652657029682597,0.11312310304027985,0.9234322753228047,0.0,0.0006765105792810535,0.999999342918854,1.0535714285714286,1.0535714285714286,0.0,0.998031553473227,1.0020234839508677,0.00043732957623943136,0.008574852989918752,10,13,False
S12_core_channel_pattern_a1000_c25,S12_core_channel_pattern,dt|wS2CDF_max|xS2T_max|yS2B_max|qS2channelStdevTo1_max|qS1channelStdevTo1_max,6,1000.0,0.0025,0.04178090146749322,0.04181213949541329,-0.000747662851276143,0.06774135758272384,0.06777563324498598,-0.0005059783784266969,0.1312197664911172,0.1312197664911172,0.0,12,0.1569438627546509,0.02844796543032049,0.06870723802664747,0.9688461340603941,0.0,0.002024765160640432,0.9999996731501432,1.0145502645502646,1.0145502645502646,0.0,0.9992120908689933,1.0013130322621726,0.0006752452608831394,0.004332064105318681,10,13,False
S14_core_hit_topology_a300_c25,S14_core_hit_topology,dt|wS2CDF_max|xS2T_max|yS2B_max|nPMTS2_max|rmsCogS1T_max,6,300.0,0.0025,0.04178090146749322,0.04182032064955163,-0.0009434737086531086,0.06774135758272384,0.06765327510761414,0.0013002762013167857,0.1312197664911172,0.1312705249722349,-0.000386820388993403,12,0.1570266202919116,0.07588867740110088,0.0017181953804208036,0.9238232419363136,0.0,0.0005273028526186483,0.9999994385833698,0.9672131147540983,0.9672131147540983,0.0,0.9980331435236103,1.0020446926062856,0.0003142729808556233,0.0064947723072782265,10,13,False
S07_s1_s2_pattern_a100_c25,S07_s1_s2_pattern,dt|wS2CDF_max|qS2hitStdevTo1_max|qS2channelStdevTo1_max|qS1hitStdevTo1_max|qS1channelStdevTo1_max,6,100.0,0.0025,0.04178090146749322,0.04182244730686149,-0.0009943739342388458,0.06774135758272384,0.06772088662124566,0.00030219296171007937,0.1312197664911172,0.13122114413709482,-1.0498768702849048e-05,12,0.15696622597291499,0.0086629970677504,0.1422501157466948,0.9911312310304028,0.0,0.0019123076236189918,0.9999999209463052,1.0422427035330262,1.0422427035330262,0.0,1.0,1.0,0.0014219126962625728,0.001755568451338698,10,13,False
S07_s1_s2_pattern_a1000_c25,S07_s1_s2_pattern,dt|wS2CDF_max|qS2hitStdevTo1_max|qS2channelStdevTo1_max|qS1hitStdevTo1_max|qS1channelStdevTo1_max,6,1000.0,0.0025,0.04178090146749322,0.0418256761280671,-0.0010716537700536932,0.06774135758272384,0.06772760745646193,0.00020297978594718824,0.1312197664911172,0.131211409513905,6.368687763780301e-05,12,0.15725407205371988,0.018025618601779928,0.1422501157466948,0.9814187972632337,0.0,0.001912866506916317,0.9999998408096507,1.0172413793103448,1.0172413793103448,0.0,1.0,1.0,0.0005906678423888145,0.0034042090518,10,13,False
S08_s2_shape_a3000_c25,S08_s2_shape,dt|wS2CDF_max|wS2FWHM_max|tDiffBottomTopS2_max,4,3000.0,0.0025,0.04178090146749322,0.04182919649954847,-0.0011559116811499237,0.06774135758272384,0.06776734900022256,-0.0003836861029391514,0.1312197664911172,0.13094250894362858,0.0021129251705183094,12,0.15698056272456984,0.3015998765368589,0.009053963681259323,0.6966922166778127,0.0,0.0007074176208864659,0.9999978714441285,1.1003968253968255,1.1003968253968255,0.0,0.9977963063334312,1.0022129568675024,0.00023010068452089527,0.015999174236168423,10,13,False
S16_geometry_s2_pattern_a100_c25,S16_geometry_s2_pattern,dt|wS2CDF_max|xS2T_max|yS2T_max|xS2B_max|yS2B_max|qS2hitStdevTo1_max|qS2channelStdevTo1_max,8,100.0,0.0025,0.04178090146749322,0.04183326219299137,-0.0012532215356551024,0.06774135758272384,0.06774077337748992,8.624055595762847e-06,0.1312197664911172,0.1310319730620358,0.0014311367418422538,12,0.15695376721714493,0.06544575338237564,0.11393590205257471,0.9343073203354082,0.0,0.0008277363965681886,0.9999994250167337,1.0414614121510675,1.0414614121510675,0.0,0.9981227507282926,1.0019775713085082,0.00038718310182850324,0.007431874483897601,10,13,False
S12_core_channel_pattern_a100_c25,S12_core_channel_pattern,dt|wS2CDF_max|xS2T_max|yS2B_max|qS2channelStdevTo1_max|qS1channelStdevTo1_max,6,100.0,0.0025,0.04178090146749322,0.04184460325781522,-0.0015246628982279464,0.06774135758272384,0.0677886212305768,-0.000697707420392879,0.1312197664911172,0.1311951668207674,0.0001874692434501446,12,0.15732754388942216,0.011327743196666495,0.06870723802664747,0.9877771490302999,0.0,0.001578496298131784,0.9999998696060403,1.0,1.0,0.0,1.0,1.0,0.0008506509496618575,0.003405924243988029,10,13,False
S03_bottom_xy_a300_c25,S03_bottom_xy,dt|wS2CDF_max|xS2B_max|yS2B_max,4,300.0,0.0025,0.04178090146749322,0.041844712925505886,-0.0015272877264822515,0.06774135758272384,0.06772951290139555,0.00017485154934826497,0.1312197664911172,0.1311840192094039,0.0002724229944099932,12,0.1572749228212813,0.18453624157621276,0.001810792736251865,0.8151962549513864,0.0,0.000858959499371488,0.999998644706452,1.119047619047619,1.119047619047619,0.0,0.9978304366251436,1.0021875656026582,0.0001948011337860045,0.009393063583815031,10,13,False
S15_core_hit_pattern_a1000_c25,S15_core_hit_pattern,dt|wS2CDF_max|xS2T_max|yS2B_max|qS2hitStdevTo1_max|qS1hitStdevTo1_max,6,1000.0,0.0025,0.04178090146749322,0.041846461998074895,-0.0015691506951491796,0.06774135758272384,0.0676830887587529,0.0008601661680575079,0.1312197664911172,0.13123600481400652,-0.00012374906101086935,12,0.15733879842574672,0.06782241884870621,0.059221153351509855,0.931426513709553,0.0,0.0012529579107129194,0.9999994485514752,0.9761904761904763,0.9761904761904763,0.0,0.9980148128450702,1.0019404980997624,0.00040147951708158214,0.00774073691815462,10,13,False
S10_corrected_position_a1000_c25,S10_corrected_position,dt|wS2CDF_max|yS2Tcor_max|xS2Bcor_max,4,1000.0,0.0025,0.04178090146749322,0.04185325255973553,-0.001731678582823415,0.06774135758272384,0.0677063179947269,0.0005172554735731749,0.1312197664911172,0.13117140457417445,0.0003685566453588418,12,0.15737745027166272,0.19867277123308813,0.005247183497093472,0.80048356396934,0.0,0.0009968810282018881,0.9999985434835654,1.158312447786132,1.158312447786132,0.0,0.9978365975904119,1.0021969427174577,0.00019377986404012226,0.014677187193902125,10,13,False
S11_historical_core_a100_c25,S11_historical_core,dt|wS2CDF_max|xS2T_max|yS2B_max,4,100.0,0.0025,0.04178090146749322,0.041857093577513924,-0.0018236109644493848,0.06774135758272384,0.06775418765680619,-0.00018939794743078053,0.1312197664911172,0.13123070903698658,-8.339098721177329e-05,12,0.1569797938324412,0.16189104377797212,0.0009979937239569937,0.8378723185349041,0.0,0.001046526641173968,0.999998802215817,1.1336675020885547,1.1336675020885547,0.0,0.9978464372174962,1.0021746461538685,0.00028280269945801795,0.012608899789225247,10,13,False
S06_s1_pattern_a1000_c25,S06_s1_pattern,dt|wS2CDF_max|qS1hitStdevTo1_max|qS1channelStdevTo1_max,4,1000.0,0.0025,0.04178090146749322,0.04186177356502459,-0.0019356235670091593,0.06774135758272384,0.06774867704350372,-0.00010805010470793519,0.1312197664911172,0.13119378944751672,0.0001979659337545403,12,0.157422690197081,0.05105200884819178,0.06221513452338083,0.9465301713051083,0.0,0.0015850934206302785,0.9999996266230241,1.0104427736006685,1.0104427736006685,0.0,0.9987807689659476,1.0020864684481028,0.00021205990049799617,0.0026837324525185793,10,13,False
S07_s1_s2_pattern_a100_c50,S07_s1_s2_pattern,dt|wS2CDF_max|qS2hitStdevTo1_max|qS2channelStdevTo1_max|qS1hitStdevTo1_max|qS1channelStdevTo1_max,6,100.0,0.005,0.04178090146749322,0.04186518308461226,-0.0020172283066850483,0.06774135758272384,0.06780721092314451,-0.0009721290326998311,0.1312197664911172,0.13127565155842813,-0.00042588909281993104,12,0.15706787250773746,0.016554349503575285,0.1422501157466948,0.9830752610731005,0.0,0.0022062745502955073,0.9999993912197375,1.009672619047619,1.009672619047619,0.0,1.0,1.0,0.0014601640023681473,0.0020660288907398267,10,13,False
S12_core_channel_pattern_a3000_c25,S12_core_channel_pattern,dt|wS2CDF_max|xS2T_max|yS2B_max|qS2channelStdevTo1_max|qS1channelStdevTo1_max,6,3000.0,0.0025,0.04178090146749322,0.04187747333427166,-0.0023113878204272797,0.06774135758272384,0.06766392581779071,0.0011430500907598784,0.1312197664911172,0.13106531965010929,0.0011770089609050016,12,0.15673769811216798,0.0640773702350944,0.06870723802664747,0.9343484747157775,0.0,0.0022935990137711287,0.9999993195152398,1.0067460317460317,1.0067460317460317,0.0,0.9982671943677903,1.002061170327817,0.000577952093309797,0.009083402146985962,10,13,False
S10_corrected_position_a300_c25,S10_corrected_position,dt|wS2CDF_max|yS2Tcor_max|xS2Bcor_max,4,300.0,0.0025,0.04178090146749322,0.04188280525119642,-0.002439003949746832,0.06774135758272384,0.06774821564121343,-0.00010123886993573805,0.1312197664911172,0.13104653209518155,0.0013201852172733952,12,0.15755465568365912,0.15602654457533824,0.005247183497093472,0.843376716909306,0.0,0.0007724486502345185,0.9999988353928444,1.1053864168618266,1.1053864168618266,0.0,0.9978669221741842,1.0021741002918416,0.000273342424370826,0.00928984310487202,10,13,False
S16_geometry_s2_pattern_a300_c25,S16_geometry_s2_pattern,dt|wS2CDF_max|xS2T_max|yS2T_max|xS2B_max|yS2B_max|qS2hitStdevTo1_max|qS2channelStdevTo1_max,8,300.0,0.0025,0.04178090146749322,0.0418836163981617,-0.0024584182499842733,0.06774135758272384,0.06770024177966093,0.0006069527468903768,0.1312197664911172,0.13102380458780846,0.0014933870753534029,12,0.15743337396890988,0.07236997787952056,0.11393590205257471,0.9275477133597407,0.0,0.000784923241385908,0.9999993549873745,1.0867026055705302,1.0476190476190477,0.0,0.998049810809705,1.0020194980395007,0.0006384354094461919,0.008980181668042944,10,13,False
S15_core_hit_pattern_a300_c25,S15_core_hit_pattern,dt|wS2CDF_max|xS2T_max|yS2B_max|qS2hitStdevTo1_max|qS1hitStdevTo1_max,6,300.0,0.0025,0.04178090146749322,0.04190204000704886,-0.0028993759182025514,0.06774135758272384,0.06775465971026458,-0.00019636641507347896,0.1312197664911172,0.1311641501892423,0.0004238408843584285,12,0.15749797027855417,0.04128813210556099,0.059221153351509855,0.9574257935078965,0.0,0.001100993192853411,0.9999996965932919,1.0476190476190477,1.0476190476190477,0.0,0.9983384021797489,1.0015840698940575,0.0006238122702740823,0.006300401614914165,10,13,False
S12_core_channel_pattern_a300_c50,S12_core_channel_pattern,dt|wS2CDF_max|xS2T_max|yS2B_max|qS2channelStdevTo1_max|qS1channelStdevTo1_max,6,300.0,0.005,0.04178090146749322,0.04193956228192872,-0.0037974483283695903,0.06774135758272384,0.06768364466182927,0.0008519599097802644,0.1312197664911172,0.13117975567932788,0.0003049145175244572,12,0.15704204464594895,0.03160656412366891,0.06870723802664747,0.9663562940480478,0.0,0.0041905395070815955,0.9999985751505744,1.0535714285714286,1.0535714285714286,0.0,0.9984849919154737,1.003184185844789,0.0009942856176228254,0.007221843341121085,10,13,False
S17_geometry_shape_a3000_c25,S17_geometry_shape,dt|wS2CDF_max|xS2T_max|yS2T_max|xS2B_max|yS2B_max|wS2FWHM_max|tDiffBottomTopS2_max,8,3000.0,0.0025,0.04178090146749322,0.04194021717505506,-0.003813122789746215,0.06774135758272384,0.06775442293223469,-0.00019287109052834595,0.1312197664911172,0.13108990895146946,0.0009896187374828225,12,0.15752813129190912,0.2996759092545913,0.010432635423632902,0.6985956067698955,0.0,0.0009424074967677638,0.9999979055743771,1.1472222222222221,1.1472222222222221,0.0,0.9978024580926836,1.0022136979139968,0.000170630091195223,0.014141205615194108,10,13,False
S07_s1_s2_pattern_a1000_c50,S07_s1_s2_pattern,dt|wS2CDF_max|qS2hitStdevTo1_max|qS2channelStdevTo1_max|qS1hitStdevTo1_max|qS1channelStdevTo1_max,6,1000.0,0.005,0.04178090146749322,0.04200945737347145,-0.005470344055550136,0.06774135758272384,0.06772711462611673,0.0002102549626307182,0.1312197664911172,0.131183418928621,0.0002769976160462706,12,0.1570814654632463,0.03658624414836154,0.1422501157466948,0.9624157621276814,0.0,0.004029343641957292,0.9999986511249963,1.0265567765567765,0.9930213464696223,0.0,0.9974647393107035,1.0033128916778502,0.0012634877226944674,0.003513086468953236,10,13,False
S06_s1_pattern_a300_c50,S06_s1_pattern,dt|wS2CDF_max|qS1hitStdevTo1_max|qS1channelStdevTo1_max,4,300.0,0.005,0.04178090146749322,0.042015814433009474,-0.005622496338405281,0.06774135758272384,0.06774077337748992,8.624055595762847e-06,0.1312197664911172,0.1311926580249827,0.00020658828208119928,12,0.15718369000763133,0.0411646689644529,0.06221513452338083,0.9548330675446268,0.0,0.0033894711299609906,0.9999987037906164,1.0414614121510675,1.0414614121510675,0.0,0.9971032031826706,1.0035304369830713,0.000866944930903113,0.006609988478169848,10,13,False
S15_core_hit_pattern_a300_c50,S15_core_hit_pattern,dt|wS2CDF_max|xS2T_max|yS2B_max|qS2hitStdevTo1_max|qS1hitStdevTo1_max,6,300.0,0.005,0.04178090146749322,0.04207286608024206,-0.006987992180494285,0.06774135758272384,0.06777581495955466,-0.0005086608544675464,0.1312197664911172,0.13108810613889818,0.0010033576170700442,12,0.15727652514644297,0.08421215083080405,0.059221153351509855,0.9133906065126807,0.0,0.003471430961032347,0.9999974605963164,0.9725274725274725,0.9725274725274725,0.0,0.9959067131579344,1.004115899211659,0.0007371295130437217,0.0075343172670038205,10,13,False
S15_core_hit_pattern_a100_c75,S15_core_hit_pattern,dt|wS2CDF_max|xS2T_max|yS2B_max|qS2hitStdevTo1_max|qS1hitStdevTo1_max,6,100.0,0.0075,0.04178090146749322,0.04208332333582562,-0.007238280116279805,0.06774135758272384,0.06783666457955399,-0.0014069248127153156,0.1312197664911172,0.13083973770770324,0.0028961245212981712,12,0.15694558347953924,0.10460414630382221,0.059221153351509855,0.8925356242605073,0.0,0.005055962326305643,0.9999932941745511,1.064900153609831,1.064900153609831,0.0,0.9937132498039462,1.0062582048802426,0.0008775839222407988,0.010951715187926675,10,13,False
S09_hit_topology_a1000_c50,S09_hit_topology,dt|wS2CDF_max|nPMTS2_max|rmsCogS1T_max,4,1000.0,0.005,0.04178090146749322,0.042083523505461934,-0.0072430710525517306,0.06774135758272384,0.06774944268656895,-0.00011935255113870724,0.1312197664911172,0.13117010299658657,0.0003784757118431292,12,0.15704295084455433,0.20185194711662122,0.001018570914141674,0.7976747775091312,0.0,0.002456108349912682,0.9999941109663372,1.1383415435139572,1.1383415435139572,0.0,0.9956837797270635,1.0044142303291317,0.0004616949711857554,0.01166391412056153,10,13,False
S16_geometry_s2_pattern_a300_c75,S16_geometry_s2_pattern,dt|wS2CDF_max|xS2T_max|yS2T_max|xS2B_max|yS2B_max|qS2hitStdevTo1_max|qS2channelStdevTo1_max,8,300.0,0.0075,0.04178090146749322,0.04209563126970158,-0.007532862890793135,0.06774135758272384,0.0677547297890179,-0.00019740091978137642,0.1312197664911172,0.13075958176157357,0.003506977202057282,12,0.1580970393383061,0.21372498585318175,0.11393590205257471,0.7857914501774783,0.0,0.00353942420588234,0.9999837012699583,1.184407096171802,1.1037414965986394,0.0,0.9935753845446709,1.0066467816526008,0.0005630641253449031,0.014450867052023114,10,13,False
S03_bottom_xy_a100_c25,S03_bottom_xy,dt|wS2CDF_max|xS2B_max|yS2B_max,4,100.0,0.0025,0.04178090146749322,0.04211375506077909,-0.007966644605426731,0.06774135758272384,0.06773709346280264,6.294706916665227e-05,0.1312197664911172,0.13120261860676907,0.0001306806497729518,12,0.15823168170086466,0.16576984412778434,0.001810792736251865,0.8339523638047225,0.0,0.0009419493732710642,0.9999987904961692,1.158312447786132,1.158312447786132,0.0,0.9978487771306819,1.002175680154681,0.00041384329106208817,0.008377478047883746,10,13,False
S09_hit_topology_a3000_c25,S09_hit_topology,dt|wS2CDF_max|nPMTS2_max|rmsCogS1T_max,4,3000.0,0.0025,0.04178090146749322,0.04213894579446851,-0.008569569214629258,0.06774135758272384,0.06766783658047942,0.0010853192919058063,0.1312197664911172,0.13174155223655737,-0.003976426413435874,12,0.15801123465658007,0.130459385770873,0.001018570914141674,0.8692422449714492,0.0,0.0010781708247561477,0.9999989999636044,1.0059907834101383,0.959920634920635,0.0,0.997890206865742,1.0021660109612411,0.0003099381124844758,0.007431874483897594,10,13,False
S02_top_xy_a1000_c75,S02_top_xy,dt|wS2CDF_max|xS2T_max|yS2T_max,4,1000.0,0.0075,0.04178090146749322,0.04216522433347232,-0.009198529770309438,0.06774135758272384,0.06805579722894721,-0.004641767709473221,0.1312197664911172,0.13092638936755766,0.0022357692854101385,12,0.15774880588080442,0.5650805082565976,0.0006893358711867895,0.43397294099490713,0.0,0.005150639200873731,0.9999688416587551,1.155026455026455,1.0957142857142859,0.0,0.993383794924353,1.0067288145107385,0.00042759047876717027,0.01919900908340222,10,13,False
S04_top_bottom_xy_a1000_c25,S04_top_bottom_xy,dt|wS2CDF_max|xS2T_max|yS2T_max|xS2B_max|yS2B_max,6,1000.0,0.0025,0.04178090146749322,0.042192656169435336,-0.00985509377442395,0.06774135758272384,0.06773684026136446,6.668483656924185e-05,0.1312197664911172,0.13113941906671045,0.0006123118990016829,12,0.1579637555869402,0.21798446422141057,0.001821081331344205,0.7817068779258193,0.0,0.0011044108038124052,0.9999984007191103,1.1053864168618266,1.1053864168618266,0.0,0.9978232666620414,1.0022048584722125,0.0003022749493222232,0.0177756339414247,10,13,False
S12_core_channel_pattern_a100_c75,S12_core_channel_pattern,dt|wS2CDF_max|xS2T_max|yS2B_max|qS2channelStdevTo1_max|qS1channelStdevTo1_max,6,100.0,0.0075,0.04178090146749322,0.042224745613571216,-0.010623134745508578,0.06774135758272384,0.06773308301654057,0.0001221493999904455,0.1312197664911172,0.13116334604338767,0.00042996912156023637,12,0.15729006901013298,0.035269303976542,0.06870723802664747,0.9619733525387109,0.0,0.006695002509059217,0.9999964092220608,1.0350877192982455,1.0350877192982455,0.0,0.9970438949127853,1.0051051984021795,0.001145265025340958,0.004128819157720891,10,13,False
S04_top_bottom_xy_a100_c50,S04_top_bottom_xy,dt|wS2CDF_max|xS2T_max|yS2T_max|xS2B_max|yS2B_max,6,100.0,0.005,0.04178090146749322,0.04224291888624613,-0.011058100771530022,0.06774135758272384,0.06792965694539321,-0.0027796809716933435,0.1312197664911172,0.13101444231970616,0.0015647350768981383,12,0.1584838326242014,0.265034209578682,0.001821081331344205,0.7346571325685478,0.0,0.003235794011102512,0.9999921335647358,1.1238095238095238,1.0535714285714286,0.0,0.9956334739615352,1.0044385897724648,0.00040523540970305305,0.011973575557390592,10,13,False
S04_top_bottom_xy_a1000_c75,S04_top_bottom_xy,dt|wS2CDF_max|xS2T_max|yS2T_max|xS2B_max|yS2B_max,6,1000.0,0.0075,0.04178090146749322,0.042250280818545316,-0.011234304061564782,0.06774135758272384,0.06821270078873184,-0.006957982875267943,0.1312197664911172,0.13096024641927806,0.0019777513615427678,12,0.1576694015790907,0.5641751118884716,0.001821081331344205,0.43484747157775605,0.0,0.005126617408568367,0.999968782590881,1.155026455026455,1.0805860805860807,0.0,0.9933836079593944,1.0067273779552475,0.0004676139844810301,0.016721717588769613,10,13,False
S16_geometry_s2_pattern_a300_c50,S16_geometry_s2_pattern,dt|wS2CDF_max|xS2T_max|yS2T_max|xS2B_max|yS2B_max|qS2hitStdevTo1_max|qS2channelStdevTo1_max,8,300.0,0.005,0.04178090146749322,0.042261184786642106,-0.011495283784687116,0.06774135758272384,0.06790539445077168,-0.0024215172813375485,0.1312197664911172,0.13102865080061676,0.0014564550418809663,12,0.1576856273537668,0.1439991769123926,0.11393590205257471,0.8557333196152065,0.0,0.0016729177388714574,0.9999949285594402,1.0769841269841272,1.0769841269841272,0.0,0.9957814994836575,1.0043530222589847,0.0007120751892990551,0.009923601291665446,10,13,False
S06_s1_pattern_a300_c75,S06_s1_pattern,dt|wS2CDF_max|qS1hitStdevTo1_max|qS1channelStdevTo1_max,4,300.0,0.0075,0.04178090146749322,0.04240965914306859,-0.015048925549501657,0.06774135758272384,0.06763226610025294,0.0016104118128675848,0.1312197664911172,0.13115579675405875,0.0004875007688934785,12,0.15731461662635515,0.06763722413704408,0.06221513452338083,0.9192653943104069,0.0,0.007953991164616581,0.9999952026063736,1.0535714285714286,1.0535714285714286,0.0,0.9945976412193037,1.0063675410624182,0.0009467752879963598,0.008264115562959307,10,13,False
S07_s1_s2_pattern_a1000_c75,S07_s1_s2_pattern,dt|wS2CDF_max|qS2hitStdevTo1_max|qS2channelStdevTo1_max|qS1hitStdevTo1_max|qS1channelStdevTo1_max,6,1000.0,0.0075,0.04178090146749322,0.042436721018752406,-0.01569663478346528,0.06774135758272384,0.0676344598559801,0.0015780275234844598,0.1312197664911172,0.13109178623102544,0.0009753123596696334,12,0.15688593876204615,0.056381501106023975,0.1422501157466948,0.9420957868203097,0.0,0.006730641355822532,0.9999951881441196,1.0405643738977073,0.9833333333333333,0.0,0.9948530813966319,1.006010498647175,0.0009829179857123727,0.004954582989265072,10,13,False
S13_core_s2_shape_a100_c50,S13_core_s2_shape,dt|wS2CDF_max|xS2T_max|yS2B_max|wS2FWHM_max|tDiffBottomTopS2_max,6,100.0,0.005,0.04178090146749322,0.04251575004553852,-0.01758814559367594,0.06774135758272384,0.06792848996496688,-0.0027624539708186457,0.1312197664911172,0.13116153259423843,0.00044378906041342425,12,0.1582611365871801,0.2962703842790267,0.0101754205463244,0.702237769432584,0.0,0.002704597493015165,0.9999914833934166,1.1186067019400352,1.0157509157509157,0.0,0.9956174975526729,1.0044391447183378,0.000504568211312062,0.019538148388456522,10,13,False
S13_core_s2_shape_a300_c75,S13_core_s2_shape,dt|wS2CDF_max|xS2T_max|yS2B_max|wS2FWHM_max|tDiffBottomTopS2_max,6,300.0,0.0075,0.04178090146749322,0.04252591753974569,-0.017831498270378665,0.06774135758272384,0.06804093531789245,-0.004422375722286986,0.1312197664911172,0.13079337392152734,0.0032494538055645172,12,0.15852659126272473,0.46032203302639024,0.0101754205463244,0.5376511137404187,0.0,0.003976240856000358,0.999972388716043,1.1058763931104356,0.9814090019569472,0.0,0.9933810753266274,1.006708769523951,0.0005247004621644624,0.013362646855607396,10,13,False
S05_s2_pattern_a3000_c75,S05_s2_pattern,dt|wS2CDF_max|qS2hitStdevTo1_max|qS2channelStdevTo1_max,4,3000.0,0.0075,0.04178090146749322,0.04253438245327906,-0.018034100733132163,0.06774135758272384,0.06831259492658408,-0.0084326232045564,0.1312197664911172,0.1306478441713824,0.004358507372999476,12,0.15778258671554457,0.43409640413601525,0.11312310304027985,0.5646175214774423,0.0,0.0046484817942380515,0.9999727666917487,1.164924506387921,1.0362997658079627,0.0,0.9935349648246383,1.006746413584376,0.0003381111249525226,0.02394715111478113,10,13,False
S01_M06_reference_a1000_c75,S01_M06_reference,dt|wS2CDF_max,2,1000.0,0.0075,0.04178090146749322,0.04256258834612128,-0.01870919130924542,0.06774135758272384,0.06831362035856327,-0.008447760662909642,0.1312197664911172,0.13085928715906098,0.0027471420022731063,12,0.15742723667536263,0.5809969648644477,0.0006790472760944493,0.4179433098410412,0.0,0.0044013456410551014,0.9999682994246393,1.1174242424242424,1.0256991685563113,0.0,0.9933670543007889,1.0067190906062466,0.00019253327754475968,0.02359322493545979,10,13,False
S17_geometry_shape_a300_c75,S17_geometry_shape,dt|wS2CDF_max|xS2T_max|yS2T_max|xS2B_max|yS2B_max|wS2FWHM_max|tDiffBottomTopS2_max,8,300.0,0.0075,0.04178090146749322,0.042584999435553515,-0.019245586854699903,0.06774135758272384,0.06786821356559765,-0.0018726519131078145,0.1312197664911172,0.13076195247373767,0.0034889104715066788,12,0.1581248629214297,0.4388806008539534,0.010432635423632902,0.5592468748392407,0.0,0.004804302376472371,0.9999733003806185,1.3131469979296067,1.0993788819875776,0.0,0.993399688699127,1.0067180249862315,0.00041501460010451297,0.013670113698705189,10,13,False
S14_core_hit_topology_a1000_c50,S14_core_hit_topology,dt|wS2CDF_max|xS2T_max|yS2B_max|nPMTS2_max|rmsCogS1T_max,6,1000.0,0.005,0.04178090146749322,0.04259292369503289,-0.019435249097520035,0.06774135758272384,0.06769108617234455,0.0007421081031318,0.1312197664911172,0.13121179639135533,6.073856077470907e-05,12,0.1579331321324966,0.20111116826997275,0.0017181953804208036,0.7982303616441175,0.0,0.002298733800882194,0.9999941321652751,1.1867816091954024,1.1867816091954024,0.0,0.9956732450107193,1.0044203628685202,0.00023856390925924842,0.010197563293574685,10,13,False
S02_top_xy_a1000_c50,S02_top_xy,dt|wS2CDF_max|xS2T_max|yS2T_max,4,1000.0,0.005,0.04178090146749322,0.04259746040205856,-0.019543832370410685,0.06774135758272384,0.06798455871785246,-0.003590142621981318,0.1312197664911172,0.13103044323976124,0.0014427952161366608,12,0.15799100255625242,0.41318997890838005,0.0006893358711867895,0.5861927053860795,0.0,0.0032506796476488645,0.9999886661118396,1.164924506387921,1.0216450216450217,0.0,0.9955847372395538,1.0044711571862739,0.00039924088223197707,0.013109000825763828,10,13,False
S11_historical_core_a300_c75,S11_historical_core,dt|wS2CDF_max|xS2T_max|yS2B_max,4,300.0,0.0075,0.04178090146749322,0.04260133649571224,-0.019636604271388025,0.06774135758272384,0.06822336977509656,-0.0071154787794753815,0.1312197664911172,0.13090528373154725,0.0023966111812219193,12,0.15848762633894953,0.47895467873861824,0.0009979937239569937,0.5203148310098256,0.0,0.004806608820207802,0.9999719112487976,1.1413690476190477,0.921875,0.0,0.9933912051210396,1.0067048598240549,0.000338923742176922,0.01837324525185796,10,13,False
S02_top_xy_a300_c75,S02_top_xy,dt|wS2CDF_max|xS2T_max|yS2T_max,4,300.0,0.0075,0.04178090146749322,0.042610773482155966,-0.01986247269720609,0.06774135758272384,0.06802393610081578,-0.0041714327579995825,0.1312197664911172,0.13092891350530872,0.0022165333286746636,12,0.15870965249269464,0.4560831318483461,0.0006893358711867895,0.5432583980657442,0.0,0.005593121031496716,0.9999723639223648,1.1017740429505136,1.0,0.0,0.9934024682024031,1.00671458561925,0.0005120577209587474,0.014863748967795187,10,13,False
S01_M06_reference_a1000_c50,S01_M06_reference,dt|wS2CDF_max,2,1000.0,0.005,0.04178090146749322,0.042615169798428554,-0.019967695804371743,0.06774135758272384,0.06821833234639178,-0.007041116102308287,0.1312197664911172,0.1307960119068782,0.0032293502386904205,12,0.15839163516510357,0.43061885899480423,0.0006790472760944493,0.568660939348732,0.0,0.0025253971143301026,0.9999884671824433,1.1371882086167802,0.9289554531490015,0.0,0.9955832160107063,1.0044633114229533,0.00035183210960121336,0.014863748967795187,10,13,False
S04_top_bottom_xy_a300_c75,S04_top_bottom_xy,dt|wS2CDF_max|xS2T_max|yS2T_max|xS2B_max|yS2B_max,6,300.0,0.0075,0.04178090146749322,0.04263355642287445,-0.020407768272894256,0.06774135758272384,0.06799538348265509,-0.003749938132270758,0.1312197664911172,0.13095773754427725,0.0019968710038641424,12,0.15855466370151594,0.4532331910077679,0.001821081331344205,0.54609805031123,0.0,0.0055382615222289225,0.9999724944168114,1.1076007326007327,1.0414614121510675,0.0,0.993405565059803,1.0067185033976722,0.0005668789412227593,0.015586292320396378,10,13,False
S11_historical_core_a100_c75,S11_historical_core,dt|wS2CDF_max|xS2T_max|yS2B_max,4,100.0,0.0075,0.04178090146749322,0.04264890654959591,-0.02077516404900992,0.06774135758272384,0.0680377636340777,-0.0043755552284567845,0.1312197664911172,0.13077915785968544,0.0033577916133662455,12,0.15848557532943286,0.43664797571891556,0.0009979937239569937,0.5626832656000823,0.0,0.004722736540772916,0.999973706097277,1.1306620209059235,1.0479969765684052,0.0,0.9933957554602593,1.0067043292879703,0.0003850284992670261,0.016308835672997513,10,13,False
S12_core_channel_pattern_a1000_c75,S12_core_channel_pattern,dt|wS2CDF_max|xS2T_max|yS2B_max|qS2channelStdevTo1_max|qS1channelStdevTo1_max,6,1000.0,0.0075,0.04178090146749322,0.042904418087518395,-0.026890674460418262,0.06774135758272384,0.06778952732106008,-0.0007110831559202779,0.1312197664911172,0.13058632270707865,0.004827350337355041,12,0.15639273289547384,0.09439785997222079,0.06870723802664747,0.8972992437882608,0.0,0.009246027301465266,0.9999903064559075,1.0535714285714286,1.0535714285714286,0.0,0.994358974714538,1.0064866502570273,0.0008097810497289526,0.008473507503678174,10,13,False
S06_s1_pattern_a100_c25,S06_s1_pattern,dt|wS2CDF_max|qS1hitStdevTo1_max|qS1channelStdevTo1_max,4,100.0,0.0025,0.04178090146749322,0.04180527516244342,-0.0005833692930050649,0.06774135758272384,0.06774135758272384,0.0,0.1312197664911172,0.13167361098800745,-0.0034586595375551976,12,0.1569432051292552,0.017202530994392715,0.06221513452338083,0.9815937033798035,0.0,0.0015399530791666877,0.9999998470170609,1.0414614121510675,1.0414614121510675,0.0,1.0,1.0,0.0005308197504731993,0.003614293461414654,10,12,False
S07_s1_s2_pattern_a3000_c25,S07_s1_s2_pattern,dt|wS2CDF_max|qS2hitStdevTo1_max|qS2channelStdevTo1_max|qS1hitStdevTo1_max|qS1channelStdevTo1_max,6,3000.0,0.0025,0.04178090146749322,0.04184890007921114,-0.0016275046571416762,0.06774135758272384,0.06781863047569739,-0.0011407048180158696,0.1312197664911172,0.13126712566646426,-0.0003609149491230479,12,0.15686519834663615,0.04540357014249704,0.1422501157466948,0.9392252687895468,0.0,0.001689195046965128,0.9999996127256857,1.0172413793103448,1.0172413793103448,0.0,0.9984041160410657,1.001844008980568,0.0006331949478100007,0.0061925895345236875,10,12,False
S07_s1_s2_pattern_a300_c50,S07_s1_s2_pattern,dt|wS2CDF_max|qS2hitStdevTo1_max|qS2channelStdevTo1_max|qS1hitStdevTo1_max|qS1channelStdevTo1_max,6,300.0,0.005,0.04178090146749322,0.04186556809760199,-0.0020264433541397064,0.06774135758272384,0.06788170353290895,-0.002071791224640407,0.1312197664911172,0.1311844795337271,0.0002689149533920965,12,0.15688220077387227,0.02054632439940326,0.1422501157466948,0.978918668655795,0.0,0.0036811545815873367,0.9999992433535684,1.0336927223719676,1.0,0.0,1.0,1.000566922043479,0.001085144268262228,0.003922378199834847,10,12,False
S17_geometry_shape_a1000_c25,S17_geometry_shape,dt|wS2CDF_max|xS2T_max|yS2T_max|xS2B_max|yS2B_max|wS2FWHM_max|tDiffBottomTopS2_max,8,1000.0,0.0025,0.04178090146749322,0.04189272260677313,-0.0026763697132508035,0.06774135758272384,0.06772472793820677,0.00024548732281848284,0.1312197664911172,0.13176426740939493,-0.004149534272449573,12,0.15745000565043288,0.2054323782087556,0.010432635423632902,0.7937753999691343,0.0,0.000983745237689776,0.9999985015180263,1.2142857142857144,1.2142857142857144,0.0,0.9978241570730243,1.0021925117164536,0.0002375277791419883,0.013005780346820789,10,12,False
S06_s1_pattern_a100_c50,S06_s1_pattern,dt|wS2CDF_max|qS1hitStdevTo1_max|qS1channelStdevTo1_max,4,100.0,0.005,0.04178090146749322,0.041893256705798756,-0.0026891530426396137,0.06774135758272384,0.0678019234977735,-0.000894075897072133,0.1312197664911172,0.13164901608246607,-0.0032712266057715045,12,0.15686001186628007,0.03538247852255774,0.06221513452338083,0.9622099902258346,0.0,0.00302225104892104,0.9999987772555241,1.0067460317460317,1.0067460317460317,0.0,0.9974286291617347,1.0032442617196833,0.0015197937355826419,0.0046483732435473185,10,12,False
S10_corrected_position_a100_c25,S10_corrected_position,dt|wS2CDF_max|yS2Tcor_max|xS2Bcor_max,4,100.0,0.0025,0.04178090146749322,0.04190367471240471,-0.0029385015784546553,0.06774135758272384,0.0677251621871135,0.0002390769271278792,0.1312197664911172,0.13113107863808726,0.000675872663101651,12,0.1574959372142758,0.13439991769123927,0.005247183497093472,0.8651062297443284,0.0,0.0010281180154539976,0.9999989885140895,1.1003968253968255,1.1003968253968255,0.0,0.9978811222110769,1.0021499841230173,0.0003999171814472735,0.01125103220478943,10,12,False
S05_s2_pattern_a3000_c25,S05_s2_pattern,dt|wS2CDF_max|qS2hitStdevTo1_max|qS2channelStdevTo1_max,4,3000.0,0.0025,0.04178090146749322,0.04190814595191392,-0.003045517926885788,0.06774135758272384,0.06769004501162051,0.0007574777496991425,0.1312197664911172,0.1311048329904162,0.0008758855755833794,12,0.15738534309136398,0.14751787643397293,0.11312310304027985,0.8524306805905654,0.0,0.0013709204163940658,0.9999987503217338,1.1867816091954024,1.1867816091954024,0.0,0.9978799030907302,1.0021785930595692,0.00020268424449088052,0.01362510322047894,10,12,False
S12_core_channel_pattern_a300_c25,S12_core_channel_pattern,dt|wS2CDF_max|xS2T_max|yS2B_max|qS2channelStdevTo1_max|qS1channelStdevTo1_max,6,300.0,0.0025,0.04178090146749322,0.041922500926255477,-0.003389095347127169,0.06774135758272384,0.06783595585426071,-0.0013964625881810466,0.1312197664911172,0.13128026398122253,-0.0004610394586355149,12,0.15687452862488427,0.015700396110911057,0.06870723802664747,0.9833221873553166,0.0,0.0016278925605344486,0.9999998235200199,1.0172413793103448,1.0172413793103448,0.0,1.0,1.0,0.0008054727962000241,0.004439854878973908,10,12,False
S12_core_channel_pattern_a100_c50,S12_core_channel_pattern,dt|wS2CDF_max|xS2T_max|yS2B_max|qS2channelStdevTo1_max|qS1channelStdevTo1_max,6,100.0,0.005,0.04178090146749322,0.04194302978753284,-0.003880440927435558,0.06774135758272384,0.06792104031662116,-0.0026524820332674004,0.1312197664911172,0.131211409513905,6.368687763780301e-05,12,0.1573946785446806,0.023602037141828285,0.06870723802664747,0.9745768815268275,0.0,0.003432594988467461,0.9999989241827927,1.0172413793103448,1.0172413793103448,0.0,0.999944109338888,1.0020757949622991,0.0016526019904219424,0.005264244426094137,10,12,False
S09_hit_topology_a300_c75,S09_hit_topology,dt|wS2CDF_max|nPMTS2_max|rmsCogS1T_max,4,300.0,0.0075,0.04178090146749322,0.04194486308703736,-0.003924319815638899,0.06774135758272384,0.06797829212458517,-0.0034976349798125916,0.1312197664911172,0.13106999269715172,0.0011413965896335254,12,0.15700042926450908,0.22654457533823757,0.001018570914141674,0.7726632028396523,0.0,0.0030431465729026112,0.9999852795214011,1.1383415435139572,1.1383415435139572,0.0,0.9935184776393087,1.006657667490329,0.0011059192988960298,0.01855534326471514,10,12,False
S07_s1_s2_pattern_a100_c75,S07_s1_s2_pattern,dt|wS2CDF_max|qS2hitStdevTo1_max|qS2channelStdevTo1_max|qS1hitStdevTo1_max|qS1channelStdevTo1_max,6,100.0,0.0075,0.04178090146749322,0.04194535481513584,-0.003936089023128586,0.06774135758272384,0.06784095467671604,-0.0014702553587087053,0.1312197664911172,0.13127888571456583,-0.0004505359598596659,12,0.1574066169047823,0.02482637995781676,0.1422501157466948,0.9746180359071969,0.0,0.005327768799635351,0.9999979572318712,0.9657738095238095,0.9657738095238095,0.0,0.9990010360502313,1.0031299090723529,0.0014453839546411107,0.004954582989265068,10,12,False
S05_s2_pattern_a300_c25,S05_s2_pattern,dt|wS2CDF_max|qS2hitStdevTo1_max|qS2channelStdevTo1_max,4,300.0,0.0025,0.04178090146749322,0.041965605552184954,-0.004420777872287784,0.06774135758272384,0.06776566578865645,-0.00035883848213291714,0.1312197664911172,0.131523525057366,-0.00231488421578141,12,0.15733267517708294,0.0822778949534441,0.11312310304027985,0.9176603734760018,0.0,0.0008928185755997005,0.9999992924223468,1.0405643738977073,1.0405643738977073,0.0,0.9980178150318127,1.0020611234524408,0.0004106861735482248,0.00940117079657958,10,12,False
S06_s1_pattern_a100_c75,S06_s1_pattern,dt|wS2CDF_max|qS1hitStdevTo1_max|qS1channelStdevTo1_max,4,100.0,0.0075,0.04178090146749322,0.04197734146146394,-0.0047016695923507434,0.06774135758272384,0.06744758215767957,0.004336721842126079,0.1312197664911172,0.1316199369368519,-0.0030496201634515607,12,0.15693641275373893,0.05480734605689593,0.06221513452338083,0.9418488605380935,0.0,0.0042366543440596335,0.9999955914399135,1.0238095238095237,1.0238095238095237,0.0,0.9950043030048816,1.0060085167839405,0.0015730852417101815,0.005470685383980184,10,12,False
S12_core_channel_pattern_a300_c75,S12_core_channel_pattern,dt|wS2CDF_max|xS2T_max|yS2B_max|qS2channelStdevTo1_max|qS1channelStdevTo1_max,6,300.0,0.0075,0.04178090146749322,0.04204135807546553,-0.006233867600366594,0.06774135758272384,0.06781301275501046,-0.0010577758527958725,0.1312197664911172,0.13104492032372275,0.0013324682101630847,12,0.15684090359265634,0.04885024949843099,0.06870723802664747,0.9482483666855291,0.0,0.00735722674992269,0.9999949016349662,1.0216450216450217,1.0216450216450217,0.0,0.9957786350800907,1.0059069551202002,0.0013220132172828691,0.0051556759566021015,10,12,False
S14_core_hit_topology_a300_c75,S14_core_hit_topology,dt|wS2CDF_max|xS2T_max|yS2B_max|nPMTS2_max|rmsCogS1T_max,6,300.0,0.0075,0.04178090146749322,0.042072966252440565,-0.006990389740024527,0.06774135758272384,0.06783097131476169,-0.0013228806630929402,0.1312197664911172,0.13104715626255656,0.0013154285606225002,12,0.15662646574633043,0.22304645300684192,0.0017181953804208036,0.7761098821955862,0.0,0.002262035539762716,0.9999857334595667,1.1090225563909775,1.1090225563909775,0.0,0.9935613273791913,1.0066488646195608,0.0009388115015680487,0.017110554853806414,10,12,False
S07_s1_s2_pattern_a300_c75,S07_s1_s2_pattern,dt|wS2CDF_max|qS2hitStdevTo1_max|qS2channelStdevTo1_max|qS1hitStdevTo1_max|qS1channelStdevTo1_max,6,300.0,0.0075,0.04178090146749322,0.042077885340755725,-0.0071081250722551115,0.06774135758272384,0.06775407539031236,-0.00018774066600291128,0.1312197664911172,0.1316724754274658,-0.0034500056542872137,12,0.15703586759743848,0.030989248418128505,0.1422501157466948,0.9682596841401306,0.0,0.004992813620181215,0.999997428051626,1.0071877807726863,0.968146718146718,0.0,0.9969046619254593,1.0043750820192876,0.0014721491937754738,0.002786952931461601,10,12,False
S12_core_channel_pattern_a1000_c50,S12_core_channel_pattern,dt|wS2CDF_max|xS2T_max|yS2B_max|qS2channelStdevTo1_max|qS1channelStdevTo1_max,6,1000.0,0.005,0.04178090146749322,0.04212610161113965,-0.008262151641582172,0.06774135758272384,0.06805944880279835,-0.0046956723547511015,0.1312197664911172,0.13108560704787234,0.0010224026976448641,12,0.15696738525273335,0.060280878646020886,0.06870723802664747,0.9335459642985751,0.0,0.005252472682047619,0.999997238977705,0.9761904761904763,0.9761904761904763,0.0,0.9965825092318765,1.0040682857807013,0.0009072902685633988,0.005780346820809246,10,12,False
S14_core_hit_topology_a3000_c50,S14_core_hit_topology,dt|wS2CDF_max|xS2T_max|yS2B_max|nPMTS2_max|rmsCogS1T_max,6,3000.0,0.005,0.04178090146749322,0.042166891421040784,-0.009238430478764936,0.06774135758272384,0.06789789958902484,-0.0023108779021712156,0.1312197664911172,0.13145738504480142,-0.0018108442046367301,12,0.15735435821908417,0.30061217140799423,0.0017181953804208036,0.6983589690827717,0.0,0.0024312045262806104,0.9999918253299306,1.1003968253968255,1.1003968253968255,0.0,0.9956483108072215,1.0044702741764324,0.0003655500094279507,0.014037985136251041,10,12,False
S05_s2_pattern_a3000_c50,S05_s2_pattern,dt|wS2CDF_max|qS2hitStdevTo1_max|qS2channelStdevTo1_max,4,3000.0,0.005,0.04178090146749322,0.04219410926907608,-0.009889872814361045,0.06774135758272384,0.06800633879371488,-0.003911660770415715,0.1312197664911172,0.13086823281973065,0.0026789688839321535,12,0.15763283234944803,0.2963218272544884,0.11312310304027985,0.7034724008436648,0.0,0.002839970913640775,0.9999906857138142,1.119047619047619,1.119047619047619,0.0,0.9956565933809542,1.0044640490801462,0.00032848903203741564,0.02012799339388932,10,12,False
S07_s1_s2_pattern_a3000_c50,S07_s1_s2_pattern,dt|wS2CDF_max|qS2hitStdevTo1_max|qS2channelStdevTo1_max|qS1hitStdevTo1_max|qS1channelStdevTo1_max,6,3000.0,0.005,0.04178090146749322,0.042426759611549764,-0.015458214671577597,0.06774135758272384,0.06784177629755428,-0.001482384150742977,0.1312197664911172,0.13114910871304755,0.0005384690123985125,12,0.15683047833008457,0.09562220278820927,0.1422501157466948,0.877617161376614,0.0,0.005256054050314013,0.9999966755295946,1.0414614121510675,1.0414614121510675,0.0,0.9961045444634424,1.0043167462709506,0.0007288320689018413,0.009393063583815031,10,12,False
S10_corrected_position_a300_c75,S10_corrected_position,dt|wS2CDF_max|yS2Tcor_max|xS2Bcor_max,4,300.0,0.0075,0.04178090146749322,0.042449700047087785,-0.016007279788228468,0.06774135758272384,0.0679265029314862,-0.0027331213215833206,0.1312197664911172,0.13133527126474664,-0.0008802391340734239,12,0.15815720103069975,0.42465147384124696,0.005247183497093472,0.5738155254899944,0.0,0.0044923922023755595,0.9999743374633783,1.1058763931104356,1.1058763931104356,0.0,0.9934158024436698,1.0067177348029794,0.0004981215450350351,0.014760528488852176,10,12,False
S08_s2_shape_a1000_c75,S08_s2_shape,dt|wS2CDF_max|wS2FWHM_max|tDiffBottomTopS2_max,4,1000.0,0.0075,0.04178090146749322,0.04245678170657299,-0.016176774922044723,0.06774135758272384,0.06853242775001918,-0.011677802092012968,0.1312197664911172,0.13121674769680536,2.3005636974993138e-05,12,0.15735771129327447,0.5410566387159833,0.009053963681259323,0.4561037090385308,0.0,0.0037880217248215157,0.9999692766944521,1.1438775510204082,1.1438775510204082,0.0,0.993354563091613,1.0067118878283914,0.00043235532192986703,0.011767134599504514,10,12,False
S17_geometry_shape_a100_c75,S17_geometry_shape,dt|wS2CDF_max|xS2T_max|yS2T_max|xS2B_max|yS2B_max|wS2FWHM_max|tDiffBottomTopS2_max,8,100.0,0.0075,0.04178090146749322,0.04247986780960891,-0.016729326500039887,0.06774135758272384,0.06783612877968175,-0.001399015318554353,0.1312197664911172,0.13066832487474575,0.004202427965826039,12,0.15843194765281887,0.3734657132568548,0.010432635423632902,0.6247543597921704,0.0,0.005152493500842954,0.9999758845135973,1.1090225563909775,1.1058763931104356,0.0,0.9934251716689646,1.0067158914329788,0.0008184393130281631,0.012940560430205139,10,12,False
S04_top_bottom_xy_a100_c75,S04_top_bottom_xy,dt|wS2CDF_max|xS2T_max|yS2T_max|xS2B_max|yS2B_max,6,100.0,0.0075,0.04178090146749322,0.042492566896610476,-0.01703327128235732,0.06774135758272384,0.06800810072633352,-0.003937670473815658,0.1312197664911172,0.1308235476388656,0.0030195058476834014,12,0.15824026251913814,0.3851124029013838,0.001821081331344205,0.6143525901538145,0.0,0.005556264455878838,0.9999753759487681,1.1037414965986394,1.1037414965986394,0.0,0.9934206470417157,1.0067081939652816,0.000839347164671933,0.01087764232281252,10,12,False
S08_s2_shape_a1000_c50,S08_s2_shape,dt|wS2CDF_max|wS2FWHM_max|tDiffBottomTopS2_max,4,1000.0,0.005,0.04178090146749322,0.042523591647043085,-0.017775829469062643,0.06774135758272384,0.0679317166195361,-0.0028100859446136273,0.1312197664911172,0.13078291865025155,0.003329131369054994,12,0.15839345373710512,0.3938988631102423,0.009053963681259323,0.6043829415093369,0.0,0.0019439608053179432,0.9999892701824943,1.1383415435139572,1.1383415435139572,0.0,0.9955840463767663,1.0044545874006972,0.0003121042295268772,0.015173410404624277,10,12,False
S13_core_s2_shape_a1000_c50,S13_core_s2_shape,dt|wS2CDF_max|xS2T_max|yS2B_max|wS2FWHM_max|tDiffBottomTopS2_max,6,1000.0,0.005,0.04178090146749322,0.042550026428782195,-0.018408529597844447,0.06774135758272384,0.06794894680450048,-0.003064438463949104,0.1312197664911172,0.13099745053679962,0.0016942261083250365,12,0.15827548031701932,0.3963578373373116,0.0101754205463244,0.6020371418282834,0.0,0.002331780279386407,0.999989114980865,1.1966490299823633,1.1966490299823633,0.0,0.9955766534627236,1.0044570050242325,0.00035218083117616317,0.015276630883567344,10,12,False
S02_top_xy_a100_c75,S02_top_xy,dt|wS2CDF_max|xS2T_max|yS2T_max,4,100.0,0.0075,0.04178090146749322,0.042581696671385776,-0.019166537239882153,0.06774135758272384,0.0679336574732991,-0.002838736887438742,0.1312197664911172,0.13091188711033067,0.0023462881318826456,12,0.15845053224167827,0.3904624723494007,0.0006893358711867895,0.609043675086167,0.0,0.005557267320899848,0.9999751510675763,1.158312447786132,1.158312447786132,0.0,0.9934148377083252,1.0067162938320406,0.0007754216099415956,0.014450867052023142,10,12,False
S03_bottom_xy_a1000_c75,S03_bottom_xy,dt|wS2CDF_max|xS2B_max|yS2B_max,4,1000.0,0.0075,0.04178090146749322,0.04259182171268073,-0.019408873832423845,0.06774135758272384,0.06816248680447641,-0.006216722498339378,0.1312197664911172,0.13109706144100247,0.0009351110232544979,12,0.1581057527702282,0.5785894336128402,0.001810792736251865,0.4204228612582952,0.0,0.005126957687023256,0.9999685451131086,1.1017740429505136,1.1017740429505136,0.0,0.9933756032832648,1.006721504023287,0.0003448910635179825,0.018535549307663213,10,12,False
S09_hit_topology_a1000_c75,S09_hit_topology,dt|wS2CDF_max|nPMTS2_max|rmsCogS1T_max,4,1000.0,0.0075,0.04178090146749322,0.0425952599530011,-0.019491165985048742,0.06774135758272384,0.06792228167766222,-0.0026708070430598863,0.1312197664911172,0.13139722012435956,-0.0013523391939154195,12,0.15665415117123926,0.30177478265342866,0.001018570914141674,0.6974535727146458,0.0,0.004719940711482699,0.9999806966701198,1.1383415435139572,1.1383415435139572,0.0,0.9934461778651726,1.0066976922973403,0.0007114457264645324,0.0123545612904859,10,12,False
S13_core_s2_shape_a300_c50,S13_core_s2_shape,dt|wS2CDF_max|xS2T_max|yS2B_max|wS2FWHM_max|tDiffBottomTopS2_max,6,300.0,0.005,0.04178090146749322,0.04260233466607978,-0.019660494860927358,0.06774135758272384,0.06791596705742736,-0.0025775904253215742,0.1312197664911172,0.13133839909228628,-0.0009040756918061721,12,0.1583720917773127,0.3292864859303462,0.0101754205463244,0.6693657081125572,0.0,0.002448580458595194,0.9999906351613302,1.1357649442755826,1.1148904006046862,0.0,0.9956033137885183,1.0044488263660662,0.0003237498656190052,0.013864921179142009,10,12,False
S14_core_hit_topology_a3000_c75,S14_core_hit_topology,dt|wS2CDF_max|xS2T_max|yS2B_max|nPMTS2_max|rmsCogS1T_max,6,3000.0,0.0075,0.04178090146749322,0.04271468061548478,-0.022349425579485604,0.06774135758272384,0.0681160113755829,-0.005530650790420699,0.1312197664911172,0.13112424580547932,0.0007279443348524595,12,0.15724645890952038,0.46551777354802204,0.0017181953804208036,0.5329183599979422,0.0,0.0038959729959557104,0.999972325388389,1.114121510673235,1.114121510673235,0.0,0.9933994610270727,1.0067526142643466,0.00043115541795124557,0.006034557479137059,10,12,False
S16_geometry_s2_pattern_a100_c50,S16_geometry_s2_pattern,dt|wS2CDF_max|xS2T_max|yS2T_max|xS2B_max|yS2B_max|qS2hitStdevTo1_max|qS2channelStdevTo1_max,8,100.0,0.005,0.04178090146749322,0.0425654706479931,-0.01877817741941956,0.06774135758272384,0.06791679961402096,-0.0025898806513122707,0.1312197664911172,0.13091983591589693,0.0022857118499792772,12,0.15810516123756313,0.1313647821389989,0.11393590205257471,0.8680384793456454,0.0,0.001868766991390087,0.9999953324474127,1.128826530612245,1.128826530612245,0.0,0.9958111935510437,1.0043279285706368,0.0006642855906613399,0.009199736921478463,10,11,False
S15_core_hit_pattern_a100_c50,S15_core_hit_pattern,dt|wS2CDF_max|xS2T_max|yS2B_max|qS2hitStdevTo1_max|qS1hitStdevTo1_max,6,100.0,0.005,0.04178090146749322,0.04202338110859248,-0.005803600032132206,0.06774135758272384,0.06782688668246244,-0.0012625831957109312,0.1312197664911172,0.13111190627776906,0.0008219814455731056,12,0.15725024227635565,0.06947888265857297,0.059221153351509855,0.9287926333659139,0.0,0.003014384785961201,0.999998083146079,1.1053864168618266,1.1053864168618266,0.0,0.9960373966134497,1.0038909917855459,0.0007177526622766939,0.009090273569105717,10,10,False
