scheme,outer_fold,method,complexity,alpha,inner_r68,inner_r90,inner_n
file_mod5,0,raw,0,0.05,0.16917913061129908,0.31103232957947163,3642
file_mod5,0,raw,0,0.07670637023171953,0.1615679780585198,0.2984475273655654,3642
file_mod5,0,raw,0,0.11767734468251262,0.1516623738909471,0.28136397415401976,3642
file_mod5,0,raw,0,0.1805320393820497,0.13970422177611275,0.2577792615592541,3642
file_mod5,0,raw,0,0.2769591490305376,0.12390963905865784,0.22782633959629744,3642
file_mod5,0,raw,0,0.42489062049196813,0.10601731695857049,0.19589502078201812,3642
file_mod5,0,raw,0,0.6518363448688389,0.09141146062680215,0.1657087988640126,3642
file_mod5,0,raw,0,0.75,0.08838747620009846,0.15720322435754489,3642
file_mod5,0,raw,0,1.0,0.0822816142686663,0.14944025643070366,3642
file_mod5,0,raw,0,1.5,0.08124116545805109,0.1516124618064884,3642
file_mod5,0,raw,0,1.5341274046343907,0.08158377322850431,0.15267713931280275,3642
file_mod5,0,raw,0,2.3535468936502513,0.0929188735087822,0.1706520574682893,3642
file_mod5,0,raw,0,3.6106407876409943,0.11227801388046853,0.19612972453213848,3642
file_mod5,0,raw,0,5.539182980610754,0.1308578118125533,0.22024914877721016,3642
file_mod5,0,raw,0,8.49781240983936,0.1439778725858282,0.2426312938771179,3642
file_mod5,0,raw,0,13.03672689737678,0.15442295134958312,0.25782630104227267,3642
file_mod5,0,raw,0,20.0,0.16147568528443185,0.2686900067556124,3642
file_mod5,0,dt_quad,3,0.05,0.11813807948555047,0.2210784337430366,3642
file_mod5,0,dt_quad,3,0.07670637023171953,0.11446379586450509,0.2151676361116207,3642
file_mod5,0,dt_quad,3,0.11767734468251262,0.10958139291838993,0.2055405452958937,3642
file_mod5,0,dt_quad,3,0.1805320393820497,0.10456747680534813,0.1938562690493791,3642
file_mod5,0,dt_quad,3,0.2769591490305376,0.0983888825621738,0.17780056953899487,3642
file_mod5,0,dt_quad,3,0.42489062049196813,0.09050183183673348,0.16682696027222407,3642
file_mod5,0,dt_quad,3,0.6518363448688389,0.08406211767932453,0.15417190789169927,3642
file_mod5,0,dt_quad,3,0.75,0.08170042535383759,0.14955617291535658,3642
file_mod5,0,dt_quad,3,1.0,0.07862818747116077,0.14372338216905733,3642
file_mod5,0,dt_quad,3,1.5,0.0765364344682867,0.14525104225973867,3642
file_mod5,0,dt_quad,3,1.5341274046343907,0.07647409899951324,0.14548012087532722,3642
file_mod5,0,dt_quad,3,2.3535468936502513,0.08008250493443168,0.15303001615606351,3642
file_mod5,0,dt_quad,3,3.6106407876409943,0.08822179901577894,0.16466225955587682,3642
file_mod5,0,dt_quad,3,5.539182980610754,0.09592733765832712,0.17777739203536486,3642
file_mod5,0,dt_quad,3,8.49781240983936,0.10258032545876233,0.1889318887857049,3642
file_mod5,0,dt_quad,3,13.03672689737678,0.10770691293647655,0.19794455909263173,3642
file_mod5,0,dt_quad,3,20.0,0.11096713064274574,0.20356878363195183,3642
file_mod5,0,r2_quad,3,0.05,0.09740833760931013,0.18900219791310785,3642
file_mod5,0,r2_quad,3,0.07670637023171953,0.0935763762943617,0.1817314527459071,3642
file_mod5,0,r2_quad,3,0.11767734468251262,0.08907969915164696,0.17241506173732327,3642
file_mod5,0,r2_quad,3,0.1805320393820497,0.08359397170656908,0.16013104502630346,3642
file_mod5,0,r2_quad,3,0.2769591490305376,0.07734564883083642,0.14546961943380676,3642
file_mod5,0,r2_quad,3,0.42489062049196813,0.07022839290004679,0.13407693939516513,3642
file_mod5,0,r2_quad,3,0.6518363448688389,0.06523607280256004,0.12571912503802937,3642
file_mod5,0,r2_quad,3,0.75,0.06354824882822296,0.12565243487680466,3642
file_mod5,0,r2_quad,3,1.0,0.06476574231033225,0.12817447790710162,3642
file_mod5,0,r2_quad,3,1.5,0.07444044059467944,0.1407347238980851,3642
file_mod5,0,r2_quad,3,1.5341274046343907,0.07524953914985764,0.1416250629011885,3642
file_mod5,0,r2_quad,3,2.3535468936502513,0.0888319574615377,0.16420810160338745,3642
file_mod5,0,r2_quad,3,3.6106407876409943,0.10327120634648229,0.18857779037293843,3642
file_mod5,0,r2_quad,3,5.539182980610754,0.11588715670503241,0.21027730250025273,3642
file_mod5,0,r2_quad,3,8.49781240983936,0.12554971031436596,0.22836789231506718,3642
file_mod5,0,r2_quad,3,13.03672689737678,0.13293938366562683,0.24098633798484448,3642
file_mod5,0,r2_quad,3,20.0,0.13785112213583608,0.2505006048262981,3642
file_mod5,0,dt_r2_joint,6,0.05,0.08544250156299397,0.16016012186824977,3642
file_mod5,0,dt_r2_joint,6,0.07670637023171953,0.08287032013655786,0.1561411623938751,3642
file_mod5,0,dt_r2_joint,6,0.11767734468251262,0.07998989542174101,0.15003281471040378,3642
file_mod5,0,dt_r2_joint,6,0.1805320393820497,0.0757134832661999,0.14393878661687118,3642
file_mod5,0,dt_r2_joint,6,0.2769591490305376,0.07029567558051772,0.13654032921634535,3642
file_mod5,0,dt_r2_joint,6,0.42489062049196813,0.0655342970688717,0.1290483663862222,3642
file_mod5,0,dt_r2_joint,6,0.6518363448688389,0.06297445525877676,0.1279894971261623,3642
file_mod5,0,dt_r2_joint,6,0.75,0.06296244713715003,0.1285651208749566,3642
file_mod5,0,dt_r2_joint,6,1.0,0.06335804150365577,0.12811364203416492,3642
file_mod5,0,dt_r2_joint,6,1.5,0.06595975341197419,0.1288938460651554,3642
file_mod5,0,dt_r2_joint,6,1.5341274046343907,0.06622100122942035,0.1294908915718464,3642
file_mod5,0,dt_r2_joint,6,2.3535468936502513,0.07573675472931442,0.1459302050141124,3642
file_mod5,0,dt_r2_joint,6,3.6106407876409943,0.08387829997798227,0.1652737158180317,3642
file_mod5,0,dt_r2_joint,6,5.539182980610754,0.09171945247262796,0.18037176375672573,3642
file_mod5,0,dt_r2_joint,6,8.49781240983936,0.09894343536870608,0.1926903043959319,3642
file_mod5,0,dt_r2_joint,6,13.03672689737678,0.10418333794872152,0.20095773802108025,3642
file_mod5,0,dt_r2_joint,6,20.0,0.10713020608390254,0.20694806462411705,3642
file_mod5,0,dt_then_r2,6,0.05,0.0943340219553619,0.17421448739494513,3642
file_mod5,0,dt_then_r2,6,0.07670637023171953,0.09129175874323624,0.16894741713181577,3642
file_mod5,0,dt_then_r2,6,0.11767734468251262,0.08702875612840454,0.16314885422628517,3642
file_mod5,0,dt_then_r2,6,0.1805320393820497,0.08207743713505591,0.1538473176129244,3642
file_mod5,0,dt_then_r2,6,0.2769591490305376,0.07674280994873628,0.1438737960177678,3642
file_mod5,0,dt_then_r2,6,0.42489062049196813,0.0708617170723172,0.1338942208628427,3642
file_mod5,0,dt_then_r2,6,0.6518363448688389,0.06588624561340654,0.1296226212733489,3642
file_mod5,0,dt_then_r2,6,0.75,0.06498823706715932,0.12822310692083852,3642
file_mod5,0,dt_then_r2,6,1.0,0.0641157688137116,0.12567821889707798,3642
file_mod5,0,dt_then_r2,6,1.5,0.06867445932614442,0.1318110279659194,3642
file_mod5,0,dt_then_r2,6,1.5341274046343907,0.06906967826656538,0.13267103505845632,3642
file_mod5,0,dt_then_r2,6,2.3535468936502513,0.07549242167949702,0.14478136845484676,3642
file_mod5,0,dt_then_r2,6,3.6106407876409943,0.08462056959610009,0.16044442817432983,3642
file_mod5,0,dt_then_r2,6,5.539182980610754,0.09291517137802548,0.17574797241170068,3642
file_mod5,0,dt_then_r2,6,8.49781240983936,0.09961479201181261,0.1867007936984133,3642
file_mod5,0,dt_then_r2,6,13.03672689737678,0.10575734703252242,0.19656413064510883,3642
file_mod5,0,dt_then_r2,6,20.0,0.10937941851755124,0.20388846464134236,3642
file_mod5,0,r2_then_dt,6,0.05,0.09326404213483894,0.1660393036859853,3642
file_mod5,0,r2_then_dt,6,0.07670637023171953,0.09041465787568931,0.15977996868822092,3642
file_mod5,0,r2_then_dt,6,0.11767734468251262,0.08583935075121439,0.15099753489177578,3642
file_mod5,0,r2_then_dt,6,0.1805320393820497,0.08098013441225368,0.14360328128358585,3642
file_mod5,0,r2_then_dt,6,0.2769591490305376,0.07445382707859644,0.13582504792203642,3642
file_mod5,0,r2_then_dt,6,0.42489062049196813,0.0677596965831585,0.1272574559754578,3642
file_mod5,0,r2_then_dt,6,0.6518363448688389,0.06328654717718514,0.12398238527975242,3642
file_mod5,0,r2_then_dt,6,0.75,0.06234816375593354,0.12330468965854638,3642
file_mod5,0,r2_then_dt,6,1.0,0.062826581535745,0.1227489769607032,3642
file_mod5,0,r2_then_dt,6,1.5,0.0689876250931417,0.13359678381988338,3642
file_mod5,0,r2_then_dt,6,1.5341274046343907,0.06937159633477262,0.13475427927516712,3642
file_mod5,0,r2_then_dt,6,2.3535468936502513,0.08201451984293241,0.15512043125423938,3642
file_mod5,0,r2_then_dt,6,3.6106407876409943,0.09261427373972243,0.17219726267869476,3642
file_mod5,0,r2_then_dt,6,5.539182980610754,0.10211553260068698,0.19016198447590202,3642
file_mod5,0,r2_then_dt,6,8.49781240983936,0.11014688469805643,0.20197233952093105,3642
file_mod5,0,r2_then_dt,6,13.03672689737678,0.11638894748179959,0.21339067038908274,3642
file_mod5,0,r2_then_dt,6,20.0,0.12000255068821816,0.21998073113978495,3642
file_mod5,0,xy_quad,6,0.05,0.1320399491005273,0.2435279021720095,3642
file_mod5,0,xy_quad,6,0.07670637023171953,0.12802347795582003,0.23313030712493985,3642
file_mod5,0,xy_quad,6,0.11767734468251262,0.12018801191491853,0.21974389800954502,3642
file_mod5,0,xy_quad,6,0.1805320393820497,0.11011125743795293,0.19989358616438135,3642
file_mod5,0,xy_quad,6,0.2769591490305376,0.09766215129015958,0.17799930510924006,3642
file_mod5,0,xy_quad,6,0.42489062049196813,0.0831114521818217,0.15348593005350056,3642
file_mod5,0,xy_quad,6,0.6518363448688389,0.0734279953734567,0.1366338917731686,3642
file_mod5,0,xy_quad,6,0.75,0.07034916869876874,0.13429646675629045,3642
file_mod5,0,xy_quad,6,1.0,0.06862467772679053,0.13437838528419532,3642
file_mod5,0,xy_quad,6,1.5,0.07705524997075704,0.14308389554115455,3642
file_mod5,0,xy_quad,6,1.5341274046343907,0.07758847367249298,0.1437300740603428,3642
file_mod5,0,xy_quad,6,2.3535468936502513,0.09293541300883038,0.16739953039214037,3642
file_mod5,0,xy_quad,6,3.6106407876409943,0.11216495108532727,0.1959386061019067,3642
file_mod5,0,xy_quad,6,5.539182980610754,0.1299498365998694,0.22343828848049005,3642
file_mod5,0,xy_quad,6,8.49781240983936,0.1437955325552167,0.24352087342504586,3642
file_mod5,0,xy_quad,6,13.03672689737678,0.15306304173481644,0.2593737124681519,3642
file_mod5,0,xy_quad,6,20.0,0.15936491110494178,0.26979845620810095,3642
file_mod5,0,dt_then_xy,9,0.05,0.09768590821452006,0.1751669682866405,3642
file_mod5,0,dt_then_xy,9,0.07670637023171953,0.09442529355998638,0.17052289670585027,3642
file_mod5,0,dt_then_xy,9,0.11767734468251262,0.08959575627558011,0.162376465708748,3642
file_mod5,0,dt_then_xy,9,0.1805320393820497,0.08436105383716394,0.15623217670515388,3642
file_mod5,0,dt_then_xy,9,0.2769591490305376,0.07798718324501626,0.14618702070141928,3642
file_mod5,0,dt_then_xy,9,0.42489062049196813,0.07149729499149451,0.13956679586757612,3642
file_mod5,0,dt_then_xy,9,0.6518363448688389,0.0668399859033807,0.1345604277590654,3642
file_mod5,0,dt_then_xy,9,0.75,0.06672562802516427,0.13403277913414888,3642
file_mod5,0,dt_then_xy,9,1.0,0.06652398412641217,0.13161979399094856,3642
file_mod5,0,dt_then_xy,9,1.5,0.06961536502751209,0.13249138230960908,3642
file_mod5,0,dt_then_xy,9,1.5341274046343907,0.06992687818306811,0.132843444174572,3642
file_mod5,0,dt_then_xy,9,2.3535468936502513,0.07748499787714123,0.1442297525617606,3642
file_mod5,0,dt_then_xy,9,3.6106407876409943,0.08696179585847172,0.16094032624758836,3642
file_mod5,0,dt_then_xy,9,5.539182980610754,0.09564247747198916,0.17529501231912067,3642
file_mod5,0,dt_then_xy,9,8.49781240983936,0.10246425796413466,0.18920539315215293,3642
file_mod5,0,dt_then_xy,9,13.03672689737678,0.10712332435004368,0.19717420636075828,3642
file_mod5,0,dt_then_xy,9,20.0,0.1105835369487927,0.20425800254865223,3642
file_mod5,0,dt_r2_then_xy,12,0.05,0.0738463024657461,0.14907890752807626,3642
file_mod5,0,dt_r2_then_xy,12,0.07670637023171953,0.07127479735445597,0.1446673247139984,3642
file_mod5,0,dt_r2_then_xy,12,0.11767734468251262,0.06870931759345117,0.1368322272178449,3642
file_mod5,0,dt_r2_then_xy,12,0.1805320393820497,0.06528479033187581,0.13012503175904053,3642
file_mod5,0,dt_r2_then_xy,12,0.2769591490305376,0.061515347516878004,0.12435779686985209,3642
file_mod5,0,dt_r2_then_xy,12,0.42489062049196813,0.05951960788971153,0.11889458683667416,3642
file_mod5,0,dt_r2_then_xy,12,0.6518363448688389,0.059996924802873136,0.1198765098967924,3642
file_mod5,0,dt_r2_then_xy,12,0.75,0.06002383741668066,0.11979102616153955,3642
file_mod5,0,dt_r2_then_xy,12,1.0,0.061052121011746625,0.12145705789209373,3642
file_mod5,0,dt_r2_then_xy,12,1.5,0.0656479872989868,0.12827170784921013,3642
file_mod5,0,dt_r2_then_xy,12,1.5341274046343907,0.06594984532586885,0.12896050051794788,3642
file_mod5,0,dt_r2_then_xy,12,2.3535468936502513,0.07567486978465895,0.1466595802197782,3642
file_mod5,0,dt_r2_then_xy,12,3.6106407876409943,0.08538895127271057,0.16401448404993402,3642
file_mod5,0,dt_r2_then_xy,12,5.539182980610754,0.09349372512423815,0.17865371663300766,3642
file_mod5,0,dt_r2_then_xy,12,8.49781240983936,0.10038871106194272,0.18986166338816174,3642
file_mod5,0,dt_r2_then_xy,12,13.03672689737678,0.10526381495254299,0.19913128396007299,3642
file_mod5,0,dt_r2_then_xy,12,20.0,0.1088066316673633,0.20636565611175203,3642
file_mod5,1,raw,0,0.05,0.1716553356836042,0.3117072978377377,3589
file_mod5,1,raw,0,0.07670637023171953,0.16401806293467458,0.2991507363836719,3589
file_mod5,1,raw,0,0.11767734468251262,0.15410208245790363,0.28271049983582314,3589
file_mod5,1,raw,0,0.1805320393820497,0.1411946640811516,0.25872160729137544,3589
file_mod5,1,raw,0,0.2769591490305376,0.12452384171151668,0.22876771053395556,3589
file_mod5,1,raw,0,0.42489062049196813,0.10617598447720734,0.19720459840582896,3589
file_mod5,1,raw,0,0.6518363448688389,0.09090351108303223,0.163537062083404,3589
file_mod5,1,raw,0,0.75,0.08697989020116043,0.15477150922703506,3589
file_mod5,1,raw,0,1.0,0.08042992452257942,0.14546713231557912,3589
file_mod5,1,raw,0,1.5,0.07940414255340413,0.1477372395056102,3589
file_mod5,1,raw,0,1.5341274046343907,0.0797886428010662,0.1489966054610268,3589
file_mod5,1,raw,0,2.3535468936502513,0.09062963393894308,0.16796609436405505,3589
file_mod5,1,raw,0,3.6106407876409943,0.1104520493408868,0.19265286084491226,3589
file_mod5,1,raw,0,5.539182980610754,0.12842546998043017,0.21672959868730118,3589
file_mod5,1,raw,0,8.49781240983936,0.141813818235502,0.2409182394166422,3589
file_mod5,1,raw,0,13.03672689737678,0.15260121764067167,0.2564261552279345,3589
file_mod5,1,raw,0,20.0,0.15972163105657314,0.26811760281593167,3589
file_mod5,1,dt_quad,3,0.05,0.1187527842244438,0.2190030639906032,3589
file_mod5,1,dt_quad,3,0.07670637023171953,0.11496608043028471,0.2136445283945538,3589
file_mod5,1,dt_quad,3,0.11767734468251262,0.10951033507222481,0.20394215623328418,3589
file_mod5,1,dt_quad,3,0.1805320393820497,0.10554420539310895,0.1911133083518797,3589
file_mod5,1,dt_quad,3,0.2769591490305376,0.09806955748651945,0.1768936313866869,3589
file_mod5,1,dt_quad,3,0.42489062049196813,0.08934272817703434,0.16421761946913455,3589
file_mod5,1,dt_quad,3,0.6518363448688389,0.08263287082569709,0.15236479040525758,3589
file_mod5,1,dt_quad,3,0.75,0.080070080399029,0.14607930372435815,3589
file_mod5,1,dt_quad,3,1.0,0.07723096602696755,0.14040728195811233,3589
file_mod5,1,dt_quad,3,1.5,0.07429135416834023,0.14130277802561525,3589
file_mod5,1,dt_quad,3,1.5341274046343907,0.07418760662409177,0.14203600676646255,3589
file_mod5,1,dt_quad,3,2.3535468936502513,0.07945580252866528,0.14844463760968415,3589
file_mod5,1,dt_quad,3,3.6106407876409943,0.08749494100521542,0.16040431325118024,3589
file_mod5,1,dt_quad,3,5.539182980610754,0.0954538134182418,0.17418191902394045,3589
file_mod5,1,dt_quad,3,8.49781240983936,0.10204334100199626,0.18749912480747227,3589
file_mod5,1,dt_quad,3,13.03672689737678,0.1076308057764122,0.19656495845979177,3589
file_mod5,1,dt_quad,3,20.0,0.11135322463625423,0.2018428711631806,3589
file_mod5,1,r2_quad,3,0.05,0.09727009604472266,0.18937410372038238,3589
file_mod5,1,r2_quad,3,0.07670637023171953,0.0933557156351559,0.1824708577348979,3589
file_mod5,1,r2_quad,3,0.11767734468251262,0.08887599712354903,0.17211409355065352,3589
file_mod5,1,r2_quad,3,0.1805320393820497,0.08285453662390854,0.15999439818283825,3589
file_mod5,1,r2_quad,3,0.2769591490305376,0.07627846287873791,0.14441157338585675,3589
file_mod5,1,r2_quad,3,0.42489062049196813,0.06916390647542688,0.13481496667036588,3589
file_mod5,1,r2_quad,3,0.6518363448688389,0.06396583348609632,0.12433035556047639,3589
file_mod5,1,r2_quad,3,0.75,0.0634591176703756,0.121467206817732,3589
file_mod5,1,r2_quad,3,1.0,0.06345246549945666,0.12369621912925403,3589
file_mod5,1,r2_quad,3,1.5,0.07267614394907557,0.13704358942658276,3589
file_mod5,1,r2_quad,3,1.5341274046343907,0.07324955383994187,0.1382557929983473,3589
file_mod5,1,r2_quad,3,2.3535468936502513,0.08728244224327548,0.16344408847266625,3589
file_mod5,1,r2_quad,3,3.6106407876409943,0.10202431613611283,0.18655999346184368,3589
file_mod5,1,r2_quad,3,5.539182980610754,0.11450958640756022,0.2094976458822059,3589
file_mod5,1,r2_quad,3,8.49781240983936,0.12642752242479602,0.2285840606850416,3589
file_mod5,1,r2_quad,3,13.03672689737678,0.13294230712220734,0.24206409653619945,3589
file_mod5,1,r2_quad,3,20.0,0.13685255270016025,0.2511348462192505,3589
file_mod5,1,dt_r2_joint,6,0.05,0.08570377498179647,0.16131800899945906,3589
file_mod5,1,dt_r2_joint,6,0.07670637023171953,0.08331725182648503,0.15665946549099719,3589
file_mod5,1,dt_r2_joint,6,0.11767734468251262,0.07979057411528034,0.14984929344512005,3589
file_mod5,1,dt_r2_joint,6,0.1805320393820497,0.0759978156008782,0.14335121115606106,3589
file_mod5,1,dt_r2_joint,6,0.2769591490305376,0.0705052824637373,0.13398939795052733,3589
file_mod5,1,dt_r2_joint,6,0.42489062049196813,0.06371728271069613,0.12895607641722645,3589
file_mod5,1,dt_r2_joint,6,0.6518363448688389,0.06267378746890843,0.125817305480775,3589
file_mod5,1,dt_r2_joint,6,0.75,0.06224910830274005,0.12417520011146413,3589
file_mod5,1,dt_r2_joint,6,1.0,0.06220269468744124,0.1216145417733641,3589
file_mod5,1,dt_r2_joint,6,1.5,0.0647473938604651,0.12648525766009322,3589
file_mod5,1,dt_r2_joint,6,1.5341274046343907,0.06471851649292701,0.12698738948247695,3589
file_mod5,1,dt_r2_joint,6,2.3535468936502513,0.07445917423502597,0.1414513428604757,3589
file_mod5,1,dt_r2_joint,6,3.6106407876409943,0.08362650446791138,0.16137634044302634,3589
file_mod5,1,dt_r2_joint,6,5.539182980610754,0.0913912256023248,0.17487492024316503,3589
file_mod5,1,dt_r2_joint,6,8.49781240983936,0.09908846028615997,0.1861723910733303,3589
file_mod5,1,dt_r2_joint,6,13.03672689737678,0.10455802990598137,0.19497012131892422,3589
file_mod5,1,dt_r2_joint,6,20.0,0.10758495445508774,0.2007730806809547,3589
file_mod5,1,dt_then_r2,6,0.05,0.09623884941232429,0.17259705547875356,3589
file_mod5,1,dt_then_r2,6,0.07670637023171953,0.09279297668717126,0.16737003617390592,3589
file_mod5,1,dt_then_r2,6,0.11767734468251262,0.08831597696427218,0.1606744152937765,3589
file_mod5,1,dt_then_r2,6,0.1805320393820497,0.08315431006217598,0.153850248257931,3589
file_mod5,1,dt_then_r2,6,0.2769591490305376,0.07654139257908948,0.1433639799069543,3589
file_mod5,1,dt_then_r2,6,0.42489062049196813,0.0699426673185006,0.13268673310505796,3589
file_mod5,1,dt_then_r2,6,0.6518363448688389,0.06472528071631053,0.12582727696629328,3589
file_mod5,1,dt_then_r2,6,0.75,0.06361540340661928,0.1235357945590266,3589
file_mod5,1,dt_then_r2,6,1.0,0.06235789943515225,0.12241862301556694,3589
file_mod5,1,dt_then_r2,6,1.5,0.06704661704304331,0.13030843198531056,3589
file_mod5,1,dt_then_r2,6,1.5341274046343907,0.06716550253481665,0.13116639212572917,3589
file_mod5,1,dt_then_r2,6,2.3535468936502513,0.07527627477076963,0.14196631097808157,3589
file_mod5,1,dt_then_r2,6,3.6106407876409943,0.08467468966996239,0.15666504393313488,3589
file_mod5,1,dt_then_r2,6,5.539182980610754,0.09198009864141125,0.17272741229417657,3589
file_mod5,1,dt_then_r2,6,8.49781240983936,0.0987363855819489,0.18455156243291426,3589
file_mod5,1,dt_then_r2,6,13.03672689737678,0.10490901862798481,0.19519496562919375,3589
file_mod5,1,dt_then_r2,6,20.0,0.10915696133541669,0.20214269898120107,3589
file_mod5,1,r2_then_dt,6,0.05,0.0928505754323151,0.1647151943440035,3589
file_mod5,1,r2_then_dt,6,0.07670637023171953,0.08963480390200938,0.15881443135369405,3589
file_mod5,1,r2_then_dt,6,0.11767734468251262,0.08523984762228277,0.15108635303467144,3589
file_mod5,1,r2_then_dt,6,0.1805320393820497,0.08049864237803367,0.1443024812673625,3589
file_mod5,1,r2_then_dt,6,0.2769591490305376,0.07426318549753236,0.13464511148393177,3589
file_mod5,1,r2_then_dt,6,0.42489062049196813,0.06626275610773606,0.12641112157606857,3589
file_mod5,1,r2_then_dt,6,0.6518363448688389,0.061464692160410526,0.121291521324561,3589
file_mod5,1,r2_then_dt,6,0.75,0.06086640970128966,0.12042629882930843,3589
file_mod5,1,r2_then_dt,6,1.0,0.06092802704589449,0.1203436026570185,3589
file_mod5,1,r2_then_dt,6,1.5,0.0667072698189403,0.13090825596333985,3589
file_mod5,1,r2_then_dt,6,1.5341274046343907,0.06711121591632216,0.13196865532813343,3589
file_mod5,1,r2_then_dt,6,2.3535468936502513,0.08056299912318564,0.1510197306936828,3589
file_mod5,1,r2_then_dt,6,3.6106407876409943,0.09237501811989486,0.16906352816362097,3589
file_mod5,1,r2_then_dt,6,5.539182980610754,0.10318682551584449,0.18654381476338,3589
file_mod5,1,r2_then_dt,6,8.49781240983936,0.11141742689953306,0.20122045169204522,3589
file_mod5,1,r2_then_dt,6,13.03672689737678,0.11688271201875657,0.21303715915815133,3589
file_mod5,1,r2_then_dt,6,20.0,0.12039638204934153,0.22114806384538604,3589
file_mod5,1,xy_quad,6,0.05,0.1358224637473296,0.24795678922702952,3589
file_mod5,1,xy_quad,6,0.07670637023171953,0.12993145618759536,0.23836194798155283,3589
file_mod5,1,xy_quad,6,0.11767734468251262,0.12186850954356622,0.22511743922578215,3589
file_mod5,1,xy_quad,6,0.1805320393820497,0.11018747669247231,0.2053619902947643,3589
file_mod5,1,xy_quad,6,0.2769591490305376,0.09723743500990166,0.18021941637644537,3589
file_mod5,1,xy_quad,6,0.42489062049196813,0.0823907121321662,0.15566433706051558,3589
file_mod5,1,xy_quad,6,0.6518363448688389,0.07254035861184488,0.13407909317251512,3589
file_mod5,1,xy_quad,6,0.75,0.06912110898362474,0.13165983398031103,3589
file_mod5,1,xy_quad,6,1.0,0.06686502913978223,0.13069498337405114,3589
file_mod5,1,xy_quad,6,1.5,0.07497076933757914,0.13792287640043607,3589
file_mod5,1,xy_quad,6,1.5341274046343907,0.07573280720783504,0.13958290332965298,3589
file_mod5,1,xy_quad,6,2.3535468936502513,0.09157260202938668,0.16350652457382847,3589
file_mod5,1,xy_quad,6,3.6106407876409943,0.11066188377736108,0.19308884887558742,3589
file_mod5,1,xy_quad,6,5.539182980610754,0.12750302279530296,0.2182162992887365,3589
file_mod5,1,xy_quad,6,8.49781240983936,0.14115408820349232,0.2409213916920355,3589
file_mod5,1,xy_quad,6,13.03672689737678,0.1505468471336102,0.2566834109431008,3589
file_mod5,1,xy_quad,6,20.0,0.15715752741420544,0.2670654466839582,3589
file_mod5,1,dt_then_xy,9,0.05,0.10000919433959492,0.18004505250225314,3589
file_mod5,1,dt_then_xy,9,0.07670637023171953,0.09729673761432332,0.17397689548565246,3589
file_mod5,1,dt_then_xy,9,0.11767734468251262,0.09206326187478461,0.1653526399362278,3589
file_mod5,1,dt_then_xy,9,0.1805320393820497,0.08593417526500449,0.1571823153177486,3589
file_mod5,1,dt_then_xy,9,0.2769591490305376,0.07853524744298634,0.1461820403522026,3589
file_mod5,1,dt_then_xy,9,0.42489062049196813,0.07059138790875341,0.13877386406242415,3589
file_mod5,1,dt_then_xy,9,0.6518363448688389,0.06539533602328325,0.13185388867458023,3589
file_mod5,1,dt_then_xy,9,0.75,0.06464920778039585,0.13057549174481412,3589
file_mod5,1,dt_then_xy,9,1.0,0.06413651000814026,0.12722900132580314,3589
file_mod5,1,dt_then_xy,9,1.5,0.0682197780158538,0.12992389993632372,3589
file_mod5,1,dt_then_xy,9,1.5341274046343907,0.06848381784808519,0.12997682890966542,3589
file_mod5,1,dt_then_xy,9,2.3535468936502513,0.07692765459539665,0.1426388330298994,3589
file_mod5,1,dt_then_xy,9,3.6106407876409943,0.08629792264817088,0.15760804358200084,3589
file_mod5,1,dt_then_xy,9,5.539182980610754,0.09460742043343738,0.17194017747398932,3589
file_mod5,1,dt_then_xy,9,8.49781240983936,0.10221587017985745,0.18576799999263077,3589
file_mod5,1,dt_then_xy,9,13.03672689737678,0.10718422446693472,0.19596900751987698,3589
file_mod5,1,dt_then_xy,9,20.0,0.11125749075624672,0.20292671598711426,3589
file_mod5,1,dt_r2_then_xy,12,0.05,0.07036874379576513,0.14743334196529895,3589
file_mod5,1,dt_r2_then_xy,12,0.07670637023171953,0.06861749379747635,0.14140553045364285,3589
file_mod5,1,dt_r2_then_xy,12,0.11767734468251262,0.06529668103045698,0.1338233118185304,3589
file_mod5,1,dt_r2_then_xy,12,0.1805320393820497,0.06265968097710457,0.12584912923468472,3589
file_mod5,1,dt_r2_then_xy,12,0.2769591490305376,0.05904986401082212,0.11803525844458754,3589
file_mod5,1,dt_r2_then_xy,12,0.42489062049196813,0.057414966088735586,0.11277992478960723,3589
file_mod5,1,dt_r2_then_xy,12,0.6518363448688389,0.058580453278035655,0.11559475800329788,3589
file_mod5,1,dt_r2_then_xy,12,0.75,0.059054019966914194,0.11593659361416311,3589
file_mod5,1,dt_r2_then_xy,12,1.0,0.059987962574711805,0.11735839039247133,3589
file_mod5,1,dt_r2_then_xy,12,1.5,0.06450588625256834,0.12443989887627571,3589
file_mod5,1,dt_r2_then_xy,12,1.5341274046343907,0.06530914863861983,0.12488374202231411,3589
file_mod5,1,dt_r2_then_xy,12,2.3535468936502513,0.07515942784871762,0.14205854729620268,3589
file_mod5,1,dt_r2_then_xy,12,3.6106407876409943,0.08521089775410984,0.1606019439158967,3589
file_mod5,1,dt_r2_then_xy,12,5.539182980610754,0.09276884461535775,0.17479623819235174,3589
file_mod5,1,dt_r2_then_xy,12,8.49781240983936,0.09949934520457465,0.18638105285959325,3589
file_mod5,1,dt_r2_then_xy,12,13.03672689737678,0.10514391786932727,0.19602405100318873,3589
file_mod5,1,dt_r2_then_xy,12,20.0,0.10897417525825333,0.20358924529525352,3589
file_mod5,2,raw,0,0.05,0.17192027504839527,0.31183258891436105,3597
file_mod5,2,raw,0,0.07670637023171953,0.16479064957011938,0.2995582377922724,3597
file_mod5,2,raw,0,0.11767734468251262,0.15422558971956557,0.2830719880037566,3597
file_mod5,2,raw,0,0.1805320393820497,0.14145091723859765,0.2594246540462756,3597
file_mod5,2,raw,0,0.2769591490305376,0.12479967487661234,0.22970878117561597,3597
file_mod5,2,raw,0,0.42489062049196813,0.10671149874535059,0.1985758455215333,3597
file_mod5,2,raw,0,0.6518363448688389,0.09214402663949493,0.16708667631742274,3597
file_mod5,2,raw,0,0.75,0.08800640339075086,0.15655241779815607,3597
file_mod5,2,raw,0,1.0,0.08135646599297876,0.14955569970837762,3597
file_mod5,2,raw,0,1.5,0.08001595044467705,0.148763853266574,3597
file_mod5,2,raw,0,1.5341274046343907,0.08025591020921115,0.1498903267819371,3597
file_mod5,2,raw,0,2.3535468936502513,0.09278354295160748,0.16695215559466642,3597
file_mod5,2,raw,0,3.6106407876409943,0.11228327515339272,0.1915367823264431,3597
file_mod5,2,raw,0,5.539182980610754,0.1303851252007533,0.21553255822102965,3597
file_mod5,2,raw,0,8.49781240983936,0.14372941839888703,0.23707781746409773,3597
file_mod5,2,raw,0,13.03672689737678,0.15398125769024976,0.2528919941656904,3597
file_mod5,2,raw,0,20.0,0.16083101742917053,0.2651197916480909,3597
file_mod5,2,dt_quad,3,0.05,0.1179285769890855,0.21816034618697028,3597
file_mod5,2,dt_quad,3,0.07670637023171953,0.11441462701291331,0.2133015954542486,3597
file_mod5,2,dt_quad,3,0.11767734468251262,0.10950597869766017,0.20453602821674555,3597
file_mod5,2,dt_quad,3,0.1805320393820497,0.1046277468840695,0.194293766240776,3597
file_mod5,2,dt_quad,3,0.2769591490305376,0.0974686052390802,0.17797688688873048,3597
file_mod5,2,dt_quad,3,0.42489062049196813,0.08900390804876808,0.1663509905138397,3597
file_mod5,2,dt_quad,3,0.6518363448688389,0.08311547699856273,0.15288453287457543,3597
file_mod5,2,dt_quad,3,0.75,0.08055691212589665,0.14802424121256072,3597
file_mod5,2,dt_quad,3,1.0,0.07759972946347604,0.14326513994281273,3597
file_mod5,2,dt_quad,3,1.5,0.0753536207881697,0.1435491283802295,3597
file_mod5,2,dt_quad,3,1.5341274046343907,0.07541933665997182,0.1438813607425127,3597
file_mod5,2,dt_quad,3,2.3535468936502513,0.07963455626005614,0.1512767869481441,3597
file_mod5,2,dt_quad,3,3.6106407876409943,0.08774520430706495,0.16407589419869945,3597
file_mod5,2,dt_quad,3,5.539182980610754,0.09526464722878,0.17718155890148207,3597
file_mod5,2,dt_quad,3,8.49781240983936,0.10079798137653899,0.18847010944723855,3597
file_mod5,2,dt_quad,3,13.03672689737678,0.10644765886076893,0.19656227345727026,3597
file_mod5,2,dt_quad,3,20.0,0.10978845050106495,0.201767213927856,3597
file_mod5,2,r2_quad,3,0.05,0.09786281483606141,0.19102092361127707,3597
file_mod5,2,r2_quad,3,0.07670637023171953,0.09467968238665687,0.1839118115029745,3597
file_mod5,2,r2_quad,3,0.11767734468251262,0.08967062115318217,0.1742883421647676,3597
file_mod5,2,r2_quad,3,0.1805320393820497,0.0843963606764928,0.16095650374392798,3597
file_mod5,2,r2_quad,3,0.2769591490305376,0.07792800813773262,0.1461477210032722,3597
file_mod5,2,r2_quad,3,0.42489062049196813,0.07121152813492063,0.13300499801569446,3597
file_mod5,2,r2_quad,3,0.6518363448688389,0.06535032056961688,0.12585657242985385,3597
file_mod5,2,r2_quad,3,0.75,0.06358342087068528,0.12479866217698786,3597
file_mod5,2,r2_quad,3,1.0,0.06438010893797402,0.12402826440582947,3597
file_mod5,2,r2_quad,3,1.5,0.0743076796665816,0.1379614645844787,3597
file_mod5,2,r2_quad,3,1.5341274046343907,0.07490064409849621,0.13878303947398446,3597
file_mod5,2,r2_quad,3,2.3535468936502513,0.08862042550988246,0.16170815280803602,3597
file_mod5,2,r2_quad,3,3.6106407876409943,0.10294524910419225,0.1851715164043977,3597
file_mod5,2,r2_quad,3,5.539182980610754,0.11614095220571986,0.20753854819163725,3597
file_mod5,2,r2_quad,3,8.49781240983936,0.1273039129262972,0.22503704358340157,3597
file_mod5,2,r2_quad,3,13.03672689737678,0.13363103977461266,0.23905473352289147,3597
file_mod5,2,r2_quad,3,20.0,0.13806374616597972,0.24854560928452354,3597
file_mod5,2,dt_r2_joint,6,0.05,0.08635568380344646,0.15850122373603143,3597
file_mod5,2,dt_r2_joint,6,0.07670637023171953,0.08426029740330943,0.1548038990969822,3597
file_mod5,2,dt_r2_joint,6,0.11767734468251262,0.08083336227087758,0.1494114069815272,3597
file_mod5,2,dt_r2_joint,6,0.1805320393820497,0.07689183723451797,0.14461972047980862,3597
file_mod5,2,dt_r2_joint,6,0.2769591490305376,0.07159940658104834,0.1375872397153457,3597
file_mod5,2,dt_r2_joint,6,0.42489062049196813,0.06626988754544896,0.128610517167538,3597
file_mod5,2,dt_r2_joint,6,0.6518363448688389,0.06319959667695012,0.12803848986611266,3597
file_mod5,2,dt_r2_joint,6,0.75,0.062445616509671696,0.12619715121538622,3597
file_mod5,2,dt_r2_joint,6,1.0,0.06392733792383655,0.12477085851734843,3597
file_mod5,2,dt_r2_joint,6,1.5,0.06566211644372547,0.12798617770584778,3597
file_mod5,2,dt_r2_joint,6,1.5341274046343907,0.06607642561655903,0.1280734905943247,3597
file_mod5,2,dt_r2_joint,6,2.3535468936502513,0.07500234443843659,0.14356185550127726,3597
file_mod5,2,dt_r2_joint,6,3.6106407876409943,0.08395374347049904,0.16399903720712034,3597
file_mod5,2,dt_r2_joint,6,5.539182980610754,0.09071362925729455,0.17752574788705994,3597
file_mod5,2,dt_r2_joint,6,8.49781240983936,0.09818411281146977,0.1879375259066672,3597
file_mod5,2,dt_r2_joint,6,13.03672689737678,0.10275924390342377,0.19690296319580544,3597
file_mod5,2,dt_r2_joint,6,20.0,0.10604565819163843,0.20254270791736637,3597
file_mod5,2,dt_then_r2,6,0.05,0.0947809294607808,0.17190448788386234,3597
file_mod5,2,dt_then_r2,6,0.07670637023171953,0.09152558954803248,0.16557276505242227,3597
file_mod5,2,dt_then_r2,6,0.11767734468251262,0.0876765337288931,0.1595345341594832,3597
file_mod5,2,dt_then_r2,6,0.1805320393820497,0.08276005624201539,0.15220491200758793,3597
file_mod5,2,dt_then_r2,6,0.2769591490305376,0.07767417471842399,0.14118752934352327,3597
file_mod5,2,dt_then_r2,6,0.42489062049196813,0.0709225458569251,0.13430371889670514,3597
file_mod5,2,dt_then_r2,6,0.6518363448688389,0.06589616209751166,0.12835793940636572,3597
file_mod5,2,dt_then_r2,6,0.75,0.06503708534104913,0.1256825098042352,3597
file_mod5,2,dt_then_r2,6,1.0,0.06391858238067093,0.12312840293815858,3597
file_mod5,2,dt_then_r2,6,1.5,0.06797030817585158,0.13129261850790805,3597
file_mod5,2,dt_then_r2,6,1.5341274046343907,0.06803420036641192,0.13204159446751024,3597
file_mod5,2,dt_then_r2,6,2.3535468936502513,0.07495185730457794,0.14385606128220493,3597
file_mod5,2,dt_then_r2,6,3.6106407876409943,0.08345460338793466,0.15806221300462597,3597
file_mod5,2,dt_then_r2,6,5.539182980610754,0.09200751827119935,0.17377845490667257,3597
file_mod5,2,dt_then_r2,6,8.49781240983936,0.09860854209835712,0.1848376722408213,3597
file_mod5,2,dt_then_r2,6,13.03672689737678,0.10404731720029152,0.19420412703168635,3597
file_mod5,2,dt_then_r2,6,20.0,0.1075911881132934,0.20039044055390878,3597
file_mod5,2,r2_then_dt,6,0.05,0.09284643797680324,0.16368642604006445,3597
file_mod5,2,r2_then_dt,6,0.07670637023171953,0.08993831079333868,0.15818127012330857,3597
file_mod5,2,r2_then_dt,6,0.11767734468251262,0.085396586497865,0.1516353374417054,3597
file_mod5,2,r2_then_dt,6,0.1805320393820497,0.08100536346383182,0.14401466344456418,3597
file_mod5,2,r2_then_dt,6,0.2769591490305376,0.07354316087086299,0.13523491468826818,3597
file_mod5,2,r2_then_dt,6,0.42489062049196813,0.06714852604608917,0.12794854872049685,3597
file_mod5,2,r2_then_dt,6,0.6518363448688389,0.06269595679960449,0.12427511468368968,3597
file_mod5,2,r2_then_dt,6,0.75,0.06141758079921029,0.12309047691995055,3597
file_mod5,2,r2_then_dt,6,1.0,0.062450555805887965,0.12126121160644354,3597
file_mod5,2,r2_then_dt,6,1.5,0.06781055894535977,0.13122657188409917,3597
file_mod5,2,r2_then_dt,6,1.5341274046343907,0.06820203489688012,0.1319486369653898,3597
file_mod5,2,r2_then_dt,6,2.3535468936502513,0.07966990008484348,0.15176431787537087,3597
file_mod5,2,r2_then_dt,6,3.6106407876409943,0.09086475692424131,0.16917843845377212,3597
file_mod5,2,r2_then_dt,6,5.539182980610754,0.10176377316902965,0.1866318745654661,3597
file_mod5,2,r2_then_dt,6,8.49781240983936,0.1100585870896978,0.19889323510822615,3597
file_mod5,2,r2_then_dt,6,13.03672689737678,0.11608796967375301,0.21050836708232612,3597
file_mod5,2,r2_then_dt,6,20.0,0.11958345794109351,0.21687756074144868,3597
file_mod5,2,xy_quad,6,0.05,0.13698161746818951,0.2510499326270372,3597
file_mod5,2,xy_quad,6,0.07670637023171953,0.13129760507637758,0.24127146286147266,3597
file_mod5,2,xy_quad,6,0.11767734468251262,0.12261134310308255,0.22638161300648124,3597
file_mod5,2,xy_quad,6,0.1805320393820497,0.11118867890178964,0.20596125245682476,3597
file_mod5,2,xy_quad,6,0.2769591490305376,0.09713442259695931,0.1807541657721318,3597
file_mod5,2,xy_quad,6,0.42489062049196813,0.0818397822267644,0.1572389185384797,3597
file_mod5,2,xy_quad,6,0.6518363448688389,0.0721535698131064,0.13607203523612815,3597
file_mod5,2,xy_quad,6,0.75,0.06960017303100809,0.13259054498670475,3597
file_mod5,2,xy_quad,6,1.0,0.06735736155980188,0.13143885979661285,3597
file_mod5,2,xy_quad,6,1.5,0.07561504104212302,0.13816607281579737,3597
file_mod5,2,xy_quad,6,1.5341274046343907,0.07630026891976617,0.13900071444238746,3597
file_mod5,2,xy_quad,6,2.3535468936502513,0.09320526103363411,0.16270970457785736,3597
file_mod5,2,xy_quad,6,3.6106407876409943,0.11221644695558713,0.1910470576583373,3597
file_mod5,2,xy_quad,6,5.539182980610754,0.12919165718667158,0.21671461144586454,3597
file_mod5,2,xy_quad,6,8.49781240983936,0.14316896586917646,0.23925881114233993,3597
file_mod5,2,xy_quad,6,13.03672689737678,0.15355983681629118,0.2558041931659738,3597
file_mod5,2,xy_quad,6,20.0,0.1602144076408427,0.26548942281211163,3597
file_mod5,2,dt_then_xy,9,0.05,0.09935275435867467,0.17765918214168616,3597
file_mod5,2,dt_then_xy,9,0.07670637023171953,0.0959826724506193,0.17206529248744976,3597
file_mod5,2,dt_then_xy,9,0.11767734468251262,0.09175989152231856,0.16393099925789723,3597
file_mod5,2,dt_then_xy,9,0.1805320393820497,0.08520689254499454,0.15561811375771048,3597
file_mod5,2,dt_then_xy,9,0.2769591490305376,0.07847186993409144,0.14487594218386884,3597
file_mod5,2,dt_then_xy,9,0.42489062049196813,0.07209910909466061,0.13772772684601178,3597
file_mod5,2,dt_then_xy,9,0.6518363448688389,0.0663771665327301,0.1312754319962821,3597
file_mod5,2,dt_then_xy,9,0.75,0.06520245006635096,0.13006125726075268,3597
file_mod5,2,dt_then_xy,9,1.0,0.06493752321831792,0.12899970167800942,3597
file_mod5,2,dt_then_xy,9,1.5,0.06910014520315727,0.1308989266016798,3597
file_mod5,2,dt_then_xy,9,1.5341274046343907,0.0693602466625821,0.13063508391046685,3597
file_mod5,2,dt_then_xy,9,2.3535468936502513,0.07552569898347915,0.1429909674386276,3597
file_mod5,2,dt_then_xy,9,3.6106407876409943,0.08489565595157673,0.15864951578988296,3597
file_mod5,2,dt_then_xy,9,5.539182980610754,0.09345270977879172,0.17336986614967484,3597
file_mod5,2,dt_then_xy,9,8.49781240983936,0.1004375445175774,0.1864457051171603,3597
file_mod5,2,dt_then_xy,9,13.03672689737678,0.10634062485418819,0.19542788792018373,3597
file_mod5,2,dt_then_xy,9,20.0,0.10992512258636353,0.20220606494797075,3597
file_mod5,2,dt_r2_then_xy,12,0.05,0.07292428623663329,0.14532061338286908,3597
file_mod5,2,dt_r2_then_xy,12,0.07670637023171953,0.07043044604641567,0.14080049786381943,3597
file_mod5,2,dt_r2_then_xy,12,0.11767734468251262,0.06762932243042467,0.13415968976781592,3597
file_mod5,2,dt_r2_then_xy,12,0.1805320393820497,0.06424039191160916,0.12791202735424462,3597
file_mod5,2,dt_r2_then_xy,12,0.2769591490305376,0.06106650491196268,0.12337131874168202,3597
file_mod5,2,dt_r2_then_xy,12,0.42489062049196813,0.05925002943122861,0.11625500596119233,3597
file_mod5,2,dt_r2_then_xy,12,0.6518363448688389,0.05941456217540933,0.11929870888763212,3597
file_mod5,2,dt_r2_then_xy,12,0.75,0.05964857050048575,0.11792559015797051,3597
file_mod5,2,dt_r2_then_xy,12,1.0,0.060865830132742944,0.1195504091342451,3597
file_mod5,2,dt_r2_then_xy,12,1.5,0.06428250564504072,0.12635184670747582,3597
file_mod5,2,dt_r2_then_xy,12,1.5341274046343907,0.06466252589690352,0.12724282837706963,3597
file_mod5,2,dt_r2_then_xy,12,2.3535468936502513,0.07469221722650837,0.1437135884072227,3597
file_mod5,2,dt_r2_then_xy,12,3.6106407876409943,0.0840648009594094,0.16245738489553052,3597
file_mod5,2,dt_r2_then_xy,12,5.539182980610754,0.0925232774628931,0.17661383294376723,3597
file_mod5,2,dt_r2_then_xy,12,8.49781240983936,0.09910515585533633,0.1864102334908068,3597
file_mod5,2,dt_r2_then_xy,12,13.03672689737678,0.10380215933534763,0.19518142807966762,3597
file_mod5,2,dt_r2_then_xy,12,20.0,0.10672752279176059,0.20111865912432916,3597
file_mod5,3,raw,0,0.05,0.1671026486117097,0.30638977259669253,3609
file_mod5,3,raw,0,0.07670637023171953,0.1599085021689448,0.29384018087758007,3609
file_mod5,3,raw,0,0.11767734468251262,0.14968640072756212,0.2778657208740466,3609
file_mod5,3,raw,0,0.1805320393820497,0.13723334963583614,0.2549492871506071,3609
file_mod5,3,raw,0,0.2769591490305376,0.12253861878965913,0.22592549135820095,3609
file_mod5,3,raw,0,0.42489062049196813,0.10473273919017716,0.19503822487792782,3609
file_mod5,3,raw,0,0.6518363448688389,0.09016234941323957,0.1638821818224445,3609
file_mod5,3,raw,0,0.75,0.08622034228070576,0.15440744389360275,3609
file_mod5,3,raw,0,1.0,0.08008865694819862,0.14635718169472356,3609
file_mod5,3,raw,0,1.5,0.07954726341515617,0.14956705995026032,3609
file_mod5,3,raw,0,1.5341274046343907,0.07998683106142984,0.15082273465492876,3609
file_mod5,3,raw,0,2.3535468936502513,0.092983076899495,0.168539435491684,3609
file_mod5,3,raw,0,3.6106407876409943,0.11121891728785503,0.19233722391675606,3609
file_mod5,3,raw,0,5.539182980610754,0.12911436427904696,0.21731889325072692,3609
file_mod5,3,raw,0,8.49781240983936,0.142517780948625,0.23940121751140914,3609
file_mod5,3,raw,0,13.03672689737678,0.1530816771936998,0.25414621186227043,3609
file_mod5,3,raw,0,20.0,0.15987973692674837,0.2643903869655724,3609
file_mod5,3,dt_quad,3,0.05,0.11642637693670585,0.21829436645857592,3609
file_mod5,3,dt_quad,3,0.07670637023171953,0.11288241898383156,0.21177107555316688,3609
file_mod5,3,dt_quad,3,0.11767734468251262,0.107786000903022,0.201787848367764,3609
file_mod5,3,dt_quad,3,0.1805320393820497,0.1024567455872117,0.19165289108603012,3609
file_mod5,3,dt_quad,3,0.2769591490305376,0.09651050504064643,0.17515135509221233,3609
file_mod5,3,dt_quad,3,0.42489062049196813,0.08771598214397117,0.1638793071576765,3609
file_mod5,3,dt_quad,3,0.6518363448688389,0.08149257431722275,0.15053045859309902,3609
file_mod5,3,dt_quad,3,0.75,0.07925771386800631,0.14663906006801716,3609
file_mod5,3,dt_quad,3,1.0,0.07635818307796094,0.14147030840355912,3609
file_mod5,3,dt_quad,3,1.5,0.07563735086384442,0.14310712779995322,3609
file_mod5,3,dt_quad,3,1.5341274046343907,0.07604619691591515,0.1434799442883388,3609
file_mod5,3,dt_quad,3,2.3535468936502513,0.08097989205035387,0.15049832645570677,3609
file_mod5,3,dt_quad,3,3.6106407876409943,0.08962939204660565,0.1627395958387275,3609
file_mod5,3,dt_quad,3,5.539182980610754,0.09835498107431903,0.17653219412893412,3609
file_mod5,3,dt_quad,3,8.49781240983936,0.10441238399297852,0.18901602612988844,3609
file_mod5,3,dt_quad,3,13.03672689737678,0.10953781056971815,0.1976076151782221,3609
file_mod5,3,dt_quad,3,20.0,0.11340708437633745,0.20316776119511812,3609
file_mod5,3,r2_quad,3,0.05,0.0970953993050202,0.18686003996843895,3609
file_mod5,3,r2_quad,3,0.07670637023171953,0.09382259464597244,0.18058180124877565,3609
file_mod5,3,r2_quad,3,0.11767734468251262,0.08855637914879984,0.17016000163061565,3609
file_mod5,3,r2_quad,3,0.1805320393820497,0.08298861722139848,0.15767619428291985,3609
file_mod5,3,r2_quad,3,0.2769591490305376,0.07700055945609942,0.1431062208406164,3609
file_mod5,3,r2_quad,3,0.42489062049196813,0.0701134844213634,0.13085714005659624,3609
file_mod5,3,r2_quad,3,0.6518363448688389,0.06475735971948406,0.12182795388250386,3609
file_mod5,3,r2_quad,3,0.75,0.06365734132905099,0.12147004301715239,3609
file_mod5,3,r2_quad,3,1.0,0.06438460466910079,0.12337856348167464,3609
file_mod5,3,r2_quad,3,1.5,0.07416212547688336,0.13631723198647633,3609
file_mod5,3,r2_quad,3,1.5341274046343907,0.07490854442846719,0.1376845147331309,3609
file_mod5,3,r2_quad,3,2.3535468936502513,0.08829660535417523,0.1625527546111451,3609
file_mod5,3,r2_quad,3,3.6106407876409943,0.10191495640747177,0.18556366890829562,3609
file_mod5,3,r2_quad,3,5.539182980610754,0.11457846686344127,0.20808527079130235,3609
file_mod5,3,r2_quad,3,8.49781240983936,0.12493668385527834,0.2254689868431646,3609
file_mod5,3,r2_quad,3,13.03672689737678,0.13100874355885095,0.23857544867862204,3609
file_mod5,3,r2_quad,3,20.0,0.13543952055731898,0.24821411364495594,3609
file_mod5,3,dt_r2_joint,6,0.05,0.08559079331295052,0.1583888345175015,3609
file_mod5,3,dt_r2_joint,6,0.07670637023171953,0.08277186257287504,0.15341599023059044,3609
file_mod5,3,dt_r2_joint,6,0.11767734468251262,0.0797225894061083,0.14656594615004234,3609
file_mod5,3,dt_r2_joint,6,0.1805320393820497,0.07560693617808427,0.1387862231638942,3609
file_mod5,3,dt_r2_joint,6,0.2769591490305376,0.07023168870997873,0.1324197566006402,3609
file_mod5,3,dt_r2_joint,6,0.42489062049196813,0.064455164783013,0.12378431185790226,3609
file_mod5,3,dt_r2_joint,6,0.6518363448688389,0.0622004301753016,0.12296792286640856,3609
file_mod5,3,dt_r2_joint,6,0.75,0.061745672369135626,0.12169180001398475,3609
file_mod5,3,dt_r2_joint,6,1.0,0.06289547530661563,0.12497469870391201,3609
file_mod5,3,dt_r2_joint,6,1.5,0.06663242225735835,0.1270386953945233,3609
file_mod5,3,dt_r2_joint,6,1.5341274046343907,0.06707457811721657,0.12680608101452323,3609
file_mod5,3,dt_r2_joint,6,2.3535468936502513,0.07672491443821843,0.14267545260422324,3609
file_mod5,3,dt_r2_joint,6,3.6106407876409943,0.08599965843997592,0.16348889357526158,3609
file_mod5,3,dt_r2_joint,6,5.539182980610754,0.09331603338657736,0.17797384527937604,3609
file_mod5,3,dt_r2_joint,6,8.49781240983936,0.10061828069973272,0.19000626167687817,3609
file_mod5,3,dt_r2_joint,6,13.03672689737678,0.10652169001374645,0.19754316646051576,3609
file_mod5,3,dt_r2_joint,6,20.0,0.10973170915970262,0.2038506852624913,3609
file_mod5,3,dt_then_r2,6,0.05,0.09454748168382758,0.16995803058780043,3609
file_mod5,3,dt_then_r2,6,0.07670637023171953,0.09137510769018566,0.1641694335349012,3609
file_mod5,3,dt_then_r2,6,0.11767734468251262,0.08728311834656592,0.1578348447128848,3609
file_mod5,3,dt_then_r2,6,0.1805320393820497,0.08138332909338045,0.15058250055178327,3609
file_mod5,3,dt_then_r2,6,0.2769591490305376,0.07589446763391795,0.13883420213470135,3609
file_mod5,3,dt_then_r2,6,0.42489062049196813,0.06975015311914191,0.1299062757837664,3609
file_mod5,3,dt_then_r2,6,0.6518363448688389,0.06409974381033327,0.12375960132878364,3609
file_mod5,3,dt_then_r2,6,0.75,0.06370631635306902,0.12160391982925038,3609
file_mod5,3,dt_then_r2,6,1.0,0.06265900609627863,0.12128168867691846,3609
file_mod5,3,dt_then_r2,6,1.5,0.0687903250586264,0.1288999122115876,3609
file_mod5,3,dt_then_r2,6,1.5341274046343907,0.06898057808497975,0.12970954701605678,3609
file_mod5,3,dt_then_r2,6,2.3535468936502513,0.07731118702353439,0.142549420569372,3609
file_mod5,3,dt_then_r2,6,3.6106407876409943,0.08638011326149951,0.157426586007412,3609
file_mod5,3,dt_then_r2,6,5.539182980610754,0.09432551124423716,0.173172500878156,3609
file_mod5,3,dt_then_r2,6,8.49781240983936,0.10080377010252607,0.18502776661797113,3609
file_mod5,3,dt_then_r2,6,13.03672689737678,0.10615901857289668,0.19501673155260593,3609
file_mod5,3,dt_then_r2,6,20.0,0.10995853473213317,0.20126185451556797,3609
file_mod5,3,r2_then_dt,6,0.05,0.09271376348877663,0.1609421353671273,3609
file_mod5,3,r2_then_dt,6,0.07670637023171953,0.08976573180636853,0.1557754024189579,3609
file_mod5,3,r2_then_dt,6,0.11767734468251262,0.08532113101741245,0.15019578139594275,3609
file_mod5,3,r2_then_dt,6,0.1805320393820497,0.08053559662394595,0.14197346516059112,3609
file_mod5,3,r2_then_dt,6,0.2769591490305376,0.07385429768396327,0.13150523894001795,3609
file_mod5,3,r2_then_dt,6,0.42489062049196813,0.06667976109140575,0.12471533812247476,3609
file_mod5,3,r2_then_dt,6,0.6518363448688389,0.06231549864614912,0.11990262110845175,3609
file_mod5,3,r2_then_dt,6,0.75,0.06099670878980524,0.11945820083220174,3609
file_mod5,3,r2_then_dt,6,1.0,0.06196801631716612,0.11903847144447517,3609
file_mod5,3,r2_then_dt,6,1.5,0.06799686405701515,0.13022252536998416,3609
file_mod5,3,r2_then_dt,6,1.5341274046343907,0.06851255895503353,0.13104209277458903,3609
file_mod5,3,r2_then_dt,6,2.3535468936502513,0.08133310966442887,0.15139577142298896,3609
file_mod5,3,r2_then_dt,6,3.6106407876409943,0.09216556619644149,0.1700510969353736,3609
file_mod5,3,r2_then_dt,6,5.539182980610754,0.10280745141280236,0.18851892926286215,3609
file_mod5,3,r2_then_dt,6,8.49781240983936,0.11121685865537592,0.19974839990922977,3609
file_mod5,3,r2_then_dt,6,13.03672689737678,0.1164374744624518,0.2099548250288961,3609
file_mod5,3,r2_then_dt,6,20.0,0.12040066802986459,0.2168603398942864,3609
file_mod5,3,xy_quad,6,0.05,0.13641152497243295,0.24674616630015722,3609
file_mod5,3,xy_quad,6,0.07670637023171953,0.12999253599468544,0.23701487208512728,3609
file_mod5,3,xy_quad,6,0.11767734468251262,0.12239883469205894,0.2223135145422285,3609
file_mod5,3,xy_quad,6,0.1805320393820497,0.11000824992556113,0.2030244945524698,3609
file_mod5,3,xy_quad,6,0.2769591490305376,0.09569773017538077,0.17905735445468796,3609
file_mod5,3,xy_quad,6,0.42489062049196813,0.08161787666231747,0.15487375950312435,3609
file_mod5,3,xy_quad,6,0.6518363448688389,0.07119430943459884,0.13417280551405605,3609
file_mod5,3,xy_quad,6,0.75,0.06899922381518193,0.13082325930066416,3609
file_mod5,3,xy_quad,6,1.0,0.06647586421049695,0.12916347316238785,3609
file_mod5,3,xy_quad,6,1.5,0.07564716992146225,0.1376494910322799,3609
file_mod5,3,xy_quad,6,1.5341274046343907,0.07613808471501494,0.1389951185062021,3609
file_mod5,3,xy_quad,6,2.3535468936502513,0.0922644658110973,0.16384307955921792,3609
file_mod5,3,xy_quad,6,3.6106407876409943,0.11223067465990583,0.1951289881949592,3609
file_mod5,3,xy_quad,6,5.539182980610754,0.12966866528420068,0.21971265720994465,3609
file_mod5,3,xy_quad,6,8.49781240983936,0.14340683185270572,0.2390575200989502,3609
file_mod5,3,xy_quad,6,13.03672689737678,0.1530234444165124,0.25172054303514924,3609
file_mod5,3,xy_quad,6,20.0,0.15979735025882186,0.26368020734779996,3609
file_mod5,3,dt_then_xy,9,0.05,0.09757635998016051,0.17744840899864003,3609
file_mod5,3,dt_then_xy,9,0.07670637023171953,0.09447711908405237,0.17156822755831871,3609
file_mod5,3,dt_then_xy,9,0.11767734468251262,0.09024295690911202,0.16358947321468012,3609
file_mod5,3,dt_then_xy,9,0.1805320393820497,0.08505430930638595,0.15318699369039324,3609
file_mod5,3,dt_then_xy,9,0.2769591490305376,0.07801568227183281,0.142991475672864,3609
file_mod5,3,dt_then_xy,9,0.42489062049196813,0.07017651527586777,0.1355564486461285,3609
file_mod5,3,dt_then_xy,9,0.6518363448688389,0.06521191298248319,0.12756799347034867,3609
file_mod5,3,dt_then_xy,9,0.75,0.06430643274965861,0.1262017071591414,3609
file_mod5,3,dt_then_xy,9,1.0,0.06430278532574887,0.1258197298439293,3609
file_mod5,3,dt_then_xy,9,1.5,0.06889384924011818,0.1280745367976207,3609
file_mod5,3,dt_then_xy,9,1.5341274046343907,0.06900018587643332,0.12834408159343308,3609
file_mod5,3,dt_then_xy,9,2.3535468936502513,0.0779082314807945,0.14137099586087196,3609
file_mod5,3,dt_then_xy,9,3.6106407876409943,0.08811083555042605,0.15788034767879577,3609
file_mod5,3,dt_then_xy,9,5.539182980610754,0.09635663480726854,0.17408737443344194,3609
file_mod5,3,dt_then_xy,9,8.49781240983936,0.1046992105796097,0.18526994920295708,3609
file_mod5,3,dt_then_xy,9,13.03672689737678,0.10949524532586162,0.19418016882051442,3609
file_mod5,3,dt_then_xy,9,20.0,0.11352621458743513,0.20310321728367314,3609
file_mod5,3,dt_r2_then_xy,12,0.05,0.07004779571056648,0.14476822487341454,3609
file_mod5,3,dt_r2_then_xy,12,0.07670637023171953,0.06810652317631098,0.13990813356850362,3609
file_mod5,3,dt_r2_then_xy,12,0.11767734468251262,0.06535670354342187,0.13149358944012213,3609
file_mod5,3,dt_r2_then_xy,12,0.1805320393820497,0.0620694521710399,0.12332625131521302,3609
file_mod5,3,dt_r2_then_xy,12,0.2769591490305376,0.05896613796702467,0.11883088470992782,3609
file_mod5,3,dt_r2_then_xy,12,0.42489062049196813,0.05715124795469755,0.11208743628031834,3609
file_mod5,3,dt_r2_then_xy,12,0.6518363448688389,0.05759681545049715,0.11494269307163024,3609
file_mod5,3,dt_r2_then_xy,12,0.75,0.05786265782590291,0.11656857220197464,3609
file_mod5,3,dt_r2_then_xy,12,1.0,0.06105203154833187,0.11853112692613828,3609
file_mod5,3,dt_r2_then_xy,12,1.5,0.06660986292519762,0.12479547327824181,3609
file_mod5,3,dt_r2_then_xy,12,1.5341274046343907,0.06706373085371814,0.1254516508129072,3609
file_mod5,3,dt_r2_then_xy,12,2.3535468936502513,0.07654269708414585,0.1428298162432191,3609
file_mod5,3,dt_r2_then_xy,12,3.6106407876409943,0.0861189102866991,0.16116751869124327,3609
file_mod5,3,dt_r2_then_xy,12,5.539182980610754,0.09453626966771714,0.17655334960630337,3609
file_mod5,3,dt_r2_then_xy,12,8.49781240983936,0.10171781741389911,0.1880331295483214,3609
file_mod5,3,dt_r2_then_xy,12,13.03672689737678,0.10708351939390363,0.19630001003926684,3609
file_mod5,3,dt_r2_then_xy,12,20.0,0.11022631516427268,0.20228885818930015,3609
file_mod5,4,raw,0,0.05,0.17138702360123956,0.3113162569013946,3563
file_mod5,4,raw,0,0.07670637023171953,0.16351421631787427,0.2988854547747022,3563
file_mod5,4,raw,0,0.11767734468251262,0.15308365097339294,0.28207330339479936,3563
file_mod5,4,raw,0,0.1805320393820497,0.14050459496941162,0.2586293720223863,3563
file_mod5,4,raw,0,0.2769591490305376,0.12322533347451331,0.2295388432938147,3563
file_mod5,4,raw,0,0.42489062049196813,0.10568505700982718,0.19673078906522493,3563
file_mod5,4,raw,0,0.6518363448688389,0.09102986507528138,0.16544917633501585,3563
file_mod5,4,raw,0,0.75,0.08708210055404987,0.15621630210016213,3563
file_mod5,4,raw,0,1.0,0.08063667537168491,0.14672347674340636,3563
file_mod5,4,raw,0,1.5,0.08025698700012322,0.14743059924807717,3563
file_mod5,4,raw,0,1.5341274046343907,0.0804564727399432,0.1486131687585504,3563
file_mod5,4,raw,0,2.3535468936502513,0.09196415322221374,0.1671810856281819,3563
file_mod5,4,raw,0,3.6106407876409943,0.11045973097098545,0.19313965033978478,3563
file_mod5,4,raw,0,5.539182980610754,0.12969892027608237,0.21632176178433554,3563
file_mod5,4,raw,0,8.49781240983936,0.14294115527101348,0.24040417474937667,3563
file_mod5,4,raw,0,13.03672689737678,0.153905225504605,0.2570911976379098,3563
file_mod5,4,raw,0,20.0,0.16092303826683096,0.26768717497511324,3563
file_mod5,4,dt_quad,3,0.05,0.1167223375392529,0.21626083915724664,3563
file_mod5,4,dt_quad,3,0.07670637023171953,0.1134662283080123,0.21095528385198478,3563
file_mod5,4,dt_quad,3,0.11767734468251262,0.10823923432518455,0.20371450985696557,3563
file_mod5,4,dt_quad,3,0.1805320393820497,0.10381672252022929,0.19304893556592773,3563
file_mod5,4,dt_quad,3,0.2769591490305376,0.09663158795685808,0.1758665390273665,3563
file_mod5,4,dt_quad,3,0.42489062049196813,0.0885152232124872,0.16507720696061373,3563
file_mod5,4,dt_quad,3,0.6518363448688389,0.08323035657251114,0.15120323185519766,3563
file_mod5,4,dt_quad,3,0.75,0.08124649513052049,0.1471312252397657,3563
file_mod5,4,dt_quad,3,1.0,0.07794860828782514,0.14195024646816973,3563
file_mod5,4,dt_quad,3,1.5,0.07557264121154529,0.14310877525280963,3563
file_mod5,4,dt_quad,3,1.5341274046343907,0.07566054462587822,0.14341139371179742,3563
file_mod5,4,dt_quad,3,2.3535468936502513,0.07955644662907671,0.14992793334932622,3563
file_mod5,4,dt_quad,3,3.6106407876409943,0.08789121586678818,0.1622887664334614,3563
file_mod5,4,dt_quad,3,5.539182980610754,0.09569957432846185,0.17477028559526697,3563
file_mod5,4,dt_quad,3,8.49781240983936,0.1014871068146622,0.18674835610788737,3563
file_mod5,4,dt_quad,3,13.03672689737678,0.10708892061956823,0.19645357614655531,3563
file_mod5,4,dt_quad,3,20.0,0.1105791463387533,0.20224209468524806,3563
file_mod5,4,r2_quad,3,0.05,0.09570997036049592,0.19468460390451708,3563
file_mod5,4,r2_quad,3,0.07670637023171953,0.09224626863912784,0.18761545261527704,3563
file_mod5,4,r2_quad,3,0.11767734468251262,0.08801826060460506,0.1754292900547308,3563
file_mod5,4,r2_quad,3,0.1805320393820497,0.08268565077911377,0.16187742466803406,3563
file_mod5,4,r2_quad,3,0.2769591490305376,0.07628399641107352,0.14670386527449747,3563
file_mod5,4,r2_quad,3,0.42489062049196813,0.0696006986104426,0.13613386967219304,3563
file_mod5,4,r2_quad,3,0.6518363448688389,0.06508006160585439,0.1255817505604384,3563
file_mod5,4,r2_quad,3,0.75,0.06345292109572612,0.12340527871643009,3563
file_mod5,4,r2_quad,3,1.0,0.06427710315467963,0.12549240841413817,3563
file_mod5,4,r2_quad,3,1.5,0.07321565878080213,0.13711601355650493,3563
file_mod5,4,r2_quad,3,1.5341274046343907,0.07382122660917775,0.13824620637275487,3563
file_mod5,4,r2_quad,3,2.3535468936502513,0.08779289333153956,0.16328571411346754,3563
file_mod5,4,r2_quad,3,3.6106407876409943,0.10280813551840003,0.18696855124642933,3563
file_mod5,4,r2_quad,3,5.539182980610754,0.11521681302968687,0.20994087319012397,3563
file_mod5,4,r2_quad,3,8.49781240983936,0.12477120327270982,0.22668358567084793,3563
file_mod5,4,r2_quad,3,13.03672689737678,0.13203040125187554,0.24151488760920353,3563
file_mod5,4,r2_quad,3,20.0,0.137541197465173,0.24975298054968323,3563
file_mod5,4,dt_r2_joint,6,0.05,0.08468152707360116,0.16041884248349397,3563
file_mod5,4,dt_r2_joint,6,0.07670637023171953,0.08239198710395616,0.15640896178620695,3563
file_mod5,4,dt_r2_joint,6,0.11767734468251262,0.07919442477718834,0.1504074354259407,3563
file_mod5,4,dt_r2_joint,6,0.1805320393820497,0.07543431130003002,0.14364906242384956,3563
file_mod5,4,dt_r2_joint,6,0.2769591490305376,0.06987249975495058,0.1367973648610437,3563
file_mod5,4,dt_r2_joint,6,0.42489062049196813,0.0649932058327222,0.1306361316855134,3563
file_mod5,4,dt_r2_joint,6,0.6518363448688389,0.06326332153113283,0.12813298396482278,3563
file_mod5,4,dt_r2_joint,6,0.75,0.06277330310542165,0.1270722109354795,3563
file_mod5,4,dt_r2_joint,6,1.0,0.06361679176674558,0.1265367993404679,3563
file_mod5,4,dt_r2_joint,6,1.5,0.06611481741276468,0.12805595212002155,3563
file_mod5,4,dt_r2_joint,6,1.5341274046343907,0.0665458524565691,0.1289514494767197,3563
file_mod5,4,dt_r2_joint,6,2.3535468936502513,0.07529966703987641,0.14241904185501436,3563
file_mod5,4,dt_r2_joint,6,3.6106407876409943,0.08377579521387105,0.16134391292379574,3563
file_mod5,4,dt_r2_joint,6,5.539182980610754,0.09144462581329409,0.17639838865155166,3563
file_mod5,4,dt_r2_joint,6,8.49781240983936,0.09866248019041185,0.1868337076723886,3563
file_mod5,4,dt_r2_joint,6,13.03672689737678,0.10387792451331816,0.19491125374727702,3563
file_mod5,4,dt_r2_joint,6,20.0,0.10730263310213185,0.20109433247645966,3563
file_mod5,4,dt_then_r2,6,0.05,0.09397210309770879,0.17067287546329402,3563
file_mod5,4,dt_then_r2,6,0.07670637023171953,0.09047426449089302,0.16507956846518496,3563
file_mod5,4,dt_then_r2,6,0.11767734468251262,0.08680088561452388,0.15856003930795523,3563
file_mod5,4,dt_then_r2,6,0.1805320393820497,0.08096994832287903,0.15112285174932882,3563
file_mod5,4,dt_then_r2,6,0.2769591490305376,0.07596676975700113,0.14170952835234304,3563
file_mod5,4,dt_then_r2,6,0.42489062049196813,0.06973185907627884,0.13246213655331607,3563
file_mod5,4,dt_then_r2,6,0.6518363448688389,0.0652593708920681,0.12570927462507306,3563
file_mod5,4,dt_then_r2,6,0.75,0.06474849468320565,0.12363405471952124,3563
file_mod5,4,dt_then_r2,6,1.0,0.06375719690524848,0.12265759828097499,3563
file_mod5,4,dt_then_r2,6,1.5,0.06791734463624181,0.13020844449175667,3563
file_mod5,4,dt_then_r2,6,1.5341274046343907,0.06808151623472121,0.13072063275706292,3563
file_mod5,4,dt_then_r2,6,2.3535468936502513,0.07520431683565862,0.14266916931348123,3563
file_mod5,4,dt_then_r2,6,3.6106407876409943,0.08369169103350331,0.15640482236900707,3563
file_mod5,4,dt_then_r2,6,5.539182980610754,0.09195146554358237,0.17222781092451736,3563
file_mod5,4,dt_then_r2,6,8.49781240983936,0.09974806907209904,0.18418295198790804,3563
file_mod5,4,dt_then_r2,6,13.03672689737678,0.1051209093496334,0.19470164121160619,3563
file_mod5,4,dt_then_r2,6,20.0,0.10856049409422842,0.20153827878390168,3563
file_mod5,4,r2_then_dt,6,0.05,0.09219652135010553,0.16361571130016228,3563
file_mod5,4,r2_then_dt,6,0.07670637023171953,0.08849003488262946,0.15798562664435167,3563
file_mod5,4,r2_then_dt,6,0.11767734468251262,0.08416403717657198,0.15254097696376748,3563
file_mod5,4,r2_then_dt,6,0.1805320393820497,0.07979732086656423,0.1437696173715605,3563
file_mod5,4,r2_then_dt,6,0.2769591490305376,0.0732997638886847,0.13541785822092822,3563
file_mod5,4,r2_then_dt,6,0.42489062049196813,0.0664013041089709,0.12744209778872692,3563
file_mod5,4,r2_then_dt,6,0.6518363448688389,0.06225698286658893,0.12284157812417469,3563
file_mod5,4,r2_then_dt,6,0.75,0.0618095800656137,0.12206492454372213,3563
file_mod5,4,r2_then_dt,6,1.0,0.06216869338288961,0.12109435423415038,3563
file_mod5,4,r2_then_dt,6,1.5,0.06765653956291674,0.13052244515751074,3563
file_mod5,4,r2_then_dt,6,1.5341274046343907,0.06767842941293624,0.13152628939920305,3563
file_mod5,4,r2_then_dt,6,2.3535468936502513,0.08035040436581296,0.15150100493507715,3563
file_mod5,4,r2_then_dt,6,3.6106407876409943,0.09182648441909436,0.1691975376070558,3563
file_mod5,4,r2_then_dt,6,5.539182980610754,0.10179308225472648,0.186647925754981,3563
file_mod5,4,r2_then_dt,6,8.49781240983936,0.10929748601776779,0.19991584782447905,3563
file_mod5,4,r2_then_dt,6,13.03672689737678,0.11540420532072763,0.21197171807694126,3563
file_mod5,4,r2_then_dt,6,20.0,0.11918140992320257,0.219601197087484,3563
file_mod5,4,xy_quad,6,0.05,0.13785476938790464,0.250656701618708,3563
file_mod5,4,xy_quad,6,0.07670637023171953,0.1320574472416918,0.2407956456216233,3563
file_mod5,4,xy_quad,6,0.11767734468251262,0.12338716728597961,0.22597479942591142,3563
file_mod5,4,xy_quad,6,0.1805320393820497,0.11226927421731006,0.20720390471336603,3563
file_mod5,4,xy_quad,6,0.2769591490305376,0.09728406673487876,0.18353273457923386,3563
file_mod5,4,xy_quad,6,0.42489062049196813,0.0839659253784602,0.15794417127002716,3563
file_mod5,4,xy_quad,6,0.6518363448688389,0.07349253167894339,0.13528390391908132,3563
file_mod5,4,xy_quad,6,0.75,0.07104544267264597,0.1314616906263214,3563
file_mod5,4,xy_quad,6,1.0,0.06776425909134401,0.12887428949014998,3563
file_mod5,4,xy_quad,6,1.5,0.07484352692501184,0.1370197243316951,3563
file_mod5,4,xy_quad,6,1.5341274046343907,0.0752552203008413,0.13826406354606077,3563
file_mod5,4,xy_quad,6,2.3535468936502513,0.09174790827966788,0.16367101971184853,3563
file_mod5,4,xy_quad,6,3.6106407876409943,0.1112344027442987,0.19197761744230402,3563
file_mod5,4,xy_quad,6,5.539182980610754,0.130557418804079,0.21936840224342932,3563
file_mod5,4,xy_quad,6,8.49781240983936,0.14409794382461427,0.24177042037709484,3563
file_mod5,4,xy_quad,6,13.03672689737678,0.1541539512699312,0.25575608511804193,3563
file_mod5,4,xy_quad,6,20.0,0.16101969793825155,0.26635747231530027,3563
file_mod5,4,dt_then_xy,9,0.05,0.09754603339451413,0.1807023011716725,3563
file_mod5,4,dt_then_xy,9,0.07670637023171953,0.09434041797950343,0.17579646804475116,3563
file_mod5,4,dt_then_xy,9,0.11767734468251262,0.08981251246485682,0.16818001101503166,3563
file_mod5,4,dt_then_xy,9,0.1805320393820497,0.0844374240133354,0.15677179270976274,3563
file_mod5,4,dt_then_xy,9,0.2769591490305376,0.07790432570396727,0.14675801792590693,3563
file_mod5,4,dt_then_xy,9,0.42489062049196813,0.07099935731148628,0.13882941521096542,3563
file_mod5,4,dt_then_xy,9,0.6518363448688389,0.06587412740555337,0.12889202169472297,3563
file_mod5,4,dt_then_xy,9,0.75,0.06530027493258715,0.1264295227579484,3563
file_mod5,4,dt_then_xy,9,1.0,0.06501726605011833,0.12505848234204897,3563
file_mod5,4,dt_then_xy,9,1.5,0.06873865047933564,0.12914737307876198,3563
file_mod5,4,dt_then_xy,9,1.5341274046343907,0.06907921628257398,0.1297092475270793,3563
file_mod5,4,dt_then_xy,9,2.3535468936502513,0.07599894145029887,0.14196517803510192,3563
file_mod5,4,dt_then_xy,9,3.6106407876409943,0.08533754911925713,0.1585726008177843,3563
file_mod5,4,dt_then_xy,9,5.539182980610754,0.09426533513529246,0.17253897095164458,3563
file_mod5,4,dt_then_xy,9,8.49781240983936,0.1012970826477919,0.18692205706503778,3563
file_mod5,4,dt_then_xy,9,13.03672689737678,0.10660942315047227,0.19730871127814728,3563
file_mod5,4,dt_then_xy,9,20.0,0.10997270676100578,0.2039875095514814,3563
file_mod5,4,dt_r2_then_xy,12,0.05,0.07124676306979277,0.1463777666380808,3563
file_mod5,4,dt_r2_then_xy,12,0.07670637023171953,0.06901591487686783,0.14159053868424418,3563
file_mod5,4,dt_r2_then_xy,12,0.11767734468251262,0.06590602120152113,0.1352876573501883,3563
file_mod5,4,dt_r2_then_xy,12,0.1805320393820497,0.06289475191781294,0.12706116488070204,3563
file_mod5,4,dt_r2_then_xy,12,0.2769591490305376,0.059804745213469866,0.1219444597316851,3563
file_mod5,4,dt_r2_then_xy,12,0.42489062049196813,0.0583269524781122,0.11597237628957185,3563
file_mod5,4,dt_r2_then_xy,12,0.6518363448688389,0.05870927299428708,0.11825949094504075,3563
file_mod5,4,dt_r2_then_xy,12,0.75,0.05935361383132696,0.11742208951754562,3563
file_mod5,4,dt_r2_then_xy,12,1.0,0.061171091607010966,0.1207986645925561,3563
file_mod5,4,dt_r2_then_xy,12,1.5,0.06533629138203963,0.12543731772110192,3563
file_mod5,4,dt_r2_then_xy,12,1.5341274046343907,0.06543721465996001,0.12575769131411732,3563
file_mod5,4,dt_r2_then_xy,12,2.3535468936502513,0.07484610997722621,0.14123903073799787,3563
file_mod5,4,dt_r2_then_xy,12,3.6106407876409943,0.08429085656960805,0.16092771147417026,3563
file_mod5,4,dt_r2_then_xy,12,5.539182980610754,0.09319150655575954,0.17583403056243663,3563
file_mod5,4,dt_r2_then_xy,12,8.49781240983936,0.10013473181535276,0.18676385319622768,3563
file_mod5,4,dt_r2_then_xy,12,13.03672689737678,0.10557565233790256,0.19574403706601326,3563
file_mod5,4,dt_r2_then_xy,12,20.0,0.10915270503130126,0.20266374218485764,3563
file_block5,0,raw,0,0.05,0.17132736575234472,0.31021427354109277,3631
file_block5,0,raw,0,0.07670637023171953,0.16488011461203203,0.29864968367490646,3631
file_block5,0,raw,0,0.11767734468251262,0.15468323466636966,0.2817021224293227,3631
file_block5,0,raw,0,0.1805320393820497,0.14068950083118106,0.2604355292661561,3631
file_block5,0,raw,0,0.2769591490305376,0.12374218459643439,0.22826191535439844,3631
file_block5,0,raw,0,0.42489062049196813,0.10582134164177301,0.19645039270431547,3631
file_block5,0,raw,0,0.6518363448688389,0.09075129380189847,0.1659584421300151,3631
file_block5,0,raw,0,0.75,0.08648965492334634,0.15726783060806068,3631
file_block5,0,raw,0,1.0,0.07969559082104863,0.14804649171209736,3631
file_block5,0,raw,0,1.5,0.07896854914084513,0.15108778101532797,3631
file_block5,0,raw,0,1.5341274046343907,0.07950184919143176,0.15201611281893318,3631
file_block5,0,raw,0,2.3535468936502513,0.09233382731193963,0.1690290348829068,3631
file_block5,0,raw,0,3.6106407876409943,0.1111343944682535,0.1937292549965089,3631
file_block5,0,raw,0,5.539182980610754,0.12862280947517513,0.21823139027110477,3631
file_block5,0,raw,0,8.49781240983936,0.1433717425852379,0.23974272165297966,3631
file_block5,0,raw,0,13.03672689737678,0.15383340879739843,0.256565688236575,3631
file_block5,0,raw,0,20.0,0.1603903865006482,0.26789897744822144,3631
file_block5,0,dt_quad,3,0.05,0.11677400277610632,0.22035107042223864,3631
file_block5,0,dt_quad,3,0.07670637023171953,0.11340156188861734,0.21484758112373809,3631
file_block5,0,dt_quad,3,0.11767734468251262,0.10862943375493762,0.20610008163697482,3631
file_block5,0,dt_quad,3,0.1805320393820497,0.10318895454497606,0.1927739782890792,3631
file_block5,0,dt_quad,3,0.2769591490305376,0.09726675762663876,0.17800576313434968,3631
file_block5,0,dt_quad,3,0.42489062049196813,0.08927004750473062,0.16583217791210614,3631
file_block5,0,dt_quad,3,0.6518363448688389,0.08302830245229896,0.15269469921930268,3631
file_block5,0,dt_quad,3,0.75,0.08144861272739798,0.1486502200104575,3631
file_block5,0,dt_quad,3,1.0,0.07771226746773487,0.143126112160093,3631
file_block5,0,dt_quad,3,1.5,0.07465859552776126,0.14388026009936974,3631
file_block5,0,dt_quad,3,1.5341274046343907,0.07479732809824255,0.14397773371554895,3631
file_block5,0,dt_quad,3,2.3535468936502513,0.0793116721655752,0.15248760917258633,3631
file_block5,0,dt_quad,3,3.6106407876409943,0.08655332052974755,0.16209683981474285,3631
file_block5,0,dt_quad,3,5.539182980610754,0.09414606516035301,0.17638839376392607,3631
file_block5,0,dt_quad,3,8.49781240983936,0.10127381086984581,0.18714803967763866,3631
file_block5,0,dt_quad,3,13.03672689737678,0.10643323538348565,0.19671046029380387,3631
file_block5,0,dt_quad,3,20.0,0.11025220431607943,0.2037168687314363,3631
file_block5,0,r2_quad,3,0.05,0.0978219085548388,0.19069664187221574,3631
file_block5,0,r2_quad,3,0.07670637023171953,0.09403640621600105,0.18373939253892976,3631
file_block5,0,r2_quad,3,0.11767734468251262,0.08984116946127417,0.17472266734840813,3631
file_block5,0,r2_quad,3,0.1805320393820497,0.08449737215736197,0.1620496765240422,3631
file_block5,0,r2_quad,3,0.2769591490305376,0.07731233089344523,0.14694623148708613,3631
file_block5,0,r2_quad,3,0.42489062049196813,0.07062134303068843,0.134017856147305,3631
file_block5,0,r2_quad,3,0.6518363448688389,0.06461457570459227,0.12451070973819663,3631
file_block5,0,r2_quad,3,0.75,0.06309764185668168,0.12258695877953026,3631
file_block5,0,r2_quad,3,1.0,0.06448166557463508,0.12386494280028422,3631
file_block5,0,r2_quad,3,1.5,0.07336193181163288,0.13725005586390213,3631
file_block5,0,r2_quad,3,1.5341274046343907,0.07432692581793805,0.13864531864783616,3631
file_block5,0,r2_quad,3,2.3535468936502513,0.08747890187274887,0.16303793435497205,3631
file_block5,0,r2_quad,3,3.6106407876409943,0.10177638682376676,0.18767468403352042,3631
file_block5,0,r2_quad,3,5.539182980610754,0.11493423962682175,0.2101055155641834,3631
file_block5,0,r2_quad,3,8.49781240983936,0.12451438671169103,0.22798192700834838,3631
file_block5,0,r2_quad,3,13.03672689737678,0.13174070209841596,0.2401682126745204,3631
file_block5,0,r2_quad,3,20.0,0.13681512079232633,0.25133593833346146,3631
file_block5,0,dt_r2_joint,6,0.05,0.08574980214072478,0.16273170260678788,3631
file_block5,0,dt_r2_joint,6,0.07670637023171953,0.08254271022932928,0.15832956386298508,3631
file_block5,0,dt_r2_joint,6,0.11767734468251262,0.07946654015382448,0.1512514505941421,3631
file_block5,0,dt_r2_joint,6,0.1805320393820497,0.07543240628768401,0.14313281784867282,3631
file_block5,0,dt_r2_joint,6,0.2769591490305376,0.07018291978652988,0.1338179674120034,3631
file_block5,0,dt_r2_joint,6,0.42489062049196813,0.06473201912219059,0.12783259614616946,3631
file_block5,0,dt_r2_joint,6,0.6518363448688389,0.06190834392607698,0.12538086720298194,3631
file_block5,0,dt_r2_joint,6,0.75,0.06252390523818645,0.12546139945597415,3631
file_block5,0,dt_r2_joint,6,1.0,0.06335441027581282,0.12389847830895506,3631
file_block5,0,dt_r2_joint,6,1.5,0.06526907801189062,0.12799430802268738,3631
file_block5,0,dt_r2_joint,6,1.5341274046343907,0.06513986598373991,0.12872428748664944,3631
file_block5,0,dt_r2_joint,6,2.3535468936502513,0.07438960853841191,0.14357675615972626,3631
file_block5,0,dt_r2_joint,6,3.6106407876409943,0.08305077820081856,0.16070737684290648,3631
file_block5,0,dt_r2_joint,6,5.539182980610754,0.0909957881275165,0.1768844134038972,3631
file_block5,0,dt_r2_joint,6,8.49781240983936,0.09796198642585471,0.18837756555767166,3631
file_block5,0,dt_r2_joint,6,13.03672689737678,0.10267367751553508,0.19770379358147466,3631
file_block5,0,dt_r2_joint,6,20.0,0.10682630277205876,0.2035389336362238,3631
file_block5,0,dt_then_r2,6,0.05,0.09557215812648606,0.17077890833287343,3631
file_block5,0,dt_then_r2,6,0.07670637023171953,0.09255798124836777,0.16488335747734054,3631
file_block5,0,dt_then_r2,6,0.11767734468251262,0.08789225937829534,0.15842222906062053,3631
file_block5,0,dt_then_r2,6,0.1805320393820497,0.08282067001474663,0.1507904070128849,3631
file_block5,0,dt_then_r2,6,0.2769591490305376,0.0762402816532929,0.14120972242237034,3631
file_block5,0,dt_then_r2,6,0.42489062049196813,0.06967824773594952,0.13233468336529244,3631
file_block5,0,dt_then_r2,6,0.6518363448688389,0.06413647787367387,0.12543350016561963,3631
file_block5,0,dt_then_r2,6,0.75,0.06286251281404392,0.12395739045914841,3631
file_block5,0,dt_then_r2,6,1.0,0.06279244132460113,0.12397153078661463,3631
file_block5,0,dt_then_r2,6,1.5,0.06798122814372379,0.13060437179914638,3631
file_block5,0,dt_then_r2,6,1.5341274046343907,0.0682163910555998,0.13101618881418592,3631
file_block5,0,dt_then_r2,6,2.3535468936502513,0.07483725740833279,0.14304726550624655,3631
file_block5,0,dt_then_r2,6,3.6106407876409943,0.08322278693878159,0.15830837092069788,3631
file_block5,0,dt_then_r2,6,5.539182980610754,0.09172230521515312,0.17328667026221042,3631
file_block5,0,dt_then_r2,6,8.49781240983936,0.09907692491634093,0.18450925801901125,3631
file_block5,0,dt_then_r2,6,13.03672689737678,0.10377840605260304,0.19409292953847193,3631
file_block5,0,dt_then_r2,6,20.0,0.10765236766420637,0.20194502380504833,3631
file_block5,0,r2_then_dt,6,0.05,0.09403771563926826,0.16445706492644285,3631
file_block5,0,r2_then_dt,6,0.07670637023171953,0.09056312273317377,0.15922924425216442,3631
file_block5,0,r2_then_dt,6,0.11767734468251262,0.08644622495246397,0.1519119432637469,3631
file_block5,0,r2_then_dt,6,0.1805320393820497,0.08122620747456151,0.14314041643220832,3631
file_block5,0,r2_then_dt,6,0.2769591490305376,0.07380378690502493,0.1359144797536464,3631
file_block5,0,r2_then_dt,6,0.42489062049196813,0.06630505662235706,0.1275202662384515,3631
file_block5,0,r2_then_dt,6,0.6518363448688389,0.06219671382208788,0.12279976417028436,3631
file_block5,0,r2_then_dt,6,0.75,0.06147310092742695,0.12196217887925646,3631
file_block5,0,r2_then_dt,6,1.0,0.06148935837299992,0.12120381491942173,3631
file_block5,0,r2_then_dt,6,1.5,0.06724720982214256,0.13283015184749739,3631
file_block5,0,r2_then_dt,6,1.5341274046343907,0.06792283250485597,0.13407476551348319,3631
file_block5,0,r2_then_dt,6,2.3535468936502513,0.07908980683987854,0.1541678882883934,3631
file_block5,0,r2_then_dt,6,3.6106407876409943,0.09083648328645166,0.16954375480573117,3631
file_block5,0,r2_then_dt,6,5.539182980610754,0.10143539084696757,0.1877930878316759,3631
file_block5,0,r2_then_dt,6,8.49781240983936,0.10997767555017654,0.20284280499026494,3631
file_block5,0,r2_then_dt,6,13.03672689737678,0.11590141007076639,0.2140360775600828,3631
file_block5,0,r2_then_dt,6,20.0,0.11993154627010995,0.22156378682450723,3631
file_block5,0,xy_quad,6,0.05,0.13730939152991462,0.2505122575651254,3631
file_block5,0,xy_quad,6,0.07670637023171953,0.13178361270176986,0.24008590594565554,3631
file_block5,0,xy_quad,6,0.11767734468251262,0.12318797462148384,0.2253476543094096,3631
file_block5,0,xy_quad,6,0.1805320393820497,0.1122563809737236,0.2066562144729927,3631
file_block5,0,xy_quad,6,0.2769591490305376,0.09732388786690555,0.18175067344109436,3631
file_block5,0,xy_quad,6,0.42489062049196813,0.08349439072661276,0.15843292702804332,3631
file_block5,0,xy_quad,6,0.6518363448688389,0.0722158006860083,0.13577453136954487,3631
file_block5,0,xy_quad,6,0.75,0.06928675433022945,0.13069824438030153,3631
file_block5,0,xy_quad,6,1.0,0.06655258527406488,0.12845751051267865,3631
file_block5,0,xy_quad,6,1.5,0.07441698207741759,0.13715227775935424,3631
file_block5,0,xy_quad,6,1.5341274046343907,0.07517976890633135,0.13803386675308238,3631
file_block5,0,xy_quad,6,2.3535468936502513,0.09142937172664807,0.1641338264259305,3631
file_block5,0,xy_quad,6,3.6106407876409943,0.11126872607130679,0.1927887149096158,3631
file_block5,0,xy_quad,6,5.539182980610754,0.12997660063961494,0.21955364604205863,3631
file_block5,0,xy_quad,6,8.49781240983936,0.14312720388559952,0.2423468907506567,3631
file_block5,0,xy_quad,6,13.03672689737678,0.15290093322415435,0.2576035751852955,3631
file_block5,0,xy_quad,6,20.0,0.15992887502218872,0.2686112524985947,3631
file_block5,0,dt_then_xy,9,0.05,0.09636347530813355,0.17669969257200452,3631
file_block5,0,dt_then_xy,9,0.07670637023171953,0.09364943416787848,0.17053136928143917,3631
file_block5,0,dt_then_xy,9,0.11767734468251262,0.08987065514490508,0.16382517305346492,3631
file_block5,0,dt_then_xy,9,0.1805320393820497,0.08446472769135341,0.154896234039869,3631
file_block5,0,dt_then_xy,9,0.2769591490305376,0.07831108233584134,0.1445723110924305,3631
file_block5,0,dt_then_xy,9,0.42489062049196813,0.07074554061541911,0.13636103563139593,3631
file_block5,0,dt_then_xy,9,0.6518363448688389,0.065739061235861,0.12894198780086458,3631
file_block5,0,dt_then_xy,9,0.75,0.06450795332584035,0.12886996860346758,3631
file_block5,0,dt_then_xy,9,1.0,0.06414359096135623,0.12768167925737184,3631
file_block5,0,dt_then_xy,9,1.5,0.06793840352488036,0.13120429468094905,3631
file_block5,0,dt_then_xy,9,1.5341274046343907,0.06829114004612466,0.1317955957250891,3631
file_block5,0,dt_then_xy,9,2.3535468936502513,0.07547025285632625,0.14387520338822016,3631
file_block5,0,dt_then_xy,9,3.6106407876409943,0.08521376061652086,0.1586287671683697,3631
file_block5,0,dt_then_xy,9,5.539182980610754,0.09457876973936218,0.17337841911700624,3631
file_block5,0,dt_then_xy,9,8.49781240983936,0.10145437494055323,0.18681755336361613,3631
file_block5,0,dt_then_xy,9,13.03672689737678,0.10749333377105696,0.1963159034855568,3631
file_block5,0,dt_then_xy,9,20.0,0.11059085888432867,0.2038010526129888,3631
file_block5,0,dt_r2_then_xy,12,0.05,0.07186453597338915,0.14464809965025263,3631
file_block5,0,dt_r2_then_xy,12,0.07670637023171953,0.07006255959048747,0.13974903829165505,3631
file_block5,0,dt_r2_then_xy,12,0.11767734468251262,0.06776626605582962,0.1337649797282079,3631
file_block5,0,dt_r2_then_xy,12,0.1805320393820497,0.0637993150376068,0.12710045225292546,3631
file_block5,0,dt_r2_then_xy,12,0.2769591490305376,0.06023100676720181,0.12162345001622958,3631
file_block5,0,dt_r2_then_xy,12,0.42489062049196813,0.05918557084363045,0.11803704516437595,3631
file_block5,0,dt_r2_then_xy,12,0.6518363448688389,0.05800745903041123,0.11493560057243758,3631
file_block5,0,dt_r2_then_xy,12,0.75,0.05880808010453465,0.11584692480936941,3631
file_block5,0,dt_r2_then_xy,12,1.0,0.060690312696178646,0.12072899863115157,3631
file_block5,0,dt_r2_then_xy,12,1.5,0.06491331122380814,0.12597829332517962,3631
file_block5,0,dt_r2_then_xy,12,1.5341274046343907,0.06545245077765284,0.12676252940492333,3631
file_block5,0,dt_r2_then_xy,12,2.3535468936502513,0.0739330371312016,0.1426150708873277,3631
file_block5,0,dt_r2_then_xy,12,3.6106407876409943,0.08408909370578685,0.16108604647174282,3631
file_block5,0,dt_r2_then_xy,12,5.539182980610754,0.09319327342173785,0.17475533858549663,3631
file_block5,0,dt_r2_then_xy,12,8.49781240983936,0.09990721772830423,0.18836600591976266,3631
file_block5,0,dt_r2_then_xy,12,13.03672689737678,0.10429295601207249,0.19810544184164816,3631
file_block5,0,dt_r2_then_xy,12,20.0,0.1083291351429926,0.2045634387384952,3631
file_block5,1,raw,0,0.05,0.17241895161183218,0.30937042884256866,3561
file_block5,1,raw,0,0.07670637023171953,0.16562167160419158,0.29831350289468644,3561
file_block5,1,raw,0,0.11767734468251262,0.15561637443874526,0.2814076509019259,3561
file_block5,1,raw,0,0.1805320393820497,0.14043202630796192,0.2583696495826987,3561
file_block5,1,raw,0,0.2769591490305376,0.12469895241498956,0.2275056176435829,3561
file_block5,1,raw,0,0.42489062049196813,0.10640427911786013,0.1960164613558091,3561
file_block5,1,raw,0,0.6518363448688389,0.09218137476227525,0.166596111724213,3561
file_block5,1,raw,0,0.75,0.0876149618749188,0.1572378195366863,3561
file_block5,1,raw,0,1.0,0.0807672117879539,0.1485551982448417,3561
file_block5,1,raw,0,1.5,0.08007345665016771,0.1499957518163341,3561
file_block5,1,raw,0,1.5341274046343907,0.08068689022696653,0.15040546734188093,3561
file_block5,1,raw,0,2.3535468936502513,0.09260427794648515,0.16740412842424232,3561
file_block5,1,raw,0,3.6106407876409943,0.11047846881656996,0.19282916385298257,3561
file_block5,1,raw,0,5.539182980610754,0.1283419159582144,0.2157931259238641,3561
file_block5,1,raw,0,8.49781240983936,0.14265126989020144,0.2354634535109542,3561
file_block5,1,raw,0,13.03672689737678,0.15293446659135657,0.2520964177936256,3561
file_block5,1,raw,0,20.0,0.15938647225357291,0.26325669612523717,3561
file_block5,1,dt_quad,3,0.05,0.11743596795374081,0.21858186894058682,3561
file_block5,1,dt_quad,3,0.07670637023171953,0.11431255458120032,0.21329967875316116,3561
file_block5,1,dt_quad,3,0.11767734468251262,0.10908777460124403,0.20500723365250628,3561
file_block5,1,dt_quad,3,0.1805320393820497,0.10417431263898362,0.192386849243489,3561
file_block5,1,dt_quad,3,0.2769591490305376,0.09751970919198033,0.17829271330627408,3561
file_block5,1,dt_quad,3,0.42489062049196813,0.08946905328557443,0.1649265817467955,3561
file_block5,1,dt_quad,3,0.6518363448688389,0.08398478092012411,0.15302571649798632,3561
file_block5,1,dt_quad,3,0.75,0.08153531046967981,0.15001756149486947,3561
file_block5,1,dt_quad,3,1.0,0.07891617963150312,0.14291307628346675,3561
file_block5,1,dt_quad,3,1.5,0.07583442231140938,0.14239538491267856,3561
file_block5,1,dt_quad,3,1.5341274046343907,0.07564480852476463,0.14289717586396108,3561
file_block5,1,dt_quad,3,2.3535468936502513,0.07929246769169035,0.14799940939881062,3561
file_block5,1,dt_quad,3,3.6106407876409943,0.08672993704104222,0.1602014607204433,3561
file_block5,1,dt_quad,3,5.539182980610754,0.09448233195111337,0.17418894391841294,3561
file_block5,1,dt_quad,3,8.49781240983936,0.10099520130592837,0.18528973803289087,3561
file_block5,1,dt_quad,3,13.03672689737678,0.10765610385470388,0.19356885233966012,3561
file_block5,1,dt_quad,3,20.0,0.11100072267739912,0.19944060448250223,3561
file_block5,1,r2_quad,3,0.05,0.09623180729830541,0.18936723809050598,3561
file_block5,1,r2_quad,3,0.07670637023171953,0.09257712990458102,0.18225720623716343,3561
file_block5,1,r2_quad,3,0.11767734468251262,0.08827838480221946,0.1728526429967182,3561
file_block5,1,r2_quad,3,0.1805320393820497,0.08334804050196519,0.15902799255972874,3561
file_block5,1,r2_quad,3,0.2769591490305376,0.07594119084673893,0.1453635525843454,3561
file_block5,1,r2_quad,3,0.42489062049196813,0.0699085431798895,0.1336939677952041,3561
file_block5,1,r2_quad,3,0.6518363448688389,0.06580898896929067,0.12414896374086036,3561
file_block5,1,r2_quad,3,0.75,0.0643330753056357,0.12381385906546405,3561
file_block5,1,r2_quad,3,1.0,0.06522897126402324,0.12490294122810956,3561
file_block5,1,r2_quad,3,1.5,0.07449767503324708,0.13778503413226212,3561
file_block5,1,r2_quad,3,1.5341274046343907,0.07521650848213682,0.13870437937519187,3561
file_block5,1,r2_quad,3,2.3535468936502513,0.08834906600875257,0.1616884005141614,3561
file_block5,1,r2_quad,3,3.6106407876409943,0.10311861465107658,0.1839054775288729,3561
file_block5,1,r2_quad,3,5.539182980610754,0.11621860729921481,0.20675133179632543,3561
file_block5,1,r2_quad,3,8.49781240983936,0.12532963296652577,0.22293572259823252,3561
file_block5,1,r2_quad,3,13.03672689737678,0.13218425039687148,0.2376307191841689,3561
file_block5,1,r2_quad,3,20.0,0.13741284655709177,0.24835859970143515,3561
file_block5,1,dt_r2_joint,6,0.05,0.0852180988529564,0.1675990693741412,3561
file_block5,1,dt_r2_joint,6,0.07670637023171953,0.08272354533998429,0.16229338989789618,3561
file_block5,1,dt_r2_joint,6,0.11767734468251262,0.07942810768699612,0.15478761047290102,3561
file_block5,1,dt_r2_joint,6,0.1805320393820497,0.0749510090164264,0.14515715535578216,3561
file_block5,1,dt_r2_joint,6,0.2769591490305376,0.0700955787829034,0.13634242100114874,3561
file_block5,1,dt_r2_joint,6,0.42489062049196813,0.06422329416952688,0.1282039294910921,3561
file_block5,1,dt_r2_joint,6,0.6518363448688389,0.06285308292764548,0.12574962719300056,3561
file_block5,1,dt_r2_joint,6,0.75,0.06278152893045486,0.1251761040568138,3561
file_block5,1,dt_r2_joint,6,1.0,0.06397258746634754,0.12539479375532916,3561
file_block5,1,dt_r2_joint,6,1.5,0.06643563945899633,0.12823722750516106,3561
file_block5,1,dt_r2_joint,6,1.5341274046343907,0.0664404434162076,0.12825729766461066,3561
file_block5,1,dt_r2_joint,6,2.3535468936502513,0.07465294608634712,0.14126263135532782,3561
file_block5,1,dt_r2_joint,6,3.6106407876409943,0.08379486441076572,0.15984463223406828,3561
file_block5,1,dt_r2_joint,6,5.539182980610754,0.0926244754179262,0.1767627167316268,3561
file_block5,1,dt_r2_joint,6,8.49781240983936,0.09978394340301541,0.19060826149292376,3561
file_block5,1,dt_r2_joint,6,13.03672689737678,0.1040756323739566,0.19952201855178525,3561
file_block5,1,dt_r2_joint,6,20.0,0.1075258525812113,0.20522268516529968,3561
file_block5,1,dt_then_r2,6,0.05,0.09550316239875453,0.17175165240220885,3561
file_block5,1,dt_then_r2,6,0.07670637023171953,0.09248457419489328,0.1660496589927285,3561
file_block5,1,dt_then_r2,6,0.11767734468251262,0.08816237036274208,0.16006508397120373,3561
file_block5,1,dt_then_r2,6,0.1805320393820497,0.08271351636460364,0.15379236745340302,3561
file_block5,1,dt_then_r2,6,0.2769591490305376,0.07670134517110005,0.14333694916314899,3561
file_block5,1,dt_then_r2,6,0.42489062049196813,0.0714301239490218,0.13335234804184215,3561
file_block5,1,dt_then_r2,6,0.6518363448688389,0.06568025784717994,0.12532745085628924,3561
file_block5,1,dt_then_r2,6,0.75,0.06418127421760374,0.12326325950039792,3561
file_block5,1,dt_then_r2,6,1.0,0.06422627345274277,0.12353737443206944,3561
file_block5,1,dt_then_r2,6,1.5,0.06817800945363589,0.12974542633018565,3561
file_block5,1,dt_then_r2,6,1.5341274046343907,0.06836720430539839,0.1301330201008832,3561
file_block5,1,dt_then_r2,6,2.3535468936502513,0.07567412249041432,0.140446843699724,3561
file_block5,1,dt_then_r2,6,3.6106407876409943,0.08431966498062413,0.15647905916838653,3561
file_block5,1,dt_then_r2,6,5.539182980610754,0.09186433702846358,0.1724145299055686,3561
file_block5,1,dt_then_r2,6,8.49781240983936,0.09878172520372934,0.18215361997891133,3561
file_block5,1,dt_then_r2,6,13.03672689737678,0.10417980591817329,0.1921290830649696,3561
file_block5,1,dt_then_r2,6,20.0,0.1078432177243353,0.1990992971068873,3561
file_block5,1,r2_then_dt,6,0.05,0.09248913101757221,0.16527521612462084,3561
file_block5,1,r2_then_dt,6,0.07670637023171953,0.0893587821112067,0.159719129548161,3561
file_block5,1,r2_then_dt,6,0.11767734468251262,0.08466071553765246,0.15192278729619263,3561
file_block5,1,r2_then_dt,6,0.1805320393820497,0.07984923030798025,0.14254127532665728,3561
file_block5,1,r2_then_dt,6,0.2769591490305376,0.07313188197125799,0.13495733061472667,3561
file_block5,1,r2_then_dt,6,0.42489062049196813,0.06674620063561272,0.12760612105663147,3561
file_block5,1,r2_then_dt,6,0.6518363448688389,0.06312497302935628,0.12329304808069419,3561
file_block5,1,r2_then_dt,6,0.75,0.06241488347040215,0.12192263141532896,3561
file_block5,1,r2_then_dt,6,1.0,0.06251645978152319,0.12042394840320768,3561
file_block5,1,r2_then_dt,6,1.5,0.06720528301782845,0.1295577546552054,3561
file_block5,1,r2_then_dt,6,1.5341274046343907,0.06772772892983034,0.13057067421081436,3561
file_block5,1,r2_then_dt,6,2.3535468936502513,0.07968588522082742,0.1519933815047832,3561
file_block5,1,r2_then_dt,6,3.6106407876409943,0.09032196052919372,0.16779174023377075,3561
file_block5,1,r2_then_dt,6,5.539182980610754,0.10122538200844429,0.1846704067592414,3561
file_block5,1,r2_then_dt,6,8.49781240983936,0.10891656518006605,0.19841429211814504,3561
file_block5,1,r2_then_dt,6,13.03672689737678,0.11439284255937161,0.20871815786189557,3561
file_block5,1,r2_then_dt,6,20.0,0.11846360032362699,0.21658259402371557,3561
file_block5,1,xy_quad,6,0.05,0.13756698619577284,0.2482852874212193,3561
file_block5,1,xy_quad,6,0.07670637023171953,0.13145474721888276,0.23878025835401714,3561
file_block5,1,xy_quad,6,0.11767734468251262,0.12316741064079664,0.22351148607176186,3561
file_block5,1,xy_quad,6,0.1805320393820497,0.11208717811998845,0.20371829882443318,3561
file_block5,1,xy_quad,6,0.2769591490305376,0.09876055157415392,0.1802912958512781,3561
file_block5,1,xy_quad,6,0.42489062049196813,0.08540374486410418,0.15703506347151652,3561
file_block5,1,xy_quad,6,0.6518363448688389,0.07373669863700567,0.1358648088984758,3561
file_block5,1,xy_quad,6,0.75,0.07047540212603665,0.13106158189102354,3561
file_block5,1,xy_quad,6,1.0,0.06725906109523293,0.12956458059933376,3561
file_block5,1,xy_quad,6,1.5,0.07481062594493165,0.13670485561960763,3561
file_block5,1,xy_quad,6,1.5341274046343907,0.07555243493306925,0.13748543400315355,3561
file_block5,1,xy_quad,6,2.3535468936502513,0.09152799728687654,0.16377146802675852,3561
file_block5,1,xy_quad,6,3.6106407876409943,0.11110628504634519,0.19135539484332226,3561
file_block5,1,xy_quad,6,5.539182980610754,0.12960992367088853,0.21645188973079593,3561
file_block5,1,xy_quad,6,8.49781240983936,0.142903864131719,0.23665204956182606,3561
file_block5,1,xy_quad,6,13.03672689737678,0.15220282035364346,0.250570016166416,3561
file_block5,1,xy_quad,6,20.0,0.15854442507333258,0.2610109043010594,3561
file_block5,1,dt_then_xy,9,0.05,0.09773726515911021,0.1798473233783415,3561
file_block5,1,dt_then_xy,9,0.07670637023171953,0.09508992467224076,0.17410996124171274,3561
file_block5,1,dt_then_xy,9,0.11767734468251262,0.0909164625408784,0.16600944488172062,3561
file_block5,1,dt_then_xy,9,0.1805320393820497,0.08539381817302773,0.15697615860959216,3561
file_block5,1,dt_then_xy,9,0.2769591490305376,0.0795423660920304,0.14683854893029688,3561
file_block5,1,dt_then_xy,9,0.42489062049196813,0.07277405789821789,0.1370849419210382,3561
file_block5,1,dt_then_xy,9,0.6518363448688389,0.06678092872474074,0.12939563484532587,3561
file_block5,1,dt_then_xy,9,0.75,0.06533514397114257,0.12755814262145382,3561
file_block5,1,dt_then_xy,9,1.0,0.06466938084502964,0.12784278837073257,3561
file_block5,1,dt_then_xy,9,1.5,0.06800750930834505,0.13114088687452327,3561
file_block5,1,dt_then_xy,9,1.5341274046343907,0.06836781672493472,0.131089237393201,3561
file_block5,1,dt_then_xy,9,2.3535468936502513,0.0761887911491993,0.14121924838268676,3561
file_block5,1,dt_then_xy,9,3.6106407876409943,0.0855602759577843,0.1566438340536318,3561
file_block5,1,dt_then_xy,9,5.539182980610754,0.09381544637644615,0.1701895139139447,3561
file_block5,1,dt_then_xy,9,8.49781240983936,0.10071592086729123,0.18314633896393923,3561
file_block5,1,dt_then_xy,9,13.03672689737678,0.10736341401894609,0.19306297680599613,3561
file_block5,1,dt_then_xy,9,20.0,0.11018851673050901,0.19931199468114227,3561
file_block5,1,dt_r2_then_xy,12,0.05,0.07080020332213183,0.143241135345925,3561
file_block5,1,dt_r2_then_xy,12,0.07670637023171953,0.06866259888842445,0.1394957021973808,3561
file_block5,1,dt_r2_then_xy,12,0.11767734468251262,0.06626404489293324,0.13386107506807246,3561
file_block5,1,dt_r2_then_xy,12,0.1805320393820497,0.06305556167594022,0.12600865305437614,3561
file_block5,1,dt_r2_then_xy,12,0.2769591490305376,0.05923057307518471,0.12020756637641627,3561
file_block5,1,dt_r2_then_xy,12,0.42489062049196813,0.0566578061401608,0.11403096035439159,3561
file_block5,1,dt_r2_then_xy,12,0.6518363448688389,0.05761488375126849,0.11532457684895232,3561
file_block5,1,dt_r2_then_xy,12,0.75,0.05871894907304334,0.11658191856966636,3561
file_block5,1,dt_r2_then_xy,12,1.0,0.061321897770178185,0.12054479755692336,3561
file_block5,1,dt_r2_then_xy,12,1.5,0.06531369315363593,0.1260393336094546,3561
file_block5,1,dt_r2_then_xy,12,1.5341274046343907,0.06585010950893673,0.12578880644118273,3561
file_block5,1,dt_r2_then_xy,12,2.3535468936502513,0.07497795094014706,0.14125548052422915,3561
file_block5,1,dt_r2_then_xy,12,3.6106407876409943,0.0845058985060428,0.1589122336875679,3561
file_block5,1,dt_r2_then_xy,12,5.539182980610754,0.09287375371483257,0.17651630013900124,3561
file_block5,1,dt_r2_then_xy,12,8.49781240983936,0.10107617804789668,0.19030457428467362,3561
file_block5,1,dt_r2_then_xy,12,13.03672689737678,0.1061953869464295,0.1988554021134968,3561
file_block5,1,dt_r2_then_xy,12,20.0,0.10985324065664269,0.2055955943815723,3561
file_block5,2,raw,0,0.05,0.17005872087826038,0.3093494710485101,3572
file_block5,2,raw,0,0.07670637023171953,0.16311848441403293,0.2984977110354197,3572
file_block5,2,raw,0,0.11767734468251262,0.15275430350683142,0.28196851516446025,3572
file_block5,2,raw,0,0.1805320393820497,0.1388027431394879,0.2583253216973778,3572
file_block5,2,raw,0,0.2769591490305376,0.12297742710558951,0.22702962328917578,3572
file_block5,2,raw,0,0.42489062049196813,0.10594475081973888,0.19549763700033088,3572
file_block5,2,raw,0,0.6518363448688389,0.09121491494687303,0.16601867567926448,3572
file_block5,2,raw,0,0.75,0.0865993712140618,0.15702560870334628,3572
file_block5,2,raw,0,1.0,0.08098722883494808,0.14862708659808954,3572
file_block5,2,raw,0,1.5,0.08021059361890019,0.15140649877004145,3572
file_block5,2,raw,0,1.5341274046343907,0.0805881995066142,0.15220851996015416,3572
file_block5,2,raw,0,2.3535468936502513,0.09341995185689905,0.16876663775197726,3572
file_block5,2,raw,0,3.6106407876409943,0.11165267526439795,0.19414898215291676,3572
file_block5,2,raw,0,5.539182980610754,0.1282451479121389,0.21800774606017936,3572
file_block5,2,raw,0,8.49781240983936,0.14322188872196515,0.23773026541950132,3572
file_block5,2,raw,0,13.03672689737678,0.15273991864103917,0.2541871675109549,3572
file_block5,2,raw,0,20.0,0.1592109763913626,0.26536654318294495,3572
file_block5,2,dt_quad,3,0.05,0.11544735944816716,0.219026958624115,3572
file_block5,2,dt_quad,3,0.07670637023171953,0.11158666838296809,0.21229763673259588,3572
file_block5,2,dt_quad,3,0.11767734468251262,0.10711952783782872,0.2034364769940441,3572
file_block5,2,dt_quad,3,0.1805320393820497,0.10202981047720636,0.1897686992071455,3572
file_block5,2,dt_quad,3,0.2769591490305376,0.09622948846300786,0.17670508889859504,3572
file_block5,2,dt_quad,3,0.42489062049196813,0.08841039532345532,0.164156622467395,3572
file_block5,2,dt_quad,3,0.6518363448688389,0.08331296286939689,0.1525227747460328,3572
file_block5,2,dt_quad,3,0.75,0.08138475150843556,0.14873326394628572,3572
file_block5,2,dt_quad,3,1.0,0.0782712807923093,0.14441759623983716,3572
file_block5,2,dt_quad,3,1.5,0.07543113675218399,0.14393928070310336,3572
file_block5,2,dt_quad,3,1.5341274046343907,0.07540776697948559,0.14442970921325457,3572
file_block5,2,dt_quad,3,2.3535468936502513,0.07933342382984444,0.1513577081368044,3572
file_block5,2,dt_quad,3,3.6106407876409943,0.08786426055681916,0.16314561400686373,3572
file_block5,2,dt_quad,3,5.539182980610754,0.09528208756989735,0.1768894322741,3572
file_block5,2,dt_quad,3,8.49781240983936,0.1022305085884883,0.18704892792109915,3572
file_block5,2,dt_quad,3,13.03672689737678,0.10835670045910042,0.19748025184537354,3572
file_block5,2,dt_quad,3,20.0,0.11129517796730826,0.20533920166036662,3572
file_block5,2,r2_quad,3,0.05,0.09669693151024077,0.19067399524245063,3572
file_block5,2,r2_quad,3,0.07670637023171953,0.09316731221480914,0.18365342975828755,3572
file_block5,2,r2_quad,3,0.11767734468251262,0.08915055866808749,0.17341868990577242,3572
file_block5,2,r2_quad,3,0.1805320393820497,0.08369031933585286,0.15922655784783069,3572
file_block5,2,r2_quad,3,0.2769591490305376,0.07732880778581522,0.14593833964555233,3572
file_block5,2,r2_quad,3,0.42489062049196813,0.07084990974585308,0.13426851348953928,3572
file_block5,2,r2_quad,3,0.6518363448688389,0.06507861177792783,0.12524192919001828,3572
file_block5,2,r2_quad,3,0.75,0.06321027728048717,0.12597765502582609,3572
file_block5,2,r2_quad,3,1.0,0.06407591638392622,0.12660871250598418,3572
file_block5,2,r2_quad,3,1.5,0.07476499994448854,0.1381609402226408,3572
file_block5,2,r2_quad,3,1.5341274046343907,0.07539778078593418,0.13913145379133232,3572
file_block5,2,r2_quad,3,2.3535468936502513,0.08879304089653402,0.1622536944568696,3572
file_block5,2,r2_quad,3,3.6106407876409943,0.10384430293342768,0.1855780091442674,3572
file_block5,2,r2_quad,3,5.539182980610754,0.11782774048693069,0.20853453644690964,3572
file_block5,2,r2_quad,3,8.49781240983936,0.12687842264182725,0.2263726200487915,3572
file_block5,2,r2_quad,3,13.03672689737678,0.1341691619024732,0.24182350466637795,3572
file_block5,2,r2_quad,3,20.0,0.13936773804887123,0.25205217072899944,3572
file_block5,2,dt_r2_joint,6,0.05,0.08612774315707541,0.16299578237746748,3572
file_block5,2,dt_r2_joint,6,0.07670637023171953,0.08349463013909324,0.1572574092528504,3572
file_block5,2,dt_r2_joint,6,0.11767734468251262,0.08046701963855461,0.1491013027885309,3572
file_block5,2,dt_r2_joint,6,0.1805320393820497,0.07675496193474546,0.14089321676930286,3572
file_block5,2,dt_r2_joint,6,0.2769591490305376,0.07149265244590643,0.13339627106650292,3572
file_block5,2,dt_r2_joint,6,0.42489062049196813,0.06493268759438002,0.12717712275382895,3572
file_block5,2,dt_r2_joint,6,0.6518363448688389,0.06306160983126788,0.12881823533146436,3572
file_block5,2,dt_r2_joint,6,0.75,0.06300191086154078,0.1280297405683933,3572
file_block5,2,dt_r2_joint,6,1.0,0.06365747917521686,0.12908858681521224,3572
file_block5,2,dt_r2_joint,6,1.5,0.0652544985239451,0.1309989546003482,3572
file_block5,2,dt_r2_joint,6,1.5341274046343907,0.06519059920320201,0.1315794446816016,3572
file_block5,2,dt_r2_joint,6,2.3535468936502513,0.07428501932278046,0.14336495267368649,3572
file_block5,2,dt_r2_joint,6,3.6106407876409943,0.08376606620134289,0.15999872190295586,3572
file_block5,2,dt_r2_joint,6,5.539182980610754,0.09120198763600754,0.17447222238903778,3572
file_block5,2,dt_r2_joint,6,8.49781240983936,0.09775741073629828,0.18693745736345085,3572
file_block5,2,dt_r2_joint,6,13.03672689737678,0.10287045581212943,0.19629243422171,3572
file_block5,2,dt_r2_joint,6,20.0,0.10695173590407421,0.20189355168381912,3572
file_block5,2,dt_then_r2,6,0.05,0.09547141557160613,0.1707480306253604,3572
file_block5,2,dt_then_r2,6,0.07670637023171953,0.0925580790153316,0.1657988381354984,3572
file_block5,2,dt_then_r2,6,0.11767734468251262,0.08812683276223399,0.16023925552415416,3572
file_block5,2,dt_then_r2,6,0.1805320393820497,0.08298889035040904,0.15180170893926032,3572
file_block5,2,dt_then_r2,6,0.2769591490305376,0.07626849650418532,0.14439306231169258,3572
file_block5,2,dt_then_r2,6,0.42489062049196813,0.06987229545713193,0.13466804664167145,3572
file_block5,2,dt_then_r2,6,0.6518363448688389,0.06479118013740989,0.12769913175793754,3572
file_block5,2,dt_then_r2,6,0.75,0.06379778395256518,0.12614294360126807,3572
file_block5,2,dt_then_r2,6,1.0,0.06336531996021795,0.12522686601743058,3572
file_block5,2,dt_then_r2,6,1.5,0.06796000772209657,0.1302947950561952,3572
file_block5,2,dt_then_r2,6,1.5341274046343907,0.06809769037477603,0.13069822557267824,3572
file_block5,2,dt_then_r2,6,2.3535468936502513,0.07569560961900412,0.1421877639536284,3572
file_block5,2,dt_then_r2,6,3.6106407876409943,0.08466504765838068,0.1591542822246821,3572
file_block5,2,dt_then_r2,6,5.539182980610754,0.0926805355165846,0.1737694147798921,3572
file_block5,2,dt_then_r2,6,8.49781240983936,0.09988725583666705,0.18583054314429945,3572
file_block5,2,dt_then_r2,6,13.03672689737678,0.1044066703110729,0.19559111597258466,3572
file_block5,2,dt_then_r2,6,20.0,0.10771634563775377,0.20280627624052117,3572
file_block5,2,r2_then_dt,6,0.05,0.09395238552492732,0.16487445941763504,3572
file_block5,2,r2_then_dt,6,0.07670637023171953,0.09069427055517078,0.15975771533156854,3572
file_block5,2,r2_then_dt,6,0.11767734468251262,0.08632841334218577,0.15104715722435785,3572
file_block5,2,r2_then_dt,6,0.1805320393820497,0.08174426353308614,0.14324471490640484,3572
file_block5,2,r2_then_dt,6,0.2769591490305376,0.07412827463550327,0.1346622528909175,3572
file_block5,2,r2_then_dt,6,0.42489062049196813,0.06771573228935471,0.12743660886688335,3572
file_block5,2,r2_then_dt,6,0.6518363448688389,0.06289808423582666,0.12350895233517752,3572
file_block5,2,r2_then_dt,6,0.75,0.06171644962554445,0.12299535327206133,3572
file_block5,2,r2_then_dt,6,1.0,0.06108825120421879,0.12174316166035754,3572
file_block5,2,r2_then_dt,6,1.5,0.06676174977960278,0.13095242033807356,3572
file_block5,2,r2_then_dt,6,1.5341274046343907,0.06714102666361628,0.1322223331522363,3572
file_block5,2,r2_then_dt,6,2.3535468936502513,0.07977955725343881,0.15268049006709417,3572
file_block5,2,r2_then_dt,6,3.6106407876409943,0.09262699996094766,0.1707227475586253,3572
file_block5,2,r2_then_dt,6,5.539182980610754,0.10338868053709457,0.18722660393947985,3572
file_block5,2,r2_then_dt,6,8.49781240983936,0.11132648280826578,0.20135598177909877,3572
file_block5,2,r2_then_dt,6,13.03672689737678,0.11840889494280274,0.2127196160861703,3572
file_block5,2,r2_then_dt,6,20.0,0.12268261728796585,0.22008012094037555,3572
file_block5,2,xy_quad,6,0.05,0.13186520970529567,0.24324339640986553,3572
file_block5,2,xy_quad,6,0.07670637023171953,0.1262442094995782,0.23349945582519127,3572
file_block5,2,xy_quad,6,0.11767734468251262,0.11834087197412084,0.21926211747908328,3572
file_block5,2,xy_quad,6,0.1805320393820497,0.10878022848601476,0.1998247709045446,3572
file_block5,2,xy_quad,6,0.2769591490305376,0.09627130309485817,0.17810339749267176,3572
file_block5,2,xy_quad,6,0.42489062049196813,0.08400288431668705,0.15396868745464798,3572
file_block5,2,xy_quad,6,0.6518363448688389,0.07293744734842975,0.13556371770956274,3572
file_block5,2,xy_quad,6,0.75,0.07000087359759119,0.13331840669600073,3572
file_block5,2,xy_quad,6,1.0,0.06695860745775972,0.131445916306218,3572
file_block5,2,xy_quad,6,1.5,0.07608396547263813,0.13858383041088926,3572
file_block5,2,xy_quad,6,1.5341274046343907,0.07691427976544053,0.13888557711460028,3572
file_block5,2,xy_quad,6,2.3535468936502513,0.09247440769142468,0.16476656899464912,3572
file_block5,2,xy_quad,6,3.6106407876409943,0.1117423338736392,0.19381866375612325,3572
file_block5,2,xy_quad,6,5.539182980610754,0.12842072491301482,0.21838216570737182,3572
file_block5,2,xy_quad,6,8.49781240983936,0.14159045529029712,0.23993887038115694,3572
file_block5,2,xy_quad,6,13.03672689737678,0.15052844316122993,0.25574653321785606,3572
file_block5,2,xy_quad,6,20.0,0.15726262248798442,0.2662966594684054,3572
file_block5,2,dt_then_xy,9,0.05,0.09726573840216603,0.17617663841769307,3572
file_block5,2,dt_then_xy,9,0.07670637023171953,0.09458913123735056,0.17012780997226584,3572
file_block5,2,dt_then_xy,9,0.11767734468251262,0.09085061080844993,0.16187805427138285,3572
file_block5,2,dt_then_xy,9,0.1805320393820497,0.08461200068823288,0.15551882571461148,3572
file_block5,2,dt_then_xy,9,0.2769591490305376,0.07830716319691708,0.14667082151376334,3572
file_block5,2,dt_then_xy,9,0.42489062049196813,0.07091775804230285,0.14025564739860144,3572
file_block5,2,dt_then_xy,9,0.6518363448688389,0.06608403655414315,0.13120539039664766,3572
file_block5,2,dt_then_xy,9,0.75,0.06546866179198922,0.12941176293335366,3572
file_block5,2,dt_then_xy,9,1.0,0.06558854105477113,0.12747536867962572,3572
file_block5,2,dt_then_xy,9,1.5,0.06889246823813114,0.1293268168561331,3572
file_block5,2,dt_then_xy,9,1.5341274046343907,0.0695481070468788,0.1300042663919246,3572
file_block5,2,dt_then_xy,9,2.3535468936502513,0.07665209857878083,0.14280011220591313,3572
file_block5,2,dt_then_xy,9,3.6106407876409943,0.08556735830924221,0.1606133189443072,3572
file_block5,2,dt_then_xy,9,5.539182980610754,0.09512074190729143,0.17284400451871085,3572
file_block5,2,dt_then_xy,9,8.49781240983936,0.10187614825252247,0.18726878769975908,3572
file_block5,2,dt_then_xy,9,13.03672689737678,0.10706627713028719,0.195641764428984,3572
file_block5,2,dt_then_xy,9,20.0,0.11107258743554,0.203942225652558,3572
file_block5,2,dt_r2_then_xy,12,0.05,0.07184697854601348,0.14705272263915767,3572
file_block5,2,dt_r2_then_xy,12,0.07670637023171953,0.07017381110696881,0.14081893593863654,3572
file_block5,2,dt_r2_then_xy,12,0.11767734468251262,0.06767008628909223,0.1327797434587491,3572
file_block5,2,dt_r2_then_xy,12,0.1805320393820497,0.06491191931595067,0.1253103703808249,3572
file_block5,2,dt_r2_then_xy,12,0.2769591490305376,0.06101067895403733,0.11982109874159695,3572
file_block5,2,dt_r2_then_xy,12,0.42489062049196813,0.058729486394163304,0.11654632271399626,3572
file_block5,2,dt_r2_then_xy,12,0.6518363448688389,0.05862007253214982,0.11532576597124065,3572
file_block5,2,dt_r2_then_xy,12,0.75,0.05847066256313664,0.1163750924870904,3572
file_block5,2,dt_r2_then_xy,12,1.0,0.06039519679027525,0.11973307051286351,3572
file_block5,2,dt_r2_then_xy,12,1.5,0.06491549912508747,0.1293654173617835,3572
file_block5,2,dt_r2_then_xy,12,1.5341274046343907,0.0650595153295452,0.1289367194538762,3572
file_block5,2,dt_r2_then_xy,12,2.3535468936502513,0.07497840910890274,0.1438840653828625,3572
file_block5,2,dt_r2_then_xy,12,3.6106407876409943,0.08457259340453907,0.16065997792157213,3572
file_block5,2,dt_r2_then_xy,12,5.539182980610754,0.09316430550880997,0.17498524986382513,3572
file_block5,2,dt_r2_then_xy,12,8.49781240983936,0.09909783812694997,0.18914140935216328,3572
file_block5,2,dt_r2_then_xy,12,13.03672689737678,0.1046695629572582,0.1995401423701076,3572
file_block5,2,dt_r2_then_xy,12,20.0,0.10882721115083949,0.20662462692298914,3572
file_block5,3,raw,0,0.05,0.17003235168406977,0.3084958157899925,3627
file_block5,3,raw,0,0.07670637023171953,0.16333350722178158,0.29748968389201735,3627
file_block5,3,raw,0,0.11767734468251262,0.1534412571056285,0.2819868320558766,3627
file_block5,3,raw,0,0.1805320393820497,0.1397922478180576,0.25906863181263745,3627
file_block5,3,raw,0,0.2769591490305376,0.12383896119541457,0.2271354177740523,3627
file_block5,3,raw,0,0.42489062049196813,0.10693661856366737,0.19470828750220306,3627
file_block5,3,raw,0,0.6518363448688389,0.09158113239583936,0.1644638156101564,3627
file_block5,3,raw,0,0.75,0.08679982805904161,0.15607235895260585,3627
file_block5,3,raw,0,1.0,0.08052521139916677,0.14790972235985664,3627
file_block5,3,raw,0,1.5,0.08121636183058904,0.1505961447180274,3627
file_block5,3,raw,0,1.5341274046343907,0.08162802181778393,0.15152893015011706,3627
file_block5,3,raw,0,2.3535468936502513,0.09464773277615943,0.16789122388082575,3627
file_block5,3,raw,0,3.6106407876409943,0.11326501446980057,0.19349087693773337,3627
file_block5,3,raw,0,5.539182980610754,0.13027297590408982,0.21669025654201343,3627
file_block5,3,raw,0,8.49781240983936,0.14574682316005258,0.23739961034843818,3627
file_block5,3,raw,0,13.03672689737678,0.15588782264733952,0.2543221873941317,3627
file_block5,3,raw,0,20.0,0.1622685741385009,0.26547186291882324,3627
file_block5,3,dt_quad,3,0.05,0.11790664206308363,0.214030178049302,3627
file_block5,3,dt_quad,3,0.07670637023171953,0.11416997326012951,0.2079932108640893,3627
file_block5,3,dt_quad,3,0.11767734468251262,0.10931970297197106,0.20038576808429764,3627
file_block5,3,dt_quad,3,0.1805320393820497,0.10361619781454334,0.18799065010582117,3627
file_block5,3,dt_quad,3,0.2769591490305376,0.09740212238430984,0.1735275058036315,3627
file_block5,3,dt_quad,3,0.42489062049196813,0.089371090619285,0.1627682050577852,3627
file_block5,3,dt_quad,3,0.6518363448688389,0.08286977257917082,0.15155350502151788,3627
file_block5,3,dt_quad,3,0.75,0.08101649436652897,0.14853529902607865,3627
file_block5,3,dt_quad,3,1.0,0.07817269801728735,0.14332170890531332,3627
file_block5,3,dt_quad,3,1.5,0.0756674406023635,0.14416026714070046,3627
file_block5,3,dt_quad,3,1.5341274046343907,0.07586312403459439,0.14416038010566762,3627
file_block5,3,dt_quad,3,2.3535468936502513,0.08104689536171304,0.1513565764901931,3627
file_block5,3,dt_quad,3,3.6106407876409943,0.08899320932726908,0.16279443973965532,3627
file_block5,3,dt_quad,3,5.539182980610754,0.09626795259348768,0.17680294039758582,3627
file_block5,3,dt_quad,3,8.49781240983936,0.1030728770861627,0.187620845106256,3627
file_block5,3,dt_quad,3,13.03672689737678,0.10927846561270108,0.19667286544788984,3627
file_block5,3,dt_quad,3,20.0,0.11228241511108836,0.20435227824314822,3627
file_block5,3,r2_quad,3,0.05,0.09636235850273706,0.18873882118464488,3627
file_block5,3,r2_quad,3,0.07670637023171953,0.09331712987209145,0.1815073976696298,3627
file_block5,3,r2_quad,3,0.11767734468251262,0.08874799602812226,0.17132843747368587,3627
file_block5,3,r2_quad,3,0.1805320393820497,0.08315818216902489,0.15889699533327573,3627
file_block5,3,r2_quad,3,0.2769591490305376,0.07680889438317422,0.14584291889190049,3627
file_block5,3,r2_quad,3,0.42489062049196813,0.07003782267562696,0.13495277984740733,3627
file_block5,3,r2_quad,3,0.6518363448688389,0.06536556134690984,0.12707267319599036,3627
file_block5,3,r2_quad,3,0.75,0.0638276070128445,0.12569019705038156,3627
file_block5,3,r2_quad,3,1.0,0.06509039320904832,0.1249554487445153,3627
file_block5,3,r2_quad,3,1.5,0.07485322777951398,0.1391172192895939,3627
file_block5,3,r2_quad,3,1.5341274046343907,0.07557196464425478,0.14026998173985147,3627
file_block5,3,r2_quad,3,2.3535468936502513,0.08885195252173529,0.16345491825808278,3627
file_block5,3,r2_quad,3,3.6106407876409943,0.10356976789718364,0.18741442700178762,3627
file_block5,3,r2_quad,3,5.539182980610754,0.11549665675258207,0.2101643086658305,3627
file_block5,3,r2_quad,3,8.49781240983936,0.12550044138607686,0.22808314553803954,3627
file_block5,3,r2_quad,3,13.03672689737678,0.1330265003332944,0.2414854102710873,3627
file_block5,3,r2_quad,3,20.0,0.1381675238159391,0.2521289537550287,3627
file_block5,3,dt_r2_joint,6,0.05,0.08476118497601967,0.16231276820095228,3627
file_block5,3,dt_r2_joint,6,0.07670637023171953,0.08232791427605504,0.15687954937834056,3627
file_block5,3,dt_r2_joint,6,0.11767734468251262,0.07870765161879294,0.14971869781602576,3627
file_block5,3,dt_r2_joint,6,0.1805320393820497,0.07588644456250715,0.14316638353344172,3627
file_block5,3,dt_r2_joint,6,0.2769591490305376,0.07013670184671687,0.1359847036707367,3627
file_block5,3,dt_r2_joint,6,0.42489062049196813,0.06518242757496105,0.1286509582816761,3627
file_block5,3,dt_r2_joint,6,0.6518363448688389,0.06197326214780565,0.12890653116254203,3627
file_block5,3,dt_r2_joint,6,0.75,0.061965422253232635,0.12886154790099577,3627
file_block5,3,dt_r2_joint,6,1.0,0.06382881281510908,0.12712606527905854,3627
file_block5,3,dt_r2_joint,6,1.5,0.06594521917904289,0.13066561489750828,3627
file_block5,3,dt_r2_joint,6,1.5341274046343907,0.06634660691972152,0.13119508763167925,3627
file_block5,3,dt_r2_joint,6,2.3535468936502513,0.07445604797104215,0.14346861623922727,3627
file_block5,3,dt_r2_joint,6,3.6106407876409943,0.0841017678510525,0.15997214049585315,3627
file_block5,3,dt_r2_joint,6,5.539182980610754,0.09291848257689332,0.17676648065471456,3627
file_block5,3,dt_r2_joint,6,8.49781240983936,0.09961878629691999,0.1900219119645586,3627
file_block5,3,dt_r2_joint,6,13.03672689737678,0.10415062618082077,0.19894732735186976,3627
file_block5,3,dt_r2_joint,6,20.0,0.10793850592087857,0.20565746675042892,3627
file_block5,3,dt_then_r2,6,0.05,0.09517212221382863,0.17083752327627946,3627
file_block5,3,dt_then_r2,6,0.07670637023171953,0.09247884297039408,0.16630122390030638,3627
file_block5,3,dt_then_r2,6,0.11767734468251262,0.08870758063420489,0.160310602780531,3627
file_block5,3,dt_then_r2,6,0.1805320393820497,0.08315985066857332,0.15185168235255736,3627
file_block5,3,dt_then_r2,6,0.2769591490305376,0.07652396215590367,0.143621412157287,3627
file_block5,3,dt_then_r2,6,0.42489062049196813,0.07043021021884245,0.13386960883101642,3627
file_block5,3,dt_then_r2,6,0.6518363448688389,0.06506368262210235,0.12741828014970633,3627
file_block5,3,dt_then_r2,6,0.75,0.06423782894548513,0.12447060205083811,3627
file_block5,3,dt_then_r2,6,1.0,0.06449598417960455,0.12344284419341786,3627
file_block5,3,dt_then_r2,6,1.5,0.06824225982675264,0.13054473469564618,3627
file_block5,3,dt_then_r2,6,1.5341274046343907,0.06887018227619278,0.13099799187241393,3627
file_block5,3,dt_then_r2,6,2.3535468936502513,0.0764838210307933,0.1420448786770815,3627
file_block5,3,dt_then_r2,6,3.6106407876409943,0.08585555295332897,0.15935158561299143,3627
file_block5,3,dt_then_r2,6,5.539182980610754,0.09396260772306028,0.1734965147102407,3627
file_block5,3,dt_then_r2,6,8.49781240983936,0.10033661152361802,0.18430131848935946,3627
file_block5,3,dt_then_r2,6,13.03672689737678,0.1058215470071531,0.19347159661164645,3627
file_block5,3,dt_then_r2,6,20.0,0.10924165299254812,0.20088819577886752,3627
file_block5,3,r2_then_dt,6,0.05,0.09236285621157067,0.16512347046267192,3627
file_block5,3,r2_then_dt,6,0.07670637023171953,0.08969551532895284,0.15974314491409788,3627
file_block5,3,r2_then_dt,6,0.11767734468251262,0.08518474110793894,0.15247966140273378,3627
file_block5,3,r2_then_dt,6,0.1805320393820497,0.08030074756399559,0.1426070328123436,3627
file_block5,3,r2_then_dt,6,0.2769591490305376,0.07405716245760802,0.1350361224530207,3627
file_block5,3,r2_then_dt,6,0.42489062049196813,0.06670773731601858,0.12950948619449087,3627
file_block5,3,r2_then_dt,6,0.6518363448688389,0.06329514151152406,0.1253124515489633,3627
file_block5,3,r2_then_dt,6,0.75,0.06232467601639364,0.12343214155128486,3627
file_block5,3,r2_then_dt,6,1.0,0.06258200130247889,0.12061198588856697,3627
file_block5,3,r2_then_dt,6,1.5,0.06820624333118044,0.13178370216797475,3627
file_block5,3,r2_then_dt,6,1.5341274046343907,0.06876804033407849,0.13307310261891692,3627
file_block5,3,r2_then_dt,6,2.3535468936502513,0.08019487377670931,0.1526706794774734,3627
file_block5,3,r2_then_dt,6,3.6106407876409943,0.09180795959698673,0.17100479288821835,3627
file_block5,3,r2_then_dt,6,5.539182980610754,0.10216124905895771,0.18777820411365576,3627
file_block5,3,r2_then_dt,6,8.49781240983936,0.11058778347214268,0.20211248380999025,3627
file_block5,3,r2_then_dt,6,13.03672689737678,0.11649752509314276,0.21359158415884,3627
file_block5,3,r2_then_dt,6,20.0,0.12112764049176539,0.22267263238497603,3627
file_block5,3,xy_quad,6,0.05,0.13462161343628465,0.24581188096714965,3627
file_block5,3,xy_quad,6,0.07670637023171953,0.12922858247022975,0.2347926932991168,3627
file_block5,3,xy_quad,6,0.11767734468251262,0.1219382004396883,0.22166060909804416,3627
file_block5,3,xy_quad,6,0.1805320393820497,0.11128883517763768,0.20342615912493658,3627
file_block5,3,xy_quad,6,0.2769591490305376,0.09708741696017802,0.1795141787702666,3627
file_block5,3,xy_quad,6,0.42489062049196813,0.0840096507595907,0.1548522033542565,3627
file_block5,3,xy_quad,6,0.6518363448688389,0.07323450951694908,0.13674609151759826,3627
file_block5,3,xy_quad,6,0.75,0.07020018331141704,0.1327535474562021,3627
file_block5,3,xy_quad,6,1.0,0.06788659219540678,0.13115235769453717,3627
file_block5,3,xy_quad,6,1.5,0.07647541838120347,0.13937112833834753,3627
file_block5,3,xy_quad,6,1.5341274046343907,0.0769574011537206,0.1405352618732648,3627
file_block5,3,xy_quad,6,2.3535468936502513,0.09286293864979389,0.16465334092051867,3627
file_block5,3,xy_quad,6,3.6106407876409943,0.11252503619392042,0.19398145007587125,3627
file_block5,3,xy_quad,6,5.539182980610754,0.13109945493387684,0.21865007366036773,3627
file_block5,3,xy_quad,6,8.49781240983936,0.1444619467659971,0.24011494149826848,3627
file_block5,3,xy_quad,6,13.03672689737678,0.15417920409465902,0.2556098513626914,3627
file_block5,3,xy_quad,6,20.0,0.16182854846047884,0.26668219761943185,3627
file_block5,3,dt_then_xy,9,0.05,0.09808324280683013,0.17795573804681633,3627
file_block5,3,dt_then_xy,9,0.07670637023171953,0.09515560156856667,0.17170960614343686,3627
file_block5,3,dt_then_xy,9,0.11767734468251262,0.09064630479554922,0.16302405086116453,3627
file_block5,3,dt_then_xy,9,0.1805320393820497,0.0847036436695617,0.15679255019183735,3627
file_block5,3,dt_then_xy,9,0.2769591490305376,0.07810757256697613,0.14591013966046876,3627
file_block5,3,dt_then_xy,9,0.42489062049196813,0.07140088573504765,0.14141607743732923,3627
file_block5,3,dt_then_xy,9,0.6518363448688389,0.06667717903909777,0.13236425969897192,3627
file_block5,3,dt_then_xy,9,0.75,0.06596046407021021,0.13104939560334408,3627
file_block5,3,dt_then_xy,9,1.0,0.06589762663038948,0.1287715983281521,3627
file_block5,3,dt_then_xy,9,1.5,0.07042189352576796,0.1314314529159895,3627
file_block5,3,dt_then_xy,9,1.5341274046343907,0.07052604246161337,0.1322578089174642,3627
file_block5,3,dt_then_xy,9,2.3535468936502513,0.07780142156635791,0.14397585452356615,3627
file_block5,3,dt_then_xy,9,3.6106407876409943,0.08771601618063336,0.1601399771606203,3627
file_block5,3,dt_then_xy,9,5.539182980610754,0.09668956621402676,0.17251257149698243,3627
file_block5,3,dt_then_xy,9,8.49781240983936,0.10339266034550941,0.18675591685695944,3627
file_block5,3,dt_then_xy,9,13.03672689737678,0.108471709636091,0.1962033977477215,3627
file_block5,3,dt_then_xy,9,20.0,0.11240128196103662,0.20282140963834533,3627
file_block5,3,dt_r2_then_xy,12,0.05,0.07098464260220887,0.14843314648752928,3627
file_block5,3,dt_r2_then_xy,12,0.07670637023171953,0.06900899857952009,0.14325560804064474,3627
file_block5,3,dt_r2_then_xy,12,0.11767734468251262,0.06641146644496043,0.1365281022336559,3627
file_block5,3,dt_r2_then_xy,12,0.1805320393820497,0.0636297471412271,0.12894242650173665,3627
file_block5,3,dt_r2_then_xy,12,0.2769591490305376,0.06106602187667236,0.12045017793574578,3627
file_block5,3,dt_r2_then_xy,12,0.42489062049196813,0.05905781243392146,0.1173782503382244,3627
file_block5,3,dt_r2_then_xy,12,0.6518363448688389,0.059469803938305074,0.11809973527761093,3627
file_block5,3,dt_r2_then_xy,12,0.75,0.05940609061228709,0.1189990366241371,3627
file_block5,3,dt_r2_then_xy,12,1.0,0.06151650029359182,0.12324497420415932,3627
file_block5,3,dt_r2_then_xy,12,1.5,0.06671380461453477,0.12866044459352396,3627
file_block5,3,dt_r2_then_xy,12,1.5341274046343907,0.06701348564395937,0.12935105989102497,3627
file_block5,3,dt_r2_then_xy,12,2.3535468936502513,0.07617728012811269,0.14377303503847197,3627
file_block5,3,dt_r2_then_xy,12,3.6106407876409943,0.0860352559124363,0.1609797084533334,3627
file_block5,3,dt_r2_then_xy,12,5.539182980610754,0.09450577021608428,0.17704307280701576,3627
file_block5,3,dt_r2_then_xy,12,8.49781240983936,0.10106562075111877,0.1906855122906398,3627
file_block5,3,dt_r2_then_xy,12,13.03672689737678,0.10609400439217512,0.19854096682587413,3627
file_block5,3,dt_r2_then_xy,12,20.0,0.10915611702908168,0.20526899480793492,3627
file_block5,4,raw,0,0.05,0.17211973276358736,0.3087484063184726,3609
file_block5,4,raw,0,0.07670637023171953,0.16508509296694537,0.2971170645138013,3609
file_block5,4,raw,0,0.11767734468251262,0.15394327766396873,0.2810384357819876,3609
file_block5,4,raw,0,0.1805320393820497,0.14017613964568518,0.25822369398728073,3609
file_block5,4,raw,0,0.2769591490305376,0.12380716007863603,0.22623833059964124,3609
file_block5,4,raw,0,0.42489062049196813,0.10606403976451659,0.194128003244938,3609
file_block5,4,raw,0,0.6518363448688389,0.09152934275304349,0.1654691740374926,3609
file_block5,4,raw,0,0.75,0.08686122539677484,0.15571716162992458,3609
file_block5,4,raw,0,1.0,0.08073915863406786,0.14709529654742148,3609
file_block5,4,raw,0,1.5,0.0793283101721105,0.15007839227312494,3609
file_block5,4,raw,0,1.5341274046343907,0.07959828291006327,0.1507622750106069,3609
file_block5,4,raw,0,2.3535468936502513,0.09221783860150716,0.1670085361717288,3609
file_block5,4,raw,0,3.6106407876409943,0.1119659920989244,0.19308960737442774,3609
file_block5,4,raw,0,5.539182980610754,0.1293381896569697,0.21854438353686448,3609
file_block5,4,raw,0,8.49781240983936,0.14435673177854033,0.23900804993759564,3609
file_block5,4,raw,0,13.03672689737678,0.15414191366602095,0.25521476748877947,3609
file_block5,4,raw,0,20.0,0.1605416342278652,0.2662263130254139,3609
file_block5,4,dt_quad,3,0.05,0.1160844494297089,0.21426729452149462,3609
file_block5,4,dt_quad,3,0.07670637023171953,0.11290453053372418,0.20859049763897689,3609
file_block5,4,dt_quad,3,0.11767734468251262,0.10786810342130705,0.20076356357083003,3609
file_block5,4,dt_quad,3,0.1805320393820497,0.10300954257412781,0.18859726100698812,3609
file_block5,4,dt_quad,3,0.2769591490305376,0.0969726050728448,0.17629348532523903,3609
file_block5,4,dt_quad,3,0.42489062049196813,0.0882946359530262,0.16409626629930324,3609
file_block5,4,dt_quad,3,0.6518363448688389,0.08244772502820097,0.1513539153338329,3609
file_block5,4,dt_quad,3,0.75,0.07959067519589276,0.14826110612876284,3609
file_block5,4,dt_quad,3,1.0,0.0775431314449194,0.14240428320375212,3609
file_block5,4,dt_quad,3,1.5,0.07560654995504396,0.142247512052454,3609
file_block5,4,dt_quad,3,1.5341274046343907,0.07564635500457714,0.14280775888342775,3609
file_block5,4,dt_quad,3,2.3535468936502513,0.08043786824071193,0.15017187272748186,3609
file_block5,4,dt_quad,3,3.6106407876409943,0.089093552297193,0.1613306960542693,3609
file_block5,4,dt_quad,3,5.539182980610754,0.0963899152412148,0.17698098245022717,3609
file_block5,4,dt_quad,3,8.49781240983936,0.10234547332104199,0.18656371953268638,3609
file_block5,4,dt_quad,3,13.03672689737678,0.10814788439364341,0.19574470632200638,3609
file_block5,4,dt_quad,3,20.0,0.11154480929142822,0.203268217457886,3609
file_block5,4,r2_quad,3,0.05,0.0967969588880732,0.1892983296733774,3609
file_block5,4,r2_quad,3,0.07670637023171953,0.09261627805799903,0.18226933434235335,3609
file_block5,4,r2_quad,3,0.11767734468251262,0.08826877773209495,0.17359855150986644,3609
file_block5,4,r2_quad,3,0.1805320393820497,0.08301325170570571,0.16023276450087903,3609
file_block5,4,r2_quad,3,0.2769591490305376,0.07605213953258423,0.14488323325721061,3609
file_block5,4,r2_quad,3,0.42489062049196813,0.06981778956049543,0.13377627984193802,3609
file_block5,4,r2_quad,3,0.6518363448688389,0.06414884641563563,0.12444828928840374,3609
file_block5,4,r2_quad,3,0.75,0.0631567416204168,0.12365337990027057,3609
file_block5,4,r2_quad,3,1.0,0.06354043021928109,0.12475470812203018,3609
file_block5,4,r2_quad,3,1.5,0.07366003081574884,0.13760745744352923,3609
file_block5,4,r2_quad,3,1.5341274046343907,0.07427058797085577,0.13843463643685935,3609
file_block5,4,r2_quad,3,2.3535468936502513,0.08684831925647488,0.16261491633460923,3609
file_block5,4,r2_quad,3,3.6106407876409943,0.10209134785291687,0.1859840172901995,3609
file_block5,4,r2_quad,3,5.539182980610754,0.11520430270817059,0.20759095386633597,3609
file_block5,4,r2_quad,3,8.49781240983936,0.12456690395885331,0.22470368917849756,3609
file_block5,4,r2_quad,3,13.03672689737678,0.13229275410575228,0.23947097233640702,3609
file_block5,4,r2_quad,3,20.0,0.1371378603966373,0.24974513849899066,3609
file_block5,4,dt_r2_joint,6,0.05,0.08545116626469014,0.15847055284006786,3609
file_block5,4,dt_r2_joint,6,0.07670637023171953,0.08266123767609147,0.1529354668674708,3609
file_block5,4,dt_r2_joint,6,0.11767734468251262,0.0784027073308737,0.14732795908492174,3609
file_block5,4,dt_r2_joint,6,0.1805320393820497,0.07450857068452632,0.13963125818290306,3609
file_block5,4,dt_r2_joint,6,0.2769591490305376,0.06952669231840358,0.13226887774142687,3609
file_block5,4,dt_r2_joint,6,0.42489062049196813,0.06430451019127317,0.12595545031358066,3609
file_block5,4,dt_r2_joint,6,0.6518363448688389,0.06207252255246818,0.1249502548553217,3609
file_block5,4,dt_r2_joint,6,0.75,0.06183817815177953,0.12478263685442222,3609
file_block5,4,dt_r2_joint,6,1.0,0.06207720710447747,0.12375140817406775,3609
file_block5,4,dt_r2_joint,6,1.5,0.06443762637000898,0.12904021704166338,3609
file_block5,4,dt_r2_joint,6,1.5341274046343907,0.06498816074056195,0.12983582099147353,3609
file_block5,4,dt_r2_joint,6,2.3535468936502513,0.07429824399558696,0.14177241283404216,3609
file_block5,4,dt_r2_joint,6,3.6106407876409943,0.08396338855403514,0.16012668829800494,3609
file_block5,4,dt_r2_joint,6,5.539182980610754,0.09216950702938444,0.1747648271984663,3609
file_block5,4,dt_r2_joint,6,8.49781240983936,0.099077397808683,0.18753964276999133,3609
file_block5,4,dt_r2_joint,6,13.03672689737678,0.10419228167324832,0.19573253599360657,3609
file_block5,4,dt_r2_joint,6,20.0,0.10797933504196879,0.20228924945378568,3609
file_block5,4,dt_then_r2,6,0.05,0.0941608037554206,0.16839494391157336,3609
file_block5,4,dt_then_r2,6,0.07670637023171953,0.09108932060892208,0.16314763408026237,3609
file_block5,4,dt_then_r2,6,0.11767734468251262,0.0868674909700075,0.15841344869931293,3609
file_block5,4,dt_then_r2,6,0.1805320393820497,0.08137116943963549,0.15059779534560452,3609
file_block5,4,dt_then_r2,6,0.2769591490305376,0.07536743473946117,0.1418718655671628,3609
file_block5,4,dt_then_r2,6,0.42489062049196813,0.06948853708793387,0.13178257294777748,3609
file_block5,4,dt_then_r2,6,0.6518363448688389,0.06376730609635929,0.12293777741483072,3609
file_block5,4,dt_then_r2,6,0.75,0.06295912591378765,0.122264224554136,3609
file_block5,4,dt_then_r2,6,1.0,0.0628214634633687,0.1222310020984266,3609
file_block5,4,dt_then_r2,6,1.5,0.06778353049705571,0.13000723388759466,3609
file_block5,4,dt_then_r2,6,1.5341274046343907,0.06792191085274049,0.13041672531280463,3609
file_block5,4,dt_then_r2,6,2.3535468936502513,0.07657886176825972,0.14230181122493002,3609
file_block5,4,dt_then_r2,6,3.6106407876409943,0.08549294504879269,0.1577466537857567,3609
file_block5,4,dt_then_r2,6,5.539182980610754,0.093252611837319,0.17352172530461119,3609
file_block5,4,dt_then_r2,6,8.49781240983936,0.1003542934172609,0.18420349988101706,3609
file_block5,4,dt_then_r2,6,13.03672689737678,0.1047496616321936,0.19328789571557617,3609
file_block5,4,dt_then_r2,6,20.0,0.10806435393771682,0.19961184976093374,3609
file_block5,4,r2_then_dt,6,0.05,0.0919993108344868,0.1615051884570268,3609
file_block5,4,r2_then_dt,6,0.07670637023171953,0.0892393966461756,0.15647689315153904,3609
file_block5,4,r2_then_dt,6,0.11767734468251262,0.08464162540669945,0.14983406312490694,3609
file_block5,4,r2_then_dt,6,0.1805320393820497,0.07951943773740108,0.1402357390019326,3609
file_block5,4,r2_then_dt,6,0.2769591490305376,0.07266333100340397,0.13317582236423137,3609
file_block5,4,r2_then_dt,6,0.42489062049196813,0.06624856798238657,0.12737904325297503,3609
file_block5,4,r2_then_dt,6,0.6518363448688389,0.06236805542603606,0.12227959290639853,3609
file_block5,4,r2_then_dt,6,0.75,0.06154224603710023,0.121079451671451,3609
file_block5,4,r2_then_dt,6,1.0,0.06084632826650456,0.12070935213316038,3609
file_block5,4,r2_then_dt,6,1.5,0.06797779893750205,0.13116519111656308,3609
file_block5,4,r2_then_dt,6,1.5341274046343907,0.06871970627917164,0.13167744341500734,3609
file_block5,4,r2_then_dt,6,2.3535468936502513,0.08012645257622775,0.1535260409086958,3609
file_block5,4,r2_then_dt,6,3.6106407876409943,0.09200197198894994,0.17007209785440244,3609
file_block5,4,r2_then_dt,6,5.539182980610754,0.10246602657568454,0.18606182395256834,3609
file_block5,4,r2_then_dt,6,8.49781240983936,0.11075031051122428,0.20010628642581418,3609
file_block5,4,r2_then_dt,6,13.03672689737678,0.1163243871916841,0.21198000027652955,3609
file_block5,4,r2_then_dt,6,20.0,0.12021295069441391,0.21988146608883818,3609
file_block5,4,xy_quad,6,0.05,0.13377811273598508,0.24632486424859684,3609
file_block5,4,xy_quad,6,0.07670637023171953,0.12867522180124374,0.23594153595860792,3609
file_block5,4,xy_quad,6,0.11767734468251262,0.12153291706029413,0.22276747196807808,3609
file_block5,4,xy_quad,6,0.1805320393820497,0.10973236398645608,0.20453309161735406,3609
file_block5,4,xy_quad,6,0.2769591490305376,0.09631926246639694,0.1807063537829534,3609
file_block5,4,xy_quad,6,0.42489062049196813,0.08257296701903766,0.15517939000409114,3609
file_block5,4,xy_quad,6,0.6518363448688389,0.07197626096032254,0.13549723493889262,3609
file_block5,4,xy_quad,6,0.75,0.07002009802276546,0.13412579702052518,3609
file_block5,4,xy_quad,6,1.0,0.06611586769964024,0.13002024509589835,3609
file_block5,4,xy_quad,6,1.5,0.07450908843685448,0.13577335507156196,3609
file_block5,4,xy_quad,6,1.5341274046343907,0.07485218209505794,0.13638532882247256,3609
file_block5,4,xy_quad,6,2.3535468936502513,0.09199467571354239,0.16401917361092147,3609
file_block5,4,xy_quad,6,3.6106407876409943,0.11313555671821879,0.19254601772305668,3609
file_block5,4,xy_quad,6,5.539182980610754,0.129501654762095,0.21883516643167822,3609
file_block5,4,xy_quad,6,8.49781240983936,0.14374496260434758,0.23877024665187394,3609
file_block5,4,xy_quad,6,13.03672689737678,0.1531085330282492,0.25315980505363644,3609
file_block5,4,xy_quad,6,20.0,0.16062222826125191,0.26352640705197095,3609
file_block5,4,dt_then_xy,9,0.05,0.09521625956298939,0.17479190617102705,3609
file_block5,4,dt_then_xy,9,0.07670637023171953,0.09248884837119266,0.16980727837447984,3609
file_block5,4,dt_then_xy,9,0.11767734468251262,0.08908514939571767,0.16289972732745403,3609
file_block5,4,dt_then_xy,9,0.1805320393820497,0.083568319699247,0.153578198821258,3609
file_block5,4,dt_then_xy,9,0.2769591490305376,0.07651982083677156,0.1449189470999619,3609
file_block5,4,dt_then_xy,9,0.42489062049196813,0.06998816659995256,0.13723421741928113,3609
file_block5,4,dt_then_xy,9,0.6518363448688389,0.06535900508216202,0.13042489987558012,3609
file_block5,4,dt_then_xy,9,0.75,0.06455711488773919,0.12892831262318108,3609
file_block5,4,dt_then_xy,9,1.0,0.06541565579618436,0.12669892436780947,3609
file_block5,4,dt_then_xy,9,1.5,0.0695717861566031,0.13017243977624743,3609
file_block5,4,dt_then_xy,9,1.5341274046343907,0.06975685169849327,0.12995302498863345,3609
file_block5,4,dt_then_xy,9,2.3535468936502513,0.07750261733184562,0.1424460850542112,3609
file_block5,4,dt_then_xy,9,3.6106407876409943,0.08693338738455131,0.15830634359804865,3609
file_block5,4,dt_then_xy,9,5.539182980610754,0.09563040907299557,0.1728323943372397,3609
file_block5,4,dt_then_xy,9,8.49781240983936,0.10312990756345893,0.1869999366618281,3609
file_block5,4,dt_then_xy,9,13.03672689737678,0.10825114798817924,0.19589455329057728,3609
file_block5,4,dt_then_xy,9,20.0,0.11177198512188428,0.20243567986683256,3609
file_block5,4,dt_r2_then_xy,12,0.05,0.07249491968640001,0.14703901494337868,3609
file_block5,4,dt_r2_then_xy,12,0.07670637023171953,0.07077492342218533,0.1409226657816968,3609
file_block5,4,dt_r2_then_xy,12,0.11767734468251262,0.06775014515234143,0.13281447882771752,3609
file_block5,4,dt_r2_then_xy,12,0.1805320393820497,0.06362710965185572,0.12727749268552263,3609
file_block5,4,dt_r2_then_xy,12,0.2769591490305376,0.06028775454868475,0.12114055744663588,3609
file_block5,4,dt_r2_then_xy,12,0.42489062049196813,0.05946402991913866,0.11717168623986714,3609
file_block5,4,dt_r2_then_xy,12,0.6518363448688389,0.05909401703832498,0.11686794301569091,3609
file_block5,4,dt_r2_then_xy,12,0.75,0.059588349604181426,0.11572623578761547,3609
file_block5,4,dt_r2_then_xy,12,1.0,0.06128543322015198,0.12075919498104644,3609
file_block5,4,dt_r2_then_xy,12,1.5,0.06577709959560331,0.12704214566893055,3609
file_block5,4,dt_r2_then_xy,12,1.5341274046343907,0.06605681203491763,0.1278892785137687,3609
file_block5,4,dt_r2_then_xy,12,2.3535468936502513,0.07531374539256597,0.14099424938345095,3609
file_block5,4,dt_r2_then_xy,12,3.6106407876409943,0.08554378862436682,0.16027634126455426,3609
file_block5,4,dt_r2_then_xy,12,5.539182980610754,0.09377978164683243,0.17423073099126796,3609
file_block5,4,dt_r2_then_xy,12,8.49781240983936,0.10077421606754977,0.18827747577125625,3609
file_block5,4,dt_r2_then_xy,12,13.03672689737678,0.10531837038154883,0.1957487797472156,3609
file_block5,4,dt_r2_then_xy,12,20.0,0.10896762389875578,0.2028289600074387,3609
