scheme,replicate,raw_r68,winner_r68,delta_r68,ratio_r68,raw_r90,winner_r90,delta_r90,ratio_r90
file_block5,0,0.08095306545676709,0.05994999419502554,-0.02100307126174155,0.7405524899738575,0.14896413363229197,0.11637042621843255,-0.03259370741385942,0.7811976170430742
file_block5,1,0.08091921948932446,0.060304461598169254,-0.020614757891155203,0.7452427492349345,0.15139751336304536,0.12277587093566579,-0.028621642427379565,0.8109503796225108
file_block5,2,0.07897429071995725,0.05829509017244558,-0.02067920054751167,0.7381527537760346,0.145605080480832,0.11618427494064539,-0.029420805540186626,0.7979410784085952
file_block5,3,0.08322023867948537,0.05974636540043295,-0.02347387327905242,0.7179307143126595,0.1490271729089055,0.11947861333954442,-0.029548559569361074,0.80172367902716
file_block5,4,0.08094317564472014,0.058683798471236975,-0.02225937717348317,0.7249999521740395,0.15322094555237362,0.1178561642760457,-0.03536478127632792,0.7691909474332306
file_block5,5,0.08203237046699553,0.06011622852836228,-0.021916141938633255,0.7328354427176906,0.14929080324080676,0.12387250236571537,-0.025418300875091393,0.8297396736884619
file_block5,6,0.08230491713176898,0.05915473859612655,-0.023150178535642427,0.7187266649138432,0.1502956121740627,0.11593082372923673,-0.034364788444825975,0.7713520178817537
file_block5,7,0.08003356035828979,0.058817754625466574,-0.021215805732823216,0.7349136332577799,0.14916463147911804,0.11785201295272194,-0.03131261852639611,0.7900801402054907
file_block5,8,0.07978984381723349,0.059794340970872134,-0.019995502846361354,0.7493978946473059,0.14787653868048514,0.11759535078832115,-0.030281187892163997,0.7952265574893381
file_block5,9,0.0778633393107107,0.05703888123938067,-0.02082445807133003,0.7325511819082043,0.1460390119679381,0.1210250319693402,-0.02501397999859789,0.8287171375543848
file_block5,10,0.08311845709322221,0.05898934924183666,-0.024129107851385556,0.7097021685048442,0.15185377936804267,0.11835999834948956,-0.03349378101855312,0.7794339979028416
file_block5,11,0.07839166531155572,0.060467875550988384,-0.01792378976056734,0.7713559255396353,0.1481513140949885,0.12146218429352558,-0.026689129801462916,0.8198522236235384
file_block5,12,0.07890782559485307,0.058627300727337246,-0.020280524867515824,0.7429846188938874,0.14860005790523761,0.11755013316105811,-0.031049924744179502,0.7910503859697009
file_block5,13,0.08291818471976928,0.05888800110725896,-0.024030183612510317,0.7101940461706578,0.15092867320449393,0.12070191168636303,-0.030226761518130904,0.7997281704240748
file_block5,14,0.08077889175890586,0.0597658170090732,-0.02101307474983266,0.7398692369716007,0.1495868561047079,0.11900107011851382,-0.030585785986194075,0.7955315942679843
file_block5,15,0.07878803921364363,0.059220561814197395,-0.01956747739944624,0.7516440617796494,0.14568259313979795,0.11332017800897694,-0.03236241513082101,0.7778566784587241
file_block5,16,0.07903596545865915,0.05822242151486901,-0.02081354394379014,0.7366573075560524,0.1485757075544983,0.12011624043314123,-0.02845946712135708,0.8084514111371941
file_block5,17,0.0818842374369438,0.06061214541509836,-0.02127209202184544,0.740217498658074,0.14928474288361232,0.12079629803350855,-0.028488444850103767,0.8091670702590528
file_block5,18,0.08233728736865314,0.0588007490710545,-0.023536538297598643,0.7141448419084145,0.1546288369802132,0.12101859537456518,-0.03361024160564803,0.7826392394715553
file_block5,19,0.08144365781674696,0.05962713703009805,-0.02181652078664891,0.732127444033305,0.15188600935951993,0.1217234888101368,-0.030162520549383134,0.8014134371126487
file_block5,20,0.0836424084564343,0.05946012364334601,-0.024182284813088283,0.7108848817321683,0.15139086254812012,0.12189989984855566,-0.029490962699564457,0.8051998502208768
file_block5,21,0.07881289453848013,0.057918935707097774,-0.020893958831382356,0.7348916195283127,0.14535849821614583,0.11715670610396667,-0.028201792112179158,0.8059845660331223
file_block5,22,0.08006635988533795,0.05925198979327625,-0.020814370092061697,0.7400360136033447,0.14869393073947504,0.12162768172484845,-0.027066249014626592,0.8179734110193841
file_block5,23,0.08172029780195239,0.06028261166056164,-0.02143768614139075,0.7376699948726988,0.15012313603451832,0.12239148998552173,-0.027731646048996597,0.8152740025187046
file_block5,24,0.07826823342801124,0.0600485581111935,-0.018219675316817743,0.7672149412497518,0.14941625422967286,0.12246668087792628,-0.02694957335174658,0.8196342594004433
file_block5,25,0.08202209258336697,0.06003414559088935,-0.021987946992477622,0.731926529792822,0.15298599416327796,0.12476292525355358,-0.028223068909724383,0.8155186096342738
file_block5,26,0.08121122099536128,0.06024145365277857,-0.020969767342582712,0.7417873160190451,0.15363450125042702,0.12133553033053637,-0.032298970919890646,0.7897674633170921
file_block5,27,0.08351490815101126,0.06010797249968072,-0.023406935651330535,0.719727457413876,0.15146180442316523,0.12116460206816752,-0.030297202354997707,0.799968035041025
file_block5,28,0.08022738443207189,0.05908625966821351,-0.021141124763858384,0.7364849307562997,0.1512631037514168,0.11996814999663069,-0.03129495375478611,0.7931091391181838
file_block5,29,0.07944773020127145,0.05868920768815292,-0.020758522513118535,0.738714718966429,0.14939943611527776,0.11638029348191203,-0.03301914263336572,0.7789875016135409
file_block5,30,0.08033517549210438,0.05901773216499979,-0.021317443327104592,0.7346437199331226,0.1483793141123594,0.11502088667424432,-0.033358427438115096,0.7751814150262576
file_block5,31,0.08405848527955168,0.05956194012690833,-0.024496545152643344,0.7085773664469963,0.1528322511453266,0.120937750678132,-0.03189450046719458,0.7913104058326902
file_block5,32,0.08216548216350832,0.05897492620902005,-0.023190555954488268,0.7177579277349174,0.15658000841524702,0.1192065869053311,-0.03737342150991592,0.7613142195598664
file_block5,33,0.08048674405668366,0.05817120595486748,-0.022315538101816176,0.7227426905715031,0.1481370829374685,0.11695709714586376,-0.031179985791604733,0.7895193750725711
file_block5,34,0.0823684649815027,0.058972123907400635,-0.023396341074102066,0.7159551160828829,0.15215317726808508,0.11714249619572514,-0.03501068107235994,0.7698984556157302
file_block5,35,0.08286703489369315,0.06025638004280585,-0.022610654850887306,0.7271453614830841,0.1510829674815795,0.12002246171841438,-0.03106050576316513,0.794414246152849
file_block5,36,0.08379352387238674,0.060078811756717136,-0.023714712115669605,0.7169863371328564,0.1495915400664897,0.11885304705276324,-0.030738493013726456,0.7945171698876556
file_block5,37,0.0826987455607181,0.058577298985312706,-0.024121446575405395,0.7083214937317854,0.1510636160387248,0.11968508661439206,-0.03137852942433275,0.7922826803226467
file_block5,38,0.08259995588434439,0.06089193814809715,-0.02170801773624724,0.7371909282053057,0.15349509029673994,0.11976504736626667,-0.03373004293047327,0.7802532780347199
file_block5,39,0.08026265938648564,0.05549931910167553,-0.024763340284810108,0.6914712211868266,0.14940121963657188,0.1138525577613308,-0.03554866187524108,0.7620590918754512
file_block5,40,0.08225256357757547,0.05938763333204382,-0.022864930245531656,0.7220155913564094,0.14884580192896918,0.11922532855861165,-0.02962047337035753,0.8009989332148397
file_block5,41,0.07934171474086917,0.058666815425420286,-0.02067489931544888,0.739419555236822,0.15186450438665092,0.122265563937169,-0.029598940449481914,0.8050963879345877
file_block5,42,0.08237089005831322,0.05987239239248609,-0.02249849766582713,0.7268634872113235,0.1504285002862441,0.12135999116483946,-0.029068509121404643,0.8067619562377383
file_block5,43,0.08046461301693673,0.05746648950519524,-0.02299812351174149,0.7141833826144085,0.1476419383670735,0.11748012027791783,-0.030161818089155676,0.7957096850478479
file_block5,44,0.08062292758060269,0.05838985860357062,-0.022233068977032068,0.7242339165269758,0.14993413856432075,0.11644186799891784,-0.03349227056540291,0.7766201154313169
file_block5,45,0.08138808900033798,0.05854665913278544,-0.022841429867552533,0.7193516871067254,0.14987625414195016,0.11609697229229453,-0.03377928184965563,0.7746188544473314
file_block5,46,0.07941930471904222,0.060493603109431804,-0.01892570160961042,0.761698976381587,0.14945137978706624,0.11818683808113971,-0.03126454170592653,0.7908045964482141
file_block5,47,0.08302716182067355,0.06123171427463926,-0.021795447546034283,0.7374901530042753,0.1511967834128695,0.1185500600731352,-0.032646723339734285,0.7840779241276142
file_block5,48,0.08477622834421372,0.06183709980034361,-0.022939128543870112,0.7294155567910944,0.1552746695642885,0.1244274751273131,-0.03084719443697541,0.8013378838703391
file_block5,49,0.07962648402982818,0.057076989719696686,-0.022549494310131493,0.7168091171564925,0.14967977851098554,0.11584745573675653,-0.03383232277422901,0.7739686475301275
file_block5,50,0.08027217452325058,0.05974555923072083,-0.020526615292529755,0.7442872899053671,0.15091718995054829,0.12048601379147679,-0.030431176159071496,0.7983584496302706
file_block5,51,0.08213966075670162,0.06005502300905272,-0.0220846377476489,0.7311330781720199,0.15114793610780428,0.12110322027228775,-0.03004471583551653,0.8012231155171875
file_block5,52,0.08060130826349718,0.058516821911047755,-0.022084486352449424,0.7260033760214898,0.14655173109193476,0.11752377556801201,-0.029027955523922747,0.801926901117852
file_block5,53,0.08058220849615845,0.0592138694613396,-0.02136833903481885,0.7348255969450437,0.1510236326469471,0.11746788069568401,-0.03355575195126309,0.7778112513707873
file_block5,54,0.0839329779925389,0.059910941078136166,-0.024022036914402738,0.7137950125332364,0.15219904024396044,0.12130072462161684,-0.030898315622343603,0.7969874476684178
file_block5,55,0.08090871191288761,0.06050619060861547,-0.020402521304272135,0.7478328251444786,0.150707658473116,0.12411279601277123,-0.026594862460344787,0.8235334373197172
file_block5,56,0.081844235625648,0.05982504066205676,-0.022019194963591247,0.730962177173893,0.15178846025479822,0.12095216014772181,-0.030836300107076414,0.79684687455612
file_block5,57,0.07881359550143419,0.05992184676844239,-0.0188917487329918,0.7602983519176203,0.14665195601191977,0.11441812088139776,-0.03223383513052201,0.7802018056417735
file_block5,58,0.08244427325748782,0.06013215295503905,-0.022312120302448772,0.7293672511034922,0.15071075941621284,0.11841279216569499,-0.03229796725051785,0.7856956770994589
file_block5,59,0.08121019592544626,0.060328546588726197,-0.020881649336720064,0.742869117618062,0.1512532668438408,0.12278551277385598,-0.02846775406998482,0.811787509360866
file_block5,60,0.08208925469243654,0.06003587516816459,-0.02205337952427195,0.731348766572443,0.14903605556634578,0.11956896974176236,-0.02946708582458342,0.8022821678109585
file_block5,61,0.08134725967697946,0.05792524403873012,-0.023422015638249347,0.7120736982259088,0.14592232567864952,0.11101426845121871,-0.0349080572274308,0.7607764468865073
file_block5,62,0.08053002906579039,0.05982639203208218,-0.020703637033708207,0.7429078658745545,0.14709065249910347,0.11977478237752748,-0.02731587012157599,0.814292277194552
file_block5,63,0.07997938047181227,0.05772023661592577,-0.022259143855886503,0.7216889687745024,0.1544101777984462,0.12049627504582873,-0.03391390275261748,0.78036484876738
file_block5,64,0.08157083831927486,0.059321539959801634,-0.02224929835947323,0.7272395525422005,0.15279602294844796,0.1162065594531412,-0.03658946349530676,0.7605339275901721
file_block5,65,0.08074079929304141,0.06061829367586518,-0.020122505617176233,0.7507764873104188,0.15026232360298505,0.11943439166175851,-0.030827931941226544,0.7948392437835686
file_block5,66,0.08167365584945334,0.05985718588137473,-0.02181646996807861,0.7328824118233146,0.1502509160326075,0.11659954178871659,-0.03365137424389092,0.7760321525321824
file_block5,67,0.08023668630748822,0.05747085059648523,-0.022765835711002984,0.716266501538233,0.14993849896851172,0.11563940856203392,-0.0342990904064778,0.7712456064157286
file_block5,68,0.08089773983367723,0.058167804640737814,-0.02272993519293942,0.7190287980891514,0.1509254949367176,0.11968070591114979,-0.03124478902556782,0.7929787208008254
file_block5,69,0.08083614674824632,0.058274171478436075,-0.02256197526981025,0.7208924945411291,0.15015850168810568,0.12073957757989554,-0.029418924108210148,0.8040808627052218
file_block5,70,0.08009734120524076,0.059399517995212085,-0.020697823210028672,0.7415916321492777,0.15080771368662493,0.11823495553376222,-0.032572758152862716,0.7840113257034838
file_block5,71,0.08137418979590703,0.05714813522490558,-0.02422605457100145,0.702288223922569,0.14844403021768682,0.11627723299442433,-0.03216679722326249,0.7833068990643055
file_block5,72,0.08173684058103889,0.058883969332376294,-0.022852871248662594,0.720409168176682,0.15193810980270891,0.11639868029669731,-0.035539429506011605,0.7660927232005227
file_block5,73,0.08140919312979397,0.060506086405673586,-0.020903106724120386,0.7432340756553905,0.14794209609376685,0.11628979577665151,-0.03165230031711534,0.7860493993741047
file_block5,74,0.0807643674465555,0.05930809803706831,-0.021456269409487194,0.7343349537940042,0.15124271498512473,0.12001054777164358,-0.031232167213481155,0.7934963861462487
file_block5,75,0.08085283751797802,0.05962940676113895,-0.021223430756839065,0.7375054307510243,0.15211295810720027,0.12054975700386687,-0.031563201103333396,0.7925015626802188
file_block5,76,0.08044215596883136,0.060913364849223064,-0.0195287911196083,0.7572318781811983,0.15044342639720568,0.12361987004257217,-0.0268235563546335,0.8217033671925746
file_block5,77,0.08014482911643966,0.05927431898418106,-0.020870510132258602,0.739590060115587,0.15003065644789748,0.11627498765143436,-0.03375566879646312,0.7750081910213746
file_block5,78,0.08358388660816286,0.06003784022336384,-0.02354604638479902,0.7182944304183685,0.1542271771750903,0.11865190792653549,-0.03557526924855481,0.7693320340800436
file_block5,79,0.07947852088746198,0.05747745677261176,-0.022001064114850213,0.7231822652310964,0.14860085734107703,0.11491332530888371,-0.033687532032193324,0.7733018999017495
file_block5,80,0.07951333559350042,0.059974378241104506,-0.019538957352395914,0.7542681714135878,0.14875497039101507,0.11849108758481901,-0.03026388280619606,0.7965521237600003
file_block5,81,0.08312259881200812,0.059918922698831686,-0.023203676113176433,0.7208499680615813,0.14856681972168193,0.11675220034012473,-0.03181461938155719,0.7858564958100523
file_block5,82,0.07919574800035924,0.057686077959978585,-0.021509670040380652,0.7283986756424968,0.14903589154942964,0.12172139886543464,-0.02731449268399501,0.8167254048670832
file_block5,83,0.08108130180910209,0.0589262187963556,-0.022155083012746483,0.7267547200351021,0.1485037602067863,0.11559360261587329,-0.03291015759091301,0.7783883886503159
file_block5,84,0.08235954201675531,0.060071161401294766,-0.022288380615460547,0.7293770694969847,0.14835860934563597,0.1184466922982629,-0.02991191704737306,0.7983809825442197
file_block5,85,0.08143111628843222,0.06121846710888934,-0.02021264917954288,0.7517822412264511,0.1479213394641771,0.11889484688289682,-0.029026492581280275,0.8037707562247314
file_block5,86,0.08398171933998412,0.0606256645074208,-0.023356054832563318,0.7218912042273063,0.14917576878934302,0.11603396059731165,-0.03314180819203137,0.7778338368154668
file_block5,87,0.08243480270081904,0.06030728912894527,-0.022127513571873772,0.7315755864403383,0.15411469473239578,0.12098407315583667,-0.033130621576559105,0.7850261999085356
file_block5,88,0.08169361036707261,0.05798153784241087,-0.02371207252466174,0.7097438536732964,0.1470496214946313,0.115848627725535,-0.031200993769096297,0.7878199654513532
file_block5,89,0.08240790442456698,0.05971652225408436,-0.022691382170482624,0.7246455624744901,0.15008483112135873,0.11606545410693649,-0.034019377014422245,0.7733323430472854
file_block5,90,0.08031358010517974,0.059479158185756636,-0.0208344219194231,0.7405865621712037,0.14730863660339627,0.11898806746571976,-0.028320569137676513,0.8077467160739198
file_block5,91,0.08146127266445909,0.059731032181070745,-0.02173024048338834,0.7332445250039769,0.1528733595915773,0.12132895178547595,-0.03154440780610135,0.7936566064200024
file_block5,92,0.08196462686371982,0.060722206819164466,-0.02124242004455535,0.7408342981921396,0.1492421844083183,0.12117740982250196,-0.02806477458581634,0.811951462000632
file_block5,93,0.08318278165562022,0.0598193456110536,-0.023363436044566623,0.7191313444975656,0.1494791642426973,0.11796753646063003,-0.03151162778206727,0.7891905006178361
file_block5,94,0.08198654420644245,0.05812893745913498,-0.023857606747307476,0.7090058255506669,0.1492052260252915,0.11728417680327587,-0.03192104922201562,0.7860594426055509
file_block5,95,0.08449795049792436,0.05784021036534853,-0.026657740132575825,0.6845161335217159,0.14858396752549005,0.11660683318526223,-0.03197713434022782,0.7847874513463773
file_block5,96,0.0836539913853711,0.060639528414640424,-0.02301446297073067,0.7248850582070935,0.1546360788178624,0.12278009488093801,-0.03185598393692439,0.7939938455472229
file_block5,97,0.0817850231816732,0.05930451143979815,-0.022480511741875056,0.7251267913449391,0.15069946624192157,0.12037786230676539,-0.030321603935156177,0.7987942181130213
file_block5,98,0.08197914308331501,0.060152510899831625,-0.021826632183483387,0.7337538383232296,0.14961462995962463,0.11668017472306123,-0.032934455236563395,0.7798714253716287
file_block5,99,0.0835848127898328,0.058760338796388416,-0.02482447399344439,0.7030025770846253,0.14968837555785963,0.11926710862862462,-0.03042126692923501,0.7967693428707417
file_block5,100,0.08155875826095312,0.05869533146176331,-0.022863426799189804,0.7196692631582665,0.1498286389832867,0.11809729332471229,-0.0317313456585744,0.7882157518489238
file_block5,101,0.0802195089613571,0.056393369575276575,-0.023826139386080525,0.7029882170238922,0.15281398351454598,0.1181780818159964,-0.034635901698549576,0.7733459929388421
file_block5,102,0.08049228826405166,0.05932533109442295,-0.021166957169628714,0.7370312408041951,0.15153239686716433,0.11568016963677358,-0.03585222723039075,0.7634022296775298
file_block5,103,0.08137921152474624,0.05931073716096178,-0.02206847436378446,0.7288192653835954,0.1509146700506285,0.11802363553899485,-0.03289103451163365,0.7820554191279122
file_block5,104,0.08351356181851141,0.060213922401594774,-0.023299639416916637,0.7210077152792195,0.15341363880144743,0.1236681695572341,-0.029745469244213327,0.8061093558786464
file_block5,105,0.08269871335386622,0.05910422258777515,-0.02359449076609107,0.7146933753959304,0.15358169677073508,0.1222410563631116,-0.03134064040762348,0.7959350556309557
file_block5,106,0.07927365194833956,0.05616852294422932,-0.023105129004110242,0.7085396164268146,0.14796842000412913,0.11731294978326091,-0.030655470220868217,0.7928242376311597
file_block5,107,0.08181265739654156,0.059856513269382905,-0.021956144127158655,0.7316290067350043,0.14973297594962354,0.11914659463785225,-0.030586381311771285,0.7957271528346446
file_block5,108,0.081823248439301,0.05800821219429805,-0.023815036245002946,0.7089453584494427,0.1505778911031328,0.1152705082055682,-0.035307382897564604,0.7655208036259313
file_block5,109,0.08078122482042856,0.06126095398097446,-0.019520270839454096,0.7583563398197243,0.15497386034087013,0.12387706374314766,-0.031096796597722465,0.7993416662053585
file_block5,110,0.07921941918480091,0.05774855968189106,-0.021470859502909848,0.7289697434814157,0.15060389500918034,0.11229292005316034,-0.03831097495602,0.745617635229921
file_block5,111,0.08000078622354911,0.05757584439948997,-0.022424941824059144,0.7196909820186478,0.15206462632820336,0.12103785789627641,-0.03102676843192695,0.7959632744241162
file_block5,112,0.08288473037769152,0.06112071880622458,-0.021764011571466943,0.7374183221409774,0.1515600151180956,0.12080467793764905,-0.030755337180446554,0.797074860698041
file_block5,113,0.07895548293481441,0.05920824589215992,-0.019747237042654492,0.7498940376445067,0.14918069177675589,0.11588785304077925,-0.03329283873597663,0.7768287682577696
file_block5,114,0.07976813867539975,0.05932778442383104,-0.02044035425156871,0.7437528994534198,0.15119813906052743,0.12001965471847001,-0.031178484342057416,0.7937905549910499
file_block5,115,0.07953314238093158,0.05776187402456839,-0.021771268356363192,0.7262616853224833,0.14343640626454926,0.11896840028789743,-0.02446800597665183,0.8294156510619496
file_block5,116,0.07981840124259965,0.06109026101840947,-0.018728140224190178,0.7653656308240506,0.15241618956961678,0.12374942594952845,-0.028666763620088326,0.811917856619853
file_block5,117,0.08088492636382014,0.06045058986810062,-0.02043433649571952,0.7473653322770434,0.1497572897397955,0.12067811685590375,-0.029079172883891738,0.8058246584562458
file_block5,118,0.07807562899856355,0.05913095978031861,-0.018944669218244933,0.7573548947188952,0.14597870663628373,0.11682792509833224,-0.02915078153795149,0.8003079886809606
file_block5,119,0.08154717551572482,0.06042890437228142,-0.021118271143443404,0.7410300110348869,0.15136354472877492,0.11653252283740279,-0.03483102189137213,0.7698850013470212
file_block5,120,0.08119180207060366,0.05721519741726655,-0.023976604653337105,0.7046918033364099,0.14713749290074615,0.11605000232753805,-0.0310874905732081,0.7887180897245637
file_block5,121,0.0838925365829449,0.05957542490411694,-0.02431711167882796,0.7101397493830034,0.15687685729561096,0.1225087072719515,-0.03436815002365946,0.7809227529405576
file_block5,122,0.07992383119746287,0.06059464861116961,-0.019329182586293257,0.7581549545774671,0.15327399960543672,0.11769435484447051,-0.035579644760966214,0.7678690133189153
file_block5,123,0.07950929108008872,0.06056737051022397,-0.018941920569864754,0.7617646904839739,0.14931477400759677,0.12176269466172908,-0.02755207934586769,0.815476535868675
file_block5,124,0.08188928217443157,0.06123105010465806,-0.020658232069773512,0.7477297208959579,0.14935915119828164,0.12234724061482255,-0.027011910583459087,0.8191479372589668
file_block5,125,0.08204777283285997,0.05994161099082583,-0.022106161842034136,0.7305696293905901,0.15169141696627728,0.12014356512431305,-0.03154785184196422,0.7920261246621642
file_block5,126,0.08231781682477878,0.05840823168287913,-0.023909585141899642,0.7095454415075968,0.15046140090801116,0.11556047684647038,-0.034900924061540786,0.7680406811918596
file_block5,127,0.08410254727246594,0.060753666492508566,-0.023348880779957372,0.7223760571209061,0.15028841945613822,0.1199463345079584,-0.030342084948179818,0.7981076315927643
file_block5,128,0.08202147510732714,0.059509666244898986,-0.022511808862428158,0.7255376249577212,0.14981972709171296,0.11787307729000775,-0.03194664980170521,0.786766065979089
file_block5,129,0.0796883298645816,0.06062564551620395,-0.01906268434837765,0.7607844915212575,0.15176262043887212,0.11685303890799488,-0.03490958153087724,0.7699724646956901
file_block5,130,0.08317236799180729,0.060770116708270025,-0.02240225128353726,0.7306527176700807,0.15395431665528375,0.12110904957987434,-0.03284526707540941,0.7866557574416531
file_block5,131,0.08198412818976658,0.059267706444250126,-0.022716421745516455,0.7229168346715192,0.1535230082557167,0.12289673038042004,-0.030626277875296648,0.8005101761406097
file_block5,132,0.08161973154926713,0.05935929963905481,-0.02226043191021232,0.7272665385235245,0.15087223799279,0.11682440761717978,-0.034047830375610225,0.7743267361273097
file_block5,133,0.08311024353517271,0.05986211012505063,-0.02324813341012208,0.7202735496704045,0.1520849632770505,0.11985459509125083,-0.03223036818579968,0.7880765626573735
file_block5,134,0.08141677636715201,0.05971181413502645,-0.021704962232125563,0.7334092161270765,0.15119609949360546,0.11954561583938594,-0.03165048365421952,0.7906660042142284
file_block5,135,0.08138803229835616,0.0592185754699161,-0.022169456828440057,0.7276079025086858,0.14962780964090294,0.11530961400628241,-0.03431819563462053,0.7706429325071189
file_block5,136,0.08337326767836377,0.061730662352772116,-0.021642605325591653,0.7404131332709161,0.14998087336132027,0.11942272256773911,-0.03055815079358115,0.7962530147429984
file_block5,137,0.08210709917685433,0.05993036906736685,-0.022176730109487473,0.7299048397542339,0.14952384998540647,0.12647022842651218,-0.02305362155889429,0.8458197701494155
file_block5,138,0.08478232056929659,0.06030841426312715,-0.02447390630616944,0.711332431787288,0.15466260121800776,0.11881579314624374,-0.03584680807176402,0.7682257521245525
file_block5,139,0.07910862237289712,0.05857802449515398,-0.02053059787774314,0.740475851279936,0.14915081703823105,0.11830634833335296,-0.030844468704878086,0.793199465364163
file_block5,140,0.08271021129998689,0.060084380372530874,-0.022625830927456014,0.7264445275639189,0.1523183699662886,0.12058408811289356,-0.03173428185339505,0.7916582099689057
file_block5,141,0.08135270920622314,0.062156955796863006,-0.01919575340936014,0.7640428499965464,0.152860602542419,0.12239966394456861,-0.0304609385978504,0.8007273418316047
file_block5,142,0.0794027634225027,0.05877052591389204,-0.020632237508610658,0.7401571857288346,0.14375226481283873,0.11538519133116981,-0.02836707348166892,0.802666945674894
file_block5,143,0.07895230800286133,0.05924007334135802,-0.019712234661503313,0.7503273158171777,0.1514847117237121,0.12032606315079922,-0.031158648572912895,0.7943115960788036
file_block5,144,0.07916037715212267,0.05753989879447029,-0.02162047835765238,0.7268775221206405,0.1483946695204054,0.11809732378681767,-0.03029734573358772,0.7958326546936944
file_block5,145,0.08068179682702836,0.058970517088605796,-0.021711279738422566,0.7309023770879964,0.15182789338327146,0.11862720494261714,-0.033200688440654325,0.7813268188023716
file_block5,146,0.08163030309385814,0.06089677821988376,-0.020733524873974382,0.7460070085721099,0.15071138077834642,0.119812749259474,-0.030898631518872427,0.7949814316656316
file_block5,147,0.08192420341537587,0.059300193277298865,-0.022624010138077008,0.7238421712400704,0.1518157395442789,0.11558197116737055,-0.03623376837690835,0.7613306203581063
file_block5,148,0.07974848460886406,0.05745345608495365,-0.022295028523910417,0.7204332015428376,0.14532225811679741,0.11560646053408856,-0.029715797582708856,0.7955179201879324
file_block5,149,0.0814166667496355,0.06029544967685253,-0.021121217072782972,0.7405787056140133,0.15264996409998693,0.12322806379993176,-0.029421900300055176,0.8072590421260525
file_block5,150,0.08259066415419523,0.05885897593464629,-0.023731688219548942,0.7126589492579655,0.15247010551095908,0.1188457784657202,-0.03362432704523888,0.7794693790460973
file_block5,151,0.08216237912259541,0.06081155009044778,-0.021350829032147634,0.7401386223214177,0.1482566049529537,0.1182704649284078,-0.0299861400245459,0.7977416248398417
file_block5,152,0.081666024013629,0.059681263496190816,-0.02198476051743819,0.7307967323869077,0.14910931951813822,0.1183289874552068,-0.030780332062931418,0.7935720439044243
file_block5,153,0.08036623882843354,0.058982092194393175,-0.02138414663404036,0.7339162943821298,0.14990107423314952,0.12130911652688267,-0.028591957706266852,0.8092611553817407
file_block5,154,0.08328134386706633,0.05918989117943392,-0.02409145268763241,0.7107220949017443,0.1503913334800782,0.1162414810312792,-0.03414985244879899,0.7729267261712078
file_block5,155,0.08366540359217706,0.05989390393022823,-0.023771499661948824,0.7158742007888728,0.15217577898304813,0.12089511926765206,-0.031280659715396064,0.7944438995191171
file_block5,156,0.08180982950500895,0.058040207498244394,-0.02376962200676456,0.7094527375184272,0.15109108163391768,0.11542699358185853,-0.03566408805205916,0.7639563654824408
file_block5,157,0.0845317776346028,0.06129812812007116,-0.02323364951453164,0.7251489302051419,0.15304963132954333,0.12292206572180357,-0.030127565607739756,0.8031516616798005
file_block5,158,0.08136333507244062,0.06037880992680164,-0.020984525145638977,0.7420886800306831,0.1456120944046522,0.11957555440029112,-0.026036540004361078,0.8211924626809761
file_block5,159,0.07967989962701882,0.05864523561418155,-0.021034664012837274,0.7360104102628088,0.14715086792466706,0.1161599033396868,-0.030990964584980255,0.7893932599782838
file_block5,160,0.0813571694000354,0.058034683425977424,-0.023322485974057977,0.7133321359869259,0.15118586343824206,0.11779089662920492,-0.03339496680903714,0.7791131654139167
file_block5,161,0.08032162658207466,0.05935730221870881,-0.02096432436336585,0.7389952711933195,0.1508560356105157,0.11832137000294561,-0.03253466560757008,0.7843330200485383
file_block5,162,0.08014549595635077,0.060779808798429466,-0.019365687157921307,0.7583683658471795,0.15041028738730647,0.11690651047474163,-0.03350377691256484,0.7772507619356339
file_block5,163,0.08095342681619368,0.0570132898959402,-0.02394013692025348,0.7042727175143553,0.14842063194670366,0.1164405122826715,-0.031980119664032164,0.7845304979194813
file_block5,164,0.08098715156985514,0.057148736343402666,-0.023838415226452477,0.7056518871898989,0.1562266659939795,0.11683703383737952,-0.03938963215659998,0.7478687015050431
file_block5,165,0.08137169863254606,0.05771822395650764,-0.02365347467603842,0.7093157071372995,0.14757505203676158,0.11468397553878935,-0.032891076497972224,0.7771230567495994
file_block5,166,0.08050701785373283,0.060923379711045854,-0.01958363814268698,0.7567461984709578,0.14736278337339775,0.11682722090604453,-0.030535562467353228,0.7927864704483752
file_block5,167,0.07889317944582828,0.06021175259783322,-0.018681426847995064,0.763206059392972,0.1494935676756761,0.12293795868199134,-0.026555608993684754,0.8223628654625681
file_block5,168,0.08196773675213903,0.059726249703624154,-0.022241487048514877,0.7286555914582519,0.15064941558811842,0.11933417987993163,-0.0313152357081868,0.7921317146439922
file_block5,169,0.0793555963161776,0.05889647723921703,-0.020459119076960568,0.7421842941555752,0.14747197651084692,0.1160867797749995,-0.03138519673584743,0.7871785712891767
file_block5,170,0.07897523210115756,0.05894102476331233,-0.02003420733784523,0.7463229065008145,0.15160240691420274,0.12226540913623989,-0.02933699777796285,0.8064872558747321
file_block5,171,0.07854446172709431,0.0566354016502063,-0.02190906007688801,0.7210616815605425,0.1444227564321081,0.11519324616162126,-0.029229510270486855,0.7976114637846052
file_block5,172,0.0817729236653764,0.05928171378173714,-0.022491209883639264,0.7249552923449856,0.15200801633242791,0.11897256364506409,-0.033035452687363825,0.7826729570951163
file_block5,173,0.08019962172624155,0.05978751589175768,-0.02041210583448387,0.7454837641982921,0.14801401522249105,0.1220498845436378,-0.025964130678853253,0.8245832961167588
file_block5,174,0.08124153603230497,0.058052117213795,-0.023189418818509965,0.7145620337694144,0.15346595200822793,0.11925424667898236,-0.03421170532924557,0.7770729931847596
file_block5,175,0.07819555760642326,0.056267104718671974,-0.021928452887751283,0.719569070686568,0.1449990455878629,0.11724933310422153,-0.02774971248364136,0.808621412843533
file_block5,176,0.08201855607394896,0.05975618103295661,-0.022262375040992356,0.7285690445352352,0.15123474715329327,0.11913440705753604,-0.03210034009575723,0.7877449415561891
file_block5,177,0.08277463130503601,0.059497755908549325,-0.023276875396486686,0.7187921585454344,0.15161581371896454,0.11883448399170515,-0.03278132972725939,0.7837868694355132
file_block5,178,0.0805235703089693,0.058758879098864444,-0.021764691210104853,0.729710305608735,0.1484276234654922,0.11770854762088859,-0.03071907584460362,0.7930366657676394
file_block5,179,0.08041064524608739,0.05973684283233375,-0.02067380241375364,0.7428971953839708,0.1475938969766063,0.12157894212536678,-0.026014954851239516,0.823739630268297
file_block5,180,0.08193032510637432,0.0615952000579652,-0.020335125048409126,0.7517997759436815,0.15333568256228486,0.11983595274317535,-0.03349972981910951,0.7815268484196303
file_block5,181,0.08184555804344451,0.060913349281150914,-0.020932208762293597,0.7442474672702145,0.1507208494667779,0.12301053714603119,-0.02771031232074672,0.8161481147513393
file_block5,182,0.08241726057482925,0.05785682711843719,-0.024560433456392056,0.7019989103606172,0.152982178537141,0.11703124094878134,-0.035950937588359655,0.7649991787793015
file_block5,183,0.08196910718184211,0.05946595711251342,-0.022503150069328688,0.7254679129369167,0.15146716635944332,0.11938584626397813,-0.03208132009546519,0.7881962086797496
file_block5,184,0.08283007718735295,0.06099956724818864,-0.021830509939164314,0.736442235955111,0.1523041465678179,0.11998112883210484,-0.03232301773571307,0.7877732257189709
file_block5,185,0.0803072965606101,0.05743573070362744,-0.022871565856982662,0.7151994048296612,0.14423194573149378,0.11703853879814968,-0.0271934069333441,0.8114605831916869
file_block5,186,0.08074069617070342,0.05959864276982292,-0.021142053400880503,0.738148735351729,0.15132830204620895,0.12062401797276286,-0.030704284073446095,0.7971015093787918
file_block5,187,0.08005702394764898,0.05610668317488388,-0.023950340772765095,0.7008339856796733,0.14635434210775436,0.11353230308776648,-0.032822039019987884,0.775735802933524
file_block5,188,0.08094110638745292,0.05842067132377209,-0.022520435063680823,0.721767639845706,0.14626071715955302,0.11667739682285923,-0.029583320336693794,0.797735708458055
file_block5,189,0.08025766061881691,0.059870999033347375,-0.020386661585469534,0.7459848514362285,0.14892111428114493,0.11833443223476486,-0.03058668204638007,0.7946115150022572
file_block5,190,0.07886752365673416,0.06045874489373201,-0.018408778763002155,0.7665860685175665,0.15004676017976906,0.12294827670521308,-0.027098483474555984,0.8193997428395678
file_block5,191,0.08369341534077271,0.061107354917190854,-0.022586060423581855,0.7301333643558615,0.15436351736741358,0.12323239528780561,-0.03113112207960797,0.7983259087993559
file_block5,192,0.08021641358621673,0.05778806515391249,-0.022428348432304235,0.7204020046570867,0.15082993879941284,0.11366260169008141,-0.03716733710933143,0.7535811695928626
file_block5,193,0.08380706376094862,0.06076889632777869,-0.023038167433169936,0.7251047059841634,0.1501529330312044,0.11801529888205307,-0.032137634149151315,0.7859673234456729
file_block5,194,0.08293594181025096,0.06016204539419852,-0.022773896416052444,0.7254037764693525,0.14958465140601332,0.12318813714159173,-0.02639651426442159,0.8235346072186625
file_block5,195,0.0828633603253999,0.059089799540712924,-0.023773560784686974,0.7130992432441854,0.15334373846486515,0.12190287149173706,-0.03144086697312809,0.7949647811649514
file_block5,196,0.08394838343568652,0.060816525582365034,-0.02313185785332148,0.7244514199485096,0.15419418822354117,0.12376340632081108,-0.03043078190273009,0.8026463756298426
file_block5,197,0.08088881941031756,0.058906868820832646,-0.021981950589484912,0.7282448829178849,0.15090289234531717,0.12139171972647055,-0.02951117261884663,0.804436004107098
file_block5,198,0.08325509319517253,0.05950619384246426,-0.023748899352708276,0.714745387443932,0.1526179304687103,0.12139556669199963,-0.03122236377671067,0.7954213919634308
file_block5,199,0.0799767441733378,0.05574550207856313,-0.024231242094774674,0.6970213985923579,0.14813517089333925,0.11809693088127467,-0.03003824001206458,0.7972241174670611
file_block5,200,0.08073219836406231,0.060809739397457103,-0.01992245896660521,0.753227840064942,0.1535849820705128,0.12054502472001738,-0.03303995735049542,0.7848750775949802
file_block5,201,0.08282839694133924,0.05975382427761692,-0.02307457266372232,0.7214171284751025,0.15315727121239803,0.12101221045888111,-0.03214506075351692,0.790117305570571
file_block5,202,0.07961434199477473,0.06060821732869265,-0.019006124666082078,0.7612726025251896,0.14157827724186164,0.12121078382539513,-0.020367493416466514,0.8561397001485459
file_block5,203,0.07961307680119245,0.059120833893457424,-0.020492242907735027,0.7426020481671914,0.1494693917256698,0.11745064632196449,-0.03201874540370532,0.7857839318536115
file_block5,204,0.0804049951519512,0.059054036169036324,-0.02135095898291487,0.7344573065073216,0.15157646365886443,0.11950552787226422,-0.03207093578660021,0.7884174428374411
file_block5,205,0.08272334743545197,0.0598382879310891,-0.02288505950436287,0.7233542861376614,0.1504989593907519,0.12205346972241665,-0.02844548966833524,0.810992117264545
file_block5,206,0.08171661471999146,0.05950233413119771,-0.022214280588793753,0.7281546639577182,0.15373216363781736,0.116971725148863,-0.036760438488954356,0.7608799771038188
file_block5,207,0.08317269379996606,0.05802485982219898,-0.025147833977767077,0.6976431467009027,0.14628156052614874,0.1216858750423466,-0.024595685483802143,0.8318606569731972
file_block5,208,0.08350481598146389,0.060727740957696605,-0.022777075023767288,0.7272363904277896,0.15012005586921312,0.1190414627606198,-0.031078593108593316,0.7929750763237827
file_block5,209,0.08138736494353745,0.05929469669346878,-0.022092668250068663,0.7285491640453593,0.15230026728775195,0.11830248635200181,-0.033997780935750135,0.7767713639562059
file_block5,210,0.08146222932176131,0.06047776456921028,-0.02098446475255103,0.7424025228960267,0.15143074669066967,0.1256357185013125,-0.025795028189357166,0.8296579211746928
file_block5,211,0.08083214456707023,0.059057241727114226,-0.021774902839956006,0.7306157970126804,0.14836912994513843,0.1161593773143035,-0.032209752630834934,0.7829079900735083
file_block5,212,0.07926059125131113,0.05779119589224933,-0.021469395359061803,0.7291290032017437,0.14998318792130982,0.11470274116058675,-0.035280446760723075,0.7647706569670107
file_block5,213,0.07831297082482158,0.05699553539754231,-0.02131743542727927,0.7277917667692076,0.1498848047267575,0.11656088845080965,-0.03332391627594784,0.7776698155847226
file_block5,214,0.08358043829599286,0.06065905637575365,-0.02292138192023921,0.7257566197599357,0.15464682280660558,0.12083432725297577,-0.03381249555362981,0.781356674906188
file_block5,215,0.08276670022990104,0.0601670768495551,-0.02259962338034594,0.7269478749597245,0.15304443435394388,0.11647649577645543,-0.036567938577488454,0.7610632576620313
file_block5,216,0.08326461432439264,0.0574729798047164,-0.02579163451967624,0.6902449530457923,0.14893582833545835,0.1200303823156596,-0.028905446019798747,0.8059201312212597
file_block5,217,0.08048089823928757,0.058853936695979006,-0.021626961543308565,0.7312783279455106,0.15192063691420532,0.12133967097914523,-0.030580965935060087,0.7987043330240237
file_block5,218,0.08136111015276457,0.05808194624587641,-0.023279163906888153,0.7138784873611124,0.1538279407767336,0.11729927711074326,-0.036528663665990335,0.7625355739565665
file_block5,219,0.0803497614245749,0.0594334479209783,-0.020916313503596594,0.7396841865768209,0.14782104945357677,0.12287281977202129,-0.02494822968155548,0.8312268125968726
file_block5,220,0.08070246452026428,0.05951080058860131,-0.02119166393166297,0.7374099532444667,0.1502769179756122,0.12002429500479443,-0.03025262297081778,0.7986874938722969
file_block5,221,0.08184795388621104,0.05696976399770006,-0.024878189888510975,0.6960438385167473,0.1517046827068442,0.11547415167714681,-0.036230531029697394,0.7611772399952237
file_block5,222,0.08031571696138314,0.05755311278286995,-0.022762604178513182,0.7165859306285252,0.1483139244248773,0.1186143621652983,-0.02969956225957901,0.799752030197123
file_block5,223,0.08029357029972554,0.05862107570132383,-0.021672494598401718,0.7300843079028484,0.15119788684762925,0.11577063866029336,-0.03542724818733589,0.7656895282998369
file_block5,224,0.08088057003765615,0.05998273800646117,-0.020897832031194982,0.7416211084879171,0.14998113352614045,0.11924095289147278,-0.03074018063466767,0.795039683245827
file_block5,225,0.0800350232537411,0.05901177088045309,-0.021023252373288004,0.7373243422865463,0.14729828060455924,0.1181254791853908,-0.029172801419168434,0.8019474409379802
file_block5,226,0.07892653429948356,0.059726551609860075,-0.01919998268962348,0.7567360221751291,0.14703708962900683,0.11759893561493186,-0.02943815401407497,0.7997909637061563
file_block5,227,0.08196267834765938,0.05821164207581529,-0.023751036271844092,0.7102213257221803,0.15162195214681645,0.12105101328396851,-0.030570938862847938,0.7983739265324462
file_block5,228,0.08022713829450634,0.05980465435186696,-0.02042248394263938,0.7454416999435983,0.15152134126089725,0.12133738079401304,-0.030183960466884208,0.800793998946248
file_block5,229,0.0822900494259002,0.061177331984516393,-0.0211127174413838,0.7434353535004837,0.15537371973270586,0.12288740500954354,-0.032486314723162324,0.79091499657053
file_block5,230,0.08107039395636803,0.061609506601926024,-0.019460887354442007,0.7599507489143839,0.152233359052861,0.12308273504675879,-0.029150624006102216,0.8085135597909257
file_block5,231,0.07822259614647735,0.057827203991518285,-0.020395392154959065,0.7392646989526243,0.14547795392663218,0.11560896999263681,-0.02986898393399537,0.7946837776598166
file_block5,232,0.08142394774162096,0.06147854562974538,-0.019945402111875572,0.7550425560896723,0.1502708232653471,0.12271409525729501,-0.02755672800805209,0.8166195711898602
file_block5,233,0.08239809847656786,0.05788618978183383,-0.024511908694734026,0.7025185150151899,0.14865182596872414,0.11502973170514019,-0.03362209426358395,0.7738198367596377
file_block5,234,0.078391758999135,0.05960530874652883,-0.018786450252606175,0.7603517194605435,0.143929725802251,0.118134501135906,-0.025795224666345,0.8207790328053166
file_block5,235,0.08064818862047154,0.05849535843510806,-0.022152830185363487,0.7253152170644008,0.14842009908921971,0.1163721181713006,-0.03204798091791912,0.7840725001897881
file_block5,236,0.07935616860812371,0.05921278286642843,-0.02014338574169528,0.7461648401755979,0.15212598054153634,0.11474245590773012,-0.03738352463380622,0.754259433525235
file_block5,237,0.0801177162642292,0.059610735781912304,-0.020506980482316896,0.7440393780735758,0.15032699128679403,0.11717397091613238,-0.033153020370661646,0.7794606272175549
file_block5,238,0.08030936522391548,0.05916307673449406,-0.02114628848942142,0.7366896322681402,0.15051671353076332,0.11817854634979415,-0.03233816718096917,0.7851523168265314
file_block5,239,0.07993683202200115,0.058133401036367174,-0.021803430985633976,0.7272417428347301,0.14882312583414947,0.12264539278011297,-0.026177733054036506,0.824101711966396
file_block5,240,0.07975497498746542,0.06039146503136578,-0.019363509956099638,0.757212512960566,0.15154139239819495,0.12079795118951099,-0.030743441208683955,0.7971284233161754
file_block5,241,0.08340010589245547,0.05918646217417714,-0.024213643718278333,0.7096689091797814,0.15150236350969168,0.11989818430766724,-0.031604179202024435,0.7913948108142702
file_block5,242,0.08065459240420562,0.05678963812414349,-0.023864954280062134,0.7041091701206375,0.1517449419105066,0.11521728989039466,-0.03652765202011195,0.759282572715639
file_block5,243,0.07845379723453388,0.05751543473466277,-0.020938362499871112,0.7331121852868782,0.151992357984608,0.11669045367478978,-0.03530190430981822,0.7677389522873698
file_block5,244,0.07935543691834122,0.05904622066297412,-0.020309216255367107,0.7440727813487334,0.1483864155425555,0.12110268308366783,-0.02728373245888767,0.8161305240838369
file_block5,245,0.08382128348559559,0.059597967160288805,-0.024223316325306783,0.7110123429514238,0.1515265142865564,0.12063015077709634,-0.030896363509460054,0.796099292226633
file_block5,246,0.08314002155952029,0.059540763824762415,-0.02359925773475787,0.7161504496620431,0.15203146227112196,0.12018456070958718,-0.03184690156153479,0.7905242698728944
file_block5,247,0.08142726309387066,0.05800806289163442,-0.023419200202236243,0.7123911659017913,0.14971068475282298,0.11638316962361374,-0.03332751512920924,0.77738719728499
file_block5,248,0.08034786779687748,0.0604274243467349,-0.019920443450142586,0.7520725316507186,0.14817677817018415,0.12016239960759113,-0.02801437856259302,0.8109394811485379
file_block5,249,0.08004272144555004,0.058973484070864224,-0.021069237374685815,0.7367750996695134,0.14964394232091494,0.11656136300378073,-0.03308257931713421,0.7789247008329422
file_block5,250,0.08399345994368844,0.06000606932645478,-0.023987390617233657,0.7144135908520083,0.14892911495750716,0.11581177968978641,-0.033117335267720746,0.7776302150377388
file_block5,251,0.08051817643258673,0.059790745272729415,-0.020727431159857312,0.7425745082886818,0.1513860589844362,0.1198033214105592,-0.03158273757387699,0.7913761822868778
file_block5,252,0.08112715494920054,0.0592236955768157,-0.021903459372384845,0.730010754277034,0.15069204974713302,0.11570073084951092,-0.034991318897622095,0.7677958528247585
file_block5,253,0.07922651110606807,0.057100239041015355,-0.022126272065052716,0.7207213626328923,0.15000079964155036,0.11459876293201109,-0.03540203670953927,0.7639876801047875
file_block5,254,0.0814113869894643,0.060768137201532756,-0.02064324978793155,0.746432894079018,0.14737858259535833,0.12152266960492003,-0.025855912990438296,0.8245612589352408
file_block5,255,0.08293562227552116,0.060660158922733104,-0.022275463352788058,0.7314125976074968,0.15288750208319404,0.12148927716803068,-0.031398224915163364,0.7946318404883222
file_block5,256,0.07995595691731874,0.0567138665567803,-0.023242090360538446,0.7093138365591354,0.15400614284703226,0.11821501842451877,-0.03579112442251349,0.7675993712922005
file_block5,257,0.0836812715866332,0.05855246330734022,-0.02512880827929298,0.6997080971304585,0.1535360545106419,0.11653403578663009,-0.037002018724011806,0.7590011099220534
file_block5,258,0.07776004915173401,0.0580222479763576,-0.019737801175376414,0.7461704128187749,0.15112789734111812,0.11769617689989899,-0.03343172044121913,0.7787852472680225
file_block5,259,0.08016391237976936,0.057615941608012734,-0.022547970771756624,0.7187266676189951,0.15047474567996208,0.12206556837260162,-0.028409177307360464,0.811203021616779
file_block5,260,0.07993972646120787,0.05999300717924706,-0.019946719281960804,0.7504780143119417,0.14656687919846648,0.11650850001430493,-0.030058379184161543,0.7949169734080274
file_block5,261,0.08432689467246031,0.06080660811333432,-0.02352028655912599,0.7210820266715299,0.1508685149043067,0.12216625498478102,-0.02870225991952567,0.8097531487087878
file_block5,262,0.0808072000723986,0.061216700968078075,-0.019590499104320522,0.7575649312589897,0.14993556761200796,0.11991195559179031,-0.030023612020217652,0.7997565721169608
file_block5,263,0.08188558609460621,0.0592262078122377,-0.02265937828236851,0.7232800134545159,0.14860090551697583,0.11785492487177325,-0.030745980645202578,0.7930969495896495
file_block5,264,0.08063437946219733,0.05962912240940586,-0.021005257052791465,0.7394999850821812,0.14908170739051863,0.12316908123309876,-0.025912626157419863,0.8261850725284364
file_block5,265,0.08070614848086377,0.05959536950951573,-0.02111077897134804,0.7384241551763108,0.14662942005284255,0.11759994266470217,-0.02902947738814038,0.8020214676039864
file_block5,266,0.080932031464747,0.05962440457238903,-0.021307626892357975,0.7367219566008384,0.14848963670490056,0.11899110632859063,-0.029498530376309937,0.801342834214528
file_block5,267,0.08009879783258364,0.05647724369005685,-0.023621554142526792,0.705094773183753,0.15403565839980804,0.11602838021339457,-0.03800727818641347,0.7532566252434648
file_block5,268,0.0838895010624231,0.06000621105023011,-0.02388329001219299,0.7153006072306811,0.1584152451096193,0.12104650933404627,-0.03736873577557302,0.764108967229039
file_block5,269,0.08066967619490467,0.06109050890981481,-0.019579167285089863,0.7572921051798329,0.1509538311701046,0.12443485535176138,-0.026518975818343227,0.8243239299540539
file_block5,270,0.08261171301170186,0.05880663129925739,-0.023805081712444477,0.7118437465511397,0.15027429639224676,0.11402410663110171,-0.03625018976114505,0.7587731858911878
file_block5,271,0.07852528497657456,0.057853581798603726,-0.020671703177970832,0.7367509944836551,0.14895658345694904,0.11882646590831071,-0.030130117548638327,0.7977255059871426
file_block5,272,0.0812907824517205,0.06129806955321551,-0.01999271289850499,0.7540592882055369,0.14790023574257435,0.12293128582212837,-0.024968949920445987,0.8311770782846801
file_block5,273,0.07920559495838322,0.06009459605505591,-0.019110998903327313,0.7587165538827307,0.14920626784589427,0.12237182937932946,-0.026834438466564817,0.8201520696551406
file_block5,274,0.08228450086050557,0.05817266364233727,-0.024111837218168293,0.7069698793088097,0.14988646234130856,0.11915493623634509,-0.030731526104963477,0.7949679669202927
file_block5,275,0.07785771290833743,0.05666162409141277,-0.02119608881692466,0.7277586506827011,0.1493984713657507,0.11408522106585384,-0.035313250299896876,0.7636304442938741
file_block5,276,0.08133075287927731,0.060498504426124436,-0.020832248453152874,0.7438576711065854,0.1515279710539622,0.12204304041430192,-0.02948493063966029,0.8054159213340215
file_block5,277,0.08256445075092576,0.06020535228870882,-0.022359098462216946,0.7291921855125253,0.15054401362635592,0.12121366050409509,-0.02933035312226083,0.8051709103820125
file_block5,278,0.08319106953928075,0.05965094399386468,-0.02354012554541607,0.7170354260886019,0.14877422537291707,0.11912819586563518,-0.029646029507281887,0.800731414107711
file_block5,279,0.08309521605817229,0.059270088188696606,-0.02382512786947568,0.7132791874228177,0.15081873768770349,0.11970364998232952,-0.031115087705373967,0.7936921619792152
file_block5,280,0.07901139407250427,0.058618185822804716,-0.02039320824969955,0.7418953495367281,0.14731335591377595,0.1192256303017651,-0.028087725612010853,0.8093334753133253
file_block5,281,0.08371782671126016,0.058230673230841336,-0.02548715348041882,0.6955588256211772,0.14741497673907192,0.11448741583538198,-0.03292756090368994,0.7766335440803107
file_block5,282,0.07855318505308351,0.05911961063388113,-0.019433574419202376,0.7526061558666292,0.1464124563908773,0.11935895094744806,-0.027053505443429243,0.8152240177488417
file_block5,283,0.0811215096649433,0.05965747894632523,-0.02146403071861807,0.7354088846808806,0.1488221104587465,0.120899174308321,-0.027922936150425487,0.8123737389266111
file_block5,284,0.07987263936807361,0.05989563929534705,-0.019977000072726556,0.7498893209141692,0.14829651557968396,0.1220286887076915,-0.02626782687199246,0.8228695612347142
file_block5,285,0.0808993810666768,0.05822608818837825,-0.022673292878298543,0.7197346558237405,0.149093803450003,0.11922594851246043,-0.02986785493754257,0.7996707157077897
file_block5,286,0.0837468718293929,0.06163265968890642,-0.022114212140486485,0.7359398427975075,0.1535190812079228,0.12147115080211479,-0.032047930405808,0.7912446442901583
file_block5,287,0.07956941891257369,0.05820473530022149,-0.0213646836123522,0.7314962971411606,0.14782816008259447,0.11438653893439198,-0.0334416211482025,0.7737804412263671
file_block5,288,0.07785063112625899,0.05819375692109756,-0.019656874205161434,0.7475052684764789,0.1471146986322024,0.11708906632758277,-0.030025632304619618,0.7959032470325353
file_block5,289,0.0858194332854185,0.0614863801426689,-0.024333053142749597,0.7164622019604503,0.1508753960323692,0.12306409052286417,-0.027811305509505044,0.8156670587725362
file_block5,290,0.08092936806336273,0.061248056894202284,-0.01968131116916045,0.7568087872161415,0.15190997252563232,0.12067088118891307,-0.031239091336719246,0.7943578632966433
file_block5,291,0.0820435608431584,0.06142971000559547,-0.02061385083756294,0.748745049267545,0.1528871002681891,0.12008351406793512,-0.03280358620025399,0.7854391499170884
file_block5,292,0.08453619857085212,0.06001056528191811,-0.024525633288934014,0.7098801022099616,0.15529320304583488,0.11822799409956508,-0.0370652089462698,0.7613211124550636
file_block5,293,0.08148890098168911,0.05831857748973142,-0.02317032349195769,0.7156628299949197,0.15142229843342983,0.11977685618957891,-0.03164544224385092,0.7910120070079157
file_block5,294,0.0802311094255006,0.05982929319940511,-0.020401816226095493,0.7457119018771664,0.14756007207954774,0.1157521062722433,-0.03180796580730444,0.7844405647202641
file_block5,295,0.08123576745500662,0.06055717505545788,-0.020678592399548737,0.745449657861584,0.14958860170277666,0.11774649909636324,-0.03184210260641342,0.787135502010496
file_block5,296,0.08022171788988146,0.05537705309844563,-0.02484466479143583,0.6903000154454491,0.1476031890114177,0.1138888058081904,-0.0337143832032273,0.7715877046489873
file_block5,297,0.08102237282160189,0.05926841343356202,-0.021753959388039874,0.7315067600409758,0.14997226703767869,0.12046324724095482,-0.029509019796723865,0.8032368225165918
file_block5,298,0.08052162252097553,0.058999314920595805,-0.021522307600379723,0.7327139353808568,0.1495628802246485,0.12033914005562997,-0.029223740169018533,0.8046056606751388
file_block5,299,0.0809750769715234,0.05946788846523842,-0.021507188506284976,0.7343974305347257,0.14915940756635068,0.11864204718527875,-0.03051736038107193,0.7954043872995615
file_block5,300,0.08020248629625838,0.05995251381118647,-0.02024997248507191,0.7475144048493592,0.14945424895571022,0.12152594167683653,-0.027928307278873687,0.8131313932255613
file_block5,301,0.08275837464201809,0.05876708414160079,-0.023991290500417296,0.7101043779050195,0.15119456163056755,0.12103147539963766,-0.030163086230929892,0.8005015133769751
file_block5,302,0.07943638024393317,0.06041570088901841,-0.019020679354914756,0.7605545557777674,0.1495723555874415,0.12223429449412228,-0.027338061093319224,0.8172251751605455
file_block5,303,0.08021122094443925,0.0591923732284787,-0.021018847715960548,0.7379562676084946,0.146329680504669,0.11497984997586436,-0.031349830528804634,0.7857589080992742
file_block5,304,0.0808484961462107,0.05885597555777129,-0.02199252058843941,0.7279786064459756,0.1479551919345047,0.11576987964124463,-0.03218531229326008,0.7824658136531799
file_block5,305,0.08090648748231397,0.059915663328521135,-0.02099082415379283,0.7405544993115492,0.15082175235204537,0.11744811822532462,-0.033373634126720744,0.7787213475094719
file_block5,306,0.0820796680015649,0.06052971741770768,-0.021549950583857218,0.7374508071420762,0.14926923332624237,0.11854803072681112,-0.030721202599431244,0.7941893187574222
file_block5,307,0.0816827898142058,0.058272227738193995,-0.02341056207601181,0.7133966392521478,0.15012761789170048,0.11705043029013669,-0.03307718760156379,0.7796728672173756
file_block5,308,0.08309062197511537,0.06176916782107644,-0.021321454154038924,0.7433951792968352,0.15201372342385255,0.12321228438990528,-0.028801439033947274,0.8105339545322391
file_block5,309,0.07969057725331538,0.05999808614733354,-0.01969249110598184,0.7528880855840133,0.1535929480403106,0.11850041550855261,-0.03509253253175798,0.7715225016545166
file_block5,310,0.08190725086493328,0.060341486009272076,-0.021565764855661203,0.7367050581245416,0.15089019128645365,0.11772591642730704,-0.03316427485914661,0.7802092065998728
file_block5,311,0.08440419482901455,0.05924050711725418,-0.02516368771176037,0.701866859073334,0.15066072259100255,0.11646532168674836,-0.034195400904254186,0.7730304201640917
file_block5,312,0.08334791385046614,0.0603641048150942,-0.022983809035371935,0.72424253981201,0.15171005220124126,0.12196030595954643,-0.029749746241694824,0.80390392192185
file_block5,313,0.08105444007250202,0.059093107993762356,-0.021961332078739668,0.7290545458201232,0.14956649471664246,0.1213870207857725,-0.02817947393086996,0.8115923356748
file_block5,314,0.0822004264854253,0.06053300294930241,-0.021667423536122894,0.7364074073269599,0.1504301467228738,0.12000573729344313,-0.03042440942943067,0.7977505832957852
file_block5,315,0.07990013236567226,0.06123784656103014,-0.018662285804642118,0.7664298512143635,0.15101371210270287,0.120637809611225,-0.03037590249147787,0.7988533486891606
file_block5,316,0.08008704755811118,0.058173575293975856,-0.02191347226413532,0.726379321846833,0.15222345804042833,0.1186469815472804,-0.03357647649314793,0.779426397709146
file_block5,317,0.08469276508665276,0.061884393627116216,-0.02280837145953654,0.730692799601001,0.15668151294663768,0.12444220599939916,-0.03223930694723852,0.7942366885478153
file_block5,318,0.08080605348884495,0.060568935200608534,-0.02023711828823642,0.7495593781098331,0.15100933919875553,0.12199345232235757,-0.02901588687639796,0.807853692822218
file_block5,319,0.08052724658293708,0.057813247532988596,-0.02271399904994849,0.7179339911174691,0.15105187936199252,0.11499355576102248,-0.03605832360097004,0.7612851706759831
file_block5,320,0.08220215181372607,0.059339663827893234,-0.02286248798583284,0.7218748234518202,0.14917252116042734,0.11847641430728606,-0.03069610685314128,0.7942241197349664
file_block5,321,0.08208472745825864,0.058491909341001805,-0.02359281811725683,0.7125796862850748,0.15590267139315314,0.1199652440172146,-0.03593742737593854,0.7694880590896865
file_block5,322,0.08251308986211664,0.06022101289156599,-0.022292076970550648,0.7298358720076804,0.15009693794430368,0.1208511591190873,-0.02924577882521638,0.8051540609304862
file_block5,323,0.07959519038815863,0.05862218882406708,-0.02097300156409155,0.736504159839139,0.14661805846505457,0.11886570588340137,-0.027752352581653206,0.8107166820227142
file_block5,324,0.08074395394196768,0.05770420671183591,-0.023039747230131767,0.7146566881442181,0.15041168086055307,0.11513684002456342,-0.03527484083598964,0.7654780490838806
file_block5,325,0.08442003565316997,0.0608658482001563,-0.023554187453013666,0.720988184016134,0.15264063813751325,0.12229625373277636,-0.030344384404736885,0.8012037634604241
file_block5,326,0.082169274148583,0.060786058269765166,-0.021383215878817828,0.7397662800312496,0.15047457057146996,0.12210229767466291,-0.02837227289680705,0.8114480553820139
file_block5,327,0.08067422083076371,0.059794039858791136,-0.020880180971972577,0.7411790190601967,0.15239877518610978,0.11833741764883116,-0.034061357537278625,0.7764984823816149
file_block5,328,0.08358197131731551,0.06114988628263355,-0.022432085034681963,0.7316157458225114,0.15251926414103265,0.12059520413353259,-0.03192406000750006,0.7906883423068427
file_block5,329,0.08237475120175981,0.05815293188137955,-0.024221819320380263,0.7059557817533925,0.15208498347556793,0.11998431121635643,-0.032100672259211496,0.7889293766838698
file_block5,330,0.08089382202219557,0.059382948930289926,-0.021510873091905643,0.7340850938406209,0.1527223060691377,0.11818053202693218,-0.034541774042205514,0.7738262672214471
file_block5,331,0.08162792177516637,0.06156484072005159,-0.020063081055114777,0.7542130116900935,0.1496654347857457,0.1237602246355125,-0.0259052101502332,0.826912538707966
file_block5,332,0.08496591787797743,0.06125282242491158,-0.023713095453065852,0.7209105009949863,0.15246057212779165,0.11977120196916718,-0.03268937015862447,0.7855880395672108
file_block5,333,0.08121428183171683,0.05960843331893991,-0.021605848512776922,0.7339649132458482,0.1500847832384514,0.11878749103340773,-0.03129729220504367,0.7914692513809397
file_block5,334,0.08161796100411635,0.05841979941450969,-0.023198161589606657,0.715771365711566,0.15140882703391711,0.12098780154504567,-0.030421025488871448,0.7990802380229997
file_block5,335,0.08189989513871151,0.05847389527710079,-0.023425999861610723,0.7139678894345984,0.14903684251681748,0.116389419198893,-0.03264742331792449,0.7809439413328921
file_block5,336,0.08128168475550282,0.06002016210680027,-0.021261522648702548,0.7384217279371399,0.15056656513121028,0.11811260892541008,-0.0324539562058002,0.7844544293248743
file_block5,337,0.08176111577240336,0.059659582210040814,-0.022101533562362545,0.7296816053258605,0.15034420612060478,0.11812646545209207,-0.03221774066851271,0.7857068024113418
file_block5,338,0.081084289169692,0.058929973996740215,-0.022154315172951786,0.7267742567664672,0.15053773982716456,0.1193581743115533,-0.03117956551561127,0.7928787455464048
file_block5,339,0.08142713471727837,0.06001309405364244,-0.021414040663635933,0.7370159132089417,0.1480315448232131,0.11759254810483238,-0.030438996718380712,0.7943749303249349
file_block5,340,0.0784151478733401,0.060232981327313584,-0.018182166546026515,0.7681294107180003,0.1481754912290496,0.11785671224031226,-0.030318778988737347,0.7953860065706103
file_block5,341,0.08250744569522238,0.059102599262260656,-0.023404846432961722,0.7163304931361245,0.15018214717997283,0.11842168995724946,-0.03176045722272337,0.7885204212411293
file_block5,342,0.08079056887890072,0.05891114817879095,-0.021879420700109772,0.729183480154652,0.1480259594478086,0.11891787760959943,-0.029108081838209177,0.8033582626534356
file_block5,343,0.0821328585566865,0.058758298957500364,-0.02337455959918614,0.7154055026216642,0.14809884999966136,0.11647886794268418,-0.03161998205697718,0.7864940743493317
file_block5,344,0.07859308106342269,0.058706282848297736,-0.019886798215124957,0.746965026106092,0.14905098692122504,0.11723886115999683,-0.0318121257612282,0.7865688351460481
file_block5,345,0.08022983815127616,0.059363443037869876,-0.02086639511340628,0.7399172727475536,0.1522460793623689,0.11741528140869555,-0.034830797953673345,0.7712203946429994
file_block5,346,0.080845459209104,0.0601467206486901,-0.020698738560413904,0.7439715382545193,0.1497629450394054,0.11788307102413825,-0.03187987401526715,0.7871310957000814
file_block5,347,0.08266885027675956,0.059568831527248844,-0.023100018749510717,0.720571670318672,0.15188055351363036,0.11953973235205953,-0.03234082116157083,0.7870641078571758
file_block5,348,0.07954611238544512,0.06060105283982312,-0.018945059545622,0.761835506758361,0.14933013643016838,0.11891607628281502,-0.03041406014735336,0.7963300585238803
file_block5,349,0.08264418748318826,0.05957018616130082,-0.023074001321887444,0.7208030954798699,0.14954825709971536,0.11595754258841492,-0.03359071451130044,0.7753854497354461
file_block5,350,0.08150793229768817,0.06216488129514981,-0.01934305100253836,0.7626850484699759,0.15183438512368502,0.12423014602566024,-0.027604239098024785,0.8181950743532946
file_block5,351,0.08243034318717549,0.057576471864293155,-0.02485387132288233,0.6984863781720965,0.14889295960604537,0.11738924234953586,-0.03150371725650951,0.7884136540783061
file_block5,352,0.08147342037827687,0.060222456902492595,-0.021250963475784278,0.7391669163131098,0.15264124054935477,0.11957828888922181,-0.033062951660132955,0.7833943727059632
file_block5,353,0.08131480447232217,0.05922785617831565,-0.022086948294006523,0.728377280898161,0.15212041743086102,0.1187586272028607,-0.033361790228000315,0.7806882810904505
file_block5,354,0.08152882724334908,0.05968099621544904,-0.021847831027900035,0.7320232393054282,0.15368218916605994,0.11845457092734446,-0.03522761823871548,0.7707761814828744
file_block5,355,0.08453439916708634,0.059764239706023126,-0.024770159461063215,0.7069813034087603,0.14976131151476943,0.11619983151807907,-0.03356147999669036,0.7759001997429721
file_block5,356,0.0818980057038345,0.06047375072310396,-0.021424254980730542,0.7384032151136075,0.15003120695736688,0.11703296815811533,-0.03299823879925155,0.7800574995798815
file_block5,357,0.07795453745250013,0.05750432609491485,-0.020450211357585277,0.7376649002625901,0.14779498969160307,0.11637819146970156,-0.03141679822190151,0.7874298831952458
file_block5,358,0.0796281852653844,0.05811508813106341,-0.021513097134320987,0.7298306238849692,0.1515803429810421,0.12083379476441079,-0.030746548216631295,0.797160056429766
file_block5,359,0.07892387029805095,0.05975427093644658,-0.019169599361604374,0.7571127810989045,0.14867544989474363,0.11917273300541359,-0.02950271688933004,0.8015629553486012
file_block5,360,0.07995318759601044,0.058705550220965776,-0.02124763737504467,0.7342490272882517,0.1492838200979122,0.12031292455270073,-0.028970895545211456,0.8059341224909033
file_block5,361,0.08064552815626606,0.059330155041675714,-0.02131537311459035,0.7356905757590457,0.1523840808304743,0.12002893080400853,-0.03235515002646577,0.7876736871060663
file_block5,362,0.08450421591046553,0.06067208234715738,-0.02383213356330815,0.7179769872244134,0.1504359196777694,0.12273008697033783,-0.02770583270743157,0.8158296717514215
file_block5,363,0.08249498559008332,0.05959010817875694,-0.02290487741132638,0.7223482464117218,0.15135991121291306,0.11575588281306415,-0.035604028399848914,0.7647724016581519
file_block5,364,0.08025528362944517,0.058654808657397486,-0.021600474972047687,0.7308529233815753,0.15037014748347488,0.11980808484938209,-0.030562062634092793,0.7967544546203796
file_block5,365,0.08259641686497274,0.060615317965862885,-0.021981098899109854,0.7338734568226586,0.15100311334698444,0.12441808774456742,-0.026585025602417017,0.8239438577578975
file_block5,366,0.08209377207783825,0.058008784656650936,-0.02408498742118731,0.7066161438123366,0.1519385923416583,0.11665799830395424,-0.03528059403770406,0.7677970192170138
file_block5,367,0.0806501498207432,0.05792673300403929,-0.02272341681670391,0.7182470600834587,0.1468508074232521,0.11546905645367037,-0.031381750969581734,0.7863018152897618
file_block5,368,0.08107438627708834,0.05941492347062712,-0.021659462806461215,0.7328445665634081,0.15117695206842804,0.11902736613135108,-0.032149585937076966,0.7873380465924136
file_block5,369,0.08208135019131656,0.057570375398135774,-0.024510974793180783,0.7013819249311787,0.152138270165125,0.11678176113615454,-0.035356509028970445,0.7676027932314738
file_block5,370,0.08253433772951269,0.060215411789364466,-0.02231892594014822,0.7295801171472004,0.15018636741933394,0.11773308964035267,-0.03245327777898127,0.7839132916214108
file_block5,371,0.08114572585473928,0.059821393756299406,-0.021324332098439876,0.7372094232466042,0.1485394183197329,0.1155976176711571,-0.03294180064857581,0.7782285603295673
file_block5,372,0.08291847585445704,0.06059872199405048,-0.022319753860406556,0.7308229121386242,0.15228414967252193,0.11957991687468046,-0.03270423279784147,0.7852420434551463
file_block5,373,0.0819476508461873,0.05746052023771759,-0.024487130608469708,0.7011856916505008,0.1443011470775,0.11594247837448521,-0.02835866870301479,0.803475791583388
file_block5,374,0.0826049116399873,0.06090594243412068,-0.02169896920586662,0.7373162348936815,0.15302846157747083,0.12215376793785421,-0.03087469363961662,0.798242148412462
file_block5,375,0.08273651044950314,0.05979080771265084,-0.0229457027368523,0.7226653310347573,0.14827609957020754,0.12072281748621974,-0.0275532820839878,0.8141758370778998
file_block5,376,0.07949331062864762,0.05690596023043052,-0.022587350398217097,0.7158584763976716,0.14787014126582776,0.11478530119004679,-0.03308484007578097,0.7762574662297509
file_block5,377,0.08066299339686922,0.059726701827500624,-0.020936291569368597,0.7404473763283226,0.1506293862471849,0.12295065538403399,-0.027678730863150897,0.8162461419199457
file_block5,378,0.08216489483436404,0.0566356797340735,-0.02552921510029054,0.689292913332941,0.15182353041434266,0.11573999457243667,-0.03608353584190599,0.762332388507696
file_block5,379,0.07951669077657683,0.056895295039679564,-0.022621395736897268,0.7155138686485576,0.14959554611708187,0.11819196424200448,-0.031403581875077385,0.7900767590333259
file_block5,380,0.08236902081169699,0.061609608069054383,-0.020759412742642605,0.747970626115606,0.15095034101343335,0.12125137946475067,-0.02969896154868268,0.8032534318949321
file_block5,381,0.08065193568075213,0.058311298081268226,-0.022340637599483903,0.7229993624961989,0.1487156456051919,0.11850030890984105,-0.030215336695350856,0.7968247619650854
file_block5,382,0.07970506993218315,0.05971059129310457,-0.019994478639078585,0.7491442055556713,0.14376801063357872,0.11961516710653125,-0.02415284352704747,0.8320012677325989
file_block5,383,0.07953992090426652,0.05900820435408999,-0.020531716550176535,0.7418690348600131,0.14844648608748195,0.11804328853392698,-0.030403197553554973,0.7951908572922509
file_block5,384,0.08049158652733518,0.05971848079251539,-0.02077310573481979,0.7419220240147064,0.1479381160246276,0.1181671373851636,-0.029770978639463985,0.7987605936896753
file_block5,385,0.08285318939677151,0.0614390586807377,-0.021414130716033812,0.7415412626605749,0.14957802752347144,0.12260196322490344,-0.026976064298567998,0.8196522260307586
file_block5,386,0.08202327862375909,0.0588699438357911,-0.023153334787967994,0.7177223932467711,0.15139317846018252,0.11840305703560258,-0.03299012142457994,0.7820897760379832
file_block5,387,0.08048653421477323,0.05687472222915564,-0.023611811985617584,0.7066364924769781,0.1509082915000834,0.11643792212454777,-0.03447036937553562,0.7715806796771232
file_block5,388,0.08287197375604942,0.059896340124976265,-0.022975633631073154,0.7227574946059976,0.14727510639702854,0.12356779146035848,-0.023707314936670054,0.8390270051969327
file_block5,389,0.08319816205404836,0.0613899250809289,-0.021808236973119455,0.7378759766477524,0.15250186665989715,0.1203633419111108,-0.032138524748786354,0.7892581549807501
file_block5,390,0.07937961474561006,0.05838491898539238,-0.02099469576021768,0.7355152726868235,0.15109413384012385,0.11444851530646717,-0.03664561853365668,0.7574649815827248
file_block5,391,0.08026710032536015,0.0574178231389392,-0.02284927718642095,0.7153344633878372,0.14885044142579532,0.11388312884411678,-0.03496731258167854,0.7650842533838881
file_block5,392,0.08034860273408657,0.05896641726670017,-0.021382185467386405,0.733882298636223,0.1515776225283792,0.11717134231637262,-0.034406280212006576,0.7730121396674839
file_block5,393,0.08086882786171058,0.05988851154919212,-0.02098031631251846,0.7405636155825608,0.15043961026528468,0.12034935972252936,-0.030090250542755326,0.7999845220969778
file_block5,394,0.08240392152099396,0.059386185787500934,-0.023017735733493028,0.7206718405066581,0.14891010458730056,0.1181952838836767,-0.030714820703623857,0.7937358194143441
file_block5,395,0.08368352220657571,0.05943079760615146,-0.02425272460042425,0.7101851838817737,0.1471909252059484,0.11691084474255443,-0.030280080463393963,0.7942802491320283
file_block5,396,0.08164171440344202,0.0600333109564074,-0.021608403447034623,0.7353264369210305,0.1465520842194317,0.11561445915200559,-0.030937625067426103,0.7888967241086564
file_block5,397,0.08107396663312623,0.06017680906495119,-0.02089715756817504,0.7422457733844662,0.14525617945161887,0.12232195035455101,-0.022934229097067854,0.8421118524275474
file_block5,398,0.08070397641450412,0.05954853834565377,-0.021155438068850355,0.7378637458928443,0.15196891080163888,0.11649090295442391,-0.03547800784721497,0.766544303962779
file_block5,399,0.08130339553018562,0.059082997094953835,-0.022220398435231783,0.7266977806974619,0.15031856987173542,0.12003453038284652,-0.0302840394888889,0.7985342761394696
file_block5,400,0.08140979111517567,0.06077238267884176,-0.02063740843633391,0.7464996758542614,0.1522237924589154,0.12054980606350643,-0.03167398639540897,0.7919248634936116
file_block5,401,0.0800707710872723,0.0559843361975183,-0.024086434889753996,0.6991856758379255,0.14791956800382197,0.11621447817842177,-0.0317050898254002,0.7856599349682998
file_block5,402,0.07825886472290175,0.058393783870233834,-0.019865080852667916,0.7461619086475889,0.14883064800147028,0.11772727024908328,-0.031103377752387,0.7910149678843047
file_block5,403,0.08251257786456341,0.05996772720502235,-0.02254485065954106,0.726770739164806,0.15283281272544533,0.11851354848273575,-0.03431926424270958,0.7754457067778894
file_block5,404,0.0818163703229932,0.056489539870145045,-0.025326830452848156,0.6904429962749099,0.1500820068150447,0.11709779456613514,-0.032984212248909545,0.7802254051043039
file_block5,405,0.08270884976686539,0.0606590943084849,-0.02204975545838049,0.7334051250799282,0.1533306455092238,0.11864618441798558,-0.03468446109123821,0.7737930276361373
file_block5,406,0.08260770495596731,0.058964718967772695,-0.023642985988194615,0.7137920003854711,0.1493409945614158,0.11471077358337832,-0.03463022097803749,0.7681130952707298
file_block5,407,0.08030325326719719,0.060872993797213414,-0.019430259469983772,0.7580389501116168,0.15149258135357424,0.11871826664585657,-0.032774314707717675,0.7836572958564587
file_block5,408,0.0813824334336246,0.05917692609337778,-0.022205507340246816,0.7271461861808594,0.15110925498266703,0.11696066326117313,-0.0341485917214939,0.7740138965981209
file_block5,409,0.08301870932549382,0.058560439934192604,-0.02445826939130122,0.7053884649614706,0.15194948592417953,0.11651866995399794,-0.03543081597018159,0.7668250356051811
file_block5,410,0.0796932057742529,0.059260787261395165,-0.020432418512857736,0.7436115373406275,0.15127171291342548,0.11569953996788407,-0.03557217294554141,0.7648458375962215
file_block5,411,0.07893829041590654,0.05968113918126147,-0.019257151234645067,0.7560480327964559,0.1488697024317834,0.11557620257351056,-0.033293499858272846,0.7763581218043414
file_block5,412,0.08171453439008733,0.05825722002665151,-0.023457314363435816,0.7129358376876295,0.15050474162357538,0.12351490056696007,-0.02698984105661531,0.8206711578289068
file_block5,413,0.08063194621322531,0.058168064126201915,-0.022463882087023393,0.7214022091489731,0.1473929110880287,0.11667047547190826,-0.030722435616120453,0.7915609686427061
file_block5,414,0.08019988434937615,0.0587065304937263,-0.02149335385564985,0.7320026826719852,0.15227009846039977,0.1186687062243457,-0.03360139223605407,0.7793303309330122
file_block5,415,0.08082758759877205,0.057316840586575414,-0.023510747012196638,0.709124722008234,0.1530519232031221,0.11862035345951188,-0.034431569743610224,0.7750334068137482
file_block5,416,0.0846768245873354,0.05975239504600119,-0.02492442954133421,0.7056522884177449,0.15494417163946558,0.1216151712303331,-0.03332900040913249,0.7848967143682911
file_block5,417,0.07943918048527579,0.05883240774618562,-0.020606772739090166,0.7405968614831107,0.1475948420161528,0.1215060940162356,-0.0260887479999172,0.8232407877975706
file_block5,418,0.08268397877676606,0.0599066532210828,-0.022777325555683257,0.7245255260734548,0.15307732331811166,0.11792237137227335,-0.035154951945838314,0.7703451354921955
file_block5,419,0.0815969804043724,0.06006737264070914,-0.021529607763663257,0.7361470037620462,0.15186597112012898,0.11936663649388427,-0.032499334626244714,0.7859998893330943
file_block5,420,0.08230830524499542,0.059484459013741185,-0.02282384623125424,0.7227029986425095,0.15114434652957723,0.11510718092566534,-0.03603716560391189,0.7615711971280393
file_block5,421,0.07931143155028123,0.06011075188698544,-0.019200679663295785,0.7579077909957647,0.15086006622286965,0.11535423688445261,-0.03550582933841705,0.7646439496721198
file_block5,422,0.08093322058369158,0.0606564590260164,-0.02027676155767518,0.7494630584148403,0.15455453087999627,0.12544718700756832,-0.029107343872427943,0.8116694236869166
file_block5,423,0.08034541698975041,0.05802005633985043,-0.022325360649899977,0.7221327427705304,0.14761149170520707,0.11708581621270298,-0.030525675492504095,0.7932025810465589
file_block5,424,0.08138313413295506,0.060334274747954844,-0.021048859385000215,0.7413609145279064,0.1496330897275375,0.11943507057353953,-0.030198019153997974,0.7981862219848253
file_block5,425,0.08196583384518522,0.05936170184873052,-0.022604131996454696,0.7242249491519998,0.1534277312517235,0.12124979745401765,-0.03217793379770584,0.7902730260352177
file_block5,426,0.08252107625809453,0.060403236504081706,-0.022117839754012825,0.7319734453676218,0.1498950164910133,0.11868866799020751,-0.031206348500805794,0.7918119679270543
file_block5,427,0.07959225833578748,0.06013115496444892,-0.019461103371338558,0.7554899964110183,0.1482761077313116,0.11931774072012971,-0.0289583670111819,0.804699708845495
file_block5,428,0.07958625786969345,0.06109079975066942,-0.018495458119024033,0.7676048778508139,0.14995979743242147,0.12000509146647602,-0.029954705965945447,0.8002484233853119
file_block5,429,0.08001086157837475,0.059075821538359614,-0.02093504004001514,0.7383475239857504,0.14910352026758192,0.12011267964184663,-0.028990840625735287,0.8055656863519508
file_block5,430,0.08312011436080104,0.060042334860545055,-0.023077779500255982,0.722356259038795,0.15118587303677275,0.1187107047413013,-0.03247516829547145,0.785197071372055
file_block5,431,0.08480463145844072,0.06085260691313662,-0.023952024545304103,0.7175623060511499,0.15642348518431448,0.1204802879286437,-0.035943197255670786,0.7702186649701689
file_block5,432,0.08004869314620007,0.06030543170997451,-0.01974326143622556,0.7533593534104713,0.15003642470638182,0.118875071398274,-0.03116135330810782,0.792308078727616
file_block5,433,0.08187034848634799,0.05736477335662327,-0.024505575129724712,0.7006782604105923,0.15245444181787976,0.11654360744397087,-0.03591083437390889,0.7644487497661265
file_block5,434,0.0840425963049426,0.05928394040901329,-0.024758655895929307,0.7054034860358873,0.1496484052142467,0.12158690117070443,-0.028061504043542254,0.8124837748630364
file_block5,435,0.0813690441837576,0.05776944134097547,-0.023599602842782126,0.7099682922477669,0.14753862547018018,0.11506494936740155,-0.032473676102778626,0.7798971218601867
file_block5,436,0.07939251948297002,0.058151978240314484,-0.021240541242655536,0.7324616805086818,0.14682322869887152,0.11559034351991379,-0.031232885178957726,0.7872755867328384
file_block5,437,0.08334315049881594,0.06152940224927952,-0.02181374824953642,0.7382658548545471,0.1496017368635162,0.12195041247262157,-0.027651324390894613,0.8151670898305057
file_block5,438,0.08361467309032115,0.060844693483586634,-0.02276997960673452,0.7276796193158798,0.15061698198006893,0.12238601498916271,-0.028230966990906214,0.812564515503026
file_block5,439,0.08121804567229805,0.059012407225974416,-0.022205638446323638,0.7265923076268066,0.15163377211637855,0.11743710682983102,-0.03419666528654752,0.7744785689278925
file_block5,440,0.08231488635928326,0.05926823282371308,-0.02304665353557018,0.7200184006210313,0.1509769056682496,0.12122183364154966,-0.029755072026699927,0.8029164003925044
file_block5,441,0.08289596802577409,0.05904608810981221,-0.02384987991596188,0.7122914360738697,0.15444227366371308,0.12027870108160862,-0.03416357258210445,0.7787939029148641
file_block5,442,0.08157002572523724,0.06017395960912401,-0.02139606611611323,0.7376969551513403,0.15062570595562616,0.1209079745381513,-0.029717731417474857,0.8027047825008727
file_block5,443,0.07885915944612765,0.058126040327401395,-0.020733119118726252,0.7370867345740604,0.14741520897304264,0.11490846397764755,-0.03250674499539509,0.7794885261714108
file_block5,444,0.08161305327259404,0.059381197665036786,-0.02223185560755725,0.7275943649197746,0.14983174487210468,0.1169755091035904,-0.03285623576851428,0.7807124531816664
file_block5,445,0.08235716831865547,0.058234348312239476,-0.024122820006415996,0.7070950774669639,0.15182316961377515,0.11939761052197412,-0.03242555909180103,0.7864254897701792
file_block5,446,0.07829587220710624,0.05889339422836544,-0.019402477978740798,0.7521902824274329,0.14822991994785958,0.1195009525435118,-0.028728967404347786,0.806186447280999
file_block5,447,0.08201683275666782,0.05995110679407062,-0.022065725962597205,0.7309610086009655,0.1524268633360927,0.11645025759187172,-0.035976605744220985,0.7639746370369468
file_block5,448,0.08379182083342224,0.060399803832032355,-0.023392017001389882,0.7208317378865282,0.15420391949216364,0.11890878161593248,-0.03529513787623116,0.7711138731592047
file_block5,449,0.07884591794504159,0.059022819536697094,-0.019823098408344494,0.7485843411429124,0.15010660826520048,0.11635096290902164,-0.03375564535617884,0.7751221898469577
file_block5,450,0.0796771391728753,0.05919469024503613,-0.020482448927839174,0.7429319232534385,0.1492642696185149,0.11672033201554757,-0.03254393760296734,0.7819710123116393
file_block5,451,0.08246827584446428,0.060391666253352023,-0.02207660959111226,0.7323017928403294,0.15021234243469184,0.12013666216417651,-0.030075680270515326,0.7997789011006775
file_block5,452,0.08100753187696956,0.05858516286193363,-0.02242236901503593,0.7232063674142057,0.14836292145310565,0.11733951600579326,-0.031023405447312385,0.7908951566640711
file_block5,453,0.07962393443700912,0.05824732774675503,-0.02137660669025409,0.7315303891800872,0.14831143817481335,0.1163817085749768,-0.031929729599836545,0.7847116177094766
file_block5,454,0.0802260737294126,0.05703367001675503,-0.023192403712657565,0.7109118939201591,0.14618805055378067,0.11486544974193091,-0.03132260081184976,0.7857376119785756
file_block5,455,0.08018375331534469,0.05767180975636383,-0.02251194355898086,0.7192455749677065,0.14226438332839003,0.11614380334100759,-0.026120579987382445,0.816394101065422
file_block5,456,0.08011448869032163,0.059265504772680076,-0.020848983917641555,0.7397601325494042,0.14486071508537454,0.11499085899606636,-0.029869856089308186,0.7938029225404265
file_block5,457,0.08256693324458035,0.059437187601834904,-0.023129745642745447,0.7198667222599833,0.15013591944785834,0.11657420098510628,-0.03356171846275206,0.7764577684928494
file_block5,458,0.08251813965148465,0.06053281601590007,-0.02198532363558458,0.7335698098813231,0.1500060461588113,0.11800614090315525,-0.03199990525565605,0.786675896904997
file_block5,459,0.07855037221578835,0.059722554065646985,-0.018827818150141368,0.7603089887541356,0.1507624381936504,0.11984342710286232,-0.03091901109078808,0.7949156868166763
file_block5,460,0.08255071818616944,0.060041749217080984,-0.022508968969088453,0.7273316397038977,0.15307794129162267,0.12174025061625675,-0.03133769067536592,0.7952827794066962
file_block5,461,0.08329822692826865,0.06002952557848059,-0.023268701349788055,0.7206579034410223,0.15325794505990362,0.12018723499744956,-0.03307071006245406,0.7842153628673033
file_block5,462,0.08094241453052316,0.056489165720251956,-0.0244532488102712,0.6978932621159954,0.14684960735359573,0.11506923479760789,-0.03178037255598784,0.7835855803177967
file_block5,463,0.08150370716720236,0.058030982836427075,-0.023472724330775283,0.7120042124878847,0.15071455177527104,0.11488045138935032,-0.03583410038592072,0.7622386162196695
file_block5,464,0.07789126385923119,0.057181869036940454,-0.020709394822290735,0.7341242933261715,0.1458516192537674,0.11761146988572437,-0.028240149368043047,0.8063775396356212
file_block5,465,0.08074530606101643,0.05997064371335275,-0.020774662347663682,0.7427136837903,0.14946496075640572,0.11750931155393048,-0.03195564920247525,0.7861997284128969
file_block5,466,0.08415043171727561,0.058651121425542435,-0.025499310291733177,0.6969794477418193,0.14989384516386076,0.11832535334135022,-0.031568491822510536,0.7893943424561527
file_block5,467,0.08287254651092799,0.06082702497671014,-0.02204552153421785,0.7339828150289696,0.15138975497126292,0.12124791695581841,-0.03014183801544451,0.8008990897622756
file_block5,468,0.08176265853267517,0.0597954732594142,-0.02196718527326097,0.7313298556151752,0.15068503325879806,0.12273804168716274,-0.027946991571635327,0.814533726626738
file_block5,469,0.0843544569707231,0.058919640872459954,-0.02543481609826314,0.6984769150124361,0.15228854015922275,0.11976540422465014,-0.03252313593457261,0.786437404281579
file_block5,470,0.08038792372345749,0.056927645286783325,-0.023460278436674163,0.70816165724867,0.14612561346117092,0.11482872899009038,-0.03129688447108055,0.7858220490592029
file_block5,471,0.07799787988614156,0.057401511737791164,-0.02059636814835039,0.7359368206108139,0.15037207384623463,0.1196238209521909,-0.03074825289404373,0.7955188612648526
file_block5,472,0.0816335049796695,0.05933790795731053,-0.022295597022358962,0.7268817867380362,0.14996585285572597,0.11904479994947986,-0.03092105290624611,0.7938127092439264
file_block5,473,0.07933387074823078,0.05972704099741924,-0.019606829750811544,0.7528567613568913,0.14667519938004683,0.11609655131608645,-0.03057864806396038,0.791521346531606
file_block5,474,0.08082869841881636,0.059450405658011865,-0.021378292760804496,0.7355111095562591,0.14834663929198927,0.11947247604886142,-0.028874163243127846,0.8053601795029875
file_block5,475,0.08280468123342845,0.058553447391243865,-0.024251233842184583,0.7071272604284321,0.14979777138598122,0.11601546253394782,-0.0337823088520334,0.7744805644338517
file_block5,476,0.08103557632101586,0.059615363722472565,-0.0214202125985433,0.735669028703037,0.14972123451299377,0.11774333299547156,-0.03197790151752221,0.78641705953375
file_block5,477,0.08029056769152158,0.05894792622733809,-0.021342641464183493,0.7341824565722033,0.14983025290011895,0.12016498034761258,-0.029665272552506367,0.8020074585852693
file_block5,478,0.07949955654297039,0.05950968394043401,-0.01998987260253638,0.7485536590165552,0.14832521726553524,0.11828530022021151,-0.03003991704532373,0.7974726240141244
file_block5,479,0.08206936989336058,0.057504170957168255,-0.02456519893619233,0.7006776222589269,0.14980965175972297,0.11693255791509624,-0.032877093844626726,0.7805408833246759
file_block5,480,0.0817889663658529,0.060250348578569285,-0.02153861778728361,0.7366561928299898,0.15094354835498489,0.11933777166093952,-0.031605776694045365,0.7906119404340769
file_block5,481,0.0824190616902285,0.05886199861261343,-0.02355706307761507,0.7141794313777299,0.15267797662649266,0.11933365853373035,-0.03334431809276231,0.781603615468818
file_block5,482,0.08014198990684689,0.058869213010601246,-0.02127277689624564,0.7345614088073921,0.1503867359919206,0.11817028615421352,-0.03221644983770708,0.7857759886520984
file_block5,483,0.08031919224600374,0.05655157395365753,-0.023767618292346214,0.7040854417515788,0.15467845244015535,0.12126514706884922,-0.03341330537130613,0.7839821588321513
file_block5,484,0.08062699648862438,0.05907412918091129,-0.021552867307713094,0.7326842342346961,0.15048638555941932,0.1153705471404794,-0.03511583841893992,0.7666510609022869
file_block5,485,0.0816190612889676,0.05889453994313393,-0.02272452134583368,0.7215782565131592,0.15055377802476452,0.11699841362325099,-0.033555364401513535,0.7771204094526672
file_block5,486,0.08336186951878834,0.06002362570426536,-0.02333824381452298,0.7200369431582513,0.1567270558020956,0.11924928286555095,-0.03747777293654464,0.7608723475041281
file_block5,487,0.07943248509522491,0.0577272560151246,-0.021705229080100308,0.7267461913840447,0.14710621331514387,0.11554649862712649,-0.03155971468801738,0.7854630747621286
file_block5,488,0.08127261266290974,0.059346178261741774,-0.02192643440116796,0.7302112768035265,0.1495079744482006,0.11626256005475655,-0.033245414393444056,0.7776345073488876
file_block5,489,0.08023532831827584,0.058776872244534525,-0.02145845607374132,0.7325560133733066,0.1506167975208222,0.11999159252048183,-0.030625205000340355,0.7966680642236698
file_block5,490,0.07965937098401676,0.05746076502089878,-0.022198605963117984,0.7213308906547603,0.14578922358344487,0.11489695729394858,-0.03089226628949629,0.788103225120651
file_block5,491,0.08248937836804729,0.061463769162952014,-0.021025609205095275,0.7451113146800042,0.1532260691990632,0.11870261984710076,-0.03452344935196244,0.7746894537435963
file_block5,492,0.08006953622498458,0.0600630617660022,-0.020006474458982383,0.7501362515355792,0.15041944891504752,0.11929886801691002,-0.031120580898137504,0.793107998183709
file_block5,493,0.0794043888334471,0.05972373263033881,-0.019680656203108285,0.7521464935094582,0.14909528634077931,0.1182878119160149,-0.03080747442476442,0.7933705673675734
file_block5,494,0.08055220364741794,0.058287342592649526,-0.022264861054768416,0.7235971202945222,0.1485006562915108,0.11951705737664257,-0.028983598914868222,0.8048251123013717
file_block5,495,0.08263881646170432,0.059397470557066206,-0.02324134590463811,0.7187599375239311,0.15087584561905568,0.1202288871432862,-0.03064695847576948,0.796872996137834
file_block5,496,0.08100290606911194,0.059224751980611175,-0.021778154088500763,0.7311435460115521,0.14900258577129338,0.11667950258900138,-0.032323083182292,0.7830703204580272
file_block5,497,0.07913919419438377,0.05817086727858751,-0.02096832691579626,0.7350449782911195,0.14688829737078832,0.11735037709042026,-0.029537920280368057,0.7989089613735133
file_block5,498,0.07781243490737112,0.058728899504441566,-0.019083535402929556,0.7547495406660024,0.1523276064850751,0.11974952806337943,-0.03257807842169566,0.7861314887470011
file_block5,499,0.08207323895857398,0.05903385758439737,-0.023039381374176604,0.7192826594085606,0.14951645511199904,0.11845244133269094,-0.031064013779308106,0.7922368226558152
file_block5,500,0.07790778534481707,0.05764313982506096,-0.02026464551975611,0.7398893392994613,0.1484500949950538,0.11806548958170669,-0.0303846054133471,0.7953210780069929
file_block5,501,0.08412526906259175,0.05961370092610797,-0.024511568136483787,0.7086301368231412,0.15454988721504914,0.12121464107745311,-0.03333524613759603,0.7843075350083462
file_block5,502,0.08154171288248362,0.05823894654660522,-0.023302766335878397,0.7142227516184029,0.1522955359805167,0.12294904321818892,-0.029346492762327786,0.8073056273554722
file_block5,503,0.08215325366126386,0.05983967236599008,-0.022313581295273777,0.7283907782000012,0.14822767401419404,0.11686169635558023,-0.031365977658613806,0.7883932412269368
file_block5,504,0.08089333083802991,0.05845699248639815,-0.02243633835163176,0.7226429160575015,0.1535938952976981,0.12016647776704115,-0.03342741753065695,0.7823649340628583
file_block5,505,0.08163721638598849,0.06084261672059777,-0.02079459966539072,0.7452803931105161,0.14889889193011355,0.11604437692039847,-0.03285451500971508,0.7793501712213177
file_block5,506,0.08210531816400539,0.05925886399791828,-0.02284645416608711,0.7217420908052349,0.148985690309824,0.11793020252375742,-0.03105548778606658,0.7915538886890079
file_block5,507,0.08179263158905581,0.06110757955507009,-0.02068505203398572,0.747103722766716,0.14843379503998216,0.12123126132910399,-0.027202533710878177,0.8167362513129109
file_block5,508,0.08091684071282168,0.058820533617907796,-0.022096307094913885,0.7269257314020094,0.14872885752063497,0.11716490793097285,-0.03156394958966212,0.7877752164855911
file_block5,509,0.07953845925114575,0.05936988137006267,-0.02016857788108308,0.7464298646092701,0.1440132952289636,0.11548048875831318,-0.02853280647065043,0.8018738032118025
file_block5,510,0.08247644545754851,0.058644284313156936,-0.023832161144391573,0.711042819411292,0.15138930654081803,0.11616957210719088,-0.03521973443362715,0.7673565244574847
file_block5,511,0.08054248191036015,0.06095766732793701,-0.019584814582423136,0.7568387002995502,0.15274270327537795,0.12360192975812047,-0.02914077351725748,0.8092165917430443
file_block5,512,0.0814598455089171,0.05985666706532403,-0.021603178443593073,0.7347996634583814,0.14965821953649336,0.12293979380313108,-0.026718425733362278,0.8214703755255679
file_block5,513,0.08179654673005676,0.059038545814129144,-0.02275800091592762,0.7217730842472716,0.14700869622474125,0.1157412340166355,-0.03126746220810575,0.7873087578417453
file_block5,514,0.08176883640384508,0.058191024276491546,-0.023577812127353534,0.7116528354285739,0.1514000289151262,0.1198463086579448,-0.031553720257181395,0.7915870922662096
file_block5,515,0.08211948575146732,0.06017511446348483,-0.021944371287982496,0.7327751009742485,0.1483352448054625,0.12044228055125453,-0.02789296425420798,0.8119599674993706
file_block5,516,0.07989923318160279,0.0599441025761914,-0.01995513060541139,0.7502462813372011,0.14982699521677856,0.11530994829413894,-0.03451704692263961,0.7696206423101637
file_block5,517,0.07946192255660829,0.05726033540030838,-0.022201587156299912,0.7206009313393643,0.1478048022231256,0.11678366893374921,-0.031021133289376376,0.7901209377314616
file_block5,518,0.0791804729755157,0.06071021262789018,-0.01847026034762552,0.7667321291028797,0.15048490691056052,0.12454236127896146,-0.025942545631599062,0.8276069928593052
file_block5,519,0.08159329323515799,0.05715851133069275,-0.024434781904465235,0.7005295296263829,0.15018130824342843,0.1159164592002566,-0.03426484904317183,0.7718434507999355
file_block5,520,0.0815557804529482,0.060387449090764135,-0.021168331362184066,0.7404435192132498,0.1517515196220082,0.12054757203180447,-0.03120394759020373,0.794374727396942
file_block5,521,0.08019464673130704,0.05875940589633174,-0.0214352408349753,0.7327098290389097,0.14861155793579223,0.11840309217374519,-0.03020846576204704,0.7967286920234116
file_block5,522,0.08059879563933524,0.060005039802858845,-0.020593755836476393,0.7444905265256114,0.14956039683532732,0.12147321204788653,-0.028087184787440794,0.8122017233053611
file_block5,523,0.08249313259375302,0.06117405523057681,-0.021319077363176203,0.7415654286258655,0.1528435969205073,0.12257629226296976,-0.030267304657537547,0.8019720468023314
file_block5,524,0.08214614270429928,0.060734409403488475,-0.021411733300810802,0.7393458463669265,0.15428343219745314,0.12384950819421413,-0.030433924003239007,0.8027401674323045
file_block5,525,0.08017501011553617,0.05940599524083488,-0.020769014874701286,0.7409540099243879,0.15010784407356317,0.11982784070668344,-0.030280003366879735,0.7982783407905023
file_block5,526,0.08177310508332086,0.05806583167141554,-0.023707273411905323,0.7100847107646294,0.14995093864590678,0.11697345994161655,-0.03297747870429023,0.7800782108996127
file_block5,527,0.08282788922489201,0.060229650322942065,-0.022598238901949945,0.7271663069839698,0.14944180349888633,0.12140599872191889,-0.028035804776967446,0.8123965040533229
file_block5,528,0.07864989932831513,0.058923082260078044,-0.01972681706823709,0.7491819158484906,0.14741827805530333,0.11823196440357331,-0.029186313651730023,0.802016995200684
file_block5,529,0.07825765156235648,0.05739302735909046,-0.02086462420326602,0.7333855056123058,0.1483878877631027,0.11564976665280843,-0.032738121110294255,0.7793747077082208
file_block5,530,0.08171686227344667,0.06099684477863663,-0.02072001749481004,0.7464413473748506,0.15047241003398212,0.12390680682097002,-0.0265656032130121,0.8234519988945972
file_block5,531,0.08024444161751289,0.0594287204083339,-0.02081572120917899,0.7405960987503952,0.1497866720330702,0.1203939067373252,-0.029392765295745,0.8037691545129222
file_block5,532,0.07886875037019818,0.05996228375974673,-0.01890646661045145,0.7602793689299335,0.15279723573211737,0.11836031272677727,-0.0344369230053401,0.7746233900087396
file_block5,533,0.08120076171003407,0.0605820222563122,-0.02061873945372187,0.7460770192359663,0.1506735598026193,0.12050871479158398,-0.030164845011035307,0.7998000110268124
file_block5,534,0.08103635999573612,0.05841606707064213,-0.022620292925093988,0.7208624261222469,0.14932498246585113,0.11504802191801783,-0.0342769605478333,0.7704539456036967
file_block5,535,0.07955939634370794,0.05932697220506095,-0.02023242413864699,0.7456940968827864,0.14745935352957595,0.11729348053224949,-0.030165872997326468,0.7954292333766668
file_block5,536,0.08128159245141532,0.05878086078895086,-0.02250073166246446,0.7231755556965264,0.14560115362359138,0.1149946861589079,-0.030606467464683484,0.7897924109598237
file_block5,537,0.08137810542076061,0.05666800330189983,-0.02471010211886078,0.6963544187825622,0.15222320333174538,0.11848093146879518,-0.0337422718629502,0.7783368689895819
file_block5,538,0.08154214349952023,0.06015807129501687,-0.021384072204503356,0.7377543526970299,0.15111425480972676,0.12430315670773028,-0.026811098101996486,0.8225773065833182
file_block5,539,0.08372175169735128,0.061356545927658476,-0.02236520576969281,0.7328626633310112,0.14881261222600287,0.12331785980949861,-0.025494752416504257,0.8286788193880692
file_block5,540,0.08099551684324927,0.059918258936119496,-0.02107725790712977,0.7397725364488924,0.14734246718445096,0.11945097743515733,-0.027891489749293633,0.8107029814128359
file_block5,541,0.08362546901414449,0.062255572176786095,-0.02136989683735839,0.7444570764231664,0.15336859567899475,0.12145393426262867,-0.03191466141636608,0.791908758927646
file_block5,542,0.0812496596626452,0.060088146890206265,-0.02116151277243894,0.7395495210650339,0.14809120347553711,0.11541982708699673,-0.03267137638854038,0.7793834095356157
file_block5,543,0.08148190116970959,0.05894149932700345,-0.022540401842706136,0.7233692204142459,0.15489193859640601,0.12099889922203166,-0.03389303937437435,0.7811826768939363
file_block5,544,0.07902277311656247,0.05857622292815425,-0.02044655018840822,0.7412574960100609,0.14631574340997267,0.11800137141236791,-0.028314371997604754,0.806484447006713
file_block5,545,0.07949707171545771,0.05954079996504303,-0.01995627175041468,0.7489684673940725,0.14769630281188037,0.12332411209840437,-0.024372190713476002,0.8349844224298649
file_block5,546,0.08132439598448764,0.05905647345173222,-0.02226792253275542,0.7261839788271781,0.1500191154958966,0.11874992498143673,-0.03126919051445988,0.7915652921222884
file_block5,547,0.0813790427300835,0.05914469957644241,-0.022234343153641097,0.7267804780232233,0.14803413269072138,0.1143231536602712,-0.033710979030450186,0.7722756338845146
file_block5,548,0.08016695714196223,0.058669871140081396,-0.021497086001880834,0.7318460526846104,0.14881710803364592,0.12106615040376077,-0.02775095762988515,0.8135230687078601
file_block5,549,0.08261763888133472,0.059889447146213526,-0.022728191735121195,0.7248990404123491,0.15128620665752238,0.11979700684582768,-0.03148919981169469,0.7918567693155326
file_block5,550,0.08126997356010726,0.05948040178542503,-0.02178957177468223,0.7318865649861857,0.14788018875568065,0.12164313000565931,-0.026237058750021344,0.8225789473844347
file_block5,551,0.08334022890139957,0.06073494782558605,-0.02260528107581352,0.7287590714136627,0.15116145456216148,0.12024584554335115,-0.03091560901881034,0.7954795479551499
file_block5,552,0.07933490675875035,0.058536100646931925,-0.020798806111818426,0.7378353745966382,0.1490126031740926,0.11842665649719483,-0.030585946676897763,0.7947425518017159
file_block5,553,0.08157352187399261,0.0588859848041697,-0.022687537069822912,0.7218762099683699,0.14819606390718826,0.11803802847195716,-0.0301580354352311,0.7964990793944543
file_block5,554,0.0814374766399773,0.056976583807657306,-0.024460892832319996,0.6996359189706002,0.1510857607632667,0.12006712676826795,-0.031018633994998768,0.794695186109555
file_block5,555,0.08090836781407018,0.05972971890671563,-0.021178648907354554,0.7382390786077441,0.15073923483092863,0.11927870220654177,-0.03146053262438686,0.7912916789071308
file_block5,556,0.08262555080903326,0.05918571245999172,-0.023439838349041543,0.7163124709060467,0.14899744708247942,0.12111994235590158,-0.027877504726577837,0.8128994471217624
file_block5,557,0.0795463437102323,0.059042337193207416,-0.02050400651702488,0.7422382279226319,0.1507426948203046,0.12358429654579127,-0.027158398274513343,0.8198360570182989
file_block5,558,0.07778403584355816,0.05824788597199151,-0.019536149871566648,0.7488411386771135,0.14366759552692232,0.11708510949348144,-0.026582486033440877,0.8149722911701442
file_block5,559,0.08050891892367039,0.0587106715594927,-0.021798247364177688,0.7292443165850436,0.1484615939117863,0.11612533188660028,-0.03233626202518601,0.782191062528941
file_block5,560,0.08210801512938135,0.05931796846865043,-0.022790046660730916,0.7224382220807604,0.1498661678065179,0.11665316669264178,-0.03321300111387612,0.7783822619875409
file_block5,561,0.08436703116181787,0.061079364172438554,-0.02328766698937932,0.7239719512624185,0.15077609622028765,0.11823868469714463,-0.03253741152314302,0.7842004645377936
file_block5,562,0.07672107452042383,0.05598732532487586,-0.02073374919554797,0.729751579665005,0.14677074603455892,0.11537135224110645,-0.03139939379345247,0.7860650392411366
file_block5,563,0.07968998648506527,0.056963804188550994,-0.022726182296514276,0.7148175912820188,0.15027982735682013,0.11469248489178184,-0.035587342465038294,0.7631928177523073
file_block5,564,0.08075367206951833,0.060073671349889564,-0.02068000071962877,0.74391256534036,0.14913815361712138,0.1180299299307939,-0.03110822368632747,0.7914133779194368
file_block5,565,0.07889471189605476,0.05660505979183483,-0.02228965210421993,0.7174759680523713,0.14833172060772792,0.11785961735630049,-0.030472103251427435,0.7945678569183949
file_block5,566,0.08167257464711844,0.05853356556116665,-0.02313900908595179,0.7166856905646947,0.1502808382814732,0.11564587187584671,-0.034634966405626494,0.7695317194015391
file_block5,567,0.08141664650531288,0.059452266349588424,-0.02196438015572446,0.7302224901354644,0.1515144277788646,0.11904001617423068,-0.03247441160463391,0.7856678596177631
file_block5,568,0.08066340846481819,0.059330424957035166,-0.021332983507783024,0.7355308446073472,0.15027968432480618,0.11777073809768818,-0.032508946227118,0.7836770394269995
file_block5,569,0.08378998605536131,0.060301797083414904,-0.023488188971946405,0.7196778508063314,0.15365787145499832,0.11971138533746511,-0.0339464861175332,0.7790774673884827
file_block5,570,0.0824054178217806,0.06000693988566167,-0.022398477936118925,0.7281916829235616,0.15281779287558425,0.12022026274419786,-0.03259753013138639,0.7866902176899945
file_block5,571,0.0788084720924345,0.05713864553799082,-0.021669826554443675,0.7250317639831017,0.14541418158223254,0.11713739082613936,-0.028276790756093184,0.8055431014470724
file_block5,572,0.08143958854746143,0.058467366247483166,-0.022972222299978265,0.7179231537179183,0.15132509098139849,0.1163829795113621,-0.03494211147003638,0.7690924139319922
file_block5,573,0.0815334259418847,0.05826029385326649,-0.023273132088618212,0.7145571669562026,0.14825598614501603,0.11737217214447886,-0.030883814000537177,0.7916858886876359
file_block5,574,0.08086836024640896,0.05895416871015993,-0.02191419153624903,0.7290140239090337,0.1481251295383293,0.11697317259534071,-0.031151956942988585,0.7896916138397191
file_block5,575,0.07963126631824752,0.056644815957929875,-0.022986450360317642,0.7113388820359586,0.14766986168311735,0.11502777785535337,-0.032642083827763985,0.7789522963202189
file_block5,576,0.08150124207088034,0.06007492364626399,-0.021426318424616356,0.7371043939921526,0.14977061532059519,0.11465169303406665,-0.035118922286528534,0.7655152700591243
file_block5,577,0.08240542961546458,0.0599700172299019,-0.022435412385562688,0.7277435177481029,0.15171389165163437,0.12224436923933939,-0.029469522412294988,0.8057559390806286
file_block5,578,0.08063518008407256,0.05891277509458118,-0.02172240498949138,0.7306088364056114,0.1490028377863001,0.11682047759672573,-0.03218236018957438,0.7840151189890067
file_block5,579,0.08335300448854292,0.058830921641163214,-0.02452208284737971,0.7058044518269245,0.1511343342491546,0.11820970755282,-0.0329246266963346,0.7821499207317363
file_block5,580,0.08088297490057202,0.060227465023578515,-0.0206555098769935,0.7446247507292487,0.15334218825526064,0.12337268496332449,-0.02996950329193615,0.8045580043370224
file_block5,581,0.08044468117994723,0.05857215278186354,-0.021872528398083686,0.7281047288986466,0.14895062394252773,0.11836371229692874,-0.030586911645598985,0.7946506645222186
file_block5,582,0.08387315230545055,0.05952952584416075,-0.024343626461289798,0.7097566290028685,0.1509234181623096,0.12133788153698909,-0.029585536625320527,0.8039698743537405
file_block5,583,0.07909341262264655,0.05841837687674894,-0.02067503574589761,0.7385997763867153,0.14956898751428127,0.11715431496365344,-0.03241467255062783,0.7832794545892559
file_block5,584,0.08069555769172974,0.05787276054903404,-0.0228227971426957,0.7171740577110511,0.15133269661362203,0.11763797852865913,-0.033694718084962896,0.777346741061575
file_block5,585,0.08128309819664828,0.06057413414607336,-0.020708964050574916,0.7452242285293592,0.15258714186289907,0.12249461467899316,-0.030092527183905912,0.8027846460945948
file_block5,586,0.08112496334800194,0.05983763444446729,-0.02128732890353465,0.7375982924982246,0.14710624749762768,0.11763787882377943,-0.02946836867384825,0.7996796929081923
file_block5,587,0.08036418741821064,0.059382134969955286,-0.02098205244825535,0.7389129023470872,0.14773420491314945,0.11864834038438377,-0.029085864528765687,0.8031203095730959
file_block5,588,0.08257305248298406,0.05988458785502092,-0.022688464627963145,0.725231610728711,0.15082520046325476,0.11803999069071706,-0.032785209772537696,0.7826277726014023
file_block5,589,0.08010156058801023,0.05970300054274745,-0.020398560045262776,0.7453412905376519,0.15127126552478265,0.11774319301457055,-0.0335280725102121,0.7783579558622835
file_block5,590,0.08039286910859104,0.060102697633333355,-0.02029017147525769,0.7476122982020875,0.14910010824491302,0.1196145982620973,-0.02948550998281571,0.8022435373797142
file_block5,591,0.08050577091335372,0.06063187438925396,-0.01987389652409976,0.7531369950423862,0.14992307190420587,0.11808100900156208,-0.031842062902643783,0.7876106559303332
file_block5,592,0.08080074112692519,0.06063802546544097,-0.02016271566148422,0.7504637286703623,0.15292686073866243,0.12453759601607786,-0.028389264722584573,0.8143605081183276
file_block5,593,0.08185231008250309,0.05942929919716027,-0.022423010885342813,0.726055246788496,0.15140657649726064,0.1189750191475034,-0.03243155734975724,0.7857982255457443
file_block5,594,0.0817431661740457,0.05907825996953552,-0.022664906204510178,0.7227302627812021,0.14849995827200552,0.11829935314620672,-0.030200605125798793,0.7966288645651959
file_block5,595,0.08044439922910251,0.05872163820372672,-0.021722761025375792,0.7299655260832987,0.14848877276920316,0.11775343253799579,-0.030735340231207373,0.7930123627664466
file_block5,596,0.08215815454771715,0.06094603378367977,-0.021212120764037376,0.7418135682232558,0.15040034292220353,0.1200357612082113,-0.030364581713992228,0.7981082946752409
file_block5,597,0.08231783062641847,0.06046777837216443,-0.021850052254254036,0.7345647706216198,0.14721269427622966,0.116782338641145,-0.030430355635084658,0.7932898668508492
file_block5,598,0.07871097905530802,0.05831371366926559,-0.020397265386042432,0.7408587006431486,0.14347292339843812,0.11687305650921169,-0.02659986688922643,0.8146000913680692
file_block5,599,0.0830866600566528,0.06064804502499221,-0.022438615031660593,0.7299372123471953,0.15268251868124072,0.12083107281816176,-0.03185144586307896,0.7913877362111372
file_block5,600,0.08164501263847909,0.06089694516452287,-0.020748067473956223,0.7458746492473722,0.15441368905665223,0.12155989755859815,-0.03285379149805408,0.7872352399663188
file_block5,601,0.07887489376448605,0.05839403346773661,-0.020480860296749434,0.7403373961059954,0.14749503111869108,0.11613816436705542,-0.03135686675163567,0.7874039110754694
file_block5,602,0.0820900948210455,0.05862223781103551,-0.023467857010009988,0.7141207223457425,0.15096495789450398,0.12166706807447526,-0.02929788982002872,0.8059292021894087
file_block5,603,0.07945188123828444,0.0573309762047489,-0.02212090503353554,0.7215811043266219,0.146219557686859,0.12006905045945443,-0.026150507227404557,0.8211558861133476
file_block5,604,0.08159063007604106,0.059706235670361485,-0.021884394405679575,0.7317780928363502,0.14633345283435165,0.11904061764016215,-0.0272928351941895,0.8134887500735407
file_block5,605,0.08087993509077022,0.06012341579078941,-0.020756519299980812,0.7433662715395838,0.1537417998942111,0.11766420601183988,-0.03607759388237122,0.7653364673290152
file_block5,606,0.08148397018333518,0.057953230194086144,-0.02353073998924904,0.7112224657646656,0.14880357955071422,0.12145331386090154,-0.027350265689812678,0.8161988725513734
file_block5,607,0.08268457887697822,0.05916118368729427,-0.02352339518968395,0.7155044446113331,0.1502392578421653,0.11995649575251409,-0.030282762089651208,0.7984364238442596
file_block5,608,0.08346583707454797,0.05932313026785777,-0.024142706806690194,0.7107474428714229,0.14858320643272202,0.11536666050301199,-0.03321654592971003,0.7764448168323089
file_block5,609,0.08231942452035639,0.05807885621322161,-0.024240568307134773,0.7055303963994496,0.15133038506895463,0.11565319322180286,-0.035677191847151776,0.7642430379669275
file_block5,610,0.08102748905764082,0.05838175460261107,-0.022645734455029744,0.7205178795689922,0.1484615272300332,0.12221911677898056,-0.026242410451052633,0.8232376364390256
file_block5,611,0.07968787166096261,0.058518541523777355,-0.021169330137185256,0.7343469000244907,0.14939053617460465,0.11639314826858813,-0.03299738790601653,0.7791199579908472
file_block5,612,0.08368752486114246,0.06059758832414565,-0.023089936536996813,0.724093446719705,0.15182773846155354,0.1196365214957399,-0.03219121696581363,0.7879753904523499
file_block5,613,0.08219774465887882,0.05857124130282552,-0.023626503356053298,0.7125650654515712,0.1548375436051765,0.1166376635508052,-0.03819988005437129,0.7532905833757091
file_block5,614,0.08169598178122155,0.05797932404460958,-0.023716657736611968,0.7096961537211929,0.1498061571336623,0.11911095186494638,-0.030695205268715914,0.7951005095115778
file_block5,615,0.0796484785772794,0.05859602142799224,-0.021052457149287163,0.7356828714705342,0.14757079922121372,0.11594433367489011,-0.031626465546323604,0.785686153946253
file_block5,616,0.08240651256897802,0.05858717699470521,-0.023819335574272807,0.710953238624982,0.1539425227420178,0.1248881025230038,-0.029054420219014013,0.8112644920877098
file_block5,617,0.08317133841212096,0.059842007330295266,-0.023329331081825694,0.7195027574736516,0.15126429379004366,0.11821005817407529,-0.033054235615968375,0.7814802503104402
file_block5,618,0.08012321179658118,0.05947968532495393,-0.020643526471627247,0.7423527338864354,0.1493016423683908,0.11887211340410268,-0.03042952896428812,0.7961875805143155
file_block5,619,0.08132299195459079,0.05848454209596582,-0.022838449858624973,0.7191636791797142,0.1496596053297339,0.11870592169754238,-0.03095368363219153,0.7931727565097236
file_block5,620,0.0818768401736255,0.05899798418802921,-0.02287885598559629,0.7205698713203869,0.14960255635542652,0.12049340541305252,-0.029109150942374,0.8054234389336481
file_block5,621,0.08202850809302459,0.060710229149461226,-0.021318278943563362,0.7401113412987187,0.15017229664630818,0.11842044093208401,-0.031751855714224175,0.7885638268621048
file_block5,622,0.0807565167385685,0.05924433260150898,-0.02151218413705952,0.7336167407182693,0.1422058011472246,0.11774830490717379,-0.024457496240050794,0.8280133718684927
file_block5,623,0.07932422367250938,0.06088467812174329,-0.018439545550766094,0.7675420609611776,0.15051681575394235,0.12256670977020719,-0.027950105983735166,0.8143057581723848
file_block5,624,0.08241557796114737,0.059444909053718444,-0.02297066890742893,0.7212824386397213,0.15041130181000184,0.12196682939840668,-0.02844447241159516,0.810888729308879
file_block5,625,0.07972631303854721,0.05970997709204573,-0.020016335946501485,0.7489368919289708,0.14839307820343525,0.11511884310847427,-0.03327423509496098,0.775769628221172
file_block5,626,0.08000531029611549,0.058661250024040004,-0.021344060272075485,0.7332169553111301,0.14950083996219704,0.12121410936494846,-0.02828673059724858,0.8107921627436929
file_block5,627,0.07910179778442275,0.0601192385894736,-0.01898255919494915,0.7600236691625822,0.14946812434066098,0.11980624392452852,-0.029661880416132463,0.8015504606953624
file_block5,628,0.07896325313987644,0.05753395576428576,-0.021429297375590683,0.7286168372821397,0.14832508235693515,0.11276228237852874,-0.035562799978406404,0.7602374499760821
file_block5,629,0.08172384391233337,0.0597623357858537,-0.021961508126479665,0.7312717185692077,0.15151748944564775,0.12396799357785,-0.027549495867797744,0.8181761328768565
file_block5,630,0.08013291465189551,0.05903595447825521,-0.0210969601736403,0.7367254109589378,0.1506844148330491,0.11555374197253027,-0.035130672860518825,0.7668592807063566
file_block5,631,0.0809695101540017,0.05985964113038606,-0.021109869023615634,0.7392861957116295,0.14377889537490773,0.11998365072252842,-0.02379524465237931,0.83450113043133
file_block5,632,0.08138615787782605,0.06024711650147235,-0.021139041376353696,0.7402624484609919,0.15061898457691228,0.11871624399082754,-0.031902740586084735,0.7881891139042045
file_block5,633,0.0803544911467198,0.06025119322146855,-0.02010329792525125,0.7498173700267169,0.1509670155144615,0.12013556030177468,-0.030831455212686834,0.7957735661156168
file_block5,634,0.08183740256389603,0.05759680861048625,-0.02424059395340978,0.7037956582934863,0.1504568032066374,0.11308873373233833,-0.037368069474299076,0.751635893639334
file_block5,635,0.08140213345745707,0.05901746548633036,-0.02238466797112671,0.7250112863095224,0.15394481525959547,0.11742286420524728,-0.03652195105434819,0.76275946031205
file_block5,636,0.08051113593582686,0.05888799130480345,-0.02162314463102341,0.731426660676374,0.14979027344577825,0.11874338915143078,-0.031046884294347474,0.7927309725782298
file_block5,637,0.08253309479697009,0.06108897493634554,-0.02144411986062455,0.7401755027679903,0.15453794014971817,0.1229633108115878,-0.031574629338130364,0.7956836404863395
file_block5,638,0.08417790667387082,0.061637348593743015,-0.022540558080127802,0.7322271487760281,0.15147402973669127,0.11891630964128508,-0.032557720095406195,0.7850607120441597
file_block5,639,0.08095732056324124,0.05669916217516521,-0.02425815838807603,0.7003586801131055,0.14739919183136552,0.11567690690470649,-0.03172228492665903,0.7847865749294513
file_block5,640,0.08112186823537075,0.05948587445649154,-0.02163599377887921,0.7332902428220275,0.14761847615037957,0.11684298764096536,-0.03077548850941421,0.7915200772153813
file_block5,641,0.08085080410408327,0.05841062540154014,-0.022440178702543126,0.7224495297083902,0.14876000647777055,0.11612980538459518,-0.03263020109317537,0.7806520592075172
file_block5,642,0.08020726331200524,0.057230046184602194,-0.022977217127403048,0.7135269777498584,0.14807537434591864,0.1136633365609148,-0.03441203778500383,0.7676045869408783
file_block5,643,0.08406216840742568,0.060694486963003814,-0.02336768144442187,0.7220190498636047,0.15026519849928785,0.11953656603951272,-0.030728632459775126,0.7955039971552644
file_block5,644,0.08043869566431672,0.059740786792460844,-0.020697908871855873,0.7426871644185842,0.15164080072633987,0.11765410908892869,-0.03398669163741118,0.7758736997258039
file_block5,645,0.08004830799423493,0.05860287825711435,-0.021445429737120582,0.7320939033631407,0.14687651864396584,0.11829112780997258,-0.02858539083399325,0.8053780747398751
file_block5,646,0.08075898198975155,0.058214122287821704,-0.022544859701929848,0.7208377427938502,0.1498229326429781,0.12136299272754597,-0.028459939915432136,0.81004283247311
file_block5,647,0.07843615630201953,0.05827615178688243,-0.020160004515137095,0.7429756190817063,0.1454564502364939,0.11500447004044731,-0.030451980196046585,0.7906453777296538
file_block5,648,0.07998935637233832,0.05948291344616418,-0.020506442926174144,0.7436353553000257,0.1495403467379734,0.11739370071954817,-0.03214664601842522,0.785030282999457
file_block5,649,0.0827223251290719,0.060428506438623186,-0.02229381869044872,0.7304981617034627,0.14860174300563098,0.11451847510811718,-0.0340832678975138,0.7706401876038407
file_block5,650,0.08184690447474081,0.060426656541326014,-0.0214202479334148,0.7382888446315595,0.1488740805696215,0.12160179887926979,-0.027272281690351716,0.8168097389014757
file_block5,651,0.08252384127119439,0.0604170760833212,-0.02210676518787319,0.7321166241495628,0.15018805894064943,0.12034848224449782,-0.029839576696151615,0.8013185808071235
file_block5,652,0.08163402207368813,0.06019623697162816,-0.021437785102059966,0.7373915365494446,0.15275183893306227,0.11927868633936473,-0.03347315259369754,0.7808657962647122
file_block5,653,0.07858078860626404,0.05772013210337011,-0.020860656502893926,0.7345323599713655,0.14893750474252773,0.11672826996551029,-0.03220923477701744,0.7837399328483553
file_block5,654,0.08225529402732108,0.05880905838559651,-0.023446235641724572,0.7149577310618219,0.14755957570732595,0.11723968966068318,-0.030319886046642763,0.7945244427458905
file_block5,655,0.08031491635304829,0.05814252999996898,-0.022172386353079304,0.7239319000767687,0.14999557755727688,0.12280104528103165,-0.02719453227624523,0.818697772833597
file_block5,656,0.08017295577428613,0.06012724493404443,-0.020045710840241697,0.7499691679488888,0.14919364581888914,0.11835417153672938,-0.03083947428215976,0.793292307370806
file_block5,657,0.08240778576101847,0.05761903564414088,-0.02478875011687759,0.6991940762883175,0.15135026207123856,0.11972479896487491,-0.03162546310636365,0.791044543474408
file_block5,658,0.08242093454174595,0.05953933963046249,-0.022881594911283464,0.7223812731740623,0.15141232549755573,0.1219743413985906,-0.029437984098965128,0.8055773596883277
file_block5,659,0.08190833888844389,0.05797927113547086,-0.023929067752973023,0.7078555361064821,0.14924072798007929,0.11503442014060343,-0.034206307839475855,0.7707977687964526
file_block5,660,0.07858190447196334,0.058802035632273375,-0.019779868839689962,0.7482897752020368,0.14943530133375435,0.1202019108465484,-0.029233390487205954,0.8043742661453533
file_block5,661,0.08097811831671263,0.060210897232969234,-0.020767221083743397,0.7435452747553241,0.15097236524436677,0.1156576169486501,-0.03531474829571668,0.7660846855081356
file_block5,662,0.07948058752796347,0.05867547485574747,-0.020805112672216,0.7382365515995187,0.14815521609218682,0.11865527568481539,-0.02949994040737143,0.8008849017572514
file_block5,663,0.07932271895748536,0.057132692604730424,-0.02219002635275493,0.7202563572657144,0.15046732831960652,0.11648848442986423,-0.03397884388974229,0.7741779277321381
file_block5,664,0.08066693156454711,0.060638054186288315,-0.0200288773782588,0.7517089470270438,0.15048820674037766,0.1190478059183572,-0.03144040082202046,0.7910773109532665
file_block5,665,0.08298391836850756,0.06015559261742446,-0.022828325751083102,0.7249066301050149,0.15390822369135904,0.12420993343260038,-0.029698290258758656,0.807038964218609
file_block5,666,0.07990951773001302,0.0596268695568848,-0.02028264817312822,0.7461798200102225,0.15123425429877232,0.11856829672899659,-0.032665957569775736,0.7840042408299763
file_block5,667,0.07977526715336157,0.059674523351587,-0.020100743801774568,0.7480328863940687,0.15002208799642086,0.12352950880483696,-0.026492579191583904,0.8234088090267351
file_block5,668,0.08221740340814933,0.05980140501700972,-0.022415998391139606,0.7273570136986623,0.1484338586367758,0.11907603563610374,-0.029357823000672065,0.8022161299969169
file_block5,669,0.08301404054230896,0.059849527426730185,-0.023164513115578773,0.7209566843843392,0.15320673219057557,0.12109205117810636,-0.03211468101246921,0.7903833561796658
file_block5,670,0.08144285484246926,0.059816922111112704,-0.021625932731356552,0.7344649475612504,0.15074806705535385,0.12075251665664327,-0.029995550398710574,0.8010219899688904
file_block5,671,0.08094560420580886,0.05953938443274302,-0.021406219773065838,0.7355480883354791,0.15250698965604068,0.1200369057414156,-0.03247008391462508,0.7870911753759152
file_block5,672,0.07931118510648374,0.058396021479207104,-0.02091516362727664,0.7362898612699357,0.1452829904349478,0.11745088284498378,-0.027832107589964017,0.8084283128627767
file_block5,673,0.08300649632038669,0.060748077308221175,-0.022258419012165513,0.731847264986912,0.1536178006908964,0.11955565549966883,-0.034062145191227564,0.7782669388701505
file_block5,674,0.08059075260280626,0.05751737370543631,-0.023073378897369955,0.7136969422399151,0.1445055962154743,0.11843625733758234,-0.02606933887789195,0.8195963370233801
file_block5,675,0.08032784306046596,0.06153172281768255,-0.01879612024278341,0.7660074075606036,0.1515641109261018,0.11961064172123906,-0.03195346920486275,0.7891752275019623
file_block5,676,0.08200579931013481,0.05895321849833692,-0.02305258081179789,0.7188908466751704,0.15078488187413372,0.12033158855115733,-0.030453293322976388,0.798034836487142
file_block5,677,0.08164567653484715,0.058963470209284045,-0.022682206325563108,0.7221872940708364,0.15127501341934346,0.11658324019849779,-0.03469177322084567,0.7706708303196247
file_block5,678,0.08224290428261509,0.06020294531567217,-0.02203995896694292,0.7320138538492513,0.1484659654874526,0.11781648358344048,-0.030649481904012135,0.7935588685030818
file_block5,679,0.0790252111972467,0.060351384757774955,-0.018673826439471748,0.7636978610172653,0.14921548880300214,0.1201172669329716,-0.02909822187003054,0.8049919475286731
file_block5,680,0.08143359512277037,0.0594550803917317,-0.02197851473103867,0.7301050666140483,0.15111493772459395,0.120241372654501,-0.03087356507009295,0.7956948165749184
file_block5,681,0.08325531366479277,0.06238438689352004,-0.02087092677127273,0.7493141776475142,0.14954056747696362,0.12126692596936517,-0.02827364150759845,0.8109299571037542
file_block5,682,0.08364265176005724,0.05853340017612191,-0.02510925158393533,0.6998032576015719,0.15165396791492877,0.11916964133477806,-0.03248432658015071,0.7857996923735422
file_block5,683,0.07970730758038666,0.0587931389143042,-0.020914168666082464,0.7376129077626912,0.1490272801823379,0.11657994055798983,-0.03244733962434808,0.782272483369165
file_block5,684,0.07750126385986005,0.05785852382385113,-0.019642740036008917,0.7465494230967966,0.14833631680758488,0.11664875556975333,-0.03168756123783155,0.7863802882544588
file_block5,685,0.07943771499227523,0.06064752280228005,-0.018790192189995177,0.76346006186328,0.14866858877388497,0.12391518807339798,-0.024753400700486997,0.8334994573861512
file_block5,686,0.0809078960328915,0.06081086226560155,-0.020097033767289954,0.7516060266958382,0.14771123660315316,0.1180396326387141,-0.02967160396443906,0.7991242599629982
file_block5,687,0.08185422213704341,0.060064267454355134,-0.021789954682688274,0.7337955927770382,0.15191641944173906,0.11900950764659457,-0.03290691179514449,0.783388050376184
file_block5,688,0.08202364192250544,0.059918144222915935,-0.022105497699589506,0.7304984614012334,0.14878698256431566,0.1183455806236625,-0.03044140194065316,0.7954027871524691
file_block5,689,0.08319390561036005,0.061458634722705845,-0.021735270887654208,0.7387396260796832,0.15243061070355388,0.12224753988138286,-0.030183070822171018,0.8019881263818402
file_block5,690,0.0818391131963032,0.06031424443821684,-0.02152486875808636,0.7369855571814936,0.152642490126063,0.12173732448278557,-0.030905165643277444,0.7975323540794326
file_block5,691,0.083871513387108,0.05993431832943764,-0.023937195057670356,0.7145968387718424,0.15195908876182654,0.12162253804259693,-0.03033655071922961,0.8003636967922486
file_block5,692,0.08183780906044642,0.06048641968082781,-0.021351389379618613,0.7391011608845954,0.14918972133628436,0.12266387395113582,-0.026525847385148543,0.8222005702031082
file_block5,693,0.08152404569730982,0.05919807798295289,-0.022325967714356937,0.726142544529121,0.14714820182049618,0.11678382957289782,-0.03036437224759836,0.7936476839544435
file_block5,694,0.0807443578252871,0.060708991711714205,-0.0200353661135729,0.7518666733727081,0.15058132457513537,0.12217018296896057,-0.028411141606174806,0.8113236041299495
file_block5,695,0.08150809890428964,0.059668884743923206,-0.021839214160366438,0.7320608080184646,0.15051687298804686,0.11676637175140708,-0.03375050123663978,0.7757693169767084
file_block5,696,0.08202403906038415,0.059954767314888344,-0.022069271745495805,0.7309414167077418,0.15325147343198736,0.11546367245318045,-0.03778780097880691,0.7534261816048572
file_block5,697,0.08199573544678769,0.0607968295741509,-0.021198905872636793,0.7414633119987791,0.1490617066561829,0.11949431301855866,-0.029567393637624242,0.8016432637134453
file_block5,698,0.07992003379891188,0.05986427163002465,-0.020055762168887235,0.749052131042013,0.1469863086627358,0.12396564577640073,-0.023020662886335058,0.8433822639960528
file_block5,699,0.0816933310152976,0.058993266721403294,-0.02270006429389431,0.7221307539823101,0.14741069721283526,0.11831106612252014,-0.029099631090315117,0.8025948479960017
file_block5,700,0.08320181857700605,0.06035374134733257,-0.022848077229673483,0.7253896895471482,0.15101018649881703,0.1218144606189955,-0.02919572587982154,0.8066638644933384
file_block5,701,0.08243567753495216,0.060068620176159354,-0.02236705735879281,0.7286726084187356,0.14713235038290848,0.11898687952579809,-0.02814547085711039,0.8087064416230526
file_block5,702,0.08115303307964249,0.06062474725347709,-0.020528285826165393,0.7470422848395671,0.15005278306392494,0.11478729085408891,-0.03526549220983603,0.764979419309988
file_block5,703,0.08183237642578342,0.06104927958011225,-0.020783096845671173,0.7460284333240637,0.1496092506625439,0.12019271110254773,-0.02941653955999618,0.8033775356154438
file_block5,704,0.08202583642817139,0.06108371785994076,-0.020942118568230632,0.7446887532007151,0.15047824880177813,0.12326794661928897,-0.027210302182489154,0.8191745159240076
file_block5,705,0.0843536323362449,0.05974662883916016,-0.024607003497084744,0.7082875649148347,0.1508041794941667,0.11956640095554774,-0.03123777853861895,0.7928586684838713
file_block5,706,0.08147426611471847,0.060689345063178246,-0.02078492105154023,0.7448897419674285,0.15015939043386942,0.12295488711284511,-0.02720450332102431,0.8188291571881064
file_block5,707,0.08066762806018186,0.06064164430395023,-0.020025983756231637,0.7517469617268118,0.14854443821701824,0.11974931752701938,-0.028795120689998857,0.806151472006443
file_block5,708,0.0817296240978085,0.058192996144013236,-0.023536627953795262,0.7120183995263674,0.14910701064494813,0.11850323018579685,-0.030603780459151284,0.79475290714516
file_block5,709,0.08095374119148269,0.060351102198707485,-0.020602638992775202,0.7455010887755877,0.14872008150420948,0.11857266751040421,-0.030147413993805272,0.7972875371712868
file_block5,710,0.08155435021865791,0.05999085449263458,-0.021563495726023327,0.7355935560983716,0.15409852844826954,0.12321055559349484,-0.03088797285477471,0.7995569901555308
file_block5,711,0.08312352360927296,0.06081161968189449,-0.022311903927378467,0.7315813507586987,0.1522201784050287,0.11943824950527374,-0.03278192889975495,0.7846413711818907
file_block5,712,0.0823986079724309,0.0589384843190297,-0.0234601236534012,0.7152849516432299,0.15357750730585676,0.12157179518092083,-0.03200571212493593,0.7915989607697235
file_block5,713,0.08376464953249103,0.06076103136909245,-0.023003618163398583,0.7253779692055438,0.15127162739424374,0.12145234454175208,-0.029819282852491663,0.8028759036565613
file_block5,714,0.08232207895071832,0.060972286719925044,-0.021349792230793273,0.7406553320455596,0.15192783710591048,0.12097264032450988,-0.0309551967814006,0.7962506583976351
file_block5,715,0.08116431418249626,0.058962939892468334,-0.02220137429002792,0.7264638466591538,0.14928686193440568,0.11882390092315458,-0.030462961011251108,0.7959434566677672
file_block5,716,0.0804627173013156,0.05966901833453298,-0.02079369896678262,0.7415734931134046,0.15192365720034426,0.12008826688490591,-0.03183539031543835,0.7904513957727038
file_block5,717,0.07931648035637211,0.0589582571187838,-0.020358223237588305,0.7433292154906774,0.14606589445821547,0.11880198262354963,-0.027263911834665838,0.8133451211469142
file_block5,718,0.0801811588859241,0.059516595558578064,-0.020664563327346036,0.7422765695274364,0.1510661366907701,0.11823542111486596,-0.03283071557590414,0.7826732297847262
file_block5,719,0.083233630594095,0.05840053457588852,-0.024833096018206477,0.7016458871137088,0.15214956073881009,0.11717886048020977,-0.034970700258600315,0.7701557593147882
file_block5,720,0.08014285052953968,0.05956753449580084,-0.020575316033738834,0.7432669801761665,0.15000386973633018,0.11921305184601787,-0.030790817890312308,0.7947331762544861
file_block5,721,0.08212267990243444,0.058056793181796226,-0.02406588672063821,0.706952004620044,0.15193739461562641,0.1185456047100658,-0.03339178990556062,0.7802266519704666
file_block5,722,0.08181442925804193,0.05925875268377941,-0.022555676574262516,0.724306863974787,0.14418211640072245,0.1114934163709562,-0.03268870002976626,0.773281868474484
file_block5,723,0.08008010253249952,0.05809306526737972,-0.021987037265119795,0.7254369491323187,0.14956931134600174,0.11820820186767665,-0.031361109478325086,0.7903239027036985
file_block5,724,0.08317246287200195,0.05957090520092222,-0.02360155767107973,0.7162335121974049,0.15096780242025282,0.12124139987892867,-0.02972640254132415,0.8030944210304259
file_block5,725,0.08020442258015459,0.05927988317157913,-0.020924539408575457,0.7391099052216987,0.15015324269646713,0.11831636361161156,-0.031836879084855566,0.7879707523252534
file_block5,726,0.08240940244052808,0.05986323716263466,-0.022546165277893417,0.7264127076499046,0.15254067910563132,0.11952121276909476,-0.03301946633653656,0.7835366504847454
file_block5,727,0.08025367912889167,0.05907884127217511,-0.02117483785671656,0.7361511884993005,0.15058173681766712,0.11734189401500623,-0.03323984280266089,0.7792571429634287
file_block5,728,0.0808339227058741,0.06035487142125756,-0.020479051284616537,0.7466527591499855,0.1464613692147313,0.11910225827739697,-0.027359110937334327,0.8131991317299353
file_block5,729,0.08114544151953532,0.059069559612854115,-0.0220758819066812,0.7279467399118587,0.15172604097580017,0.11768572571486866,-0.034040315260931514,0.7756461907131629
file_block5,730,0.08248670988525972,0.06018000554023211,-0.022306704345027607,0.7295721410630079,0.1521208874427123,0.11729619802002621,-0.034824689422686086,0.7710722701653918
file_block5,731,0.0800144450960028,0.05809819519869216,-0.021916249897310648,0.7260963333431216,0.14600263590611023,0.11713260271521757,-0.028870033190892666,0.8022636166003325
file_block5,732,0.07958924880826207,0.05906570057142992,-0.020523548236832147,0.7421316503906792,0.14961561391921882,0.11955035761688561,-0.030065256302333213,0.7990500087874105
file_block5,733,0.08402374053291219,0.061045691406609134,-0.022978049126303052,0.7265290859396752,0.1506244118113262,0.12383597929769777,-0.02678843251362842,0.8221507908878416
file_block5,734,0.08372517135095087,0.05775535931295953,-0.025969812037991334,0.689820735879612,0.15052918886033473,0.11811916132507397,-0.03241002753526076,0.7846927377963107
file_block5,735,0.080955674235656,0.06013327176098182,-0.02082240247467418,0.7427925507227362,0.1499198360110339,0.11803270710198466,-0.03188712890904924,0.7873054709938291
file_block5,736,0.08017236007902444,0.05786516568067066,-0.022307194398353776,0.7217595393678572,0.1483454277219127,0.11504733964685,-0.033298088075062696,0.7755368090111745
file_block5,737,0.0820627804302371,0.05955539761329261,-0.02250738281694449,0.7257297071955978,0.15370838093191086,0.11832995889890058,-0.03537842203301028,0.7698341377450194
file_block5,738,0.08127715173124461,0.061209010600247485,-0.020068141130997127,0.753090004957906,0.15023150618202846,0.12342934290298697,-0.026802163279041488,0.8215942583537267
file_block5,739,0.07998786939935919,0.06186834699481736,-0.01811952240454183,0.7734716208769652,0.14947297004281482,0.11765442008327162,-0.031818549959543196,0.7871284022092481
file_block5,740,0.08164544027596692,0.05959030048617963,-0.022055139789787286,0.7298668521445966,0.15445652980841718,0.11924350624061462,-0.03521302356780255,0.7720198452504428
file_block5,741,0.08150352381184209,0.06073624273262114,-0.020767281079220948,0.7451977520976393,0.14993014712949917,0.11924381860388311,-0.030686328525616063,0.7953291641933002
file_block5,742,0.08145537513984336,0.05581496290352739,-0.025640412236315968,0.6852213596426723,0.14997441610994308,0.11658735974602774,-0.03338705636391534,0.7773816546187452
file_block5,743,0.08240525870031482,0.058733075432254374,-0.02367218326806044,0.7127345555196952,0.15168186858686822,0.12044704262770932,-0.0312348259591589,0.7940767327686848
file_block5,744,0.08498258929153332,0.06084453857663053,-0.02413805071490279,0.7159647532967365,0.1499779568586156,0.1184161899068996,-0.03156176695171599,0.7895572948665429
file_block5,745,0.08055015638721254,0.059581310920028205,-0.020968845467184333,0.7396796429992634,0.14994290931267623,0.11586537244090338,-0.034077536871772854,0.7727299208213247
file_block5,746,0.08366229116270824,0.05872250281237046,-0.024939788350337777,0.7018992905437608,0.15119032734190663,0.11916666245890639,-0.032023664883000236,0.7881897245279396
file_block5,747,0.08019259482227076,0.058313043155073054,-0.021879551667197704,0.7271624429202108,0.1502893861088473,0.11744875405989305,-0.03284063204895424,0.7814840229291418
file_block5,748,0.0811817171593814,0.05748306092831273,-0.02369865623106867,0.7080788992853911,0.1500536354996668,0.11953283043728698,-0.03052080506237982,0.7966006957395738
file_block5,749,0.08106759444272078,0.05891930046637336,-0.022148293976347426,0.7267922635598056,0.1511191469763016,0.11419321916633957,-0.03692592780996204,0.7556502365927679
file_block5,750,0.0790071891114033,0.059659481563111696,-0.0193477075482916,0.7551145944325325,0.15020714647719902,0.1177463941656008,-0.032460752311598215,0.7838934226972639
file_block5,751,0.08085469802523114,0.0591869363648242,-0.021667761660406938,0.7320160461962841,0.15122253785309311,0.1183281324082298,-0.032894405444863314,0.7824768324096044
file_block5,752,0.08101354857864325,0.05708689051541982,-0.02392665806322343,0.7046585604135484,0.15044211148292405,0.11668468048306212,-0.033757430999861934,0.7756118239294084
file_block5,753,0.07928026135992967,0.058872899422263404,-0.02040736193766627,0.7425921460448075,0.1504349981774173,0.11582592868694906,-0.03460906949046823,0.7699400411488581
file_block5,754,0.08232702419978105,0.05868645357053179,-0.023640570629249263,0.7128455588060459,0.14756973552183816,0.1152355961571973,-0.03233413936464086,0.780889087790932
file_block5,755,0.08117786933080505,0.0597000852533614,-0.02147778407744365,0.7354231608380815,0.1504124737996699,0.11895260421027494,-0.031459869589394965,0.7908426821614843
file_block5,756,0.08334233234899012,0.06027627836967226,-0.02306605397931786,0.7232372393571805,0.1535387972499579,0.12017755992692933,-0.033361237323028564,0.7827178672715719
file_block5,757,0.08333852574865315,0.05928131501891787,-0.02405721072973528,0.7113314578867016,0.1538579230309755,0.12042645368080261,-0.033431469350172896,0.7827120716854972
file_block5,758,0.08339496648194801,0.060515316354938994,-0.022879650127009016,0.7256471092657417,0.15090945113999119,0.11951371868799741,-0.03139573245199377,0.791956486390839
file_block5,759,0.08129221013126033,0.058214015207074324,-0.023078194924186002,0.7161081623082671,0.148370541515582,0.11841101917763235,-0.029959522337949643,0.7980763429726833
file_block5,760,0.08148765588939128,0.056191399046690266,-0.02529625684270101,0.6895694621890053,0.1510378832655757,0.11778464510195832,-0.03325323816361739,0.7798351152396188
file_block5,761,0.07775213701383513,0.05788315396536862,-0.01986898304846651,0.7444574025671983,0.14609328913940783,0.1133344763309358,-0.03275881280847204,0.7757678466858781
file_block5,762,0.08109998581114525,0.058486330344533356,-0.02261365546661189,0.7211632623552915,0.14820573302832413,0.11459688719246491,-0.033608845835859213,0.7732284362479007
file_block5,763,0.08179172248056153,0.05982186412426693,-0.0219698583562946,0.731392643534119,0.15241847363246683,0.12063739630742946,-0.03178107732503736,0.7914880226285927
file_block5,764,0.08200450428709827,0.06075903369182274,-0.021245470595275526,0.7409231263578522,0.1561146945770865,0.11980081365735665,-0.03631388091972984,0.7673897321574765
file_block5,765,0.07948113022113777,0.058583739998677685,-0.020897390222460087,0.7370773394349331,0.15108212188769019,0.11741546423645467,-0.03366665765123551,0.7771631929007307
file_block5,766,0.08202407735557124,0.05936178928640558,-0.022662288069165662,0.7237117587933906,0.15198951375294623,0.12007942181207391,-0.03191009194087231,0.790050700519109
file_block5,767,0.08376488209750328,0.061263316927411694,-0.022501565170091588,0.7313723292310075,0.15032698115939458,0.12328192256063092,-0.02704505859876366,0.820091786649482
file_block5,768,0.08160243996447182,0.06015114058576192,-0.021451299378709904,0.7371242895672065,0.15301730112239628,0.11863481265872994,-0.034382488463666344,0.7753032617131033
file_block5,769,0.08073717663473899,0.06005403405518101,-0.02068314257955798,0.7438213293842307,0.15020060575295907,0.11736759810731222,-0.03283300764564685,0.7814056242912322
file_block5,770,0.07892757557669303,0.05831943385159254,-0.020608141725100483,0.7388980774523375,0.14643696324374444,0.11813995913588733,-0.028297004107857113,0.8067632414586696
file_block5,771,0.07900100986335354,0.05761836324639852,-0.02138264661695502,0.7293370470334474,0.147191731673454,0.1169760688355574,-0.030215662837896604,0.7947190205973642
file_block5,772,0.08159681665794664,0.06058750269554166,-0.021009313962404984,0.7425228725469046,0.14880134917255866,0.1208106374383979,-0.02799071173416076,0.8118920837088573
file_block5,773,0.07925383751738657,0.058973775215530676,-0.020280062301855896,0.7441125510495704,0.1459709421548891,0.11820147441395609,-0.027769467740933,0.8097603034481551
file_block5,774,0.08235228464082354,0.0582546942236618,-0.024097590417161745,0.7073840692791645,0.1530200922595636,0.11836931081990933,-0.03465078143965426,0.7735540416426024
file_block5,775,0.08271444190693199,0.05808453416039077,-0.024629907746541217,0.7022296568928784,0.15009741218997985,0.11775085340133642,-0.032346558788643426,0.7844962260395133
file_block5,776,0.08001320570933661,0.06040222580815662,-0.019610979901179985,0.7549032096974011,0.1490504059656043,0.12366264192308307,-0.025387764042521216,0.8296699436807986
file_block5,777,0.07814168247887816,0.05909234435794948,-0.019049338120928683,0.7562205276796061,0.14672196512003066,0.11986089956381775,-0.026861065556212912,0.8169253967240805
file_block5,778,0.0808942338143689,0.05850351802109363,-0.02239071579327527,0.723209989915275,0.15278862220838368,0.12063457347121337,-0.032154048737170315,0.7895520734959152
file_block5,779,0.0818815319069371,0.05822763159651464,-0.023653900310422464,0.7111204473151964,0.1503555398320636,0.11838133426712663,-0.031974205564936964,0.7873426838768304
file_block5,780,0.08253891481618524,0.05959759041832266,-0.022941324397862575,0.722054446088211,0.15124611796386273,0.11775225973975813,-0.0334938582241046,0.7785473195939661
file_block5,781,0.08362628193148708,0.06058621092628623,-0.02304007100520085,0.7244876793150148,0.1501100582391508,0.11983233227140735,-0.030277725967743446,0.7982964877709534
file_block5,782,0.08301104267344776,0.06121780821067717,-0.021793234462770594,0.7374658387498912,0.15099083825702578,0.11761527649927171,-0.033375561757754066,0.778956378128452
file_block5,783,0.0807729535251769,0.057998424035170346,-0.02277452949000655,0.7180426306572071,0.15057728142356527,0.11977001995383615,-0.03080726146972912,0.7954056469975038
file_block5,784,0.07798083661035257,0.05550025513045661,-0.022480581479895963,0.7117165901640059,0.14719810821577115,0.12015495162577867,-0.02704315658999247,0.816280542475783
file_block5,785,0.08201941100577347,0.06131412095164075,-0.020705290054132713,0.7475562211404415,0.14986154229621723,0.12002914360590315,-0.02983239869031408,0.8009335935476549
file_block5,786,0.08309872468174465,0.060636632607812255,-0.02246209207393239,0.7296939013208836,0.15240576379766627,0.12131896123898472,-0.031086802558681542,0.796026070247892
file_block5,787,0.08071492395722302,0.05931043792976234,-0.02140448602746068,0.7348137744786262,0.15082499578282474,0.11974954671609966,-0.031075449066725075,0.7939635343237729
file_block5,788,0.0822606324441983,0.060199208551894555,-0.02206142389230375,0.7318106701006807,0.15263121724210865,0.12113424210965502,-0.03149697513245363,0.7936400187224342
file_block5,789,0.08191728070536261,0.05928465972286844,-0.02263262098249417,0.7237137172082355,0.15388848811846473,0.11694690856026636,-0.036941579558198365,0.7599457892538368
file_block5,790,0.08183282460672542,0.0580950045804603,-0.023737820026265122,0.7099230028983475,0.15125489813178514,0.11669779633761061,-0.034557101794174525,0.7715306927510825
file_block5,791,0.08117442984133212,0.06061516598693265,-0.02055926385439947,0.7467273389590083,0.14885746305956923,0.12228102541971032,-0.02657643763985891,0.8214638547936045
file_block5,792,0.08167508130953392,0.058320612318756536,-0.023354468990777387,0.7140563729313212,0.15290870693014405,0.11599884805275554,-0.03690985887738851,0.7586150611145336
file_block5,793,0.08165531569007772,0.06012799664151632,-0.0215273190485614,0.7363635316741874,0.15025844494653529,0.11903429122531277,-0.031224153721222517,0.7921970127380684
file_block5,794,0.08012011595388213,0.06164422375745352,-0.01847589219642861,0.7693975854070967,0.14641183769988542,0.12002952094417477,-0.02638231675571065,0.8198074884505647
file_block5,795,0.07982431850139564,0.0598608951854294,-0.01996342331596624,0.7499080018375953,0.14711769115853454,0.12016512799984491,-0.02695256315868963,0.816795907096955
file_block5,796,0.07726016617812075,0.055803615471913134,-0.02145655070620761,0.7222818462913961,0.14301697650825002,0.11646429882644577,-0.02655267768180425,0.8143389803778117
file_block5,797,0.08229684957378702,0.06001574726132521,-0.02228110231246181,0.7292593528445501,0.14914701070543235,0.11835847187933977,-0.030788538826092574,0.7935691859966244
file_block5,798,0.07943916496450125,0.05935250240183924,-0.020086662562662012,0.7471440872819084,0.14660516032176507,0.12040730344157496,-0.026197856880190107,0.8213033100424859
file_block5,799,0.08111934892935399,0.058532938448160016,-0.022586410481193975,0.7215656834121752,0.15573547600249804,0.11986181525102065,-0.035873660751477396,0.7696500394624153
file_block5,800,0.08069422829940619,0.05879692580648406,-0.021897302492922127,0.7286385537801436,0.1497944223633369,0.11418849648105571,-0.03560592588228119,0.7623013906624874
file_block5,801,0.08142927472419427,0.06031757142732044,-0.021111703296873827,0.7407357075403115,0.14638999819065313,0.11918987504904265,-0.02720012314161048,0.8141941151868449
file_block5,802,0.08258159882438336,0.06032671221380779,-0.02225488661057557,0.7305103445877521,0.14981769862401745,0.12166318170393954,-0.028154516920077907,0.812074827082116
file_block5,803,0.08139552990020327,0.06046312301971903,-0.020932406880484235,0.7428310018234556,0.14825165636038862,0.1220221522387497,-0.026229504121638922,0.8230744615906552
file_block5,804,0.08406284507757394,0.06068863343003366,-0.023374211647540284,0.7219436050972299,0.14980649829203568,0.12195212125209776,-0.027854377039937928,0.8140642938890537
file_block5,805,0.0816444245081124,0.058872002072669495,-0.02277242243544291,0.7210780457742073,0.148754151346966,0.11901098600742661,-0.0297431653395394,0.800051527502153
file_block5,806,0.08021532970315928,0.05987525250545095,-0.020340077197708334,0.7464315452797143,0.1501669095141513,0.1210591194570597,-0.02910779005709159,0.8061637537106765
file_block5,807,0.08104604069108602,0.06104812345539201,-0.01999791723569401,0.753252385123688,0.15278326769065853,0.11824487076540284,-0.03453839692525569,0.7739386161370376
file_block5,808,0.08330074807896481,0.05899558120817582,-0.024305166870788993,0.7082239063717778,0.15176410908371044,0.12113586490991135,-0.030628244173799085,0.7981851943867369
file_block5,809,0.08104543456024159,0.05931876386010231,-0.021726670700139276,0.7319198691693151,0.14952557366433258,0.11665399444727603,-0.03287157921705655,0.7801608219149896
file_block5,810,0.07912290469927749,0.05732521219442417,-0.02179769250485332,0.7245084392730546,0.1487814077292752,0.11383238800751952,-0.03494901972175568,0.7650982051107527
file_block5,811,0.08153001639948838,0.05909561656383063,-0.022434399835657752,0.724832634330262,0.15052483026547808,0.1163448279636262,-0.03418000230185188,0.7729278136931349
file_block5,812,0.07984858220958167,0.059421626435274655,-0.020426955774307018,0.744178854413575,0.14771591304980822,0.11896733391115201,-0.028748579138656208,0.8053792679129804
file_block5,813,0.08060945448562325,0.05898404748231341,-0.021625407003309838,0.7317261710638825,0.15126658581687227,0.12333220814257005,-0.02793437767430222,0.815330150254595
file_block5,814,0.08004374513097505,0.05994417565834122,-0.020099569472633833,0.748892690618798,0.15039831484210595,0.12148909639542865,-0.028909218446677293,0.8077822981126662
file_block5,815,0.08052363826285795,0.05659605458497433,-0.02392758367788362,0.7028501916446519,0.15006052175861911,0.11547286670565264,-0.03458765505296647,0.7695086312667719
file_block5,816,0.07924344407817932,0.060002986571132476,-0.019240457507046844,0.7571981161234643,0.14936654006023495,0.12065221918559438,-0.02871432087464057,0.8077593491617269
file_block5,817,0.07983780672642445,0.060056448884516174,-0.01978135784190827,0.7522306955438807,0.14968128019895643,0.11857842705772652,-0.031102853141229916,0.7922061255763714
file_block5,818,0.07629843778064985,0.056002989210106054,-0.020295448570543793,0.733999159604144,0.14667181890907938,0.1139282790329251,-0.032743539876154276,0.776756434060099
file_block5,819,0.08075528067207201,0.05897541194842737,-0.021779868723644638,0.7302979007393027,0.14876488903393859,0.11768130772904092,-0.03108358130489766,0.791055661676954
file_block5,820,0.0793773495693368,0.059259684841295464,-0.020117664728041336,0.7465566079342523,0.14626025984186128,0.11724675610479622,-0.029013503737065058,0.8016309845994061
file_block5,821,0.08237231352654664,0.05994845193800407,-0.022423861588542572,0.7277742893391492,0.149399480203869,0.1171008678222389,-0.03229861238163011,0.7838104099321113
file_block5,822,0.07911951398063319,0.05894066023352716,-0.020178853747106026,0.7449573091153544,0.15052705030927652,0.1156545102502266,-0.03487254005904991,0.7683304098007637
file_block5,823,0.08043054889429747,0.05820723345188868,-0.02222331544240879,0.7236955889532115,0.14900649637707628,0.11856680209005471,-0.030439694287021563,0.7957156565174798
file_block5,824,0.08157505494492465,0.06045154134376658,-0.021123513601158064,0.741054252241453,0.14829292460059934,0.11901053117554537,-0.029282393425053968,0.8025368135133831
file_block5,825,0.08052743863063182,0.058162788737560735,-0.022364649893071083,0.7222729261804213,0.15047059010045058,0.11320528118886532,-0.03726530891158526,0.7523415779342141
file_block5,826,0.08307782327621197,0.05978096466762156,-0.023296858608590404,0.7195778886606783,0.15512260369643974,0.12163425579303452,-0.03348834790340521,0.7841169042718059
file_block5,827,0.08247509697500131,0.06006880885467897,-0.022406288120322346,0.7283266229185057,0.15529644420046837,0.11983055258925997,-0.0354658916112084,0.7716245739314781
file_block5,828,0.08019869192221707,0.0574881509035845,-0.02271054101863257,0.7168215531413029,0.1488157515598655,0.11459653580294223,-0.034219215756923285,0.7700564933601293
file_block5,829,0.08092780612983222,0.05937284206727357,-0.02155496406255865,0.733651941237872,0.14874695821252953,0.11831191043115112,-0.030435047781378413,0.79539045270497
file_block5,830,0.08129995130328505,0.0609709545958496,-0.020328996707435446,0.7499506902335128,0.1517146698596669,0.11846371864603979,-0.0332509512136271,0.7808323266010888
file_block5,831,0.07927537412248979,0.06034723005824408,-0.018928144064245714,0.7612355126195999,0.1518793564193249,0.11990293603586173,-0.03197642038346317,0.7894617073884668
file_block5,832,0.07931466246853365,0.05845316782226202,-0.020861494646271628,0.7369780820217451,0.15134857005024466,0.12342989684928776,-0.027918673200956895,0.8155339479475197
file_block5,833,0.08057327321368025,0.05809282367569083,-0.022480449537989423,0.720993716137468,0.1501868705667195,0.11893236804350697,-0.03125450252321253,0.7918959067109137
file_block5,834,0.08214729168706776,0.0579175474315899,-0.02422974425547786,0.7050451237299612,0.14956821594869313,0.11871855326565035,-0.030849662683042775,0.7937418555983496
file_block5,835,0.07933429030161475,0.05804569672462407,-0.02128859357699068,0.7316596203727889,0.14884517623048174,0.11417177465097704,-0.0346734015795047,0.7670505524088056
file_block5,836,0.08565400338889492,0.06045342544164374,-0.025200577947251182,0.7057863386392697,0.15336036534999795,0.12088928125130712,-0.03247108409869083,0.788269387435368
file_block5,837,0.08275130931333131,0.05877709491571132,-0.023974214397619993,0.7102859810127775,0.152834091929293,0.1190242929039657,-0.03380979902532731,0.7787810389780767
file_block5,838,0.08137033271729423,0.058952652099970373,-0.022417680617323854,0.7244981079872215,0.15101237090340047,0.12154038610275397,-0.0294719848006465,0.8048372817118464
file_block5,839,0.08125896788548721,0.05761797752047567,-0.023640990365011542,0.7090660762720098,0.1493308605895162,0.11783884271999416,-0.031492017869522035,0.7891124597742194
file_block5,840,0.0803187005482952,0.05797244613995817,-0.022346254408337027,0.7217801800105027,0.14962910515835048,0.11843300283398918,-0.031196102324361305,0.7915104665543051
file_block5,841,0.0802576274060625,0.060213975559704445,-0.020043651846358056,0.7502586047685232,0.15120588084570924,0.11715301821358881,-0.03405286263212043,0.7747914139208115
file_block5,842,0.08059690123785428,0.05911699794060514,-0.021479903297249137,0.7334897127886031,0.15015171681188028,0.11800339873890817,-0.03214831807297211,0.7858944356044254
file_block5,843,0.08009769379996219,0.06010045791356459,-0.019997235886397603,0.7503394300422787,0.15000130727916358,0.12181245604206375,-0.028188851237099827,0.8120759628805215
file_block5,844,0.08258303433957467,0.06074722751238915,-0.02183580682718552,0.735589676477635,0.15007894372558667,0.12100365068536294,-0.02907529304022373,0.8062666732690581
file_block5,845,0.08202369650601754,0.05994224780845363,-0.022081448697563913,0.7307918365280703,0.1519125846819612,0.12379249249184153,-0.02812009219011967,0.8148929382711058
file_block5,846,0.08502111290990756,0.05893247781385265,-0.026088635096054913,0.6931510985547827,0.15303792603447705,0.12401521936017137,-0.029022706674305676,0.8103561161187762
file_block5,847,0.0811568897959522,0.0595276839598815,-0.021629205836070704,0.7334889756069793,0.14859565627257193,0.11984527292001056,-0.028750383352561373,0.8065193554525983
file_block5,848,0.08014926487789287,0.058467859599957935,-0.021681405277934933,0.7294871598514786,0.1466434942099973,0.11724767059970012,-0.02939582361029719,0.79954225880487
file_block5,849,0.0848517890227172,0.06043046036323607,-0.02442132865948113,0.7121884059163107,0.1525122027433009,0.1181818512237848,-0.034330351519516106,0.7749009528286807
file_block5,850,0.08146417078792093,0.05867250851625541,-0.022791662271665514,0.7202247067486883,0.15073135127176968,0.11578245798514164,-0.034948893286628036,0.7681378625498093
file_block5,851,0.08053316705473502,0.05971407180728889,-0.020819095247446136,0.7414842106818391,0.14911012865082784,0.11903797390172902,-0.03007215474909883,0.7983225216073753
file_block5,852,0.08032528624637934,0.061271663318642436,-0.019053622927736907,0.7627942106636969,0.14986000708264904,0.11817251332171048,-0.03168749376093856,0.7885527007651705
file_block5,853,0.08337274648936882,0.060763171053042034,-0.022609575436326787,0.7288133546229064,0.1519255090026663,0.12167405996662684,-0.030251449036039463,0.8008797256324575
file_block5,854,0.08216122734595672,0.06023635990244054,-0.021924867443516183,0.7331482482461341,0.1523263341875437,0.12174664371309447,-0.030579690474449236,0.7992488256377285
file_block5,855,0.08236214365435925,0.060752209756032724,-0.021609933898326522,0.737622978962098,0.15391534445244695,0.11788393540831825,-0.0360314090441287,0.7659011245934558
file_block5,856,0.08247218356489924,0.06125754713682276,-0.021214636428076486,0.7427661605275407,0.15389939503242567,0.1190672610948605,-0.034832133937565166,0.7736694550993768
file_block5,857,0.08074459472352156,0.05794337714629564,-0.022801217577225925,0.7176130779366741,0.1452280680147238,0.11504952144420878,-0.03017854657051501,0.792198939343768
file_block5,858,0.0812426712126634,0.05794336829041921,-0.02329930292224419,0.7132134803734457,0.15266256713027773,0.11834332216752602,-0.03431924496275171,0.7751954155633668
file_block5,859,0.0824808469563161,0.06020520927451154,-0.022275637681804565,0.7299295714846104,0.15118317131257913,0.12024606358651169,-0.030937107726067448,0.7953667233100743
file_block5,860,0.08406457190596495,0.059584450923315414,-0.024480120982649532,0.708793842309301,0.15437633940706166,0.12188153186856798,-0.03249480753849368,0.7895091458749328
file_block5,861,0.082086134403695,0.0574597181587169,-0.0246264162449781,0.6999929839080159,0.1497130214464527,0.11417651069977418,-0.03553651074667853,0.762635805467404
file_block5,862,0.08158901774070429,0.05853593249590342,-0.023053085244800868,0.7174486728340668,0.14953551368378007,0.11701978493430293,-0.03251572874947714,0.7825551405919697
file_block5,863,0.08185234705267402,0.06009451199909144,-0.021757835053582586,0.734181903915585,0.15026536960902717,0.11809422406930328,-0.03217114553972389,0.7859044594011951
file_block5,864,0.07991995917052293,0.058638392607584765,-0.021281566562938163,0.7337139960553497,0.149712105948639,0.11849866751795929,-0.031213438430679724,0.7915102574177404
file_block5,865,0.0817126532015464,0.059910131119843404,-0.021802522081702996,0.7331805879815638,0.15145232341615164,0.11919568390015008,-0.032256639516001565,0.7870178628599266
file_block5,866,0.0824263903517719,0.059674504130953196,-0.02275188622081871,0.7239732793863681,0.15032337236134458,0.12001059525446153,-0.030312777106883043,0.7983495405224296
file_block5,867,0.08213745451119825,0.06042426578182578,-0.021713188729372467,0.7356481417815037,0.14950734019765455,0.12020518568871538,-0.029302154508939166,0.8040085893428338
file_block5,868,0.08140617907303464,0.0596874587405689,-0.021718720332465746,0.7332055062677674,0.1503407354007563,0.12299524091741793,-0.027345494483338367,0.8181098794651712
file_block5,869,0.08361708478057352,0.06181239164050955,-0.021804693140063967,0.7392316032389379,0.15206107749188175,0.11988444163333573,-0.03217663585854602,0.7883966338442928
file_block5,870,0.08417982058460578,0.061101584369110236,-0.023078236215495547,0.7258459800077558,0.15163344724134756,0.11937172353681233,-0.03226172370453523,0.7872387372873887
file_block5,871,0.08283182146004736,0.05988475778651175,-0.022947063673535613,0.7229680179784074,0.15132333093753775,0.11856795916693018,-0.03275537177060757,0.7835405051708245
file_block5,872,0.08021276228477164,0.06101463652697486,-0.019198125757796787,0.7606599597001842,0.14721925914460685,0.12126903188167329,-0.025950227262933556,0.8237307576894962
file_block5,873,0.08135620011801613,0.05876259129482116,-0.022593608823194965,0.7222878060870537,0.1514382655420923,0.11959669333645713,-0.031841572205635174,0.7897389270033286
file_block5,874,0.08085180971007544,0.05973645302313665,-0.021115356686938792,0.7388387871260292,0.15012440017635262,0.11536978651270617,-0.03475461366364645,0.7684945710169708
file_block5,875,0.08200335300373171,0.060017332248101275,-0.021986020755630435,0.7318887588092902,0.15210210108881356,0.11715678973865866,-0.0349453113501549,0.7702509623469956
file_block5,876,0.08050257701663495,0.06024163004598297,-0.020260946970651977,0.7483192747175624,0.14972306718394326,0.12175722587990627,-0.027965841304036995,0.8132162142411938
file_block5,877,0.07999997542921335,0.05846689399174283,-0.021533081437470514,0.730836399362101,0.15027663674702443,0.1156866231947688,-0.03459001355225563,0.7698244098283592
file_block5,878,0.07958769569290637,0.0581236592118402,-0.021464036481066172,0.7303096126330083,0.14879986191001915,0.11430162372456452,-0.034498238185454624,0.7681567862857556
file_block5,879,0.0822079685062473,0.05740778019760949,-0.02480018830863781,0.6983237907557204,0.15009045738852597,0.11601312589079679,-0.03407733149772918,0.7729547095088385
file_block5,880,0.08070978417560619,0.0586499148591707,-0.02205986931643549,0.7266766409827312,0.14998739905238273,0.12157314818558074,-0.028414250866801993,0.8105557463738778
file_block5,881,0.07794681155303924,0.05824954303196573,-0.019697268521073515,0.7472985985107239,0.14878385034287173,0.1184778421126261,-0.030306008230245624,0.7963084826719731
file_block5,882,0.08255518122911822,0.060295619135772666,-0.02225956209334555,0.7303674734651987,0.1517701649669845,0.12079953440224052,-0.030970630564743987,0.7959372939241305
file_block5,883,0.0816533096367937,0.05993201080385451,-0.021721298832939183,0.7339814034537141,0.15102919013616417,0.12175841473787558,-0.029270775398288595,0.8061912708934028
file_block5,884,0.07826234343510445,0.057356126588939293,-0.020906216846165157,0.7328700377659825,0.14990412627614774,0.11852201055220435,-0.03138211572394339,0.7906520887481613
file_block5,885,0.08086647011008911,0.059401945780477604,-0.02146452432961151,0.7345683037680466,0.14953808191278006,0.11663947635760971,-0.03289860555517035,0.7799984784186353
file_block5,886,0.08198489978066925,0.05685091841456068,-0.025133981366108574,0.6934315778472809,0.14916221392533296,0.11604511212749395,-0.03311710179783901,0.7779792822435805
file_block5,887,0.07921239916339078,0.05964223303556505,-0.01957016612782573,0.7529406212345809,0.14727274253802675,0.11997474472834894,-0.0272979978096778,0.8146432439619349
file_block5,888,0.08077730146878087,0.058350742647052374,-0.022426558821728497,0.722365585208414,0.14957916032991098,0.11590870835465959,-0.033670451975251384,0.7748987766678993
file_block5,889,0.08017160309717701,0.060909558875095374,-0.019262044222081637,0.7597398146232168,0.14960630567247857,0.12015882603714441,-0.02944747963533416,0.803166855147127
file_block5,890,0.08170907252908918,0.05869811563006954,-0.023010956899019643,0.7183794138548381,0.1499158039662209,0.11802435470534095,-0.031891449260879945,0.7872709319688154
file_block5,891,0.07982718708957522,0.0583326771633696,-0.021494509926205614,0.7307369743332391,0.14937202801565758,0.11289922597667798,-0.036472802038979596,0.7558257558426105
file_block5,892,0.08121317680270689,0.05931337854351099,-0.021899798259195892,0.7303418100193568,0.14966756694736505,0.1168308772036503,-0.032836689743714745,0.7806025018415464
file_block5,893,0.08116656179710183,0.05914893174916992,-0.022017630047931905,0.7287352136096261,0.14954019188855272,0.11791232398294002,-0.0316278679056127,0.7884992154538367
file_block5,894,0.08160180862381057,0.06033094237671931,-0.021270866247091264,0.7393333970678115,0.14735211939803752,0.11634222364146644,-0.03100989575657108,0.7895524279986429
file_block5,895,0.0804156019969455,0.0601720519776868,-0.020243550019258705,0.7482634026662185,0.14928767758445166,0.11784719348438451,-0.031440484100067154,0.7893966561152955
file_block5,896,0.08190788645495005,0.05892274474509903,-0.02298514170985102,0.7193781611921702,0.1488619501557946,0.1176140261569921,-0.031247923998802496,0.7900879038189454
file_block5,897,0.0823084688311825,0.06003981059799023,-0.02226865823319226,0.7294487608697223,0.15239915393798398,0.12020935717384669,-0.03218979676413729,0.7887796885195548
file_block5,898,0.07989625928819574,0.05788168348746879,-0.02201457580072695,0.7244604941851203,0.14855145744776513,0.11443559513520557,-0.03411586231255956,0.7703431329540765
file_block5,899,0.07967447462359624,0.05809674083225209,-0.02157773379134415,0.7291763278856472,0.1467772821360282,0.11858291965576188,-0.028194362480266313,0.8079105835047637
file_block5,900,0.08060162461632472,0.06034168467049509,-0.020259939945829634,0.7486410473452632,0.1490758703475322,0.1233353479581622,-0.025740522389369996,0.8273327378242866
file_block5,901,0.0798800107300824,0.060178281490926855,-0.019701729239155544,0.7533584552745187,0.1504137761461595,0.11820793685362292,-0.03220583929253658,0.785885042462855
file_block5,902,0.08049369146933869,0.06055094045638461,-0.019942751012954077,0.7522445467599087,0.14885469703588136,0.11822551651455405,-0.030629180521327307,0.794234369951093
file_block5,903,0.08154361772629075,0.06051876670920893,-0.02102485101708182,0.7421643581272808,0.1505398959630505,0.11793185546698622,-0.03260804049606429,0.7833926994072865
file_block5,904,0.08336617655941371,0.05810469640049743,-0.02526148015891628,0.6969816632898735,0.15118286174152443,0.11702591220901308,-0.034156949532511346,0.7740686401947525
file_block5,905,0.07991218510904179,0.055792364565909795,-0.02411982054313199,0.6981709296245622,0.1524066444942224,0.11642711463160256,-0.03597952986261983,0.7639241387275357
file_block5,906,0.08234235195037248,0.05809862743088182,-0.02424372451949066,0.705574058242807,0.1529258441134185,0.11668236419475397,-0.03624347991866453,0.7629996412392904
file_block5,907,0.08363789063861592,0.05749128542371543,-0.02614660521490049,0.6873832539862201,0.1531908364594176,0.1192233197856379,-0.033967516673779716,0.7782666544628589
file_block5,908,0.08270744461478102,0.060313777447502895,-0.022393667167278128,0.7292424246501741,0.154374552226311,0.11733899910737128,-0.03703555311893972,0.7600928871706387
file_block5,909,0.08046069335135067,0.060909250240417184,-0.019551443110933486,0.7570062809978845,0.151058551479003,0.12613813487303407,-0.024920416605968915,0.8350280976351555
file_block5,910,0.08159732956890763,0.059425048486565525,-0.0221722810823421,0.7282719765526399,0.15052888947099965,0.11547933978834024,-0.035049549682659414,0.7671573223861993
file_block5,911,0.08100951614137239,0.05929540511687293,-0.02171411102449946,0.7319560459217477,0.1460569688072951,0.11583853513671333,-0.030218433670581774,0.7931051567251719
file_block5,912,0.08081258928488039,0.057368155853964625,-0.023444433430915762,0.70989132215193,0.14781433542367392,0.11561848907223714,-0.03219584635143678,0.7821872536303384
file_block5,913,0.08242533078783207,0.05855858692561476,-0.023866743862217307,0.710444063322575,0.1497789362228334,0.11849457980584693,-0.03128435641698646,0.7911297996505784
file_block5,914,0.08160489913964,0.05796633264075314,-0.023638566498886862,0.710329076463446,0.15187113218477272,0.11758692140529729,-0.034284210779475424,0.7742545914666401
file_block5,915,0.08258634019482086,0.057757037053199276,-0.024829303141621586,0.6993533908507223,0.14990389682347458,0.11392171763219186,-0.035982179191282715,0.7599650178963994
file_block5,916,0.08419391503060866,0.06086014788490365,-0.023333767145705016,0.7228568461601763,0.15338340802291503,0.12179049930684913,-0.031592908716065904,0.7940265565663659
file_block5,917,0.08218445534021127,0.06133887777626258,-0.020845577563948683,0.7463561998719076,0.1482049367401333,0.12228044755715364,-0.025924489182979654,0.8250767501190842
file_block5,918,0.0800721412422047,0.05846059642150941,-0.021611544820695293,0.7300990770894459,0.15171049131572012,0.12063637491010194,-0.031074116405618177,0.7951749009832763
file_block5,919,0.08007119251224552,0.05916790583035021,-0.02090328668189531,0.7389412343434437,0.15058829420298228,0.11739461587655334,-0.033193678326428944,0.7795733160926425
file_block5,920,0.08237135980031728,0.058727314457297154,-0.02364404534302012,0.7129579334329619,0.14936121421405535,0.11640307120877612,-0.03295814300527923,0.7793393473753792
file_block5,921,0.08013962179433055,0.060252623193192155,-0.0198869986011384,0.7518456144929636,0.1502612930467431,0.11925894624646752,-0.031002346800275582,0.7936770929381567
file_block5,922,0.0796315549710596,0.060111810531146566,-0.019519744439913035,0.754874252461765,0.15040934615167717,0.12099562335737585,-0.029413722794301322,0.8044421869593152
file_block5,923,0.07947043548878797,0.05859949401228812,-0.020870941476499857,0.7373747690177888,0.14942400836969205,0.1183415230056642,-0.031082485364027856,0.7919846636216167
file_block5,924,0.08134346951198627,0.058379790428869975,-0.0229636790831163,0.717694865723271,0.14960572222185414,0.12070803147188312,-0.02889769074997102,0.806841006341202
file_block5,925,0.08090508179652388,0.058791067963151124,-0.022114013833372755,0.7266671840343792,0.1511919427132982,0.11997357024538984,-0.03121837246790836,0.7935182794290365
file_block5,926,0.08043414786137353,0.05942554670025093,-0.021008601161122596,0.7388099243951654,0.1511016726459064,0.11970165998869742,-0.03140001265720899,0.7921928188657965
file_block5,927,0.07967890234836943,0.059398069046681254,-0.020280833301688173,0.7454679632380352,0.14564179746318504,0.11954053158233836,-0.026101265880846672,0.8207845114830824
file_block5,928,0.07926203008096068,0.058885029299679016,-0.020377000781281664,0.7429159868796198,0.15046737183810382,0.11827036224764756,-0.032197009590456266,0.7860199909313309
file_block5,929,0.08174579808000329,0.05946866003836199,-0.022277138041641303,0.7274827750799004,0.1497701435731985,0.12004675953309084,-0.029723384040107673,0.8015399910090846
file_block5,930,0.08050365278536141,0.0595859990725321,-0.02091765371282931,0.7401651603486876,0.1470251625299857,0.11500238653831141,-0.0320227759916743,0.7821952688870977
file_block5,931,0.08179967429010573,0.06060406955921222,-0.021195604730893512,0.7408839959958462,0.14946430612696326,0.1226526734371546,-0.02681163268980867,0.8206151462876135
file_block5,932,0.0784084266486123,0.05902308725367287,-0.019385339394939437,0.7527645914664898,0.1504405064167778,0.11885130316185695,-0.03158920325492086,0.7900219561385504
file_block5,933,0.08200678424809744,0.060273965558924385,-0.02173281868917306,0.7349875514759346,0.14953271858202222,0.12090974683010114,-0.028622971751921078,0.8085838870359285
file_block5,934,0.08339492948046233,0.06080377418336783,-0.022591155297094496,0.7291063684826651,0.1486177010546693,0.12063373114418431,-0.027983969910484977,0.8117050007374894
file_block5,935,0.0834155832776519,0.059879294051574286,-0.023536289226077617,0.7178430180397325,0.14970409852904162,0.11873446538780685,-0.03096963314123477,0.7931276869134825
file_block5,936,0.07972892620118624,0.05935571144827966,-0.020373214752906578,0.74446896849586,0.14919134539623685,0.12158865078489885,-0.027602694611338005,0.8149846122908263
file_block5,937,0.08299801687803496,0.058229379624508124,-0.024768637253526835,0.701575553426485,0.15074581961315434,0.117182404651549,-0.03356341496160534,0.7773509404921731
file_block5,938,0.08330422628596423,0.0593185129256094,-0.023985713360354835,0.7120708704739973,0.1495109979134958,0.1162290830797601,-0.033281914833735715,0.7773948719612453
file_block5,939,0.08079118561602999,0.05947849892782729,-0.0213126866882027,0.7362003475293226,0.14937449650971665,0.12119929221179397,-0.028175204297922682,0.8113787496777275
file_block5,940,0.08239906457566913,0.059465838496348095,-0.022933226079321037,0.7216809899794326,0.1513476237008147,0.12085042537593839,-0.03049719832487631,0.7984956910511959
file_block5,941,0.08028260811406855,0.05998020054692165,-0.0203024075671469,0.7471132534919583,0.15100056456442942,0.12141816237951203,-0.029582402184917395,0.8040907842281936
file_block5,942,0.07962284651971692,0.05908928648577824,-0.020533560033938678,0.7421147204420282,0.1515102181933277,0.1206048845301729,-0.030905333663154788,0.796018156189839
file_block5,943,0.08229000235272083,0.05850798522697206,-0.023782017125748768,0.7109974912406545,0.15209073502157866,0.11658944348510071,-0.03550129153647795,0.7665782104909874
file_block5,944,0.08177747684705074,0.0584001672857761,-0.023377309561274637,0.714135108313534,0.14983821693318505,0.11910129763836713,-0.03073691929481792,0.794865956603555
file_block5,945,0.07873690106129305,0.05747494174608444,-0.021261959315208613,0.7299619488623618,0.14980641429396158,0.1137690330738673,-0.03603738122009427,0.7594403324454521
file_block5,946,0.08192325729517082,0.058906517862655335,-0.023016739432515483,0.719045113775374,0.14950026684494377,0.11750711179024718,-0.03199315505469659,0.7859993448180348
file_block5,947,0.0799772684554206,0.05857753143828295,-0.021399737017137647,0.7324272580143709,0.1476221268000341,0.11778091352381378,-0.029841213276220302,0.7978540621038295
file_block5,948,0.07809528862155682,0.05867628236459609,-0.019419006256960726,0.7513421539285988,0.1431312925784913,0.11129438261736911,-0.03183690996112219,0.7775684870332373
file_block5,949,0.0820131820044423,0.06100546969852191,-0.02100771230592039,0.743849564271479,0.15044642069318934,0.1198887007978216,-0.030557719895367735,0.7968863615726348
file_block5,950,0.08218642563193972,0.05673024661067696,-0.025456179021262758,0.6902629743838155,0.15238659965955645,0.11901421372988366,-0.03337238592967279,0.7810018334667923
file_block5,951,0.08074614509978814,0.05792899746680376,-0.022817147632984383,0.7174212142909563,0.15008863193992766,0.11618864369608072,-0.03389998824384695,0.7741335382588118
file_block5,952,0.08113437481029968,0.05855345295422194,-0.02258092185607774,0.7216848973215828,0.151362603397586,0.11987180071501391,-0.031490802682572094,0.791951235141914
file_block5,953,0.0813394890639432,0.0602284406508947,-0.0211110484130485,0.7404575728714926,0.14916031019532136,0.11530451720512067,-0.033855792990200695,0.7730241178375973
file_block5,954,0.07913144625547718,0.0593117142711532,-0.019819731984323977,0.7495340610819162,0.1488819088430156,0.11485353449535549,-0.03402837434766012,0.7714405019918142
file_block5,955,0.08011581619199913,0.06010221095091553,-0.0200136052410836,0.7501915827316719,0.14823364064886638,0.11611748673014358,-0.0321161539187228,0.7833409894127942
file_block5,956,0.084470194218155,0.058010187767656304,-0.026460006450498702,0.686753337133778,0.15009460829194177,0.11508371370357984,-0.03501089458836193,0.7667411575486847
file_block5,957,0.08221719430262092,0.05806750101695401,-0.024149693285666914,0.7062695523666506,0.15283905036401832,0.11942032336472942,-0.0334187269992889,0.7813469337862596
file_block5,958,0.082704185030031,0.060112012539032575,-0.02259217249099843,0.7268315686467993,0.1523948636746774,0.12021987927265548,-0.032174984402021906,0.7888709394385696
file_block5,959,0.07933813691862053,0.06013255215766044,-0.01920558476096009,0.7579274544767818,0.15041503647062723,0.11969564682699096,-0.03071938964363627,0.7957691573632328
file_block5,960,0.0802270685079509,0.058146959052103556,-0.022080109455847347,0.7247798047904604,0.15066600032809202,0.12171781990285989,-0.02894818042523213,0.8078652093890178
file_block5,961,0.0786851440931229,0.06031806242001329,-0.01836708167310961,0.7665749756857229,0.14438522981845556,0.11544963706520947,-0.028935592753246087,0.7995945098426717
file_block5,962,0.08118246928443014,0.058852275304563086,-0.022330193979867054,0.7249382264829713,0.15058544636214952,0.12063510396530808,-0.02995034239684144,0.801107323978623
file_block5,963,0.08106812000906623,0.06102509171285917,-0.020043028296207056,0.7527631294032038,0.14968563701250426,0.1184532721577521,-0.031232364854752157,0.7913469489918855
file_block5,964,0.08091775756019784,0.06091861730553907,-0.019999140254658772,0.7528460889467847,0.15166634748035118,0.11816101928357618,-0.033505328196775,0.7790852832325529
file_block5,965,0.08343807531490566,0.06052129686957967,-0.02291677844532599,0.7253438749775181,0.14891792853625874,0.11671553514288895,-0.03220239339336979,0.7837574447221168
file_block5,966,0.08258392483121944,0.05945293862070882,-0.023130986210510622,0.7199093375885867,0.15373386955067886,0.12181045498215458,-0.03192341456852428,0.7923462496466946
file_block5,967,0.08196345972242484,0.05959103089208938,-0.022372428830335467,0.7270438692302483,0.1483222926411986,0.11988024725435047,-0.028442045386848122,0.8082416009058645
file_block5,968,0.08037843074526761,0.06071320262965946,-0.019665228115608155,0.7553419750389196,0.15242331119654193,0.1211456963304438,-0.03127761486609813,0.7947976945221504
file_block5,969,0.07924383435705402,0.05971455212507075,-0.019529282231983275,0.7535545523454994,0.15128429199885665,0.11827355437406986,-0.03301073762478679,0.7817966611825352
file_block5,970,0.08244782026471005,0.058912847957332606,-0.023534972307377444,0.7145470646547697,0.15269215566510183,0.11742224058333121,-0.03526991508177062,0.769012920617037
file_block5,971,0.08153098027058199,0.06078671720342915,-0.020744263067152838,0.7455658818487457,0.14897490650587297,0.11685480638129964,-0.032120100124573336,0.7843925471884281
file_block5,972,0.08195994187546732,0.05934484031255016,-0.022615101562917156,0.7240712835389842,0.1454794310091151,0.11648465842646091,-0.028994772582654177,0.8006950372191276
file_block5,973,0.0805984359622782,0.05971147059783142,-0.02088696536444678,0.7408514803659176,0.15041636136506867,0.11979088219999375,-0.030625479165074923,0.7963952931240955
file_block5,974,0.08393296751211828,0.062423940795191646,-0.02150902671692663,0.7437356576982561,0.15394421400481625,0.12160549271224133,-0.03233872129257492,0.7899322069255348
file_block5,975,0.08133929269861512,0.05930888287410579,-0.02203040982450933,0.7291541505513434,0.15441643465259478,0.12043158260955722,-0.033984852043037556,0.7799142810187498
file_block5,976,0.07994998864924184,0.057865205716967634,-0.022084782932274206,0.7237675288590096,0.1445614974319446,0.11689999842075309,-0.027661499011191512,0.8086523763063969
file_block5,977,0.08176638012642792,0.058719573489875,-0.023046806636552924,0.718138352206399,0.14965161882548123,0.11713388796946876,-0.032517730856012464,0.7827104637342175
file_block5,978,0.08083887195548821,0.058189387539063275,-0.022649484416424934,0.7198193904920361,0.14920325929997838,0.11709690882580673,-0.03210635047417165,0.7848146841777718
file_block5,979,0.08190158336732534,0.05926183427763748,-0.022639749089687855,0.7235737313142105,0.147415430586995,0.1186336577938789,-0.028781772793116098,0.8047573942665998
file_block5,980,0.08163650685299197,0.058576158970512535,-0.02306034788247943,0.717524073831262,0.1490900856891242,0.11799872314988986,-0.03109136253923435,0.7914592214799271
file_block5,981,0.08314069113968876,0.05980461722882498,-0.023336073910863786,0.7193182593147356,0.14975513763431156,0.12293874037654141,-0.026816397257770144,0.8209317043716167
file_block5,982,0.08188131858094863,0.060443808681949325,-0.021437509898999306,0.7381880229761324,0.14660751439280995,0.12017598969945523,-0.02643152469335472,0.8197123469228464
file_block5,983,0.08337227682312294,0.06060541526442904,-0.022766861558693903,0.7269252750888097,0.15335443787938716,0.12030905966823566,-0.0330453782111515,0.7845163226567881
file_block5,984,0.08076912636712794,0.06040049506039985,-0.020368631306728086,0.747816619754626,0.15000886507847633,0.11647540524414907,-0.03353345983432726,0.7764568126238112
file_block5,985,0.08419213241169698,0.05919021725983968,-0.025001915151857304,0.703037392738805,0.15233250751334307,0.11827563081551659,-0.03405687669782648,0.7764306696333783
file_block5,986,0.07916805192619536,0.05927983019323212,-0.019888221732963236,0.7487847528254947,0.14750958957521695,0.11906536581782315,-0.028444223757393805,0.8071703416753814
file_block5,987,0.079634425399001,0.05776058856233465,-0.02187383683666634,0.7253218475920498,0.1445751380854335,0.11400519656190519,-0.03056994152352832,0.7885532607586812
file_block5,988,0.08200791003329183,0.06044434365890849,-0.021563566374383343,0.7370550430363434,0.15340164492967245,0.12174265261418901,-0.03165899231548344,0.793620255310837
file_block5,989,0.08205884968954505,0.05918650352142156,-0.02287234616812349,0.7212689886019983,0.14881931140058702,0.11879558353462956,-0.03002372786595746,0.7982538181140983
file_block5,990,0.08131598709670021,0.05998226407304832,-0.021333723023651892,0.7376441732388733,0.15323148394955013,0.12274160035187931,-0.030489883597670825,0.8010207640636744
file_block5,991,0.0823338743172204,0.05981200931485479,-0.022521865002365617,0.726456878300271,0.15343843533531837,0.12161911622434536,-0.03181931911097301,0.792624846301148
file_block5,992,0.08300960733951263,0.06121636193075149,-0.02179324540876114,0.7374611673607142,0.1518890558603658,0.12284163027684765,-0.029047425583518152,0.8087589298716693
file_block5,993,0.08272121867625822,0.05991928423863338,-0.022801934437624835,0.7243520489360342,0.15513587101104548,0.11944924198817707,-0.03568662902286841,0.7699653291640876
file_block5,994,0.08112800274192995,0.05900158099442034,-0.02212642174750961,0.727265296818729,0.14947612427536558,0.12228372316712181,-0.027192401108243766,0.8180819763686821
file_block5,995,0.08082410075671685,0.057756619369388695,-0.023067481387328156,0.7145964981811301,0.14996246625612222,0.11565842603578812,-0.034304040220334106,0.7712491593613435
file_block5,996,0.08091745606353534,0.06036650620416116,-0.020550949859374182,0.7460257544028839,0.15080836982956844,0.11798873611959994,-0.0328196337099685,0.7823752504780827
file_block5,997,0.08142843937483123,0.05712218763828038,-0.02430625173655085,0.7015016875779191,0.14746931154947904,0.11648753017308791,-0.030981781376391127,0.7899103138757375
file_block5,998,0.08387620095754636,0.059355067346295566,-0.024521133611250794,0.7076508791371932,0.14774449887621027,0.12128226086942936,-0.026462238006780908,0.820891889660456
file_block5,999,0.08542597185988568,0.06004654642923142,-0.02537942543065426,0.7029073842755785,0.15464561192099746,0.11755633006736385,-0.03708928185363361,0.7601659601400064
file_mod5,0,0.0806969913775345,0.05674474797193419,-0.02395224340560031,0.7031829440388722,0.1500770723685664,0.11730951435379552,-0.03276755801477088,0.7816617988502684
file_mod5,1,0.08209959906475153,0.05784082729321598,-0.024258771771535556,0.7045202163240434,0.14976205794467456,0.11621282902243248,-0.03354922892224209,0.7759831202731207
file_mod5,2,0.07596249982478549,0.05746010788897811,-0.018502391935807383,0.7564272900643758,0.15010033378971377,0.11829077280406755,-0.03180956098564622,0.7880780130028858
file_mod5,3,0.07710691517518006,0.059955998053374815,-0.017150917121805248,0.7775696630731512,0.15414731622387023,0.12060358048828096,-0.033543735735589275,0.7823916980372642
file_mod5,4,0.08090747791545119,0.05809625851767129,-0.0228112193977799,0.7180579597151976,0.14545947427805048,0.11174786076032392,-0.03371161351772656,0.7682405103892668
file_mod5,5,0.08162524629241726,0.059508246431384755,-0.0221169998610325,0.7290421669075307,0.15305834173590233,0.11809688630848615,-0.034961455427416174,0.7715808558298565
file_mod5,6,0.08258071341747773,0.0585555599242548,-0.024025153493222935,0.7090706473826835,0.1516126893184852,0.11724960011950097,-0.03436308919898423,0.7733495174219922
file_mod5,7,0.0793954448886843,0.05881293912409144,-0.020582505764592862,0.7407596141888192,0.1533416493532758,0.11617806762361549,-0.037163581729660305,0.7576419590737473
file_mod5,8,0.08343668938847663,0.05926161845140836,-0.024175070937068277,0.7102585072076568,0.1543381363042875,0.11622202349004389,-0.03811611281424361,0.753035032513965
file_mod5,9,0.08166038158288605,0.05752544199394379,-0.024134939588942257,0.704447381690899,0.15366044954980437,0.11658036668811222,-0.03708008286169215,0.7586881792267973
file_mod5,10,0.07766103794283821,0.05915419766011007,-0.018506840282728143,0.761697232319378,0.14481473908963421,0.12351462912102115,-0.021300109968613062,0.8529147647365564
file_mod5,11,0.08097685944617608,0.05820182935602902,-0.022775030090147058,0.7187464388479374,0.15135660102657741,0.1187172564265116,-0.03263934460006582,0.7843546671985947
file_mod5,12,0.07922513892503218,0.05806109277834703,-0.02116404614668515,0.7328619875730114,0.15189637294442218,0.11726090314078937,-0.034635469803632815,0.7719796125987439
file_mod5,13,0.08146069842288894,0.0598898898381888,-0.021570808584700146,0.7351998079771048,0.15520934419901128,0.11938516990431944,-0.03582417429469184,0.7691880313033367
file_mod5,14,0.08236436768393715,0.058669466013149464,-0.023694901670787687,0.7123161102661059,0.15687950007515494,0.11957148558260919,-0.037308014492545755,0.7621868091454083
file_mod5,15,0.08286200471118324,0.058602086102881625,-0.024259918608301616,0.7072250581812506,0.15542396308720083,0.11971164842593446,-0.03571231466126637,0.7702264570281873
file_mod5,16,0.0778346681615697,0.0588873722239847,-0.018947295937585,0.756569965734882,0.14753369645515288,0.11537864084715412,-0.032155055607998764,0.7820494139264434
file_mod5,17,0.0814380521689584,0.05936754886354798,-0.022070503305410417,0.7289902850375025,0.1524018162491205,0.11833061749462419,-0.03407119875449631,0.7764383680388525
file_mod5,18,0.07896915140014439,0.057679047202116286,-0.021290104198028105,0.730399734319683,0.14807038775234643,0.11564001122639134,-0.032430376525955096,0.7809799986463453
file_mod5,19,0.07936088655539482,0.05856437271029002,-0.0207965138451048,0.7379500816111902,0.15026175263787778,0.11638770524241739,-0.03387404739546039,0.774566402954883
file_mod5,20,0.08172875954788754,0.059489849181218434,-0.022238910366669105,0.727893699969365,0.15168219192100077,0.11554842362036429,-0.036133768300636485,0.7617797590935678
file_mod5,21,0.08200322985440056,0.058022087115869106,-0.023981142738531455,0.7075585585944509,0.1502639446284523,0.11517360818595675,-0.035090336442495554,0.7664753409125449
file_mod5,22,0.07858708187030942,0.058444610532890844,-0.02014247133741858,0.7436923364751058,0.15205782454816755,0.11728888862780702,-0.034768935920360525,0.7713439869097514
file_mod5,23,0.08030377420404135,0.05921214866915296,-0.021091625534888386,0.7373520018959839,0.1533074196777865,0.11407783613713972,-0.039229583540646776,0.7441116442824656
file_mod5,24,0.08087025270665137,0.05873823739363513,-0.022132015313016236,0.7263268683814075,0.1516461405514864,0.11910216990760863,-0.03254397064387776,0.7853953254232109
file_mod5,25,0.08002217974633981,0.057546255656858065,-0.022475924089481743,0.7191288195256917,0.1498694575153179,0.1151846550415242,-0.03468480247379371,0.7685665708755326
file_mod5,26,0.07735626547709813,0.05789807540198956,-0.019458190075108572,0.748460063899164,0.14655759143674119,0.11408676669885667,-0.03247082473788451,0.77844324255356
file_mod5,27,0.07944003335940104,0.05881101635806139,-0.020629017001339657,0.740319633200426,0.14939004685679355,0.12296010225536523,-0.02642994460142832,0.8230809538016661
file_mod5,28,0.08271758605339585,0.05785916810029873,-0.024858417953097123,0.6994784405694514,0.15272553163932007,0.11914065957619824,-0.03358487206312183,0.7800965450725253
file_mod5,29,0.08343282065832554,0.05886037259781572,-0.024572448060509816,0.7054822326918682,0.1499829632387076,0.11591437798712546,-0.03406858525158214,0.7728502990212309
file_mod5,30,0.07967528726961258,0.05870207669359224,-0.02097321057602034,0.7367664266455763,0.1502610072349107,0.11831732415469233,-0.031943683080218374,0.7874120261267836
file_mod5,31,0.08034528251698712,0.05625033306022351,-0.02409494945676361,0.7001074773535173,0.1478088293389328,0.11457826220727893,-0.03323056713165387,0.7751787408081382
file_mod5,32,0.0805705743184064,0.05819662885171242,-0.02237394546669398,0.72230624324118,0.15609707782765656,0.11601242736544054,-0.040084650462216015,0.7432069131590495
file_mod5,33,0.08021771640717221,0.05763067983884136,-0.022587036568330845,0.7184283275569366,0.15082826073553232,0.11683282728794216,-0.033995433447590165,0.7746083308140841
file_mod5,34,0.0806074412562412,0.058841627690060516,-0.02176581356618068,0.7299776146349837,0.15301798961811203,0.11631442281554975,-0.036703566802562274,0.7601356095831373
file_mod5,35,0.08215276371339834,0.05637433724674755,-0.025778426466650795,0.6862135209889892,0.15315061629030507,0.11513749102618215,-0.03801312526412293,0.7517925413237186
file_mod5,36,0.08148553315729794,0.06012969348312281,-0.021355839674175127,0.7379186360240134,0.1560942765244659,0.12136265095519905,-0.034731625569266844,0.7774958419835266
file_mod5,37,0.08222974104909576,0.05598701762763723,-0.026242723421458537,0.6808609259052615,0.1527845002982303,0.11247689694416274,-0.04030760335406755,0.736180023003718
file_mod5,38,0.07947296514027496,0.05868166981090568,-0.020791295329369283,0.7383853075989892,0.150163600386479,0.11444803026988445,-0.03571557011659454,0.7621556087848674
file_mod5,39,0.07945194392696153,0.05847873160518241,-0.020973212321779122,0.7360264420835398,0.15299288300903008,0.11598334823065,-0.03700953477838008,0.7580963633700812
file_mod5,40,0.08062895644556928,0.05841097886459719,-0.02221797758097209,0.7244417072919588,0.14894432195309545,0.11868001770985107,-0.03026430424324439,0.7968079357011338
file_mod5,41,0.08094891215482818,0.058785800621086876,-0.0221631115337413,0.726208655017492,0.14903647124095948,0.1177784212573382,-0.03125804998362128,0.790265767007568
file_mod5,42,0.08130450915583257,0.05876080443657826,-0.022543704719254307,0.7227250375985195,0.14678463448667167,0.11389838344817033,-0.032886251038501346,0.7759557657141049
file_mod5,43,0.07807719002965738,0.059000445978620066,-0.019076744051037313,0.7556681529677096,0.14991899990077925,0.118848650471109,-0.031070349429670255,0.792752423307029
file_mod5,44,0.08206163739143871,0.05972052114173051,-0.0223411162497082,0.7277520049576905,0.15157691550782867,0.12036042228636579,-0.031216493221462888,0.7940550966030799
file_mod5,45,0.07982793910995063,0.05830921176958657,-0.021518727340364065,0.7304361407761593,0.1486059967170829,0.11870592505762959,-0.029900071659453326,0.7987963317767232
file_mod5,46,0.08167653094748435,0.06078067755381467,-0.02089585339366968,0.7441633091994919,0.152755446918891,0.12008016746032195,-0.03267527945856906,0.7860941778664119
file_mod5,47,0.07884823790988467,0.058238211682061565,-0.020610026227823104,0.7386114544325236,0.14978193023448896,0.1187912970126472,-0.030990633221841757,0.7930949803269005
file_mod5,48,0.0811443869239437,0.05578124291671986,-0.025363144007223837,0.6874319349901971,0.1512038408901051,0.11310982113746111,-0.038094019752643996,0.7480618248293659
file_mod5,49,0.08206958230900666,0.05897656243402304,-0.023093019874983613,0.7186165784537045,0.15442528718803886,0.12020013425923372,-0.03422515292880514,0.7783707995496214
file_mod5,50,0.08184579462643547,0.05908526253198392,-0.02276053209445155,0.7219095715505449,0.15120347844519835,0.11739576672294576,-0.033807711722252595,0.7764091668399961
file_mod5,51,0.07962232413626605,0.058623585182526784,-0.020998738953739264,0.7362707107393409,0.15118621631236837,0.11942610029399603,-0.031760116018372336,0.7899271719800685
file_mod5,52,0.0819855132441776,0.058846935848439266,-0.02313857739573834,0.717772366359107,0.15252840542215404,0.11605878155302363,-0.03646962386913041,0.7608994615252604
file_mod5,53,0.08177094382375118,0.06039289042842496,-0.021378053395326217,0.738561738489843,0.15034051044384175,0.1160911323037322,-0.034249378140109546,0.7721879615880174
file_mod5,54,0.08008458387549815,0.058568668844441375,-0.021515915031056772,0.731335121070167,0.1537945114198903,0.11585177286667954,-0.03794273855321077,0.753289384628172
file_mod5,55,0.07821831513003383,0.05855507663956638,-0.01966323849046745,0.7486108150274222,0.1469074047798553,0.11493244487216356,-0.03197495990769175,0.7823461659022084
file_mod5,56,0.08090432767092892,0.06075898240418317,-0.020145345266745752,0.7509979274695275,0.1506760281529126,0.12060897681449938,-0.03006705133841321,0.8004523233921467
file_mod5,57,0.08108745473851268,0.059094325884881595,-0.02199312885363109,0.7287727315581235,0.15166558514752215,0.11705799090717164,-0.03460759424035051,0.7718164328005699
file_mod5,58,0.0793099162977999,0.05820926453284086,-0.021100651764959046,0.7339468662943931,0.14936823209693778,0.11908411070586422,-0.03028412139107356,0.7972519258886347
file_mod5,59,0.07778576980145357,0.05819539960174794,-0.019590370199705637,0.7481496904933946,0.1458777989500764,0.11775483540876484,-0.028122963541311566,0.807215602759841
file_mod5,60,0.08112040162329723,0.05901233331568017,-0.02210806830761706,0.7274659904880479,0.15055928365776924,0.11549826053024417,-0.03506102312752507,0.7671281220544262
file_mod5,61,0.08314806646554364,0.05756377358810898,-0.02558429287743466,0.6923044159056094,0.15458534459385131,0.11643216480728026,-0.038153179786571054,0.7531901883272795
file_mod5,62,0.0816401955610825,0.06124526440959324,-0.020394931151489257,0.7501851751906946,0.15433019688586833,0.12448254293955377,-0.029847653946314556,0.8065987438065166
file_mod5,63,0.08190443278055166,0.06146850593080549,-0.020435926849746176,0.7504905881651045,0.15152362795190186,0.11944523713066628,-0.03207839082123558,0.7882944643364913
file_mod5,64,0.07825099253492791,0.05872452928366256,-0.01952646325126535,0.7504636986866388,0.1468840700827677,0.11755808940346066,-0.02932598067930703,0.8003460779458104
file_mod5,65,0.08094568866239854,0.057701884747408234,-0.023243803914990306,0.7128469187292531,0.15199882140831725,0.11852627480902077,-0.03347254659929648,0.7797841701063026
file_mod5,66,0.07994778710518959,0.058652196490861314,-0.021295590614328272,0.7336312687891029,0.1521904890608769,0.11876898443534252,-0.03342150462553438,0.7803968905562448
file_mod5,67,0.07911253398733613,0.058700619992890966,-0.020411913994445162,0.7419888737515021,0.15195393176760802,0.11661853419918364,-0.03533539756842438,0.767459800760767
file_mod5,68,0.07951944355320975,0.056339831027213017,-0.023179612525996734,0.7085038389323449,0.14697447340082725,0.11541971702485729,-0.03155475637596997,0.7853045114173387
file_mod5,69,0.08095356276509039,0.05851182538980051,-0.02244173737528988,0.7227825853642672,0.1513673672571872,0.11445066757203315,-0.03691669968515404,0.7561118994530099
file_mod5,70,0.08110178628080246,0.05887337715183493,-0.02222840912896753,0.7259196110427817,0.15432616086981132,0.11845588174608732,-0.03587027912372401,0.767568382952363
file_mod5,71,0.07920198692186642,0.05764974610904657,-0.021552240812819846,0.7278825740308592,0.15188540112071758,0.1146453774513367,-0.03724002366938088,0.7548149894947261
file_mod5,72,0.08098173813661208,0.05968101690899245,-0.021300721227619633,0.7369688312729668,0.15018405553782718,0.11919816027251756,-0.03098589526530962,0.7936805265089866
file_mod5,73,0.07975483499335582,0.05857980110615181,-0.021175033887204014,0.7344984302335018,0.15321270362645034,0.1202514270738788,-0.03296127655257154,0.7848659035941641
file_mod5,74,0.08187932396880455,0.0579751950912142,-0.02390412887759035,0.7080565920805886,0.1517174698247341,0.11811138728678884,-0.03360608253794527,0.7784956302213092
file_mod5,75,0.07920828383341941,0.05899118452053072,-0.02021709931288869,0.7447602910396762,0.15017709822486996,0.11752201247463889,-0.03265508575023107,0.7825561544588211
file_mod5,76,0.07982733391873488,0.058630481116847266,-0.021196852801887614,0.7344662315358516,0.14797229042676746,0.11737239611653916,-0.030599894310228304,0.7932052398325725
file_mod5,77,0.08058788075178239,0.05725531576086837,-0.023332564990914018,0.7104705475159432,0.149416187211951,0.11799179490269458,-0.03142439230925641,0.7896854892657645
file_mod5,78,0.08203288605604729,0.05787011322554805,-0.024162772830499238,0.7054501677048091,0.15000320735967457,0.11493992616682706,-0.035063281192847504,0.7662497901876625
file_mod5,79,0.08085485898785474,0.05992255459688433,-0.020932304390970415,0.7411125978945228,0.15072265204292948,0.12343672238231855,-0.027285929660610928,0.8189659663576034
file_mod5,80,0.08096137839738783,0.05857104026673398,-0.02239033813065385,0.7234442079190655,0.15608037325787288,0.12415990499664663,-0.031920468261226256,0.7954869815150436
file_mod5,81,0.08042925231174605,0.059724365927248516,-0.020704886384497537,0.7425701994064944,0.15369827459633675,0.11940094624372752,-0.034297328352609235,0.7768528733150354
file_mod5,82,0.07897298791492322,0.05827037980202013,-0.020702608112903087,0.7378520344803746,0.1504213261129325,0.11638416371582304,-0.03403716239710945,0.773721165231882
file_mod5,83,0.08211326090469742,0.057828846290162654,-0.024284414614534768,0.7042570914006225,0.15438477555456723,0.11797932951634515,-0.03640544603822207,0.7641901806220874
file_mod5,84,0.08009063943621098,0.05774756120233571,-0.02234307823387527,0.7210275958444476,0.1495965683876948,0.11503331691720654,-0.03456325147048826,0.7689569229896099
file_mod5,85,0.07935972468797488,0.05837752948596221,-0.020982195202012666,0.7356065021078377,0.15157612813367266,0.11942230126301491,-0.03215382687065775,0.7878701134105908
file_mod5,86,0.08016002781367852,0.05924216907566754,-0.020917858738010983,0.7390487589820727,0.14899247408160227,0.11763741722262652,-0.031355056858975744,0.7895527471957894
file_mod5,87,0.08350595236634581,0.059401945509883446,-0.024104006856462364,0.7113498358689859,0.15600457777301702,0.11910647751613941,-0.036898100256877606,0.7634806568909569
file_mod5,88,0.079295913910597,0.057454975613069906,-0.02184093829752709,0.7245641393054391,0.14723865919792387,0.11498036480788851,-0.03225829439003536,0.780911517628855
file_mod5,89,0.08171696647422605,0.058594413044522474,-0.023122553429703575,0.7170409716934788,0.15002050767156266,0.11458213475009657,-0.035438372921466094,0.7637764764864633
file_mod5,90,0.08062318677853482,0.057419982271684496,-0.023203204506850324,0.7122018437377376,0.1519503076744539,0.11919775878075559,-0.0327525488936983,0.7844522370835271
file_mod5,91,0.0832461900405695,0.05710301569515081,-0.026143174345418692,0.6859535033053407,0.15155678037086853,0.11694567704533626,-0.03461110332553227,0.771629462958788
file_mod5,92,0.07935943831327118,0.05784636057936459,-0.021513077733906587,0.7289159526434176,0.15302452089304808,0.11676570937082803,-0.03625881152222005,0.7630522787419014
file_mod5,93,0.08265233297916325,0.06005006159586573,-0.02260227138329752,0.7265380108629773,0.1525128639246964,0.12048573309930138,-0.03202713082539502,0.7900037413158244
file_mod5,94,0.07838698564977131,0.059821573510687315,-0.018565412139083998,0.7631569579415488,0.14926709362056018,0.12134915793340369,-0.02791793568715649,0.8129665754856564
file_mod5,95,0.08149219452049505,0.05726544485905856,-0.024226749661436495,0.7027107957518123,0.1490579764370321,0.11380242468511366,-0.035255551751918454,0.7634775904340029
file_mod5,96,0.0826069610972524,0.05824910615381586,-0.024357854943436535,0.7051355646074395,0.1496516225476102,0.1120549547827485,-0.03759666776486169,0.7487720672530584
file_mod5,97,0.08158780815016893,0.058773425554118484,-0.022814382596050446,0.720370198522079,0.14812266676867805,0.11655529225232819,-0.03156737451634986,0.7868835661347606
file_mod5,98,0.07977432565229844,0.05885585235572676,-0.020918473296571684,0.7377793779449017,0.14968873120774848,0.11730528863641763,-0.03238344257133084,0.7836614532700739
file_mod5,99,0.07923014451304047,0.058770703175189634,-0.02045944133785084,0.7417720052942296,0.14989215902593797,0.11581750502825243,-0.03407465399768554,0.7726722050098089
file_mod5,100,0.07913417281623404,0.05882963630121827,-0.02030453651501577,0.7434163296030514,0.15118720839153996,0.11945871502020045,-0.03172849337133951,0.7901377126484799
file_mod5,101,0.08085547496946056,0.05917693931090839,-0.021678535658552177,0.7318853711917437,0.14994980824943963,0.11529871624110077,-0.03465109200833885,0.7689153963391724
file_mod5,102,0.07857008960959454,0.057455283562285665,-0.021114806047308872,0.7312615251907457,0.1458118877437603,0.11648304553184778,-0.029328842211912523,0.7988583601396547
file_mod5,103,0.08151467253224438,0.05919885234120551,-0.022315820191038872,0.7262355414332125,0.15402558678819944,0.11974063375366381,-0.03428495303453563,0.777407418147474
file_mod5,104,0.07974943009771648,0.06063200718624741,-0.019117422911469076,0.7602813852331657,0.14773749526393082,0.11704041879747745,-0.030697076466453366,0.7922187836499225
file_mod5,105,0.08406396412106024,0.059178548000690986,-0.02488541612036925,0.7039704660544934,0.1544690062011459,0.12215109648386684,-0.03231790971727906,0.7907806199309948
file_mod5,106,0.07749441433527128,0.05764332817534628,-0.019851086159925,0.7438384904227884,0.15026307251535914,0.11777826467588678,-0.03248480783947236,0.7838137654469169
file_mod5,107,0.08107772880424426,0.05927988939449812,-0.02179783940974614,0.7311488650307991,0.15239519952495845,0.11565251177378935,-0.036742687751169095,0.7588986538571934
file_mod5,108,0.07982821464612065,0.05915333812363786,-0.020674876522482795,0.7410079053610963,0.14712951807483773,0.11864031902205946,-0.028489199052778275,0.8063665304858323
file_mod5,109,0.08252632961088167,0.05893848384926384,-0.023587845761617834,0.7141779372372862,0.15460220780217948,0.11688759727845505,-0.037714610523724434,0.7560538684416332
file_mod5,110,0.0788171182909316,0.058167584891710415,-0.02064953339922119,0.7380069983908935,0.14945241622654945,0.11778380267979065,-0.0316686135467588,0.7881023649778033
file_mod5,111,0.07956942821184981,0.05886210334337165,-0.020707324868478164,0.7397577771534829,0.15084535538432225,0.12206961501193614,-0.028775740372386116,0.8092368154188667
file_mod5,112,0.0793402591061356,0.0585246667452375,-0.020815592360898097,0.7376414874943562,0.14569640530590847,0.11682883961024815,-0.02886756569566032,0.8018649421373909
file_mod5,113,0.07933920608959281,0.057433221491889216,-0.0219059845977036,0.7238945827997505,0.1489892225840982,0.11714759226441407,-0.03184163031968412,0.7862823245371936
file_mod5,114,0.08089213158796707,0.05953208770457847,-0.0213600438833886,0.7359441089747971,0.15417459316327972,0.1195049391732634,-0.03466965399001633,0.7751273197568994
file_mod5,115,0.07909666286389093,0.059311755513307585,-0.019784907350583344,0.7498641961086386,0.15164698557081732,0.11936552245471195,-0.03228146311610537,0.7871275647544586
file_mod5,116,0.0846687171552876,0.06003510570643106,-0.02463361144885655,0.7090588794007945,0.15721064506825286,0.11789951996064017,-0.039311125107612685,0.7499461624208348
file_mod5,117,0.08338929390981535,0.05786478872788462,-0.02552450518193073,0.693911484494218,0.15342488562843676,0.11626305385902364,-0.03716183176941312,0.7577848494577902
file_mod5,118,0.08033795685148062,0.0608100241547054,-0.019527932696775226,0.7569276906944973,0.15404788911745676,0.1240775866475581,-0.029970302469898666,0.8054481457577959
file_mod5,119,0.07906434487947948,0.059383590622574665,-0.01968075425690482,0.7510792723710685,0.15238471678185564,0.1192435292254103,-0.03314118755644534,0.7825163293515309
file_mod5,120,0.08094431205824326,0.05767607390807271,-0.023268238150170553,0.7125401704145937,0.1538730828694578,0.12209140547415233,-0.03178167739530548,0.7934552502449809
file_mod5,121,0.08148817774089798,0.058853556672180736,-0.02263462106871724,0.7222342958669796,0.15284029340690117,0.12234693703668813,-0.03049335637021304,0.8004887605846733
file_mod5,122,0.08130614494530272,0.058873326907515275,-0.022432818037787447,0.724094432802358,0.15191238276027996,0.11761792114102118,-0.03429446161925878,0.7742484121694282
file_mod5,123,0.08073239435728019,0.05810717347437884,-0.02262522088290135,0.7197504042457391,0.1533255847172013,0.11555687128640149,-0.03776871343079982,0.7536698555530594
file_mod5,124,0.08085979306224121,0.05765057638549336,-0.02320921667674785,0.7129696255976968,0.15230690391198395,0.11710958341027858,-0.035197320501705376,0.7689052853306938
file_mod5,125,0.08436236232412053,0.05736797370464487,-0.02699438861947566,0.6800185784774125,0.1576031945795693,0.11619321693013457,-0.04140997764943474,0.7372516606665099
file_mod5,126,0.07955867379819606,0.05848063354799381,-0.021078040250202254,0.7350629511036396,0.15470164537149791,0.1191246340173567,-0.03557701135414121,0.7700282290553072
file_mod5,127,0.07821734656679771,0.05741790381888794,-0.02079944274790977,0.7340814581309401,0.14877602051193084,0.11477350900530953,-0.034002511506621313,0.7714516668101461
file_mod5,128,0.07604957096010792,0.05741123468544382,-0.018638336274664102,0.754918587450797,0.14552295670393567,0.11708621741284139,-0.028436739291094276,0.8045893243569232
file_mod5,129,0.08026218396762813,0.05728809234468957,-0.022974091622938564,0.7137619425830148,0.14712016805736725,0.11705984582661184,-0.0300603222307554,0.7956750415141326
file_mod5,130,0.07777376973615574,0.056370328526957995,-0.021403441209197745,0.724798717076361,0.1499925452391329,0.11590023754926612,-0.03409230768986679,0.7727066526172119
file_mod5,131,0.0813735379297793,0.0594746140287411,-0.021898923901038203,0.730883964760931,0.15201517869706005,0.1209793479960822,-0.031035830700977846,0.7958372909403548
file_mod5,132,0.07887151318434243,0.05763922472129144,-0.021232288463050995,0.7307990222854501,0.14945760994634344,0.12149092930548219,-0.027966680640861247,0.8128788447045184
file_mod5,133,0.07935029742771706,0.056887354182085015,-0.02246294324563204,0.7169141896904128,0.15325742849405155,0.11594633297266095,-0.0373110955213906,0.7565462510494962
file_mod5,134,0.08193251164684763,0.05859883816852215,-0.023333673478325483,0.7152086148792773,0.15177856831692652,0.12094816430159022,-0.030830404015336293,0.7968724810280211
file_mod5,135,0.08192791253737029,0.05826002058784962,-0.023667891949520674,0.711113206518903,0.14758132009716288,0.1157624406365761,-0.03181887946058677,0.7843976497863129
file_mod5,136,0.08007060738665675,0.05807729959379378,-0.021993307792862973,0.7253260776871787,0.15010426475073538,0.11587002029856612,-0.03423424445216926,0.7719302345671591
file_mod5,137,0.08150283005377891,0.05988876849578245,-0.02161406155799646,0.7348059994513735,0.14266592335009307,0.11732187490134353,-0.02534404844874953,0.8223538750276276
file_mod5,138,0.07813106707549826,0.05928300400052194,-0.018848063074976322,0.7587635267189761,0.147595932206567,0.11599410660520722,-0.03160182560135978,0.7858895897135455
file_mod5,139,0.08072224174382954,0.058614227994569994,-0.022108013749259546,0.7261224010673676,0.1537504951525537,0.11697227210258118,-0.036778223049972525,0.7607928155712241
file_mod5,140,0.08062191055693047,0.05933466192991102,-0.021287248627019445,0.7359619924662089,0.15132461670064698,0.11475890329807661,-0.036565713402570366,0.7583624250976607
file_mod5,141,0.07994937880083856,0.05796470410849467,-0.021984674692343893,0.725017567089423,0.14744386269121018,0.11912088592618851,-0.02832297676502167,0.8079067093871644
file_mod5,142,0.08023733247919261,0.05906375186695443,-0.02117358061223818,0.7361131039877357,0.15169867268306708,0.1185218281491945,-0.03317684453387258,0.7812977269538374
file_mod5,143,0.07586839088514326,0.05536525943869259,-0.02050313144645067,0.7297539699044066,0.14725239481675542,0.11724073279040463,-0.03001166202635079,0.796188971570221
file_mod5,144,0.08007507485632823,0.05725118507988737,-0.022823889776440856,0.7149688611919279,0.1490191898686627,0.12340893912319453,-0.02561025074546816,0.8281412563842306
file_mod5,145,0.08081483139933532,0.0576366432949253,-0.023178188104410018,0.713193881580001,0.1530127716906363,0.11425876383228162,-0.03875400785835467,0.7467269729829602
file_mod5,146,0.08031204905583271,0.058665212667750474,-0.021646836388082236,0.7304658934422976,0.15266939952684142,0.11668196867870939,-0.035987430848132024,0.7642786900343777
file_mod5,147,0.0785960589007774,0.05716970229771362,-0.021426356603063773,0.7273863740405456,0.14474455275969494,0.11630423584147799,-0.028440316918216954,0.803513732461949
file_mod5,148,0.08095521622091038,0.0594076411045367,-0.02154757511637368,0.733833394285864,0.15169712637295205,0.11542403099215809,-0.03627309538079396,0.7608847560393766
file_mod5,149,0.08083096411030295,0.058080092956673934,-0.022750871153629018,0.7185376742187203,0.1501512002980559,0.11700304053949441,-0.03314815975856149,0.7792348000364892
file_mod5,150,0.0809331098338994,0.05889851767926681,-0.02203459215463259,0.7277431671678672,0.15077884059167693,0.12076717325444461,-0.030011667337232317,0.8009557095713006
file_mod5,151,0.07826884658046757,0.05818739487453425,-0.02008145170593332,0.7434298244667789,0.1495744172047707,0.1155366474223543,-0.03403776978241639,0.7724358856379969
file_mod5,152,0.07790580066598783,0.05891374352152576,-0.018992057144462074,0.7562176759354757,0.15127657069580555,0.12359024022139037,-0.027686330474415183,0.8169820326632851
file_mod5,153,0.08137070599553585,0.060000573273435914,-0.021370132722099935,0.7373731435576786,0.150429660292698,0.1190360969046721,-0.0313935633880259,0.7913073570269189
file_mod5,154,0.08035911439260768,0.05950485556732994,-0.020854258825277736,0.7404867016902299,0.15299925106339185,0.1140515884718627,-0.03894766259152915,0.745438867701437
file_mod5,155,0.07955985682539742,0.05851820302819277,-0.021041653797204643,0.7355242375136145,0.15498079115846009,0.11807799761941948,-0.03690279353904061,0.761887952286233
file_mod5,156,0.07782698884746644,0.0571432086032846,-0.020683780244181847,0.7342338364815821,0.14570418747899475,0.1139392233053272,-0.031764964173667545,0.7819900393854713
file_mod5,157,0.08593039118209288,0.05959159112458477,-0.026338800057508105,0.6934867897704058,0.154103036332385,0.11745907430600895,-0.036643962026376056,0.7622112912341412
file_mod5,158,0.0808373599526805,0.06049086884913472,-0.020346491103545784,0.7483033696862943,0.1559953370606668,0.1194387422807235,-0.03655659477994329,0.7656558492788385
file_mod5,159,0.08038887621010347,0.05947513078137544,-0.020913745428728037,0.7398427939946802,0.15617844294535552,0.12322721720019494,-0.03295122574516057,0.7890155316973565
file_mod5,160,0.08279784106296345,0.05809409782100719,-0.02470374324195626,0.7016378334892772,0.1490145323915384,0.11458991916548267,-0.03442461322605572,0.7689848589021879
file_mod5,161,0.08063183956338651,0.058618051089062526,-0.02201378847432399,0.7269839235526997,0.14898575365257982,0.12176584002660737,-0.027219913625972453,0.8172985472862954
file_mod5,162,0.08023128927625338,0.059377876431344755,-0.020853412844908624,0.7400837873475286,0.15045736298269485,0.12074372010916534,-0.02971364287352951,0.802511207929737
file_mod5,163,0.08275368807475302,0.05849973924580124,-0.024253948828951773,0.7069139830113347,0.150979012190636,0.1150630906767375,-0.0359159215138985,0.7621131507434378
file_mod5,164,0.0798436371132447,0.05708457808493202,-0.022759059028312684,0.7149546306860645,0.14970598391702913,0.11683836654608323,-0.0328676173709459,0.7804522136592618
file_mod5,165,0.08171029488657999,0.05840824716187283,-0.02330204772470716,0.7148211524991783,0.1545131898519001,0.11523721835571225,-0.03927597149618785,0.7458082929112161
file_mod5,166,0.08100021020161469,0.061221869647116144,-0.019778340554498543,0.7558235897750266,0.1533023589479015,0.12475562000062763,-0.028546738947273873,0.8137879994594523
file_mod5,167,0.07730066644898986,0.05821910117206194,-0.01908156527692792,0.7531513484489852,0.1482153747052529,0.11998741012219666,-0.028227964583056236,0.8095476623852855
file_mod5,168,0.07953246707366418,0.05797567303163321,-0.021556794042030973,0.7289560498347832,0.14791413950151136,0.11432432988292572,-0.03358980961858564,0.7729100832970575
file_mod5,169,0.07858030817496318,0.05935619523396176,-0.019224112941001424,0.7553571195190795,0.1485677722785604,0.11531777851094767,-0.03324999376761274,0.7761964572957994
file_mod5,170,0.0817759536810814,0.058060143121870245,-0.023715810559211153,0.7099904129311582,0.1498154741786257,0.1173606391280364,-0.0324548350505893,0.783367938268558
file_mod5,171,0.07812619395245568,0.05847653022145249,-0.019649663731003193,0.7484881479960338,0.1487036750894179,0.11230928342279602,-0.03639439166662188,0.7552556004770067
file_mod5,172,0.08118024614208803,0.059321434833034585,-0.02185881130905345,0.7307373117495303,0.15365674603426954,0.11688157214915172,-0.03677517388511782,0.7606667143861293
file_mod5,173,0.08281999513171746,0.05887484942746377,-0.02394514570425369,0.7108772384474163,0.14867204983125676,0.11735827509109709,-0.03131377474015967,0.7893768547907901
file_mod5,174,0.08142804795863524,0.06000172455790751,-0.021426323400727733,0.7368680210581479,0.15190292979696488,0.11843393717116202,-0.03346899262580286,0.7796685510244082
file_mod5,175,0.08233327228220452,0.05782803080641448,-0.024505241475790043,0.7023652674486668,0.15322937222824135,0.11368373426805775,-0.039545637960183594,0.741918684485121
file_mod5,176,0.08206467844370578,0.05868530736343775,-0.02337937108026803,0.7151104284615498,0.15147553015201115,0.11340781867791193,-0.03806771147409922,0.7486873857718346
file_mod5,177,0.08138605619344824,0.06008584504211375,-0.021300211151334493,0.7382818120501432,0.15067788820108036,0.12011017837780072,-0.030567709823279637,0.7971320796420581
file_mod5,178,0.08132014747987656,0.058661071949271885,-0.02265907553060468,0.7213596355538844,0.14891641764428992,0.12040440778856559,-0.02851200985572433,0.8085368268539087
file_mod5,179,0.08162176090437653,0.057810397600393595,-0.023811363303982938,0.7082718745570927,0.1510486120530562,0.11807508025975084,-0.03297353179330535,0.7817025171888152
file_mod5,180,0.0798755579080629,0.05786961193368456,-0.02200594597437834,0.7244971233915226,0.14820043177465844,0.11545867801331497,-0.03274175376134347,0.7790711311075805
file_mod5,181,0.08230802527231641,0.05932189442459309,-0.022986130847723323,0.7207303811302286,0.15111041086360644,0.11729401318830156,-0.03381639767530488,0.7762139783616375
file_mod5,182,0.08120261073080318,0.05971390263943077,-0.021488708091372405,0.7353692461611836,0.15360965484707684,0.12031682018307698,-0.03329283466399986,0.7832633977522838
file_mod5,183,0.08087167378907945,0.05913351282267975,-0.021738160966399696,0.7312017923223061,0.1488646823709437,0.11407721092309513,-0.034787471447848564,0.7663148109155634
file_mod5,184,0.07762458711649861,0.056683412057637925,-0.020941175058860687,0.7302249733395391,0.14560950525051566,0.11681635802707752,-0.028793147223438148,0.8022577772385078
file_mod5,185,0.08124375243317594,0.0587758795349741,-0.02246787289820184,0.723451068847639,0.1501502181837535,0.11797257715393922,-0.03217764102981427,0.7856970078429367
file_mod5,186,0.07957105771625944,0.06062393766587269,-0.018947120050386748,0.7618842755873645,0.15142550606422092,0.1227737831112135,-0.028651722953007427,0.8107866785609026
file_mod5,187,0.0819044608000822,0.05878426649021114,-0.023120194309871056,0.7177175200957082,0.15359869377148236,0.1220419233949824,-0.031556770376499954,0.7945505290334774
file_mod5,188,0.07785759178428338,0.0575910108178594,-0.020266580966423975,0.7396967912573548,0.14926234620175594,0.11815377531738956,-0.031108570884366374,0.7915846047179419
file_mod5,189,0.08071652071322927,0.05832970564243199,-0.022386815070797275,0.7226489091330701,0.1546060356914419,0.11794532124096542,-0.036660714450476486,0.7628765637349189
file_mod5,190,0.07977338950112943,0.05753698744932955,-0.02223640205179988,0.7212553936737882,0.15114783582577787,0.11936352410777358,-0.03178431171800429,0.7897137491625034
file_mod5,191,0.08216954363414403,0.05893222505564921,-0.023237318578494814,0.7172027791470053,0.14959387308611302,0.11846949231995038,-0.03112438076616264,0.791940805301257
file_mod5,192,0.08191728346334254,0.058464683341676454,-0.023452600121666084,0.7137038835991067,0.15109560312257672,0.12121706633891773,-0.029878536783658996,0.8022540949823672
file_mod5,193,0.08037555268683272,0.05981423000293147,-0.020561322683901248,0.7441843695431329,0.1448312622960177,0.11923546896150708,-0.02559579333451062,0.8232716270731943
file_mod5,194,0.07954117985397265,0.059911605548728625,-0.01962957430524402,0.7532149467573729,0.15034985474136206,0.11961052153584832,-0.03073933320551374,0.7955479687134198
file_mod5,195,0.07983611895181121,0.058241011167614896,-0.021595107784196314,0.7295070443337678,0.14983636980005294,0.11716491155231447,-0.03267145824773847,0.7819524172179528
file_mod5,196,0.08252500966246061,0.05860087555774326,-0.023924134104717353,0.7100983786300593,0.1545977900396805,0.11899939631969578,-0.03559839371998472,0.7697354295242661
file_mod5,197,0.08207540051148318,0.05965133643494507,-0.02242406407653811,0.7267870283081865,0.15341627237634123,0.12121622600836342,-0.03220004636797781,0.7901132267834746
file_mod5,198,0.0821028242124791,0.059560457500124196,-0.0225423667123549,0.72543737772021,0.15008550092510817,0.12026915902319327,-0.0298163419019149,0.8013376260989189
file_mod5,199,0.07733155693898501,0.05686331984923464,-0.020468237089750367,0.7353184404925416,0.14422516930634327,0.11624120229872252,-0.02798396700762075,0.8059702953221636
file_mod5,200,0.08058085033174768,0.05944931350684638,-0.0211315368249013,0.7377598183947709,0.15049302950740368,0.12052677208236165,-0.029966257425042025,0.8008794326014428
file_mod5,201,0.08045750965915108,0.0580688841680556,-0.02238862549109548,0.7217335512130278,0.15139564273921316,0.1165252934822111,-0.03487034925700205,0.7696740234653382
file_mod5,202,0.07966964816026759,0.057582814877976916,-0.02208683328229067,0.7227697900979849,0.1483183533993755,0.11563949608925163,-0.03267885731012386,0.7796708461148446
file_mod5,203,0.0796891146104949,0.05731890519347633,-0.022370209417018568,0.7192814912505948,0.14536038555368563,0.11745086709352623,-0.027909518460159405,0.8079977680724323
file_mod5,204,0.08145751646053294,0.05923831438670407,-0.022219202073828867,0.7272295665361426,0.14987919449206835,0.11827249928309257,-0.031606695208975785,0.7891188612529645
file_mod5,205,0.07994915491956191,0.059390072541787214,-0.020559082377774693,0.7428480338727844,0.14405051818249037,0.11458284881584462,-0.029467669366645757,0.7954351727543622
file_mod5,206,0.08245443792740205,0.05819599432761562,-0.024258443599786426,0.7057957799537116,0.1513059713919556,0.1163616024997453,-0.034944368892210295,0.7690483160001168
file_mod5,207,0.08099838829012494,0.057743713132017434,-0.02325467515810751,0.7128995323362176,0.15039534011291156,0.11244978737139355,-0.03794555274151801,0.747694624627134
file_mod5,208,0.08425618915829414,0.06091381243461398,-0.023342376723680155,0.722959500579521,0.15363007599427875,0.12305317349305032,-0.030576902501228423,0.8009705957421571
file_mod5,209,0.0804127332398433,0.057332568651102644,-0.023080164588740654,0.7129787328593779,0.1506158933555809,0.11295792405501658,-0.03765796930056432,0.7499734691898705
file_mod5,210,0.08063315882105902,0.059753010532073575,-0.020880148288985448,0.7410476211737824,0.153165431259937,0.11943107859963954,-0.033734352660297465,0.779752177871997
file_mod5,211,0.07877810482716625,0.058196429672251325,-0.02058167515491493,0.7387386355628927,0.1468364093989982,0.12004149929093708,-0.02679491010806112,0.8175186234958158
file_mod5,212,0.07843869125077414,0.05907382066789853,-0.019364870582875615,0.7531209372047689,0.15137309910189586,0.11597461915137405,-0.03539847995052181,0.7661507879501526
file_mod5,213,0.07781167042097474,0.05838101744557699,-0.01943065297539775,0.7502861348397417,0.1451991961662221,0.11292793666037562,-0.03227125950584647,0.7777449162397375
file_mod5,214,0.07985206542188715,0.05909221561132595,-0.0207598498105612,0.7400211290606016,0.15335062211119624,0.11647410515006446,-0.03687651696113178,0.7595280902454232
file_mod5,215,0.07774595561537531,0.058129506740569624,-0.019616448874805688,0.7476852818961779,0.1446896379206889,0.11503099984583105,-0.029658638074857843,0.7950189211813833
file_mod5,216,0.08008320099749944,0.05830778594021039,-0.021775415057289048,0.7280901014687341,0.14887316244202556,0.11610910743966904,-0.03276405500235652,0.7799196680925243
file_mod5,217,0.08132186003190305,0.059051426530659694,-0.02227043350124335,0.7261445631899403,0.14704919161300956,0.11899156515128315,-0.02805762646172641,0.8091956429412691
file_mod5,218,0.08097771125574878,0.05866588877920365,-0.022311822476545125,0.7244695839071252,0.15104379486044336,0.1173370048419518,-0.03370679001849157,0.7768409483512058
file_mod5,219,0.08055636498349755,0.05967028419637807,-0.020886080787119482,0.7407271195591048,0.150275005082542,0.12061454043492434,-0.02966046464761765,0.8026254290836592
file_mod5,220,0.08044231567413243,0.058733329527489025,-0.021708986146643405,0.7301297710699259,0.153064144662853,0.11431374550634987,-0.038750399156503135,0.7468355554995798
file_mod5,221,0.08024693577443505,0.061274577566970564,-0.018972358207464485,0.7635752938804591,0.1534168444283797,0.12188068408045286,-0.031536160347926834,0.7944413440034676
file_mod5,222,0.08201281088021006,0.05836133623051053,-0.023651474649699536,0.7116124371807538,0.15036154085565478,0.11818477660960561,-0.03217676424604918,0.7860040269410482
file_mod5,223,0.0786574704548228,0.05839106984247977,-0.020266400612343027,0.7423461434094413,0.14898683899369544,0.11885289165807268,-0.03013394733562276,0.7977408773878483
file_mod5,224,0.08186555913239166,0.05797592894778797,-0.02388963018460369,0.7081846085486356,0.15216190595415768,0.11574071813361204,-0.03642118782054564,0.7606418795022298
file_mod5,225,0.07908044540675578,0.05857213941166412,-0.02050830599509166,0.7406652695289492,0.15245929721039575,0.11460681389299113,-0.03785248331740462,0.7517207280237707
file_mod5,226,0.08078804328401443,0.05822113197372091,-0.022566911310293515,0.7206652074619705,0.15565308058378208,0.12209390409268005,-0.03355917649110203,0.7843976080316739
file_mod5,227,0.07847877636643504,0.05846546122492255,-0.020013315141512486,0.7449843630580346,0.14730583283694584,0.11893962475773172,-0.028366208079214125,0.8074332323920063
file_mod5,228,0.0788716423968878,0.05678032264297987,-0.022091319753907934,0.7199079531938385,0.1508405235116544,0.11292773688493808,-0.03791278662671631,0.7486564900194936
file_mod5,229,0.0787050268520308,0.05874514934489494,-0.019959877507135862,0.7463964081397065,0.14794132467344842,0.11949408710566385,-0.02844723756778457,0.8077127021095946
file_mod5,230,0.08265831010225672,0.05808659807465527,-0.024571712027601444,0.7027314979316206,0.15118702560991432,0.11916600711647223,-0.03202101849344209,0.7882026029398764
file_mod5,231,0.08127082426642133,0.05790990261880151,-0.023360921647619826,0.7125546361996004,0.151746112264567,0.1181032699414793,-0.0336428423230877,0.778295194380783
file_mod5,232,0.08030363829364993,0.0582264586889488,-0.022077179604701132,0.7250787128228174,0.15344957818149743,0.11699847287516606,-0.036451105306331374,0.7624554870837269
file_mod5,233,0.0783415068085422,0.05911805759641161,-0.019223449212130587,0.7546198688887804,0.15090818154952,0.11568356941811452,-0.03522461213140547,0.7665824889696478
file_mod5,234,0.07988971826984329,0.05846810967758952,-0.02142160859225376,0.7318602561608986,0.14667376751080222,0.11383254903336833,-0.03284121847743389,0.7760934416918471
file_mod5,235,0.07921774916489638,0.05802626018572031,-0.021191488979176068,0.7324906450565171,0.1533035362796307,0.11681130319990106,-0.03649223307972964,0.761960917762741
file_mod5,236,0.08294747384948062,0.058185127120623154,-0.024762346728857465,0.701469549587585,0.1519555019129881,0.12193950503568796,-0.03001599687730014,0.802468508876449
file_mod5,237,0.07809940484642068,0.05875481570567796,-0.01934458914074272,0.752308110685567,0.1500995580697019,0.12135626581262632,-0.028743292257075587,0.8085051506698772
file_mod5,238,0.07871985828827566,0.05809785132290715,-0.020622006965368506,0.738032976509564,0.15429234877924264,0.11849856272096783,-0.03579378605827481,0.7680132142554418
file_mod5,239,0.0820530414930513,0.058143165984626155,-0.023909875508425146,0.7086046406890357,0.15329414165231073,0.1198331943589188,-0.03346094729339193,0.7817206389446681
file_mod5,240,0.08311046349281022,0.0594167360781781,-0.023693727414632118,0.714912823020391,0.15379280370025594,0.12023124769456744,-0.0335615560056885,0.7817742105079222
file_mod5,241,0.08076145617828706,0.05895476748660879,-0.021806688691678268,0.7299864350694922,0.15342064453692947,0.11744302014618681,-0.03597762439074266,0.7654968501837927
file_mod5,242,0.08274209304401377,0.06110116114873739,-0.021640931895276376,0.7384531729966667,0.15283430318795083,0.11690474618159082,-0.03592955700636001,0.7649116968055596
file_mod5,243,0.08018442596142372,0.05660509802503024,-0.02357932793639348,0.7059363130224644,0.14943806650341665,0.116759694819871,-0.03267837168354565,0.7813249833314826
file_mod5,244,0.08210222295898416,0.05775131497202507,-0.02435090798695909,0.7034074461159951,0.15040578211047412,0.11537718130955257,-0.035028600800921544,0.7671060227246265
file_mod5,245,0.08261529538472735,0.06029189089091744,-0.022323404493809915,0.7297909014323185,0.1546186785025637,0.12253010354630285,-0.03208857495626084,0.7924663742632571
file_mod5,246,0.07866504141132163,0.058335598882629625,-0.02032944252869201,0.7415695439300162,0.14741656785536952,0.11658077934274232,-0.030835788512627207,0.7908254888766626
file_mod5,247,0.07928122947476651,0.056770352041790054,-0.02251087743297646,0.7160629624173376,0.14973075819125856,0.11454718128498219,-0.03518357690627637,0.7650210462346378
file_mod5,248,0.07740167821812088,0.05785714691603954,-0.019544531302081343,0.7474921506610734,0.14799591135050194,0.11619656213665266,-0.031799349213849276,0.7851335964374165
file_mod5,249,0.08030265362425525,0.058593234916212586,-0.02170941870804266,0.729655027222097,0.14984829518599432,0.11397917352386093,-0.035869121662133394,0.7606304321473126
file_mod5,250,0.08046820143522251,0.05725227848352513,-0.02321592295169738,0.7114894761207461,0.14593873388623668,0.11579185256070851,-0.030146881325528174,0.7934278273989378
file_mod5,251,0.08111048701288219,0.05839923138894298,-0.022711255623939212,0.7199960638834267,0.15274431527464538,0.11620806697322912,-0.03653624830141626,0.7608012564282904
file_mod5,252,0.08134536100274697,0.05877572349297507,-0.022569637509771902,0.7225454871481886,0.1496896043796835,0.11640757572474204,-0.03328202865494147,0.7776597193047385
file_mod5,253,0.08080623385909186,0.057889194415514385,-0.022917039443577474,0.716395154815163,0.14880213943605763,0.12005621887105788,-0.02874592056499975,0.8068178275262482
file_mod5,254,0.08248578277027374,0.058871744339939504,-0.023614038430334237,0.7137198964808239,0.15319555583045324,0.12342125411005082,-0.02977430172040242,0.8056451340314685
file_mod5,255,0.08046675450944608,0.057465161857858736,-0.023001592651587348,0.7141478764514211,0.15343227335390386,0.11562663630220144,-0.03780563705170242,0.7536004894843689
file_mod5,256,0.08169624650158434,0.05823000263642394,-0.023466243865160406,0.7127622764810214,0.15477697137129037,0.1182314668543398,-0.03654550451695057,0.7638828037971971
file_mod5,257,0.07933854699250319,0.05706005167164706,-0.02227849532085613,0.7191970843257155,0.15203611435844955,0.11758163448777917,-0.03445447987067038,0.773379634068795
file_mod5,258,0.08033362193855342,0.05877195871169532,-0.021561663226858103,0.7315985174507573,0.14984715788784023,0.12048744216943831,-0.029359715718401916,0.8040689184083324
file_mod5,259,0.08018890334403589,0.05903045549330458,-0.02115844785073131,0.7361424465433223,0.15048675335604458,0.11688139495125734,-0.03360535840478725,0.7766889267304574
file_mod5,260,0.08140203268997695,0.05908442830338992,-0.02231760438658703,0.7258348022882357,0.15267736156503384,0.11675579944434941,-0.035921562120684425,0.7647224070912214
file_mod5,261,0.08197039404856035,0.05980651906624549,-0.02216387498231486,0.7296112182993205,0.15545339513789577,0.12274856659657671,-0.032704828541319064,0.7896165052406345
file_mod5,262,0.07984052094191561,0.05927382101646865,-0.020566699925446963,0.7424027338147087,0.1510209479060992,0.11886584956286446,-0.03215509834323475,0.787081866528689
file_mod5,263,0.0811942953203815,0.059179978041726644,-0.022014317278654855,0.7288686699996669,0.14985349046205262,0.11507723023544524,-0.03477626022660739,0.767931596925907
file_mod5,264,0.08338882891945068,0.058691749841923796,-0.024697079077526884,0.7038322830821501,0.15593205687733133,0.1176522551467146,-0.038279801730616736,0.7545097365019003
file_mod5,265,0.07880620119357683,0.05762063494908438,-0.02118556624449245,0.731168792257186,0.1505311632749371,0.11581082905654923,-0.03472033421838787,0.7693478648339876
file_mod5,266,0.07907558329093085,0.057978268270685425,-0.02109731502024543,0.733200639916556,0.14805336331702385,0.11508345809403475,-0.03296990522298909,0.777310663639628
file_mod5,267,0.0816175041477213,0.05961838818101583,-0.021999115966705472,0.7304608098908686,0.1550520928747644,0.11592594141519644,-0.039126151459567965,0.7476580242540153
file_mod5,268,0.08196697116428758,0.0594885672914728,-0.02247840387281478,0.7257626632590707,0.1557080879647424,0.120043745626492,-0.03566434233825039,0.770953822602163
file_mod5,269,0.08111887616844168,0.05844605181141343,-0.022672824357028255,0.7204987861277984,0.1512152750870539,0.11603901435343264,-0.03517626073362126,0.7673762739024186
file_mod5,270,0.08324652329174194,0.06015734072539953,-0.02308918256634241,0.7226408785214354,0.154851336455216,0.12135759144945837,-0.033493745005757636,0.7837038686750745
file_mod5,271,0.08141163633734004,0.05831691317720278,-0.023094723160137262,0.7163215948093565,0.1501791642274173,0.12099445732792564,-0.029184706899491666,0.805667403666616
file_mod5,272,0.08006267662064723,0.05809793349181532,-0.021964743128831905,0.7256556481004851,0.14954692865294003,0.11675244633339092,-0.03279448231954911,0.7807077509718928
file_mod5,273,0.07957741839074459,0.05800331264152916,-0.02157410574921543,0.7288916103902581,0.15045646834118548,0.11753340732232902,-0.03292306101885646,0.7811788261293103
file_mod5,274,0.07884750514314348,0.0583307782219129,-0.020516726921230584,0.7397923132255922,0.15154603798232136,0.11955255081009919,-0.03199348717222217,0.7888860203923354
file_mod5,275,0.08025529565085747,0.05818700408794929,-0.022068291562908182,0.7250238581275179,0.15198021892257058,0.1226226329666946,-0.02935758595587598,0.806832848616748
file_mod5,276,0.08057548247184713,0.05814696704897081,-0.022428515422876327,0.7216459059899171,0.150698632284819,0.11745018339183942,-0.03324844889297958,0.7793712631038328
file_mod5,277,0.08117743793722791,0.057944346580845886,-0.023233091356382025,0.7137986619589117,0.15040448099066037,0.11915440469476897,-0.031250076295891396,0.792226427762934
file_mod5,278,0.07962935482127098,0.05740154490195128,-0.022227809919319698,0.720859098140249,0.15110465583753474,0.11740169117221065,-0.03370296466532409,0.7769561468604848
file_mod5,279,0.07882957398429583,0.058811698896419295,-0.02001787508787653,0.746061356466744,0.14933696203967017,0.11393094592558484,-0.03540601611408534,0.7629119031852274
file_mod5,280,0.08005706095814431,0.057511429301620134,-0.02254563165652418,0.7183804727941292,0.14644011673700535,0.11682708142282891,-0.029613035314176445,0.7977805810728827
file_mod5,281,0.07865962500037152,0.05716250803695182,-0.021497116963419702,0.7267071008370791,0.1479796042246411,0.1183819020841826,-0.029597702140458496,0.799987962560519
file_mod5,282,0.08173957461562831,0.05823982384894948,-0.023499750766678824,0.7125046114176161,0.15346174596466294,0.11718392368317218,-0.03627782228149076,0.7636034827217181
file_mod5,283,0.07842690854686807,0.058254289005569254,-0.020172619541298814,0.7427844611617757,0.1517938372531609,0.11370235954852911,-0.03809147770463178,0.7490578116086292
file_mod5,284,0.08080633620220702,0.057741508616862586,-0.023064827585344436,0.7145665962675526,0.15189000273458844,0.11775339798093833,-0.034136604753650115,0.7752544332144086
file_mod5,285,0.07979347543550037,0.059305214472728816,-0.020488260962771558,0.743233881580545,0.14768960789477117,0.11673722290474395,-0.030952384990027226,0.7904227289161686
file_mod5,286,0.08155347389138384,0.05724692289626429,-0.024306550995119552,0.7019556637465624,0.15084944198855896,0.11316997450606674,-0.03767946748249222,0.7502180519477826
file_mod5,287,0.08100832858699371,0.056535913776481206,-0.024472414810512502,0.6979024843818137,0.15017488942206716,0.11838512363387303,-0.03178976578819413,0.7883150378166828
file_mod5,288,0.07881622126285606,0.05796706840225544,-0.02084915286060062,0.7354712960537952,0.15027022747682564,0.11881627907944474,-0.0314539483973809,0.79068409674011
file_mod5,289,0.08122740978640619,0.05931838176867818,-0.02190902801772801,0.7302754319589962,0.1554241532696318,0.11926973317602489,-0.03615442009360691,0.7673822289970224
file_mod5,290,0.07970893368665806,0.058592035133901176,-0.021116898552756884,0.7350748833779531,0.148371034128168,0.11813923995701336,-0.030231794171154625,0.7962419393461977
file_mod5,291,0.08039596790295075,0.05700298712133458,-0.023392980781616175,0.7090279352087061,0.15038725943841236,0.12194430275775035,-0.028442956680662004,0.8108685749918186
file_mod5,292,0.07914515022539857,0.05792219301300798,-0.021222957212390592,0.7318476602552471,0.14810121386344505,0.11856223914090704,-0.02953897472253801,0.8005487331807147
file_mod5,293,0.080798721958271,0.05866174672164434,-0.022136975236626652,0.7260232006137494,0.1498330778212845,0.11856394710233645,-0.031269130718948046,0.7913068918183424
file_mod5,294,0.07828770477927878,0.05812480853437549,-0.02016289624490329,0.7424513044321615,0.14727888731349897,0.11865173263340573,-0.028627154680093247,0.8056262156628243
file_mod5,295,0.08188596740168688,0.05860021130673961,-0.02328575609494727,0.7156319106456869,0.15471066296854113,0.11433816918860322,-0.040372493779937915,0.7390451762969482
file_mod5,296,0.07840555022903552,0.057006537420374204,-0.021399012808661314,0.7270727295943811,0.15123136148087762,0.11603919684677634,-0.03519216463410128,0.767295855241301
file_mod5,297,0.07939564735328497,0.06054114630036516,-0.01885450105291981,0.762524751904555,0.15009621703424902,0.11856563530673798,-0.03153058172751104,0.7899308700077605
file_mod5,298,0.08129752500777171,0.05892894873555384,-0.022368576272217867,0.7248553843419031,0.1534528776532024,0.11622068447334216,-0.037232193179860235,0.7573705117214969
file_mod5,299,0.0805621203805891,0.05932875041021571,-0.021233369970373395,0.7364348173798883,0.14893988204528355,0.1220214573564201,-0.02691842468886345,0.8192665099554786
file_mod5,300,0.08092809748842075,0.0584529947951216,-0.02247510269329915,0.7222830711358944,0.15050456543705373,0.11839066475864556,-0.03211390067840818,0.7866250728996036
file_mod5,301,0.08014619502895641,0.057445793935101075,-0.022700401093855335,0.716762585102714,0.15251912913089244,0.1168546666844169,-0.035664462446475545,0.7661640041501405
file_mod5,302,0.08017234500866191,0.05891240153992248,-0.021259943468739433,0.7348219829862469,0.1503229710037006,0.11781230092643162,-0.032510670077268974,0.7837278636778099
file_mod5,303,0.08145259414432963,0.05909685895517646,-0.022355735189153174,0.7255368546084608,0.1523346508625547,0.12169199877593537,-0.030642652086619343,0.7988464744356362
file_mod5,304,0.0775403588817678,0.058096015646145305,-0.019444343235622497,0.749235836459425,0.14558445798839473,0.11821511818067651,-0.027369339807718218,0.8120036974695475
file_mod5,305,0.08187519121861013,0.05955089787078526,-0.022324293347824868,0.7273375119428047,0.15417686112125006,0.1199728819359215,-0.03420397918532857,0.7781510212584406
file_mod5,306,0.0810635208789169,0.05722175891985288,-0.02384176195906402,0.7058879049347484,0.15115455936856287,0.11886174569092574,-0.03229281367763713,0.7863589837280596
file_mod5,307,0.08114831091635025,0.05732128455701241,-0.02382702635933784,0.7063768045166171,0.15118736639035238,0.11152175733183999,-0.039665609058512394,0.7376393940476527
file_mod5,308,0.0812810634744144,0.059916084624370584,-0.021364978850043813,0.7371469080646432,0.15042124766544274,0.11874855189077067,-0.03167269577467206,0.7894400141852537
file_mod5,309,0.08113405985218158,0.05919935517753759,-0.021934704674643993,0.7296486245775584,0.15213020517698833,0.11521622807271885,-0.03691397710426948,0.7573527422688758
file_mod5,310,0.08045563169422477,0.05957919807257173,-0.02087643362165304,0.7405224074183537,0.14530105551124056,0.11842542617277198,-0.026875629338468585,0.8150348650675185
file_mod5,311,0.07848701092162318,0.059650373679868196,-0.01883663724175498,0.7600031263699777,0.15176442812602314,0.1210599610595916,-0.03070446706643154,0.7976833738606061
file_mod5,312,0.08052327106207256,0.058234835410762374,-0.02228843565131019,0.723205039272078,0.1487683401021707,0.11299550696707458,-0.035772833135096105,0.7595400129454416
file_mod5,313,0.08037657799343985,0.058368876025746086,-0.022007701967693763,0.7261925984272436,0.1462624366869185,0.11781176735087232,-0.028450669336046175,0.8054820500704077
file_mod5,314,0.08026936049226538,0.05684928936903025,-0.02342007112323513,0.7082314973034842,0.1549659627443189,0.11724535236512429,-0.03772061037919461,0.7565877712034705
file_mod5,315,0.07987206378338065,0.058057741863191036,-0.02181432192018961,0.7268842084843109,0.15099985434361338,0.11948010007137239,-0.03151975427224099,0.7912597041284886
file_mod5,316,0.08273614599215956,0.0592821824954517,-0.023453963496707857,0.7165209568870847,0.15255381942059867,0.11947588803633599,-0.03307793138426268,0.7831720535749739
file_mod5,317,0.07850987713438658,0.0578909406449044,-0.020618936489482174,0.7373714334797847,0.1481511234570573,0.1131077289544032,-0.035043394502654104,0.7634618375822733
file_mod5,318,0.08092539547446022,0.05891285155785417,-0.02201254391660605,0.7279896652027714,0.151737036077587,0.12239847586164129,-0.02933856021594572,0.8066486536553662
file_mod5,319,0.08110749950481905,0.05882951789716294,-0.022277981607656108,0.7253277225451581,0.15604549933205644,0.11650706055158319,-0.03953843878047325,0.746622370079783
file_mod5,320,0.0797450691904037,0.05938734649813969,-0.020357722692264005,0.7447149660920502,0.1500850771829281,0.1213409537487723,-0.028744123434155805,0.8084811363416122
file_mod5,321,0.08156670904837712,0.06029247500679464,-0.021274234041582483,0.739179938852691,0.15465576479842535,0.12573327498574358,-0.02892248981268178,0.8129879616813595
file_mod5,322,0.08121949305291871,0.05888048358149629,-0.022339009471422422,0.7249550738162401,0.15495697857133778,0.11529103797619697,-0.03966594059514081,0.7440196565469316
file_mod5,323,0.07941845079269545,0.05963601925333168,-0.019782431539363772,0.7509088714031769,0.15180135642317583,0.11985716686073207,-0.031944189562443756,0.7895658489809991
file_mod5,324,0.08057013648640837,0.05842696896650347,-0.022143167519904902,0.7251690454360804,0.15323106138774376,0.11484798982481104,-0.03838307156293272,0.7495085447081371
file_mod5,325,0.08126412545607786,0.057951296150816525,-0.023312829305261337,0.7131227442069551,0.1533232782361516,0.11550832653166221,-0.0378149517044894,0.753364576211017
file_mod5,326,0.08141822882258451,0.05915039960171396,-0.022267829220870547,0.7265006922541442,0.15151528342539664,0.12194663806760504,-0.029568645357791593,0.8048471105401677
file_mod5,327,0.08160963264369515,0.05768358612494992,-0.023926046518745234,0.7068232542694374,0.1527768256866523,0.11732650370274395,-0.03545032198390835,0.7679600827901901
file_mod5,328,0.08084592529629325,0.058158933483525056,-0.022686991812768197,0.7193798978783117,0.15040471666743116,0.12023038898876774,-0.030174327678663418,0.7993791129211482
file_mod5,329,0.08030092400612612,0.05776416970304332,-0.0225367543030828,0.719346264292507,0.15076046741120225,0.11508243695175112,-0.03567803045945113,0.7633462467177249
file_mod5,330,0.08107826492961999,0.05995721655979539,-0.021121048369824598,0.7394980222115171,0.15246715097837737,0.11729817819223749,-0.03516897278613988,0.7693340987848099
file_mod5,331,0.07968385461501747,0.05819537247574459,-0.021488482139272874,0.7303282798869134,0.1486803076402989,0.1217258603291142,-0.02695444731118471,0.8187086929064245
file_mod5,332,0.07840999909999499,0.0578391399353373,-0.020570859164657694,0.7376500522793781,0.1487123374969354,0.11312883411967223,-0.03558350337726318,0.7607225871357414
file_mod5,333,0.07924113252588474,0.056101674909829057,-0.023139457616055688,0.7079867881936569,0.14605678855881288,0.11648678680017306,-0.029570001758639816,0.7975444890277535
file_mod5,334,0.082223139014977,0.05874868274801117,-0.023474456266965836,0.7145030395556907,0.1454449576325816,0.11965150673187017,-0.025793450900711445,0.8226583353554956
file_mod5,335,0.07756185815616896,0.05723572765589845,-0.020326130500270517,0.737936519528138,0.14506060034682977,0.11405469376631322,-0.03100590658051655,0.7862554924880802
file_mod5,336,0.08076132508490144,0.05970017142678381,-0.02106115365811763,0.7392173340893453,0.1500430629119336,0.12051515827835718,-0.029527904633576407,0.8032037998923847
file_mod5,337,0.07993349725001285,0.058039494307604376,-0.021894002942408473,0.7260972721620165,0.14565488303621407,0.11653348995799273,-0.02912139307822134,0.8000657961396261
file_mod5,338,0.08098024819360634,0.058182165730561425,-0.02279808246304492,0.718473541738973,0.15160735780148077,0.11914514801554424,-0.03246220978593653,0.7858797207689384
file_mod5,339,0.0788567770546453,0.05818644268142915,-0.020670334373216158,0.7378749785970551,0.1495589765170115,0.11702731490850217,-0.03253166160850933,0.7824827210902381
file_mod5,340,0.07906597824234499,0.05619673429661867,-0.022869243945726314,0.7107574654217287,0.14985400208447322,0.11617010979062765,-0.033683892293845566,0.7752219371835138
file_mod5,341,0.08098842529840276,0.05872653947378115,-0.022261885824621616,0.7251226240960057,0.14904325083913375,0.11681764107789804,-0.032225609761235716,0.7837835019043052
file_mod5,342,0.07963649938882864,0.058049412330439754,-0.021587087058388882,0.7289297341789347,0.14903690371538852,0.1175180155314989,-0.03151888818388962,0.7885162171371976
file_mod5,343,0.08166474670856934,0.05641984001864265,-0.02524490668992669,0.690871426075486,0.15323390996136227,0.11482395893022457,-0.0384099510311377,0.7493377866503392
file_mod5,344,0.08194035847356014,0.060581742651134744,-0.021358615822425396,0.7393394876431103,0.15381880991193422,0.12245489834328757,-0.03136391156864665,0.7960983342245113
file_mod5,345,0.08309080160604809,0.058748686403611035,-0.024342115202437058,0.7070419982485134,0.15205293378325252,0.11792288664621184,-0.03413004713704068,0.7755383846411529
file_mod5,346,0.07798268907863423,0.05699225139340944,-0.020990437685224794,0.7308320867973791,0.14699511000911092,0.11135497543953791,-0.035640134569573004,0.7575420395456421
file_mod5,347,0.07776033644459629,0.059966365581074564,-0.017793970863521726,0.7711690602547764,0.15226246665138013,0.12021913681246836,-0.03204332983891177,0.7895520114469305
file_mod5,348,0.08223296686938968,0.05980865150912833,-0.02242431536026135,0.7273074751653092,0.14950470768787,0.11570318012172504,-0.03380152756614496,0.7739099451188223
file_mod5,349,0.0801080920500202,0.05804105514165929,-0.022067036908360912,0.7245342343869323,0.1553578048017901,0.11518035831897278,-0.04017744648281732,0.7413876532686797
file_mod5,350,0.07958765029670878,0.057510229416059946,-0.022077420880648832,0.7226024289152584,0.14915488222906514,0.12110646545563027,-0.02804841677343488,0.8119510648645116
file_mod5,351,0.08133977548501069,0.05885053969546988,-0.022489235789540804,0.7235149020827439,0.1517735106118465,0.11665223282205227,-0.03512127778979422,0.7685941529044866
file_mod5,352,0.0809411873424603,0.0580884052728106,-0.02285278206964969,0.7176618873533434,0.14793791721500002,0.11568207706825372,-0.032255840146746304,0.7819636726406761
file_mod5,353,0.07877200021509743,0.05615677928601742,-0.022615220929080013,0.7129027970938133,0.15187302669766556,0.11418734103212831,-0.03768568566553725,0.7518605740270237
file_mod5,354,0.082104410458279,0.06059303664093787,-0.021511373817341133,0.7379997773898876,0.14868251898690213,0.11701609902213984,-0.031666419964762285,0.7870198851853467
file_mod5,355,0.07910174413266975,0.057280352933646514,-0.021821391199023238,0.7241351447014327,0.15145554905110484,0.116237341154868,-0.035218207896236836,0.7674683554555446
file_mod5,356,0.08078106704548213,0.05958957331307202,-0.02119149373241011,0.7376675685593671,0.15234429417689718,0.12161310622798456,-0.030731187948912622,0.7982780509440769
file_mod5,357,0.0840950133274174,0.060103731617039455,-0.02399128171037794,0.7147121956331732,0.15391143362644943,0.11900001626463957,-0.03491141736180986,0.7731720344666428
file_mod5,358,0.0795288632368307,0.05884324517354641,-0.02068561806328429,0.7398979789050405,0.14751710007320298,0.11954593003043146,-0.027971170042771526,0.8103869312175247
file_mod5,359,0.08146269387870356,0.05955249131410906,-0.0219102025645945,0.7310400439590374,0.15148088427246822,0.11793064349002337,-0.033550240782444854,0.7785183196970376
file_mod5,360,0.08137698199790494,0.05839103211167316,-0.02298594988623178,0.7175374495109249,0.1527752886135569,0.11778021097351511,-0.0349950776400418,0.7709375779445498
file_mod5,361,0.08026879874900701,0.057979410235603566,-0.022289388513403445,0.7223156586272049,0.15443344333534423,0.11568993490376607,-0.03874350843157816,0.7491248812768576
file_mod5,362,0.07998513789181962,0.05905318560909685,-0.020931952282722766,0.7383019791622619,0.15028319502155937,0.11948604726905532,-0.030797147752504056,0.7950725778215858
file_mod5,363,0.08233176368807223,0.05887541636104313,-0.023456347327029094,0.7150996617065387,0.15426197439413494,0.11881867035921537,-0.035443304034919576,0.7702395280877
file_mod5,364,0.08023493556045139,0.05704354143986214,-0.023191394120589244,0.7109564062263606,0.15211203208351604,0.11033859458209849,-0.04177343750141754,0.7253771649143301
file_mod5,365,0.08078924788387565,0.06017360623018388,-0.020615641653691764,0.744821963396365,0.1468555364011189,0.11864048210517289,-0.028215054295946007,0.8078720422301284
file_mod5,366,0.07866329041318351,0.0581243184198944,-0.020538971993289114,0.7389001669596204,0.14658373032390612,0.12228527765646945,-0.024298452667436674,0.8342349958365477
file_mod5,367,0.0823544629891325,0.0600182653408938,-0.0223361976482387,0.7287797547634282,0.15067847306501553,0.12155547347333057,-0.02912299959168496,0.8067209004758177
file_mod5,368,0.07919959081059698,0.05916312088902426,-0.020036469921572722,0.7470129616011624,0.1575388757389715,0.11995760150962997,-0.037581274229341516,0.7614476169576677
file_mod5,369,0.08264132539626923,0.05800347114216558,-0.02463785425410365,0.7018700494460378,0.15210872282099064,0.11590721981651955,-0.036201503004471086,0.7620024523703688
file_mod5,370,0.07994950113906124,0.05908069993615669,-0.020868801202904554,0.7389752167858293,0.15201676942572473,0.1143917141473216,-0.037625055278403124,0.7524940477255261
file_mod5,371,0.08010962698784314,0.05849508578523822,-0.021614541202604927,0.7301879684711927,0.1495933716728769,0.11414230283618991,-0.035451068836686986,0.7630171147274523
file_mod5,372,0.07833503265624846,0.0568019877611275,-0.021533044895120958,0.7251160283597156,0.15004038960868604,0.11630507399165702,-0.03373531561702903,0.7751584376379409
file_mod5,373,0.07666789470688588,0.05710475233767537,-0.019563142369210515,0.7448326650418189,0.1449563713582907,0.11229799928066354,-0.03265837207762716,0.774702058477271
file_mod5,374,0.08326855135958933,0.05973731835853261,-0.023531233001056716,0.7174055196488437,0.15160542774247718,0.12098876739786231,-0.03061666034461487,0.7980503679814056
file_mod5,375,0.0810843097075787,0.05870185481283795,-0.02238245489474075,0.723960714773789,0.14900918283465742,0.11982636650818249,-0.02918281632647493,0.8041542422331343
file_mod5,376,0.08287179464711282,0.058575083637010444,-0.024296711010102376,0.7068156769916307,0.15122557541676243,0.11617365044922674,-0.03505192496753569,0.7682143058742801
file_mod5,377,0.08303852290842627,0.05948724898485484,-0.023551273923571425,0.7163813480937824,0.15492999883552205,0.12043453957645486,-0.03449545925906719,0.7773480957959051
file_mod5,378,0.08238665998108638,0.05817402572602179,-0.02421263425506459,0.7061097723754899,0.1509699057485561,0.1186006306378015,-0.03236927511075459,0.7855912080605895
file_mod5,379,0.07998482985442482,0.06083626386264648,-0.01914856599177834,0.7605975279733744,0.14697600579327066,0.1207712798343158,-0.026204725958954858,0.8217074561421056
file_mod5,380,0.07934347214839983,0.05838104018896303,-0.020962431959436804,0.7358014290043952,0.1502048025099981,0.11528465905441332,-0.03492014345558478,0.7675164650393892
file_mod5,381,0.08123341411854959,0.0590620395326285,-0.02217137458592109,0.7270658284340376,0.1475009378677133,0.11689765229017592,-0.030603285577537373,0.792521417016453
file_mod5,382,0.08018231895403889,0.05958613479530873,-0.020596184158730164,0.7431330943354725,0.1501602901468218,0.12116902901578783,-0.02899126113103398,0.8069312392598118
file_mod5,383,0.07822296476373528,0.0577666849464303,-0.020456279817304975,0.7384875416178466,0.1469868234727032,0.11688074650038686,-0.030106076972316334,0.7951783958518751
file_mod5,384,0.07931032712676613,0.0578063621838793,-0.021503964942886825,0.7288629902066116,0.14861157768198552,0.11390050019441501,-0.034711077487570505,0.7664308660941016
file_mod5,385,0.07868217486088311,0.05930853383213082,-0.01937364102875229,0.7537734428031945,0.1501812051286455,0.12008634549641273,-0.030094859632232768,0.7996096808089038
file_mod5,386,0.08207361465137396,0.05768580628561041,-0.02438780836576355,0.7028544621879246,0.15557599007498277,0.11831499092697739,-0.037260999148005375,0.7604964678029899
file_mod5,387,0.07999301326493799,0.05782435368576502,-0.022168659579172967,0.7228675521229578,0.15306618262320731,0.11882253555590533,-0.034243647067301985,0.7762820860856166
file_mod5,388,0.08043313123119913,0.057322299782892626,-0.02311083144830651,0.7126702504981919,0.15194957555911395,0.11434724282703497,-0.03760233273207898,0.7525341377643382
file_mod5,389,0.07965644282891832,0.05843932596297632,-0.021217116865942,0.7336421749147028,0.1481742655102836,0.11358251520629058,-0.034591750303993016,0.7665468414176666
file_mod5,390,0.08206009615740205,0.05819247931419345,-0.0238676168432086,0.7091446639615511,0.15036612210486777,0.11595314250982633,-0.03441297959504144,0.7711387437986778
file_mod5,391,0.07953346852492321,0.05755612522434436,-0.02197734330057885,0.7236717609808271,0.14976604059304272,0.11831655029289552,-0.031449490300147195,0.7900092025160464
file_mod5,392,0.0789249203768901,0.05822442966950315,-0.02070049070738695,0.7377192069559789,0.14779553375819937,0.11854509742556948,-0.029250436332629887,0.8020884962566933
file_mod5,393,0.08114646162152903,0.05946354307097581,-0.021682918550553217,0.7327928030715204,0.14998499475509555,0.12353386703895215,-0.0264511277161434,0.823641506543142
file_mod5,394,0.07914753858800234,0.05822698860929366,-0.020920549978708687,0.7356765560631099,0.14989429325355788,0.11777065699062352,-0.032123636262934366,0.7856913991475664
file_mod5,395,0.08205953520211952,0.06081350979959091,-0.02124602540252861,0.7410901079295921,0.15179600772396776,0.11862754073462811,-0.033168466989339646,0.7814931533004835
file_mod5,396,0.08091382417003402,0.05779286026027138,-0.02312096390976264,0.7142519940575821,0.15303276929136578,0.11571143179568388,-0.037321337495681894,0.756121922980926
file_mod5,397,0.07952435330064052,0.05832009913935155,-0.021204254161288967,0.7333615014619908,0.15394686139210295,0.11667035640142209,-0.03727650499068086,0.7578612213747085
file_mod5,398,0.08157110994697117,0.0585743263770888,-0.02299678356988237,0.7180768585246367,0.15354711344370683,0.11727269709082148,-0.03627441635288535,0.7637570935764663
file_mod5,399,0.0813539535480114,0.05789914239272995,-0.023454811155281453,0.7116942676739184,0.15030587692293593,0.1134358861514017,-0.03686999077153423,0.7547002716970407
file_mod5,400,0.08194170888666402,0.05924825671339271,-0.02269345217327131,0.7230537112100104,0.15015017605551556,0.11599368591641009,-0.034156490139105475,0.7725178149209984
file_mod5,401,0.07956559694581877,0.05987890150806726,-0.019686695437751513,0.7525727677106799,0.14984370570989283,0.12134436251190926,-0.02849934319798357,0.8098062039845694
file_mod5,402,0.08139847551678125,0.05982451449247934,-0.021573961024301917,0.7349586600076534,0.1516566405503197,0.12279889442785974,-0.02885774612245995,0.8097165675189478
file_mod5,403,0.07952130183106618,0.05807778215564601,-0.021443519675420165,0.7303424468455705,0.14894888536103096,0.11604425736458067,-0.03290462799645029,0.7790877862785335
file_mod5,404,0.08134576486648529,0.05802868291254393,-0.02331708195394136,0.7133583783714833,0.15055465298193477,0.11585855702256849,-0.03469609595936628,0.7695448445321081
file_mod5,405,0.07818402065313426,0.05818164702053478,-0.020002373632599484,0.7441628933188201,0.1486549765925435,0.11737142657383472,-0.03128355001870879,0.7895559857073903
file_mod5,406,0.08172253082842686,0.059339106825752976,-0.02238342400267388,0.7261046155109051,0.15205506003916117,0.1140124168393995,-0.038042643199761667,0.7498100807038981
file_mod5,407,0.08254697234143331,0.05988846907551519,-0.022658503265918117,0.725507760936436,0.1479233046197228,0.11693407521632986,-0.03098922940339295,0.7905047518843686
file_mod5,408,0.07992735724953286,0.055906124067383725,-0.024021233182149132,0.6994616861013564,0.15023067243673782,0.11546666898237432,-0.03476400345436351,0.7685958340564398
file_mod5,409,0.07978459139255877,0.05772494903486048,-0.022059642357698285,0.7235099914323092,0.14976907598196576,0.1192235893429902,-0.030545486638975564,0.7960494418577193
file_mod5,410,0.08104542413309397,0.05777669011478802,-0.023268734018305953,0.7128926862040514,0.1514468229676231,0.11758688649130297,-0.03385993647632013,0.7764235933588463
file_mod5,411,0.08044629239425027,0.05875608655436058,-0.021690205839889697,0.7303765631162891,0.15049382435096756,0.11753702610967104,-0.03295679824129652,0.7810089657603639
file_mod5,412,0.08393654012621315,0.060521720276701475,-0.02341481984951168,0.721041398486244,0.15825326587028563,0.11610398344009751,-0.04214928243018812,0.733659320087989
file_mod5,413,0.07907489232306596,0.05725860049353241,-0.021816291829533548,0.724105955903151,0.1496888995695207,0.11531366616080127,-0.034375233408719424,0.7703554939105263
file_mod5,414,0.07945040773626207,0.057758050428651335,-0.02169235730761073,0.7269698428783508,0.15195368473690862,0.11873521212063272,-0.033218472616275904,0.7813908055353176
file_mod5,415,0.07789087456478899,0.057851391282305716,-0.020039483282483277,0.7427236066554292,0.14985155633501662,0.11546311253329532,-0.034388443801721305,0.7705166056144218
file_mod5,416,0.07937371641196286,0.056216649538629516,-0.023157066873333347,0.7082527073175672,0.14812421469091347,0.11280418791735576,-0.03532002677355771,0.7615512976912047
file_mod5,417,0.08250951520910768,0.05980988154778116,-0.022699633661326518,0.7248846559842488,0.15259382328305407,0.11825692008994945,-0.03433690319310462,0.7749784201329608
file_mod5,418,0.08054198311362099,0.058321221386345636,-0.02222076172727535,0.7241095777846889,0.15094660957617456,0.11756395079006447,-0.03338265878611009,0.7788445935960975
file_mod5,419,0.08156895525828875,0.05777961757843249,-0.023789337679856262,0.7083530418585461,0.15171621608489466,0.11765926915743492,-0.03405694692745974,0.7755220384062126
file_mod5,420,0.07827061367647799,0.0573909592936213,-0.02087965438285669,0.7332376302917442,0.14477869487302905,0.11418827755199915,-0.030590417321029906,0.7887091236189295
file_mod5,421,0.07991638208967872,0.05814565131466771,-0.02177073077501101,0.7275811266007909,0.15249176504059703,0.11908289628056562,-0.03340886876003141,0.7809136201477034
file_mod5,422,0.08021864622060325,0.05842465457036764,-0.021793991650235607,0.7283176334053109,0.14879250818503983,0.12188485255278374,-0.026907655632256097,0.819159875987886
file_mod5,423,0.08376172405403652,0.0599264357594325,-0.023835288294604018,0.7154393780239366,0.15639836229729456,0.12054869656892056,-0.035849665728374,0.7707797882165283
file_mod5,424,0.080248574797744,0.057818866673809075,-0.022429708123934924,0.7204971156127562,0.15286720634626466,0.11805676986387474,-0.03481043648238992,0.7722831644902333
file_mod5,425,0.08044563635885658,0.05850750166820378,-0.021938134690652804,0.7272924215206665,0.1513317597809067,0.11669542045021142,-0.03463633933069529,0.7711231311864696
file_mod5,426,0.08187622665734531,0.057537834442967076,-0.024338392214378238,0.7027416478749662,0.14925148385885192,0.11723218185370725,-0.032019302005144676,0.7854674461030784
file_mod5,427,0.08075551969612237,0.05813708520079045,-0.022618434495331914,0.719914693380173,0.15213534289233333,0.11666073823123456,-0.035474604661098766,0.7668220678596409
file_mod5,428,0.07823067982651939,0.05679539409874404,-0.021435285727775352,0.7259989843459214,0.1503205541660095,0.11673202753867502,-0.03358852662733448,0.7765539994601116
file_mod5,429,0.08096858827243117,0.06075204107328035,-0.020216547199150822,0.7503161703754898,0.15430150870517934,0.11943764285551914,-0.0348638658496602,0.774053629532075
file_mod5,430,0.0801141721104479,0.058664074826587365,-0.021450097283860534,0.732255895320384,0.15029224329044233,0.11856344512085314,-0.03172879816958919,0.788885989889227
file_mod5,431,0.07962836506843175,0.05793595584992335,-0.0216924092185084,0.7275793720005908,0.14904164491933103,0.11564663371462292,-0.033395011204708114,0.7759350333070787
file_mod5,432,0.07861272047033449,0.058032891344018414,-0.020579829126316077,0.7382124800771633,0.14829892659199756,0.11977287186824598,-0.02852605472375158,0.8076449008816299
file_mod5,433,0.08138278855487363,0.058777291227909055,-0.022605497326964576,0.7222324556779907,0.15192427775820358,0.1206178142323493,-0.03130646352585428,0.7939337676123077
file_mod5,434,0.07796285342376953,0.05676591457129395,-0.02119693885247558,0.7281148916233355,0.14829366484342896,0.1177419643546765,-0.030551700488752456,0.7939783838978592
file_mod5,435,0.07935274301294964,0.058420504934296326,-0.02093223807865332,0.736212797644092,0.15039263070348913,0.11945863895500856,-0.030933991748480563,0.7943117850669867
file_mod5,436,0.08086024929029303,0.059430333665105396,-0.02142991562518764,0.7349758897198921,0.15420065386491588,0.12067491261867921,-0.03352574124623667,0.7825836635193119
file_mod5,437,0.0815104363368995,0.05924880804306099,-0.022261628293838508,0.72688615968357,0.15299671715475868,0.11965128018609208,-0.0333454369686666,0.7820512911075266
file_mod5,438,0.08230546626704574,0.05851721722920734,-0.023788249037838403,0.7109760734401795,0.1543766123362485,0.12138914956376341,-0.032987462772485085,0.7863182623762016
file_mod5,439,0.08100718562671183,0.0585198783330975,-0.022487307293614332,0.7224035482822746,0.1506750476384874,0.12156444459156089,-0.029110603046926517,0.806798779869835
file_mod5,440,0.08162799689066672,0.059245912393372936,-0.02238208449729378,0.725803825282243,0.15129739102653292,0.11778966812517473,-0.033507722901358186,0.7785307289569722
file_mod5,441,0.07904578360495224,0.05822567061352989,-0.02082011299142235,0.7366069125777132,0.14791586833292464,0.11142513948290445,-0.03649072885002019,0.7533007833352406
file_mod5,442,0.07985524738506586,0.05759966250075357,-0.022255584884312285,0.7213009086679705,0.15153817819876944,0.11671223603661586,-0.03482594216215358,0.7701837083162427
file_mod5,443,0.0817037582921531,0.05920255817119142,-0.022501200120961677,0.7246001825215583,0.15350523115381054,0.11497820907995344,-0.038527022073857095,0.7490181814373906
file_mod5,444,0.07923499948512139,0.059149395703925446,-0.020085603781195942,0.7465059139052865,0.15178813642414374,0.11725196250529456,-0.03453617391884918,0.7724711908818469
file_mod5,445,0.07704295668808545,0.05816403315848856,-0.018878923529596886,0.7549558799251473,0.14986150143758462,0.1175444342551208,-0.03231706718246381,0.7843537741684548
file_mod5,446,0.08010531528794743,0.05955233659924353,-0.0205529786887039,0.7434255315664892,0.1515397519912379,0.11889316401118262,-0.03264658798005528,0.7845674976296456
file_mod5,447,0.07943905512744803,0.0593315637401982,-0.020107491387249835,0.7468815388729085,0.14955306029750456,0.11782248984099258,-0.03173057045651198,0.7878306843511551
file_mod5,448,0.08194361581651362,0.0602189680017462,-0.02172464781476742,0.7348829729040419,0.15268176827097774,0.12586863350168848,-0.02681313476928926,0.8243854844430303
file_mod5,449,0.08017744748878065,0.05968093231857809,-0.020496515170202567,0.7443605925086269,0.14789145244314147,0.11810956293961544,-0.029781889503526032,0.7986233212837232
file_mod5,450,0.07914274761905742,0.06014178176281651,-0.019000965856240906,0.7599152616270108,0.15337527244514698,0.12145030948709733,-0.031924962958049655,0.7918506520047599
file_mod5,451,0.0785011810837221,0.05729408415218655,-0.021207096931535552,0.7298499635449048,0.14351977144163014,0.11565348187600605,-0.02786628956562409,0.8058365806626344
file_mod5,452,0.07870673371352661,0.058243319639275995,-0.02046341407425062,0.7400042777949283,0.15170623611355652,0.1166107013794081,-0.03509553473414842,0.7686612255815352
file_mod5,453,0.08138367928953148,0.05947756330605301,-0.02190611598347847,0.730829127231456,0.15243998663604857,0.11795344579309526,-0.034486540842953314,0.7737697201109697
file_mod5,454,0.08206438442553429,0.0608902397927954,-0.021174144632738895,0.7419813140504035,0.15173515821930905,0.12027929637847265,-0.0314558618408364,0.7926923317576012
file_mod5,455,0.08005068315149183,0.05930437143156462,-0.02074631171992721,0.7408352945512547,0.14989526337399503,0.11617998461442137,-0.033715278759573655,0.7750744219618694
file_mod5,456,0.0813085700173726,0.058231138415872546,-0.023077431601500054,0.7161746714206231,0.15237057876402196,0.11884721711463386,-0.0335233616493881,0.7799879614469004
file_mod5,457,0.08005132376279424,0.05588250010720486,-0.02416882365558938,0.6980833980059375,0.14955703260107087,0.11473607849965874,-0.03482095410141213,0.7671727400857591
file_mod5,458,0.08011007203798765,0.058420770977060534,-0.02168930106092711,0.7292562531882109,0.15341708209720686,0.1178383193301605,-0.03557876276704637,0.7680912563276151
file_mod5,459,0.07799171789718368,0.058472192243999965,-0.01951952565318371,0.7497230965098594,0.14900452525407423,0.120727837219222,-0.028276688034852226,0.8102293337290503
file_mod5,460,0.08302395201297644,0.06046499652673292,-0.022558955486243516,0.7282837670420989,0.15215187507144784,0.11709668667493024,-0.0350551883965176,0.7696039672198828
file_mod5,461,0.08129972950243135,0.05882211605249086,-0.022477613449940488,0.7235216699058233,0.1529556177601363,0.11996843790754853,-0.03298717985258777,0.7843349571879211
file_mod5,462,0.08395946079296078,0.061248412182396406,-0.022711048610564374,0.7294998277017463,0.1543352372972251,0.11991791853577084,-0.03441731876145425,0.7769963660653078
file_mod5,463,0.08148949055547586,0.058762522447679495,-0.022726968107796362,0.7211055321014131,0.15261662145486374,0.12034555836985479,-0.03227106308500895,0.7885481753076738
file_mod5,464,0.07786062622492827,0.057766092892732185,-0.020094533332196088,0.7419166232474699,0.14565112200621205,0.1120015030177209,-0.033649618988491156,0.7689710966520671
file_mod5,465,0.07926728082762834,0.05931993441368512,-0.019947346413943218,0.7483533406763382,0.14946432943809032,0.11872188308181615,-0.03074244635627417,0.7943158312632178
file_mod5,466,0.07848519575331353,0.05750607841539323,-0.0209791173379203,0.7326996876728235,0.14582817350466962,0.11888042049524204,-0.026947753009427575,0.8152088697142965
file_mod5,467,0.07806435614327698,0.0574137593214754,-0.02065059682180158,0.735467019238587,0.1467975569266196,0.11761240683973408,-0.029185150086885533,0.8011877670316104
file_mod5,468,0.08072729475415126,0.0596623178288297,-0.02106497692532156,0.7390600417185622,0.14862612219552115,0.11732407923584763,-0.03130204295967352,0.7893907040210942
file_mod5,469,0.08018251123593301,0.059110774251690396,-0.02107173698424261,0.7372028306491912,0.1493363761833574,0.11973019138136459,-0.029606184801992813,0.8017483378219792
file_mod5,470,0.07884132108417921,0.05901848480622736,-0.019822836277951852,0.7485730070810593,0.14541548315798894,0.12196260320978355,-0.023452879948205385,0.8387181375815075
file_mod5,471,0.08070404082577737,0.05856659035380214,-0.022137450471975226,0.7256958852932134,0.14989006894354945,0.1173517385199581,-0.03253833042359135,0.7829187040013591
file_mod5,472,0.08270133238817082,0.05833417721799178,-0.02436715517017904,0.7053595816835426,0.15044625167952758,0.11660355229315256,-0.03384269938637502,0.775051229202673
file_mod5,473,0.07960403075179112,0.05785369377458143,-0.02175033697720969,0.7267683963764574,0.14987935390865334,0.11626847463512267,-0.03361087927353067,0.775747103273374
file_mod5,474,0.08174411612675456,0.05871442348565307,-0.02302969264110149,0.7182709443528504,0.15193050192061586,0.11608400005544094,-0.03584650186517492,0.764059873349824
file_mod5,475,0.08144649710203321,0.05937750849505581,-0.022068988606977397,0.7290369826546356,0.15281788841680258,0.11760795649019035,-0.03520993192661223,0.7695954819727712
file_mod5,476,0.08219841411340882,0.059292662557307314,-0.022905751556101507,0.7213358456709574,0.14918891882768007,0.12028906859714772,-0.028899850230532348,0.8062868847255809
file_mod5,477,0.07829604746108776,0.05723732752786857,-0.021058719933219186,0.7310372539088243,0.14319950330755923,0.11486181703251701,-0.028337686275042226,0.8021104429798233
file_mod5,478,0.07871949564020939,0.05750335563572031,-0.021216140004489077,0.7304842995760759,0.1514234637526562,0.11595709457396049,-0.03546636917869571,0.7657802278474588
file_mod5,479,0.08186276927675887,0.05894278459324975,-0.022919984683509115,0.7200194314704648,0.15333192021169192,0.12085361935033116,-0.03247830086136076,0.78818304227508
file_mod5,480,0.08074516388369668,0.06016766848621728,-0.020577495397479398,0.7451550729760272,0.15115648693675487,0.12263342591816445,-0.028523061018590423,0.81130111187008
file_mod5,481,0.08090305017174891,0.05952869900421566,-0.02137435116753325,0.7358029008528395,0.15070918696879526,0.1201908779904435,-0.030518308978351755,0.7975019997641507
file_mod5,482,0.08067480800726072,0.0578931414625751,-0.022781666544685622,0.7176111464357587,0.15357760178227473,0.11631882680668176,-0.03725877497559296,0.7573944732617044
file_mod5,483,0.079592100777528,0.05861518139808929,-0.020976919379438706,0.7364447077722904,0.147472444946858,0.11839223759760471,-0.029080207349253276,0.802809213885805
file_mod5,484,0.07942996516882257,0.05753275606354426,-0.021897209105278315,0.7243205500753097,0.1494651452889182,0.11503604096469275,-0.03442910432422544,0.7696512838650542
file_mod5,485,0.08069142540854027,0.058540468849497956,-0.022150956559042312,0.7254856207224977,0.1515719192841298,0.11724507165090266,-0.034326847633227145,0.7735276573962252
file_mod5,486,0.07910865713648742,0.05589876398814195,-0.02320989314834547,0.7066074183473867,0.1518886374914282,0.11603923363029293,-0.03584940386113526,0.7639757360838897
file_mod5,487,0.08043407831321994,0.05837892244769662,-0.02205515586552332,0.7257983639765486,0.1489710688322623,0.11790786561664644,-0.031063203215615856,0.7914816382864767
file_mod5,488,0.08153578439957214,0.056849889120227086,-0.024685895279345053,0.6972385136031807,0.15323051346336,0.1169599257358411,-0.0362705877275189,0.7632939620985358
file_mod5,489,0.08031671120158763,0.05978596340720177,-0.020530747794385865,0.7443776334061344,0.14928025370585757,0.12180015845658666,-0.027480095249270906,0.8159160735121886
file_mod5,490,0.0809300828699302,0.0570095828486731,-0.023920500021257098,0.7044300565007227,0.1523005761165146,0.11515300609694706,-0.03714757001956753,0.7560904169453141
file_mod5,491,0.08012584546218056,0.057762248687213975,-0.022363596774966583,0.7208940929612754,0.15210012087038563,0.11987287043744256,-0.03222725043294307,0.7881181799953598
file_mod5,492,0.08130352266826453,0.060461878174746644,-0.020841644493517886,0.7436563163621314,0.15403996528979508,0.12273723631252675,-0.031302728977268324,0.7967882625890069
file_mod5,493,0.08070947180884841,0.05917032469643482,-0.021539147112413587,0.7331273934808208,0.15087715770063412,0.11979474276376974,-0.03108241493686438,0.7939885970112377
file_mod5,494,0.0761454629229291,0.05798677533248167,-0.018158687590447434,0.7615263353402052,0.14968898494706417,0.11531356539505355,-0.03437541955201062,0.7703543813583404
file_mod5,495,0.07967848848711263,0.058111295456565536,-0.021567193030547098,0.7293222620050652,0.15108754371611216,0.11552402967896169,-0.03556351403715047,0.7646165053555111
file_mod5,496,0.08187415159952453,0.05876805527376695,-0.02310609632575758,0.7177852121292483,0.1513646158953823,0.1146998999628805,-0.0366647159325018,0.7577722130392541
file_mod5,497,0.08405924454362197,0.05707104728039636,-0.026988197263225613,0.6789383795946409,0.15298929795547395,0.1144561770316104,-0.038533120923863545,0.7481319187759249
file_mod5,498,0.08115157938306436,0.060550684699354644,-0.020600894683709715,0.7461430222267622,0.15325027361497431,0.12146719442320646,-0.03178307919176786,0.7926067050841319
file_mod5,499,0.0804324133784963,0.05841464493715283,-0.02201776844134347,0.7262575183746762,0.150475219120369,0.1176393425221214,-0.03283587659824762,0.7817854874032025
file_mod5,500,0.07889476927982889,0.058288315870724056,-0.02060645340910483,0.7388109047379735,0.14875989570942305,0.11956217106048682,-0.029197724648936232,0.8037258327609413
file_mod5,501,0.08166271142791394,0.059805991862465026,-0.021856719565448914,0.7323537366899399,0.15399311835677457,0.11934266167398286,-0.03465045668279171,0.7749869795966285
file_mod5,502,0.07737581941198775,0.05858481732740712,-0.01879100208458063,0.7571463252036416,0.14926645014787107,0.11541604948355975,-0.03385040066431132,0.7732216406916802
file_mod5,503,0.0784822306665067,0.05850657864240986,-0.01997565202409684,0.7454754808259839,0.148035988200851,0.11716184520570253,-0.030874142995148485,0.7914416394933688
file_mod5,504,0.07772505730983101,0.058909115774852416,-0.018815941534978592,0.7579166592316083,0.1479033069306591,0.11805675522663649,-0.029846551704022603,0.7982022692838406
file_mod5,505,0.08200871238178362,0.058427720056636955,-0.02358099232514666,0.7124574738429298,0.15044862326026381,0.1159992286278315,-0.03444939463243231,0.7710222008955331
file_mod5,506,0.0810424425855237,0.05891854777331799,-0.022123894812205717,0.7270085389040628,0.1545076701474464,0.12182659370740552,-0.03268107644004088,0.7884824979313105
file_mod5,507,0.08122096675574238,0.05829443614299184,-0.02292653061275054,0.7177264500963402,0.15020922731575895,0.1177595355051113,-0.03244969181064765,0.7839700503722434
file_mod5,508,0.08282745174721493,0.05981118434978446,-0.023016267397430464,0.7221178858951871,0.15400149139292127,0.12090534983503022,-0.03309614155789105,0.7850920711316415
file_mod5,509,0.08120551127077957,0.058146042946989086,-0.023059468323790487,0.7160356734052354,0.15273684297390297,0.11629167932460646,-0.03644516364929651,0.7613859044112649
file_mod5,510,0.08018844045973077,0.057097191660582754,-0.023091248799148013,0.7120376868939853,0.14913212704458242,0.11919016103046771,-0.02994196601411471,0.7992252467158624
file_mod5,511,0.07946130207367029,0.058615260543374875,-0.020846041530295414,0.7376579418372908,0.14909498963989645,0.11643042135249332,-0.032664568287403134,0.7809143797098974
file_mod5,512,0.07968850288508732,0.058293220926992934,-0.021395281958094384,0.7315135661546198,0.148181062818957,0.12188587863373465,-0.026295184185222337,0.8225469322125933
file_mod5,513,0.08150958234356921,0.06020230465936939,-0.02130727768419982,0.7385917450246771,0.1529063022595711,0.12147757988269628,-0.03142872237687483,0.7944576390087442
file_mod5,514,0.081070209072297,0.056677677289054824,-0.02439253178324218,0.6991184300327961,0.14639546997860536,0.11406548587118819,-0.03232998410741718,0.7791599418196343
file_mod5,515,0.0814759002076914,0.05874979385740665,-0.02272610635028475,0.7210695887697675,0.15349381715493637,0.11714377766393591,-0.03635003949100046,0.7631823863347617
file_mod5,516,0.08068797027887406,0.06011780939980873,-0.02057016087906533,0.7450653324408748,0.14962253229214423,0.1169525456035428,-0.032669986688601424,0.781650623150717
file_mod5,517,0.0785984423368313,0.05741940946903957,-0.021179032867791735,0.7305413156022913,0.14813931195675473,0.11655735327462248,-0.03158195868213225,0.7868090632731456
file_mod5,518,0.08002646482191056,0.0591225879428825,-0.02090387687902806,0.7387879506417387,0.15050621289082244,0.11733133844443511,-0.03317487444638734,0.779578039941431
file_mod5,519,0.08209935307168345,0.0591012571591503,-0.02299809591253315,0.7198748217607414,0.15143722519371056,0.11459368630652296,-0.036843538887187596,0.7567075146810219
file_mod5,520,0.07914374690802732,0.05824227362523048,-0.02090147328279684,0.7359049312248716,0.14579445402596997,0.11480361918363269,-0.030990834842337278,0.7874347481227443
file_mod5,521,0.08002204952905319,0.05776651770421196,-0.022255531824841225,0.7218825066863475,0.1552964819315967,0.11643033502413362,-0.03886614690746308,0.749729379416448
file_mod5,522,0.08442060566464535,0.05995932462288205,-0.024461281041763296,0.7102451368456898,0.156506326265892,0.11890687069317889,-0.03759945557271312,0.7597575991347814
file_mod5,523,0.0820165938206762,0.05794883710687136,-0.024067756713804844,0.7065501553694441,0.156584710766196,0.11512988894179443,-0.04145482182440158,0.7352562608344329
file_mod5,524,0.08025740767249763,0.058422081960110256,-0.021835325712387374,0.7279338275977005,0.15142626655727795,0.11503207818323297,-0.03639418837404498,0.7596573619525999
file_mod5,525,0.0808245236205592,0.058976300572627954,-0.021848223047931242,0.7296832437825375,0.15283892554819617,0.12007840977952808,-0.03276051576866809,0.7856533232541117
file_mod5,526,0.08192998684112504,0.05853271368449441,-0.02339727315663063,0.7144235699439135,0.15060969620469924,0.11834768833682684,-0.03226200786787241,0.7857906318061759
file_mod5,527,0.08160884437221494,0.05932927219267883,-0.022279572179536113,0.7269956173142239,0.14985390412683133,0.11536098327481087,-0.034492920852020464,0.7698230082625888
file_mod5,528,0.07920496339105977,0.05879395117372877,-0.020411012217331,0.7423013490132503,0.1497885391223739,0.12042484375502581,-0.029363695367348078,0.8039656736129952
file_mod5,529,0.08257110592602694,0.057688626590707115,-0.024882479335319826,0.6986539170540925,0.14521062102878063,0.11527470365940923,-0.0299359173693714,0.7938448499339582
file_mod5,530,0.08046674397274979,0.05847493081272724,-0.02199181316002255,0.7266968678704072,0.15134777515229472,0.11698219130531537,-0.03436558384697935,0.7729363129890826
file_mod5,531,0.08075244908084472,0.057436417989918276,-0.023316031090926448,0.7112653380012812,0.15054045385424109,0.11549086822287222,-0.03504958563136887,0.7671749703551101
file_mod5,532,0.0788042865118785,0.060167921027693506,-0.018636365484184993,0.7635107643367108,0.1456599651924565,0.12074334181122853,-0.024916623381227965,0.8289397958573839
file_mod5,533,0.08125728920049635,0.05812429683370314,-0.023132992366793212,0.7153117880943054,0.14882300340726676,0.11654591378557665,-0.03227708962169011,0.7831176035779823
file_mod5,534,0.078119753708105,0.05767802127533446,-0.020441732432770546,0.7383282529390554,0.1531758394631622,0.11547978564132039,-0.037696053821841824,0.75390339655421
file_mod5,535,0.07869996442938026,0.05840908443140861,-0.020290879997971654,0.7421742164041352,0.142673898232448,0.11594292330158915,-0.026730974930858853,0.8126428501497306
file_mod5,536,0.0802809917226999,0.05891777906162462,-0.021363212661075277,0.7338945097381662,0.152229979247268,0.1175976915845804,-0.0346322876626876,0.772500214255208
file_mod5,537,0.0804830563853317,0.059324139825452385,-0.02115891655987931,0.7371009811235798,0.15141836706067552,0.12134315008017436,-0.030075216980501154,0.801376691848423
file_mod5,538,0.07985028681930967,0.05630973469084388,-0.023540552128465786,0.7051913892089724,0.15277836007094286,0.11538861613131349,-0.03738974393962938,0.7552680633417757
file_mod5,539,0.07800483429365147,0.05680179658200751,-0.02120303771164396,0.7281830298898591,0.15251993058639512,0.11654333047124026,-0.03597660011515487,0.7641186959839594
file_mod5,540,0.08059345019361912,0.0576628333510139,-0.022930616842605216,0.7154779105806204,0.15205675555040155,0.11744124628252173,-0.03461550926787982,0.7723513885155469
file_mod5,541,0.08348653395535707,0.05825901226217364,-0.02522752169318343,0.6978252599793711,0.15238234301396647,0.11735127312985341,-0.03503106988411306,0.7701107018619453
file_mod5,542,0.08058638064606033,0.05902151294789095,-0.021564867698169378,0.7324005926896826,0.14759233995105842,0.11715149827506473,-0.030440841675993688,0.7937505314565251
file_mod5,543,0.07992821716501755,0.05748093272803339,-0.022447284436984162,0.719156948157118,0.15128964022298919,0.11941203362736315,-0.03187760659562604,0.7892941873042931
file_mod5,544,0.08197375768320561,0.059717770711128715,-0.022255986972076897,0.7284986366236009,0.1508793461562655,0.12219947996335367,-0.028679866192911824,0.8099152274744873
file_mod5,545,0.08015202077581876,0.0574747399672968,-0.02267728080852196,0.7170716272775057,0.15233534965319115,0.11784552047143221,-0.03448982918175894,0.7735927395691218
file_mod5,546,0.08145957507323799,0.059242806479374424,-0.022216768593863567,0.7272663333452316,0.15336333640549038,0.12150390638562977,-0.03185943001986061,0.7922617571671449
file_mod5,547,0.08150672199226652,0.05965378903332071,-0.02185293295894581,0.731887966724766,0.1530429947481143,0.1218342697963935,-0.031208724951720807,0.7960787097567865
file_mod5,548,0.08122080828861006,0.05881924514765802,-0.02240156314095204,0.7241893596853861,0.15396262297360747,0.12407916999368644,-0.029883452979921024,0.8059044955018485
file_mod5,549,0.07901351705441988,0.05852165794480028,-0.0204918591096196,0.7406537530090451,0.15100790753302964,0.11407438823143948,-0.03693351930159017,0.7554199650537389
file_mod5,550,0.07771912476237433,0.05778883375000332,-0.01993029101237101,0.7435600172633475,0.1479863507114106,0.11606828140430286,-0.03191806930710775,0.784317478242629
file_mod5,551,0.08101669493822339,0.06039606968075115,-0.02062062525747224,0.7454768393946973,0.15173548626146935,0.1203212636857021,-0.031414222575767245,0.7929672000283802
file_mod5,552,0.0812203967864621,0.05754403416682867,-0.023676362619633434,0.7084924039231013,0.1530531641438769,0.11954498070198957,-0.03350818344188733,0.7810683390355254
file_mod5,553,0.07897218247325043,0.05780793278213064,-0.02116424969111979,0.7320037381733933,0.15095117754243081,0.11361021220198014,-0.03734096534045067,0.7526288569033884
file_mod5,554,0.0803642513136007,0.05765746355122306,-0.02270678776237764,0.7174516356312426,0.15180417200618657,0.11549282465297582,-0.036311347353210746,0.7608013872521835
file_mod5,555,0.07679949270983011,0.059110319947223204,-0.017689172762606904,0.7696707082500983,0.15073805013794744,0.12469061438962145,-0.026047435748325992,0.8272006588615896
file_mod5,556,0.07816393554895106,0.05765848583754885,-0.020505449711402203,0.7376609869066735,0.14536610702915093,0.11670694467015727,-0.028659162358993656,0.8028483878071626
file_mod5,557,0.08017344793020306,0.059767937510714395,-0.020405510419488668,0.7454829379765084,0.149197504472638,0.11704137875970361,-0.032156125712934386,0.7844727642959226
file_mod5,558,0.07966801487188788,0.055828009737858515,-0.02384000513402936,0.7007581377248339,0.14486337865731144,0.10953810915856768,-0.03532526949874376,0.7561476901466646
file_mod5,559,0.07904784133514116,0.05980018830234066,-0.019247653032800502,0.7565062788850143,0.15283401212624959,0.119068757523242,-0.03376525460300758,0.7790723796800181
file_mod5,560,0.07972155896968403,0.058382230618124344,-0.021339328351559682,0.7323267554304294,0.15358005833539948,0.11548880738858767,-0.0380912509468118,0.7519778846311849
file_mod5,561,0.07989457490833243,0.05836777343807846,-0.021526801470253973,0.7305599097942146,0.15232998920880383,0.11507467246563025,-0.03725531674317359,0.7554301885224551
file_mod5,562,0.08443258782718058,0.05928914103056138,-0.025143446796619194,0.702206844019946,0.15149695692428333,0.11584687411996046,-0.03565008280432287,0.764681195397605
file_mod5,563,0.08172336929407478,0.05653582049110261,-0.025187548802972172,0.6917950272909471,0.15531065441149194,0.11668211296478839,-0.03862854144670355,0.7512820894801066
file_mod5,564,0.08142186647226692,0.05790662613799884,-0.023515240334268078,0.7111925659149855,0.14404938608219192,0.11501139325809562,-0.029037992824096304,0.7984164069430483
file_mod5,565,0.078414041574475,0.058009748084638296,-0.020404293489836703,0.7397877589250722,0.15199284420632642,0.11433060951504918,-0.03766223469127723,0.752210474855305
file_mod5,566,0.08281191720286968,0.05875305632383927,-0.024058860879030405,0.709475861788203,0.15561756247822825,0.11745477868512512,-0.03816278379310313,0.7547655728225257
file_mod5,567,0.08096741463089413,0.058967644321378854,-0.021999770309515276,0.7282885910362144,0.1527996103790356,0.12011514793917807,-0.03268446243985754,0.7860959045721368
file_mod5,568,0.08453511138638814,0.06221795172771416,-0.02231715965867398,0.7360012982455537,0.15579188402072952,0.12464256812403532,-0.031149315896694202,0.800058160330422
file_mod5,569,0.08124773616831744,0.05823608212238286,-0.023011654045934582,0.7167717510520868,0.1513257156326021,0.11860386234895891,-0.0327218532836432,0.7837654152379009
file_mod5,570,0.0791288580154782,0.058131149900153514,-0.020997708115324684,0.7346390603638261,0.15434576965668528,0.11693314638668906,-0.037412623269996226,0.7576051267669082
file_mod5,571,0.07910740731696118,0.057635164911720944,-0.02147224240524024,0.7285684977740834,0.15082972665089153,0.11909367748955141,-0.031736049161340124,0.7895902229220639
file_mod5,572,0.07920886486267732,0.056678418678428925,-0.022530446184248397,0.7155565071749364,0.14850269837769078,0.11702639288653019,-0.031476305491160594,0.7880421983235207
file_mod5,573,0.08004255996117811,0.057682736823530714,-0.022359823137647394,0.7206508244052632,0.15035666844057685,0.1174971508687709,-0.032859517571805955,0.7814562006952653
file_mod5,574,0.08097076189981683,0.0598920177037686,-0.021078744196048237,0.7396746220304996,0.15392236894083444,0.12072841636695311,-0.03319395257388133,0.78434614278422
file_mod5,575,0.08219867871786246,0.05943658793305413,-0.022762090784808328,0.7230844687548252,0.15215940253129792,0.11728915333224475,-0.03487024919905317,0.770830795738169
file_mod5,576,0.08002671677366445,0.05854747282462521,-0.021479243949039238,0.731599085717987,0.1500373298689866,0.12063710996471658,-0.029400219904270025,0.8040472998956829
file_mod5,577,0.08176294679240043,0.05999727479855221,-0.02176567199384822,0.7337954067493166,0.15345995622158096,0.1221945618748307,-0.031265394346750255,0.7962635001563135
file_mod5,578,0.08255330100691734,0.05960133896280526,-0.022951962044112074,0.7219740244888708,0.15438938061954863,0.12490801796202951,-0.02948136265751912,0.8090453984644963
file_mod5,579,0.07851659322006566,0.05863645695246128,-0.019880136267604376,0.7468033768112621,0.1491232410572866,0.11616797235409954,-0.032955268703187074,0.7790064883948766
file_mod5,580,0.08095009273284638,0.05774404903900937,-0.02320604369383701,0.7133290041998814,0.14567277470800044,0.11811994799162646,-0.027552826716373977,0.8108580908711094
file_mod5,581,0.07758574978788978,0.057930695021319624,-0.019655054766570153,0.7466666904643605,0.14513941303563124,0.11587324342743772,-0.029266169608193518,0.7983582198929744
file_mod5,582,0.08257529415178531,0.05747215114124236,-0.025103143010542957,0.6959969290039736,0.14896424126469957,0.11576252195341707,-0.03320171931128249,0.777116178826533
file_mod5,583,0.08289711512777288,0.05800273763101994,-0.02489437749675294,0.6996954905079367,0.14990175975534573,0.11919862899776311,-0.030703130757582617,0.7951783167342857
file_mod5,584,0.0799363688631362,0.05745927847214971,-0.022477090390986484,0.7188127167813834,0.15015138997594174,0.11567593771724378,-0.034475452258697956,0.7703953838574399
file_mod5,585,0.07996805646887913,0.05731273914016991,-0.022655317328709214,0.7166954115294036,0.15227091736634643,0.11079604451192156,-0.041474872854424874,0.7276244632148563
file_mod5,586,0.08189841605162888,0.05812267287093763,-0.023775743180691256,0.7096922709017597,0.15124944191830655,0.11833709271551973,-0.03291234920278682,0.7823968883100834
file_mod5,587,0.08070760832578011,0.057929760891006966,-0.022777847434773145,0.717773232198515,0.1509836341346989,0.11732522659548085,-0.033658407539218047,0.7770724772117357
file_mod5,588,0.07991318142136583,0.05755114062846993,-0.0223620407928959,0.7201708104325688,0.1560179629029164,0.1160668439509809,-0.039951118951935496,0.7439325689901781
file_mod5,589,0.07992782021693526,0.05788191086553101,-0.02204590935140425,0.7241772727997764,0.1520683890544113,0.11375330681871602,-0.03831508223569528,0.7480404542065227
file_mod5,590,0.07983906616997623,0.05755609560251214,-0.02228297056746409,0.7209014128493942,0.14951565686681448,0.11936299181117818,-0.030152665055636296,0.7983310531652502
file_mod5,591,0.07810987995555624,0.05713678770263396,-0.02097309225292228,0.7314924531332558,0.15353018371133956,0.11707978350538498,-0.03645040020595458,0.7625847939159185
file_mod5,592,0.08025539592054871,0.056575032877468165,-0.02368036304308055,0.7049374341567806,0.15033144731171333,0.11729523539804679,-0.03303621191366654,0.7802441704351737
file_mod5,593,0.08105638460443146,0.058264465701455805,-0.022791918902975654,0.7188140204599061,0.15377706145687034,0.11804983607969269,-0.03572722537717765,0.7676686949360259
file_mod5,594,0.0800004706701982,0.056884168911290084,-0.023116301758908123,0.7110479280277608,0.14714261138129817,0.11064843844631493,-0.036494172934983235,0.7519809347381091
file_mod5,595,0.07799505540715314,0.05722542764303356,-0.02076962776411958,0.7337058399959193,0.14872874312205828,0.11850136560365461,-0.030227377518403667,0.7967616959312515
file_mod5,596,0.08290728087551957,0.05811310735823449,-0.024794173517285086,0.7009409396201031,0.1534901313828213,0.11845019789974229,-0.03503993348307902,0.7717121409213888
file_mod5,597,0.08292581068990602,0.05963872495523477,-0.023287085734671253,0.7191816933602094,0.1532997627823315,0.12212056140377846,-0.031179201378553054,0.7966128530621145
file_mod5,598,0.07895093799134904,0.05594989111998223,-0.023001046871366816,0.7086665788076244,0.14839372813333163,0.11093107361406326,-0.03746265451926836,0.7475455668476217
file_mod5,599,0.07915227070500272,0.057304739024930065,-0.021847531680072654,0.7239809864520815,0.15185743864988924,0.11647521903122121,-0.035382219618668026,0.7670037112884373
file_mod5,600,0.08141658556103575,0.058054687198270054,-0.02336189836276569,0.7130572572924724,0.15259064448695425,0.11966460376636155,-0.0329260407205927,0.7842197938720437
file_mod5,601,0.08242341148461123,0.059656913525277765,-0.022766497959333463,0.7237860269398816,0.14705498156281316,0.12010502601164284,-0.026949955551170315,0.8167355143990216
file_mod5,602,0.08176795424410598,0.05847352379610304,-0.023294430448002938,0.7151154059882566,0.15022162934461566,0.12078975587581808,-0.02943187346879758,0.8040769921268831
file_mod5,603,0.08145403790197622,0.058001726239918144,-0.02345231166205808,0.7120792011529108,0.14886792239936658,0.11651619435127494,-0.03235172804809164,0.7826816716008036
file_mod5,604,0.0814876615497451,0.05800958194881549,-0.02347807960092961,0.7118817848687786,0.15312470299278422,0.11547368156799373,-0.03765102142479049,0.7541153015228069
file_mod5,605,0.07944601935606112,0.057777128524425146,-0.02166889083163597,0.7272501378008588,0.15265670966771974,0.11588164491127843,-0.03677506475644131,0.7590995847055281
file_mod5,606,0.07976415008632602,0.05784215884311929,-0.021921991243206734,0.7251648614135384,0.1483049609768001,0.11700545064072738,-0.031299510336072714,0.7889516970307621
file_mod5,607,0.08171978411459119,0.06039066260044436,-0.02132912151414683,0.7389968445800326,0.14990546730974003,0.1217288315884413,-0.02817663572129872,0.8120373043961155
file_mod5,608,0.08175534893593786,0.0594106993123438,-0.02234464962359406,0.7266888354778724,0.15368561196581232,0.11712257271577714,-0.03656303925003518,0.7620919825717407
file_mod5,609,0.08119411305404259,0.05797439689575519,-0.0232197161582874,0.7140221712523368,0.15011649530799265,0.11771779154331605,-0.0323987037646766,0.784176257924191
file_mod5,610,0.07903229771420593,0.058271151500847544,-0.020761146213358388,0.7373080776616899,0.15192555250398873,0.11855167604804384,-0.03337387645594489,0.7803274307324394
file_mod5,611,0.0807783396738868,0.05808623619016998,-0.022692103483716815,0.7190818284291564,0.14967376606280688,0.1181344031548371,-0.031539362907969784,0.7892792856248765
file_mod5,612,0.07827646760605919,0.05862248204899138,-0.019653985557067814,0.7489157832724372,0.1462432890553435,0.11667060174265347,-0.02957268731269004,0.7977843119932928
file_mod5,613,0.08263927440651239,0.06017399142243223,-0.02246528298408016,0.7281524656960229,0.15037603821794027,0.11834478369617575,-0.032031254521764516,0.7869922967691065
file_mod5,614,0.081392603405653,0.058579466405295495,-0.02281313700035751,0.7197148629506418,0.1503095805724147,0.12092502692777927,-0.029384553644635422,0.8045064490717622
file_mod5,615,0.08034412451350806,0.05656705840558898,-0.023777066107919076,0.7040596776442377,0.1484162848279732,0.11587910498795034,-0.032537179840022856,0.7807708239177652
file_mod5,616,0.08422011120448956,0.06049686829122258,-0.02372324291326698,0.7183185515432761,0.15378305219410293,0.12182158875794216,-0.03196146343616077,0.7921652420071659
file_mod5,617,0.08174268995126949,0.05814964787113317,-0.023593042080136316,0.7113742880959607,0.15087599813499822,0.11856765463052103,-0.032308343504477186,0.7858616088453719
file_mod5,618,0.08045396769980233,0.057824689679024426,-0.022629278020777903,0.7187301177585863,0.1540271100828695,0.12154492308719625,-0.03248218699567326,0.7891138321156761
file_mod5,619,0.08175872484590067,0.05930868997316645,-0.022450034872734226,0.7254111421741449,0.15078398045353272,0.12068245185589103,-0.03010152859764169,0.8003665342491862
file_mod5,620,0.08317344590051619,0.05765008985346265,-0.02552335604705354,0.6931309533864686,0.15499162077330328,0.11801859019219867,-0.03697303058110461,0.7614514230083265
file_mod5,621,0.07931093005230885,0.058370516366792406,-0.020940413685516447,0.7359706452603018,0.1518860275015087,0.1177261518058384,-0.034159875695670305,0.7750953378820116
file_mod5,622,0.077959458367865,0.05822468641360472,-0.01973477195426028,0.7468585291968244,0.14886102136684434,0.11445026425564407,-0.03441075711120027,0.7688397083720094
file_mod5,623,0.0791022363000223,0.05751160355097967,-0.021590632749042632,0.7270540788865593,0.1501371111262314,0.11516502232465674,-0.034972088801574666,0.7670656605869348
file_mod5,624,0.0842167520697144,0.05925005400694219,-0.024966698062772213,0.7035423778620096,0.15407959496054574,0.11837346803357383,-0.03570612692697191,0.7682618069179442
file_mod5,625,0.07976618689476593,0.058142103886720704,-0.021624083008045226,0.7289066476679713,0.15272693395174733,0.11539700990055991,-0.037329924051187416,0.7555773360644988
file_mod5,626,0.08249690133012587,0.060283761363307424,-0.022213139966818445,0.7307397052656722,0.1516148081628671,0.12283105261779165,-0.02878375554507545,0.8101520828087223
file_mod5,627,0.07999453309622982,0.05720531781837015,-0.022789215277859674,0.715115341064054,0.15223701331439823,0.11787656586684876,-0.03436044744754947,0.7742963639427907
file_mod5,628,0.08022067685303148,0.05766240180956092,-0.022558275043470563,0.7187972486844194,0.14883796885894238,0.11734367892688609,-0.03149428993205629,0.7883988193771695
file_mod5,629,0.0818026741980568,0.059010619524558786,-0.022792054673498013,0.7213776334705763,0.15035757766760602,0.1209955802673231,-0.02936199740028292,0.804718871800441
file_mod5,630,0.08187561325287251,0.05725575656713094,-0.024619856685741577,0.6993017125904969,0.15647396658285392,0.11369961779517278,-0.042774348787681146,0.7266360039193366
file_mod5,631,0.08142072132843708,0.05890452490972995,-0.022516196418707134,0.7234586472418895,0.1530386922701495,0.11460299312844827,-0.038435699141701224,0.7488497936596771
file_mod5,632,0.07672800656088821,0.058191021521796386,-0.018536985039091826,0.7584065340680833,0.14918820135217525,0.1165371059571244,-0.03265109539505086,0.7811415708540226
file_mod5,633,0.0814297194651745,0.05905841192334703,-0.022371307541827465,0.7252685175785835,0.15498417126427622,0.12090576374684829,-0.034078407517427925,0.7801168516795303
file_mod5,634,0.07909290738996089,0.05807239878724299,-0.021020508602717897,0.7342301693490915,0.1477258230928233,0.1149278607193469,-0.032797962373476416,0.7779808452793804
file_mod5,635,0.07865394295523208,0.056337760048193644,-0.022316182907038434,0.7162738183419455,0.1474415370736584,0.11495278356033337,-0.03248875351332503,0.7796499266207839
file_mod5,636,0.0795046117791541,0.05838643365199572,-0.021118178127158382,0.7343779479633217,0.15208742389292795,0.11802020816335843,-0.03406721572956953,0.776002414548402
file_mod5,637,0.08173141391613027,0.05889763200782488,-0.022833781908305394,0.7206241662265066,0.154117638508754,0.11792526434814003,-0.03619237416061398,0.7651639714259039
file_mod5,638,0.07755541214862409,0.05749512173562691,-0.02006029041299718,0.7413424820107404,0.1447472141695202,0.1140426370195119,-0.030704577150008294,0.7878744863852872
file_mod5,639,0.08110411187710648,0.05806092806976175,-0.023043183807344728,0.7158814359220028,0.1543315694891974,0.11960322089382126,-0.03472834859537614,0.7749757310813392
file_mod5,640,0.08241006530525662,0.05666217453387173,-0.02574789077138489,0.6875637620718821,0.14985027346134927,0.11561147250309087,-0.0342388009582584,0.771513256750315
file_mod5,641,0.08045187723919997,0.05961921535615869,-0.02083266188304128,0.7410543719060589,0.15192525078488547,0.12134538214031286,-0.030579868644572614,0.7987176688102272
file_mod5,642,0.08161532080301856,0.059963853329769334,-0.021651467473249225,0.7347131977155882,0.1497330589187073,0.11875604417394842,-0.03097701474475889,0.7931184003822639
file_mod5,643,0.0814273895276309,0.05822676929705019,-0.023200620230580712,0.7150759668807999,0.15227701138178681,0.11942592400673026,-0.032851087375056556,0.7842675852582057
file_mod5,644,0.0817347064362103,0.05894077846253742,-0.022793927973672877,0.7211230214491275,0.15439926821707195,0.1194064356558187,-0.034992832561253254,0.7733614092519119
file_mod5,645,0.07911633900371806,0.05836424208028581,-0.020752096923432252,0.7377015015513166,0.15226794168073352,0.11660362583736197,-0.03566431584337154,0.7657792214847798
file_mod5,646,0.07972595466311484,0.0557169424704904,-0.02400901219262444,0.6988557579012322,0.1472128154646175,0.11520543966200944,-0.03200737580260807,0.7825775174424199
file_mod5,647,0.07972532016480649,0.05667606109079294,-0.023049259074013548,0.7108916085082304,0.15124100581102778,0.11716504192920181,-0.034075963881825974,0.7746909728674833
file_mod5,648,0.08043195222784448,0.05711568273927777,-0.02331626948856671,0.7101118542725745,0.15115008370836014,0.11552085946618115,-0.035629224242178986,0.7642791630143945
file_mod5,649,0.0789424091062614,0.05766516148657483,-0.021277247619686565,0.7304712655646718,0.15018308481673526,0.11296225831968267,-0.03722082649705259,0.7521636571623744
file_mod5,650,0.08047166444104682,0.057300557268703735,-0.023171107172343088,0.7120588056269405,0.1562591412470239,0.11686607309955405,-0.039393068147469845,0.7478991127616982
file_mod5,651,0.0837485853442124,0.06071953306428274,-0.023029052279929657,0.7250215966600667,0.15466667308622656,0.12191173823984457,-0.03275493484638199,0.7882224128004541
file_mod5,652,0.0794244060034151,0.05933389508220336,-0.020090510921211745,0.7470486474856621,0.14611623831284395,0.11446637269825456,-0.03164986561458939,0.7833925511631017
file_mod5,653,0.08137102186422762,0.06002854970858712,-0.0213424721556405,0.7377140944444365,0.15567754069442752,0.12249098885985889,-0.03318655183456863,0.7868250507649718
file_mod5,654,0.08147579523030295,0.05945490273471259,-0.022020892495590354,0.7297247307210054,0.1548044191742483,0.12175855342996458,-0.033045865744283726,0.7865315091096514
file_mod5,655,0.08008089161956933,0.057254285791609905,-0.022826605827959423,0.7149556483911413,0.1503633210374221,0.11312925998645271,-0.03723406105096938,0.7523727143423319
file_mod5,656,0.08011993373591503,0.05806276431813795,-0.02205716941777708,0.7246981070843097,0.15315076239904837,0.11372687338951094,-0.03942388900953743,0.7425811769267275
file_mod5,657,0.08101336203833448,0.05769467428788656,-0.023318687750447917,0.7121624487153883,0.1514659637422691,0.11764275221706272,-0.03382321152520637,0.776694310130564
file_mod5,658,0.08255015500151107,0.06100847209809185,-0.02154168290341922,0.7390473354892562,0.1553357055875411,0.12207944120568999,-0.0332562643818511,0.785907147000989
file_mod5,659,0.08064855441848116,0.058606290800088875,-0.022042263618392288,0.7266874307006654,0.14942967985574906,0.11787980011309976,-0.031549879742649306,0.7888647036311276
file_mod5,660,0.07927007258931806,0.0579082077890829,-0.021361864800235164,0.7305179104489208,0.14841775819259193,0.11601495823581409,-0.032402799956777834,0.781678416711221
file_mod5,661,0.07990447739532332,0.05877465382147333,-0.021129823573849987,0.7355614570969375,0.15232964503455426,0.1189963509272976,-0.03333329410725666,0.7811765785990286
file_mod5,662,0.08000346587803485,0.05770966400159122,-0.022293801876443628,0.7213395490836548,0.14808312861602085,0.11450267367079481,-0.033580454945226046,0.7732324049399303
file_mod5,663,0.08122152506862257,0.05864009846764973,-0.022581426600972836,0.7219773135028651,0.15423611313086838,0.11855416420001706,-0.03568194893085132,0.7686537335093798
file_mod5,664,0.08027237436775737,0.058389203791792396,-0.021883170575964978,0.7273885225356597,0.14609911031360565,0.11835676098427839,-0.02774234932932726,0.8101128112979089
file_mod5,665,0.08094504848739856,0.057690863253143904,-0.023254185234254654,0.7127163962614114,0.1536620800293803,0.11684060503297139,-0.03682147499640892,0.7603737044990629
file_mod5,666,0.08162668902427739,0.05791859858457786,-0.023708090439699528,0.709554672337031,0.15307711979287994,0.12239649451426696,-0.030680625278612983,0.7995740622757652
file_mod5,667,0.08171822781602647,0.05895721596074394,-0.02276101185528253,0.7214695856287443,0.15303594514780194,0.12003615647419934,-0.032999788673602606,0.7843657668678332
file_mod5,668,0.07881063576594044,0.05902317707292451,-0.01978745869301593,0.7489240062498332,0.14530026633458828,0.11458090690916822,-0.030719359425420062,0.7885801574879329
file_mod5,669,0.08059067032688426,0.05600680339196963,-0.024583866934914628,0.6949539340571326,0.1565040414122491,0.1166604420370268,-0.039843599375222305,0.7454148850362923
file_mod5,670,0.08163814601877224,0.05899639661926541,-0.022641749399506833,0.7226572318986704,0.14998064504395198,0.11903003299150992,-0.030950612052442053,0.7936359585373703
file_mod5,671,0.08197053314169911,0.05984959706746075,-0.02212093607423836,0.730135510574284,0.14914216174130795,0.11752625764029447,-0.03161590410101349,0.7880149802585514
file_mod5,672,0.08179386539777289,0.05881979997719155,-0.022974065420581342,0.7191223900612125,0.1542334256028326,0.12171117559397218,-0.032522250008860415,0.7891361753670139
file_mod5,673,0.0798728267957569,0.0586614410184628,-0.021211385777294096,0.7344355192093825,0.14794083070178832,0.1149563806600136,-0.03298445004177472,0.7770429577466472
file_mod5,674,0.07981178360907115,0.058736036705128884,-0.021075746903942268,0.735931889366436,0.14869972280909982,0.11786377495530073,-0.03083594785379909,0.7926294194012307
file_mod5,675,0.07918952133815585,0.05814721729591095,-0.0210423040422449,0.7342791863535851,0.15174422674868016,0.11679115417031687,-0.03495307257836329,0.7696579742947796
file_mod5,676,0.08171992963464497,0.058842360137348046,-0.022877569497296926,0.7200490798318304,0.15279728091867037,0.11799368884568276,-0.03480359207298761,0.772223747283091
file_mod5,677,0.08168132539679265,0.057900436052902744,-0.02378088934388991,0.7088576950928895,0.147938552221266,0.11262541739767849,-0.035313134823587514,0.7612986318078129
file_mod5,678,0.08106291157491775,0.05759649585641034,-0.02346641571850741,0.7105160021692545,0.148521847042877,0.1176726714028278,-0.030849175640049187,0.7922920011145343
file_mod5,679,0.08176671086164264,0.05743433431610436,-0.024332376545538277,0.702417080384815,0.15167405915017437,0.11683660555782038,-0.03483745359235399,0.7703136990758519
file_mod5,680,0.08085124230044151,0.059002699144047446,-0.021848543156394062,0.7297686153639379,0.1529031348134139,0.11913363629020973,-0.033769498523204156,0.7791444984799513
file_mod5,681,0.07955795743359541,0.05738012181991839,-0.02217783561367702,0.7212367394903498,0.14707746879251357,0.11542710621288042,-0.03165036257963315,0.7848048185797701
file_mod5,682,0.07980461524880177,0.05985702116932467,-0.019947594079477098,0.7500446055997169,0.1509779616747635,0.11998705784485306,-0.030990903829910432,0.7947322676360474
file_mod5,683,0.08146226435688789,0.059082935677148306,-0.02237932867973958,0.7252798107637265,0.15353257256532146,0.12040718033928047,-0.033125392226040995,0.7842451821619313
file_mod5,684,0.07775153867795971,0.05665413931499653,-0.021097399362963183,0.7286561819651335,0.1487756365615479,0.11298711372323324,-0.03578852283831467,0.7594463470938732
file_mod5,685,0.08277851312093883,0.05880804811559793,-0.023970465005340898,0.7104264850672032,0.15042748331355255,0.11905687857005899,-0.031370604743493555,0.7914569595098234
file_mod5,686,0.08133718934251602,0.057665516490918216,-0.023671672851597804,0.708968639770488,0.1504148236204856,0.11516556379708542,-0.035249259823400186,0.7656530189315766
file_mod5,687,0.07892483341799414,0.05848671491854882,-0.020438118499445317,0.7410432481852333,0.1491685767724138,0.11585199284056069,-0.033316583931853105,0.7766514593573943
file_mod5,688,0.07827034950019489,0.059159777781427614,-0.019110571718767275,0.7558389372118532,0.1479514086634505,0.11534805962415286,-0.03260334903929764,0.7796347508021269
file_mod5,689,0.07945158077226637,0.05923801668914159,-0.02021356408312478,0.7455863824652739,0.15059724679120315,0.11988301066202652,-0.030714236129176634,0.7960504804462949
file_mod5,690,0.08331207485347629,0.05844382387659406,-0.02486825097688223,0.7015048416376756,0.15103184752810675,0.11531684805613211,-0.03571499947197464,0.7635266994576879
file_mod5,691,0.08013864297032898,0.059056410054412874,-0.021082232915916106,0.7369280020910546,0.15291731242419207,0.1208252505192776,-0.03209206190491447,0.7901345413664399
file_mod5,692,0.08074233548093171,0.05836388342335605,-0.02237845205757566,0.7228411597920572,0.15115066395803606,0.11300303788491899,-0.03814762607311707,0.7476185345523325
file_mod5,693,0.08184024651604979,0.05843098733730901,-0.02340925917874078,0.7139639703535111,0.15333587325112932,0.11746940930645342,-0.03586646394467591,0.7660921532306091
file_mod5,694,0.08283619590700164,0.058200756787179536,-0.024635439119822106,0.7026005497949258,0.15329119088048845,0.11655634450804873,-0.03673484637243972,0.7603590515447194
file_mod5,695,0.07894118540291233,0.05725373300331149,-0.021687452399600834,0.7252707532967863,0.1495331298333923,0.11601293173872874,-0.03352019809466354,0.775834304197262
file_mod5,696,0.08308697701326793,0.05725360626101359,-0.025833370752254343,0.6890803868321135,0.15632735679045412,0.1163670594313996,-0.039960297359054514,0.7443806498141046
file_mod5,697,0.07956014200713404,0.057628140470993225,-0.02193200153614082,0.7243343088279781,0.14864915573125104,0.11727670928755066,-0.03137244644370038,0.7889497166037059
file_mod5,698,0.07838644011022437,0.06020474072873745,-0.01818169938148692,0.7680504516352519,0.14932699755045134,0.11943395791158527,-0.029893039638866067,0.7998149019987731
file_mod5,699,0.08042090583255077,0.05870339631101071,-0.021717509521540057,0.7299519410194235,0.15093510381551173,0.1206900204167982,-0.030245083398713526,0.7996153139054905
file_mod5,700,0.08029836528358408,0.057958242237433094,-0.02234012304615099,0.721786079115634,0.15293683934364236,0.12086518110062908,-0.03207165824301328,0.7902947492529928
file_mod5,701,0.07963573275154834,0.058773590998761574,-0.020862141752786764,0.7380303912331221,0.15265853222750927,0.12059994567887551,-0.03205858654863376,0.789998069018138
file_mod5,702,0.07835243911409592,0.05847871871227601,-0.019873720401819915,0.7463547960149648,0.1494445295689071,0.11477956937353684,-0.03466496019537027,0.7680412906690796
file_mod5,703,0.07883532335730513,0.05846799312557102,-0.020367330231734107,0.7416471530227217,0.148103187753292,0.11958731680116616,-0.02851587095212585,0.8074594383503267
file_mod5,704,0.08221261023888685,0.05846679273902499,-0.023745817499861856,0.7111657514478235,0.14710422610480603,0.11482852766951347,-0.03227569843529256,0.7805929898146
file_mod5,705,0.0826431925267506,0.05927897304489389,-0.023364219481856713,0.7172880334421495,0.15201426418400055,0.1207187572805795,-0.03129550690342105,0.7941278269416845
file_mod5,706,0.07948949897103942,0.058787631352414646,-0.020701867618624775,0.7395647489718469,0.14548300698399547,0.11771357832826965,-0.02776942865572582,0.8091225275624064
file_mod5,707,0.08355293150915272,0.059473559477389935,-0.02407937203176278,0.7118069755682357,0.15004668006877153,0.11584600349993164,-0.03420067656883989,0.7720664225748644
file_mod5,708,0.07962535266607763,0.058956385984220934,-0.0206689666818567,0.7404222902655703,0.14878428201382501,0.11815898404902006,-0.030625297964804954,0.7941630826167562
file_mod5,709,0.08012334674471057,0.05835320949924258,-0.021770137245467988,0.7282922128199149,0.14902229711400172,0.11365599829967607,-0.03536629881432565,0.762677803931109
file_mod5,710,0.08029497932459634,0.057180191046469535,-0.023114788278126804,0.7121266052677571,0.1500367047489909,0.11225559637384201,-0.03778110837514888,0.7481875622478107
file_mod5,711,0.08158833605433996,0.05822252623467619,-0.02336580981966377,0.7136133551724657,0.1478967669736673,0.11603751493899261,-0.031859252034674684,0.7845845268521173
file_mod5,712,0.07625629404499963,0.056927807073644886,-0.019328486971354746,0.7465325687090326,0.1474076933912634,0.11404625204884644,-0.03336144134241695,0.7736791033432301
file_mod5,713,0.07978522627256225,0.05830715368776353,-0.021478072584798724,0.7308013828095775,0.14931567397677453,0.12060476356710544,-0.028710910409669096,0.8077167008325263
file_mod5,714,0.08228004352696987,0.05857197987303638,-0.023708063653933485,0.7118613136590962,0.1502867668925077,0.11972881216921072,-0.030557954723296976,0.7966690257888541
file_mod5,715,0.07909336991504423,0.05920262768986079,-0.019890742225183444,0.7485156815729499,0.1550495136653992,0.11726818240303558,-0.03778133126236363,0.756327315260745
file_mod5,716,0.07900672948871608,0.05817022387738188,-0.020836505611334197,0.7362692298975606,0.14884613882020437,0.11392416698422257,-0.034921971835981794,0.7653820776757597
file_mod5,717,0.08023952205496708,0.05785344274931929,-0.022386079305647788,0.7210093139598652,0.15293569173213278,0.11770122379898351,-0.03523446793314927,0.7696125244925657
file_mod5,718,0.07913157288673972,0.05825587906609195,-0.020875693820647773,0.7361900811635963,0.14917224281609776,0.11487745919658232,-0.034294783619515434,0.7700994302150792
file_mod5,719,0.08042627022588791,0.05803761443577791,-0.022388655790110006,0.7216250893243156,0.14585240739693892,0.11480384647120877,-0.031048560925730148,0.7871234251126815
file_mod5,720,0.08218110906751887,0.05933764661772437,-0.022843462449794495,0.7220351159896538,0.157607222053086,0.12385640561438287,-0.03375081643870313,0.785854886603261
file_mod5,721,0.08023620282190662,0.05809650364486448,-0.022139699177042137,0.724068457898192,0.1508951350535581,0.11828956504562448,-0.03260557000793361,0.7839190110644672
file_mod5,722,0.08306994329301362,0.05922436306403203,-0.02384558022898159,0.7129457504879859,0.1552323781179233,0.12314649708371236,-0.03208588103421092,0.7933041970803496
file_mod5,723,0.08076294334453848,0.06055018278307526,-0.020212760561463226,0.7497272916957144,0.15263061499707897,0.12358118824403787,-0.029049426753041105,0.8096749675443747
file_mod5,724,0.07912455729442709,0.05940131133367143,-0.019723245960755663,0.7507316737664097,0.14831465680630834,0.11710932453372931,-0.03120533227257903,0.7896004822144337
file_mod5,725,0.07915159421069878,0.05859477178939272,-0.020556822421306062,0.7402854279020014,0.14992239062672924,0.11875910403090725,-0.031163286595821987,0.7921372086881199
file_mod5,726,0.07962136083959771,0.057949296478443504,-0.02167206436115421,0.7278109274618659,0.15337466896615184,0.11639384121021591,-0.03698082775593593,0.7588856881960266
file_mod5,727,0.08003988585910984,0.05747035593942851,-0.022569529919681336,0.7180214629564897,0.14935232037142016,0.11589728659976943,-0.033455033771650725,0.7759992366475973
file_mod5,728,0.07948887424017305,0.058571173651736655,-0.020917700588436394,0.7368474420051007,0.1481003598395831,0.1187449474452242,-0.029355412394358918,0.8017870285652539
file_mod5,729,0.07892481654584912,0.06051362520253268,-0.018411191343316445,0.7667249396440347,0.15197444934644647,0.12019245585525969,-0.03178199349118678,0.7908727840247975
file_mod5,730,0.08126291714054396,0.05818777021608185,-0.02307514692446211,0.7160433351838241,0.15166659166420826,0.11575431977112649,-0.03591227189308177,0.7632156726209554
file_mod5,731,0.08147046821161993,0.05663773289275561,-0.024832735318864325,0.6951934134665684,0.14844317149609196,0.11757969029712989,-0.030863481198962067,0.7920855443338827
file_mod5,732,0.07726853501460959,0.0581896841420253,-0.01907885087258429,0.7530838281199851,0.15121347116330042,0.11742117608983649,-0.03379229507346393,0.7765258953881793
file_mod5,733,0.0812378585595059,0.057130148737772585,-0.02410770982173331,0.7032453803041268,0.15215619017991217,0.11695608890755527,-0.0352001012723569,0.7686581056561966
file_mod5,734,0.08149034573522206,0.05816903368175775,-0.023321312053464306,0.7138150311787881,0.15047668135407435,0.1151558879878026,-0.03532079336627175,0.7652739743564567
file_mod5,735,0.08235190925223745,0.059326644997571114,-0.02302526425466634,0.7204040019990094,0.15126236475549434,0.12083364180487205,-0.030428722950622294,0.7988348060020857
file_mod5,736,0.07873291993999287,0.058743250415735984,-0.01998966952425689,0.7461078600985175,0.14931749242981543,0.11656470595006654,-0.032752786479748885,0.7806500367320067
file_mod5,737,0.08007260655981754,0.0585809714059186,-0.021491635153898944,0.7315981572568915,0.14991448991302453,0.1178747597272079,-0.03203973018581663,0.7862799639687595
file_mod5,738,0.079351977619772,0.057460126274570006,-0.021891851345201996,0.7241171297569874,0.15227002352600144,0.1164128952823562,-0.035857128243645245,0.7645161705939953
file_mod5,739,0.08168125493583984,0.05895926836523819,-0.022721986570601656,0.7218212845964518,0.15154342773351734,0.12058996089353215,-0.03095346683998519,0.7957452375010579
file_mod5,740,0.0795491754236619,0.058339846063799744,-0.021209329359862153,0.7333809024806882,0.1478886385979096,0.1169789916065292,-0.030909646991380393,0.7909937687950472
file_mod5,741,0.07800423748425336,0.05897722070453622,-0.019027016779717146,0.7560771389687886,0.14983908847699873,0.12320174654331155,-0.026637341933687178,0.8222270156309969
file_mod5,742,0.0801622205431918,0.05898233521869102,-0.021179885324500783,0.7357871927576038,0.15309419896135795,0.11948669553840685,-0.0336075034229511,0.780478269908621
file_mod5,743,0.08057237487329545,0.05618496807342365,-0.0243874067998718,0.6973229740562773,0.15157117393619424,0.11279922143482694,-0.03877195250136729,0.7441996951366965
file_mod5,744,0.07993111497904026,0.058047575769518855,-0.021883539209521408,0.7262200181336171,0.15597636688581432,0.11765633136226461,-0.038320035523549706,0.7543215277504016
file_mod5,745,0.08095039896729363,0.05776703148734621,-0.02318336747994742,0.7136102134677039,0.14901043846068573,0.1154377534598019,-0.03357268500088384,0.7746957505279638
file_mod5,746,0.08231808142375673,0.05946491801633764,-0.022853163407419087,0.7223797856782442,0.15161033322828854,0.11626213823479654,-0.035348194993491996,0.7668483787297917
file_mod5,747,0.08081676039724807,0.05728523717677827,-0.0235315232204698,0.7088286748342478,0.14985692434080597,0.11412519623244195,-0.035731728108364016,0.7615610472085854
file_mod5,748,0.07848976405834816,0.057742479416015846,-0.020747284642332317,0.73566891312211,0.14981732991838362,0.11709805437262938,-0.03271927554575424,0.7816055354638959
file_mod5,749,0.08217950095091942,0.05880886094695184,-0.023370640003967574,0.7156147246753741,0.15050534580241753,0.11490886403006789,-0.03559648177234964,0.7634869274405676
file_mod5,750,0.07949745904385849,0.05870541453420868,-0.02079204450964981,0.7384564895567428,0.15376902050532637,0.11897199598504611,-0.03479702452028026,0.7737058842806707
file_mod5,751,0.07999803819053804,0.05690674312036265,-0.023091295070175384,0.7113517332115457,0.1505532795434847,0.11995040900641686,-0.030602870537067853,0.7967306283206621
file_mod5,752,0.07882535261796378,0.058959687493606285,-0.019865665124357494,0.7479787344480557,0.14896457544086772,0.12112655445588039,-0.027838020984987333,0.8131232146797358
file_mod5,753,0.08303658818557258,0.05962960619043435,-0.02340698199513823,0.7181124308379865,0.14639929653470715,0.11983105434984831,-0.026568242184858842,0.818522063877812
file_mod5,754,0.08271946290275173,0.05806733262105892,-0.02465213028169281,0.7019790818676516,0.15494995565020356,0.12068304776101098,-0.03426690788919258,0.7788517734942149
file_mod5,755,0.0803205610145181,0.05930365465327658,-0.02101690636124151,0.7383371568153929,0.14971023331934075,0.11612641820141756,-0.03358381511792319,0.7756745522780201
file_mod5,756,0.08236023348162706,0.05641065633809867,-0.025949577143528392,0.6849258914580757,0.15357611827932796,0.1172832199899528,-0.03629289828937517,0.7636813672854736
file_mod5,757,0.07892231822521807,0.058381249452448554,-0.020541068772769518,0.7397305447344802,0.14809300567031378,0.11306643666260678,-0.035026569007706995,0.7634826246576187
file_mod5,758,0.08017709820838433,0.058085203596016814,-0.02209189461236751,0.7244612850049829,0.15139598747603006,0.11466372561024285,-0.03673226186578721,0.7573762523157829
file_mod5,759,0.07850627049709022,0.05876510715617477,-0.019741163340915448,0.7485402985530036,0.14575860878541202,0.1195703677198468,-0.02618824106556522,0.8203314282169094
file_mod5,760,0.07997881580615161,0.05641919151583672,-0.02355962429031489,0.7054266926454944,0.1521134073708856,0.11521778598091656,-0.03689562138996905,0.7574466181011285
file_mod5,761,0.08224237192523319,0.05967019123388472,-0.02257218069134847,0.7255407381505374,0.1546983627371198,0.12134278582793327,-0.033355576909186516,0.7843831290841267
file_mod5,762,0.07794085148719097,0.0561752527499649,-0.021765598737226076,0.720742097091368,0.14372309845780368,0.11420866089634127,-0.02951443756146241,0.79464374287667
file_mod5,763,0.07953135580740292,0.058405502953815996,-0.021125852853586924,0.7343707693762151,0.15102897742625246,0.11738889316414501,-0.03364008426210745,0.7772607294614444
file_mod5,764,0.08028058098207666,0.05955049746744973,-0.020730083514626928,0.7417796027254075,0.15237307462965824,0.11621704554824414,-0.036156029081414104,0.7627137919918523
file_mod5,765,0.08132742396943321,0.05914922494132874,-0.022178199028104473,0.7272974115540642,0.15033031325665183,0.11970142203808598,-0.03062889121856585,0.796256054051623
file_mod5,766,0.07907719990669264,0.05681400435502156,-0.022263195551671076,0.7184625204491232,0.15046940095291247,0.1113909463909751,-0.03907845456193737,0.7402896913627875
file_mod5,767,0.08018368623427449,0.057633289589015375,-0.022550396645259117,0.7187657776249758,0.15109183777852384,0.11299277259561381,-0.03809906518291002,0.7478416720381873
file_mod5,768,0.07973459519668238,0.0569755376277858,-0.022759057568896582,0.7145648320812752,0.14862193376926683,0.11478419585466336,-0.03383773791460347,0.7723233909260256
file_mod5,769,0.0793877996173435,0.05824915216068136,-0.021138647456662142,0.7337292687471832,0.14710046278792857,0.11606664516310977,-0.0310338176248188,0.7890297757284451
file_mod5,770,0.08112446161262227,0.059234765707259614,-0.021889695905362654,0.7301714492739783,0.15395959128514158,0.12094564123855316,-0.03301395004658843,0.7855674351236437
file_mod5,771,0.0796488094239585,0.05922677294175631,-0.020422036482202185,0.7435989736707953,0.15268046735158747,0.11777349593245126,-0.03490697141913621,0.7713723829600705
file_mod5,772,0.08194120770374005,0.05930662848760741,-0.02263457921613264,0.7237704953291831,0.14967408702801627,0.11737023514464999,-0.03230385188336628,0.7841720465793148
file_mod5,773,0.08116294464185678,0.059157950041453466,-0.02200499460040331,0.728878804268333,0.15214684330808878,0.11612816653073774,-0.036018676777351044,0.7632637260543405
file_mod5,774,0.07957680302308456,0.057388857934316605,-0.02218794508876796,0.7211757164668776,0.15242198084113012,0.11522540229796281,-0.03719657854316731,0.7559631600514534
file_mod5,775,0.08063649571419194,0.05874594000410522,-0.021890555710086725,0.728527938668421,0.1533375062942197,0.11846033889248754,-0.03487716740173215,0.7725464027384741
file_mod5,776,0.07860910422919684,0.05732530732842798,-0.021283796900768863,0.7292451413933848,0.14947779490635787,0.11358602694409195,-0.035891767962265925,0.759885620571599
file_mod5,777,0.07935114754483337,0.05843228922619034,-0.020918858318643027,0.7363761084006519,0.14699714203364114,0.11424348210363301,-0.03275365993000813,0.7771816548480087
file_mod5,778,0.0799444685254128,0.058833050048118445,-0.021111418477294357,0.7359239623866729,0.15085591917950536,0.12057892654303698,-0.03027699263646838,0.7992986102160075
file_mod5,779,0.08091574054946342,0.05875168271234816,-0.02216405783711526,0.7260847186640222,0.15133337332646354,0.11908366172630963,-0.03224971160015391,0.7868962351709209
file_mod5,780,0.08110441903408287,0.05747466830032366,-0.02362975073375921,0.708650268195261,0.1536870713706644,0.11670657330080048,-0.03698049806986392,0.759377950662656
file_mod5,781,0.07937150481612926,0.056948711623442755,-0.022422793192686502,0.7174956775151135,0.14704748239952714,0.11385815735785638,-0.033189325041670756,0.774295183432685
file_mod5,782,0.08248015879395793,0.05958207775278904,-0.02289808104116889,0.7223807352460349,0.1507624350737104,0.12291845272996298,-0.027843982343747423,0.8153122007472616
file_mod5,783,0.07950576596386724,0.05758896286055335,-0.02191680310331389,0.724336935345364,0.1480753318762683,0.1172169079652883,-0.03085842391098001,0.7916032095287465
file_mod5,784,0.08034272104582457,0.0573477488346448,-0.02299497221117977,0.7137889791153044,0.15115530897831214,0.11474950734843604,-0.0364058016298761,0.7591496992335239
file_mod5,785,0.07968906700481014,0.05895501049826164,-0.0207340565065485,0.7398130347630125,0.1470888018724316,0.12177793739411887,-0.025310864478312725,0.8279212002810075
file_mod5,786,0.0837790625059957,0.05998851011861406,-0.023790552387381647,0.7160322439072524,0.15488561072666696,0.12034464503588249,-0.034540965690784464,0.776990480079261
file_mod5,787,0.08019078781752718,0.05840297562026687,-0.021787812197260316,0.7283003099204097,0.14819375564923734,0.11443433481975386,-0.03375942082948348,0.7721940396099461
file_mod5,788,0.07947399266718835,0.05905037707097658,-0.020423615596211774,0.7430151058127992,0.1518356819536502,0.11727759729289318,-0.03455808466075701,0.7723981331917334
file_mod5,789,0.08026626885101945,0.05923841641861516,-0.021027852432404293,0.7380237958807622,0.14757615836851587,0.11804796413955093,-0.029528194228964938,0.7999121636217864
file_mod5,790,0.0822804151392324,0.06010293227141795,-0.02217748286781445,0.7304646211338823,0.15040545272182182,0.12590679160699722,-0.0244986611148246,0.8371158713232597
file_mod5,791,0.08028696326779183,0.0593278842430414,-0.020959079024750436,0.7389479166767982,0.14828911897054367,0.12072708946306869,-0.02756202950747498,0.8141331629804212
file_mod5,792,0.08115728783369593,0.05877016423842574,-0.02238712359527019,0.724151407805237,0.15006133864255491,0.11696674945377486,-0.033094589188780055,0.7794595897374264
file_mod5,793,0.07930300867236609,0.05897566999876833,-0.020327338673597754,0.7436750633563161,0.14657327071664306,0.12074486911225008,-0.02582840160439298,0.8237850497699222
file_mod5,794,0.08063077543594879,0.057877571019231674,-0.022753204416717118,0.7178099268710155,0.15074737180564327,0.117130242117301,-0.03361712968834227,0.77699691022352
file_mod5,795,0.08079176862292788,0.057456310963269405,-0.02333545765965847,0.7111654063600223,0.15131987203256672,0.11753155399736087,-0.03378831803520585,0.7767093139760652
file_mod5,796,0.07936276011292,0.05621453219465738,-0.02314822791826262,0.7083238046997541,0.15036532441556621,0.11399469028838957,-0.03637063412717664,0.758118207980859
file_mod5,797,0.08022526292488812,0.059044277952987195,-0.02118098497190092,0.7359811086972456,0.1530359066012533,0.1242614561635265,-0.028774450437726792,0.8119758226891104
file_mod5,798,0.0803197818852723,0.05977266844157424,-0.02054711344369807,0.7441836498878036,0.1528984991307311,0.12096375038137061,-0.0319347487493605,0.7911375917296893
file_mod5,799,0.08248703914169773,0.05878740664973387,-0.023699632491963864,0.7126865900562608,0.15184853318096483,0.12143354130318537,-0.030414991877779463,0.7997017735987444
file_mod5,800,0.07990487388699753,0.05950899099890998,-0.020395882888087552,0.7447479497066516,0.15305112843816096,0.12281030890029854,-0.030240819537862423,0.8024136127158253
file_mod5,801,0.07966287676964914,0.056944374188325785,-0.02271850258132336,0.7148169448234274,0.15028207395125553,0.11760840198614948,-0.03267367196510605,0.7825843688069951
file_mod5,802,0.07965524455697297,0.057040441078374714,-0.022614803478598254,0.716091468874681,0.14882560592642916,0.1188238210968909,-0.03000178482953826,0.7984097921672872
file_mod5,803,0.08135531881391778,0.058522152929065444,-0.022833165884852333,0.7193402199421266,0.153057249883411,0.11446084124641878,-0.03859640863699221,0.7478302487050275
file_mod5,804,0.07883463377899834,0.058965244793236817,-0.019869388985761523,0.7479611684191682,0.1507120993845082,0.1165577135486679,-0.034154385835840295,0.7733799344888493
file_mod5,805,0.0772860179981726,0.05661617932999177,-0.020669838668180826,0.7325539702579895,0.1475636021228821,0.1160011495685296,-0.03156245255435251,0.7861095005794911
file_mod5,806,0.07902423520301176,0.059445342358828014,-0.019578892844183744,0.7522419192810162,0.14789986969593222,0.12256971937270826,-0.025330150323223957,0.8287344649099402
file_mod5,807,0.07944481235882678,0.05771590120777816,-0.021728911151048615,0.7264904969136804,0.15068718425864486,0.11492221225698952,-0.035764972001655335,0.7626541886915409
file_mod5,808,0.08253910684469115,0.058041878332148446,-0.024497228512542706,0.7032045844809339,0.1538458224939147,0.1200522792870727,-0.03379354320684201,0.7803414960573356
file_mod5,809,0.07927511847486647,0.05804601743094345,-0.021229101043923018,0.7322097847049761,0.15187026594902564,0.11460070219693122,-0.03726956375209442,0.7545960460449597
file_mod5,810,0.08160771624686476,0.05827979485860257,-0.023327921388262195,0.7141456413546138,0.14715928889668348,0.11672769281347836,-0.030431596083205115,0.7932064206659064
file_mod5,811,0.07805705100765675,0.05865624752733467,-0.019400803480322082,0.7514535428910961,0.1455215891216145,0.11728917384650214,-0.02823241527511236,0.8059915683609109
file_mod5,812,0.07982177068964369,0.0568282581818231,-0.022993512507820592,0.7119393329769389,0.14917990347939275,0.11358533183213271,-0.03559457164726004,0.7613983464456594
file_mod5,813,0.08134069983928953,0.05900854922010726,-0.02233215061918227,0.725449244187652,0.15140984788151474,0.11385614238843836,-0.03755370549307638,0.7519731641071068
file_mod5,814,0.08149132837587383,0.05874043496302166,-0.022750893412852177,0.7208182285615096,0.1527086799551659,0.11662612395131094,-0.03608255600385496,0.7637164042381316
file_mod5,815,0.08126351390667191,0.05762968244954484,-0.023633831457127073,0.7091704466008,0.15258040626363106,0.1188604763903998,-0.03371992987323126,0.7790022277502041
file_mod5,816,0.0822342952150523,0.06105997309179118,-0.021174322123261112,0.7425122685384755,0.1526446142231368,0.12000450890874893,-0.032640105314387866,0.7861692960442458
file_mod5,817,0.07891193908097588,0.05795373464651476,-0.02095820443446112,0.7344102213360293,0.1514480803836678,0.11505305870083188,-0.036395021682835926,0.7596864774341453
file_mod5,818,0.07978204425396106,0.05850347532260968,-0.021278568931351376,0.7332912545632732,0.1484269654821365,0.12116011235661832,-0.027266853125518173,0.8162944783183632
file_mod5,819,0.08002453506027934,0.05846029852813301,-0.021564236532146334,0.7305296867279161,0.1557904049440332,0.11967695539160106,-0.03611344955243215,0.7681920811143299
file_mod5,820,0.0826628339853274,0.05834783520899537,-0.024314998776332024,0.7058533127397021,0.1499842200943472,0.1185469928282349,-0.0314372272661123,0.790396434729355
file_mod5,821,0.08161795148314757,0.0585631959953212,-0.023054755487826373,0.7175283737354434,0.150312193880444,0.11758577590770543,-0.03272641797273858,0.7822770253837911
file_mod5,822,0.08156715639457864,0.05947602853163021,-0.022091127862948423,0.7291663846158463,0.14917714658534292,0.11777090066559509,-0.03140624591974783,0.7894701256952881
file_mod5,823,0.08090149413658232,0.05789620526699467,-0.02300528886958765,0.7156382695386457,0.14942656492121614,0.11587285775499821,-0.03355370716621793,0.775450187294951
file_mod5,824,0.08084909164146348,0.05612686775285669,-0.024722223888606787,0.694217666683988,0.1524166069972512,0.11856350045138506,-0.03385310654586615,0.7778909581258643
file_mod5,825,0.08155004456843042,0.05864610099664174,-0.022903943571788675,0.7191424763407765,0.15558785116898122,0.12218420100209176,-0.033403650166889454,0.7853068223777296
file_mod5,826,0.07963132163280295,0.058632351525029776,-0.020998970107773178,0.7362976065548188,0.15220513084682943,0.11791381618608307,-0.034291314660746364,0.7747032937066018
file_mod5,827,0.07700613429250108,0.0574201098468916,-0.01958602444560948,0.7456563087401106,0.14732473902091475,0.11585848596356563,-0.031466253057349125,0.7864156877760899
file_mod5,828,0.07849286967691063,0.0592387282890245,-0.01925414138788613,0.7547020325904851,0.14810530608491435,0.11821417704736283,-0.02989112903755152,0.7981765148885765
file_mod5,829,0.08029759177402239,0.05979002786869976,-0.02050756390532263,0.7446054924905336,0.15316556139430051,0.11969928142135264,-0.03346627997294788,0.7815025801603388
file_mod5,830,0.08460294209203897,0.05899886830166892,-0.025604073790370052,0.6973618983307277,0.15653683497757542,0.12024331612743248,-0.03629351885014294,0.768147101892394
file_mod5,831,0.08402924379129892,0.06172599943993891,-0.02230324435136001,0.7345775905498572,0.15424489494578864,0.12050148054676929,-0.033743414399019345,0.7812348057880366
file_mod5,832,0.07993189171004517,0.057966516047319186,-0.02196537566272598,0.725198851261948,0.14951678886009198,0.11548107820562285,-0.03403571065446913,0.7723619473508255
file_mod5,833,0.08017722173129758,0.05944542706405891,-0.020731794667238672,0.7414253796830439,0.15146530158287766,0.11790025843471731,-0.03356504314816035,0.7783978059833428
file_mod5,834,0.08141089506135173,0.0578606072235288,-0.023550287837822925,0.710723143136121,0.14939403440698626,0.11986350716450066,-0.029530527242485602,0.8023312821043633
file_mod5,835,0.08032948218299435,0.05869435481211158,-0.021635127370882773,0.7306701501996872,0.14965874904774112,0.11947813959902133,-0.030180609448719795,0.7983371527508079
file_mod5,836,0.0793910453304313,0.05864676939247587,-0.020744275937955428,0.7387076105168253,0.1493124621550946,0.11918622112014964,-0.030126241034944976,0.7982335794338982
file_mod5,837,0.08013410579160554,0.05794826648378447,-0.022185839307821073,0.7231411134041112,0.1535750826844283,0.11347825222997433,-0.04009683045445396,0.7389105722518385
file_mod5,838,0.08079668610159155,0.05596906623960034,-0.02482761986199121,0.6927148740881075,0.15273301980100307,0.11352095661501506,-0.03921206318598801,0.7432640090723166
file_mod5,839,0.0834315463194265,0.058149316894267174,-0.02528222942515932,0.6969703842193739,0.15405899457655647,0.11445320685457272,-0.039605787721983754,0.7429180436309906
file_mod5,840,0.0797953185881166,0.05762182689740981,-0.022173491690706794,0.7221203939900185,0.15217660797500204,0.12086739065906811,-0.03130921731593393,0.7942573583906071
file_mod5,841,0.08452372000892067,0.05954556403565503,-0.024978155973265637,0.7044834755187132,0.15516767258106096,0.11757184636833591,-0.037595826212725045,0.7577083835353355
file_mod5,842,0.0823184848673258,0.05939890983186839,-0.022919575035457412,0.7215743818366275,0.15364490406749265,0.11913946427236169,-0.03450543979513096,0.7754208640725662
file_mod5,843,0.08006436886037856,0.05875235250178127,-0.021312016358597287,0.7338139716586967,0.15326598058214538,0.11677023921933763,-0.036495741362807754,0.7618796994337091
file_mod5,844,0.08197580579760542,0.06055265149496838,-0.021423154302637047,0.7386649134559305,0.15530273172548417,0.12297130646762984,-0.03233142525785433,0.7918167639510428
file_mod5,845,0.08022815147850826,0.05770053286896188,-0.022527618609546378,0.7192055632045674,0.15114463382953816,0.11378914196343141,-0.037355491866106746,0.7528493673931124
file_mod5,846,0.08203215787244814,0.0590062924538655,-0.023025865418582633,0.7193068423923997,0.15216788190401703,0.11849182731918916,-0.03367605458482788,0.7786914415614345
file_mod5,847,0.07481529967588774,0.05549537363573309,-0.019319926040154645,0.7417650383831681,0.1448265979806555,0.1109043083283704,-0.03392228965228511,0.7657730684468878
file_mod5,848,0.08187122249162337,0.057933317171228245,-0.02393790532039513,0.7076151473999998,0.15310704522761198,0.11437828089375976,-0.03872876433385222,0.7470477973350131
file_mod5,849,0.07969116138266767,0.059345613493020345,-0.020345547889647327,0.7446950510364584,0.14940139581191383,0.12098569629864447,-0.02841569951326936,0.8098029850467877
file_mod5,850,0.08119206909050733,0.05774251470824499,-0.023449554382262337,0.7111841754380913,0.1525150409730542,0.1192550392305583,-0.03326000174249591,0.7819231366933038
file_mod5,851,0.0818946615536677,0.057806791529335835,-0.024087870024331867,0.7058676406087049,0.1564818395745457,0.11811218861243993,-0.038369650962105775,0.7547980579316552
file_mod5,852,0.08371922983668502,0.05866152912348943,-0.025057700713195588,0.7006936069278611,0.15226601550640217,0.1205439420672144,-0.03172207343918777,0.7916667528621711
file_mod5,853,0.08114262878427264,0.057730460673800554,-0.023412168110472087,0.711468947195239,0.15181927582830138,0.11838867858854756,-0.03343059723975382,0.7798000480679288
file_mod5,854,0.0814958947516307,0.05920070253022993,-0.02229519222140077,0.7264255789896135,0.1542940325520235,0.12056330292579032,-0.03373072962623319,0.7813866870394993
file_mod5,855,0.08152929545288944,0.05964627756417855,-0.021883017888710887,0.7315931927639963,0.15029581479516582,0.12067289628220276,-0.02962291851296306,0.8029025721485635
file_mod5,856,0.0776830860632281,0.0572655555279593,-0.020417530535268805,0.7371689054854168,0.15040662467418334,0.11196038446732075,-0.03844624020686259,0.7443846619778463
file_mod5,857,0.08186383155948758,0.05795789002193108,-0.0239059415375565,0.707979200555927,0.15268306034404452,0.11574165973295783,-0.036941400611086694,0.7580517411175429
file_mod5,858,0.08248868529183438,0.05870235872571583,-0.02378632656611855,0.7116413423008794,0.15299649732250856,0.11717622231157958,-0.03582027501092898,0.765875195590774
file_mod5,859,0.07913075000694951,0.05887312779861475,-0.020257622208334762,0.743998101792847,0.15188701157741305,0.1212624618209673,-0.030624549756445754,0.7983728204380585
file_mod5,860,0.08029340923087544,0.057832488609620605,-0.022460920621254835,0.7202644546245288,0.14843041427850695,0.11751693472147334,-0.030913479557033607,0.7917308274904549
file_mod5,861,0.07834754879179352,0.05889263725069631,-0.019454911541097214,0.7516844899283561,0.14746350304539124,0.11723757140831452,-0.030225931637076722,0.7950277118550969
file_mod5,862,0.07949001015441096,0.05752563668912511,-0.021964373465285847,0.7236838513088676,0.15140046932897724,0.11751161088983388,-0.03388885843914337,0.7761641123746686
file_mod5,863,0.07904120189974478,0.05841494156704663,-0.020626260332698154,0.7390441967360222,0.14792469962171506,0.11518732711251892,-0.032737372509196144,0.7786889370543608
file_mod5,864,0.08034466324837279,0.058392550864731205,-0.021952112383641587,0.7267757247823653,0.150820089354208,0.11327786122934871,-0.03754222812485927,0.7510793934308737
file_mod5,865,0.07856007742534,0.05879797845230723,-0.019762098973032778,0.7484460349238607,0.1523781301886824,0.11483608771219342,-0.037542042476488985,0.7536257832406625
file_mod5,866,0.0832382532566328,0.05921152755797989,-0.024026725698652905,0.7113499531930849,0.14887535660638632,0.12075748388397572,-0.028117872722410592,0.8111314500710024
file_mod5,867,0.07763491358936538,0.057181445027370485,-0.02045346856199489,0.736542908127914,0.1520528318536451,0.12227283234649769,-0.02977999950714741,0.8041470247932544
file_mod5,868,0.08201286763801448,0.058434212399900654,-0.023578655238113824,0.7125005390351126,0.14961313075026936,0.11640782893464058,-0.03320530181562878,0.778058906667395
file_mod5,869,0.07900312330582411,0.05832623835041632,-0.020676884955407787,0.7382776263747602,0.15342196020427704,0.11762455611507645,-0.03579740408920058,0.7666735319928298
file_mod5,870,0.07926514045343726,0.05899218961182643,-0.020272950841610828,0.7442387570924728,0.1485300780234989,0.11515086987229131,-0.033379208151207596,0.7752697056691327
file_mod5,871,0.07943259050901179,0.05585996803877363,-0.023572622470238155,0.7032373951399231,0.14746604985534145,0.11735364472023858,-0.030112405135102868,0.7958011002217664
file_mod5,872,0.08203892329852147,0.05882274857000732,-0.02321617472851415,0.7170102459288058,0.15125670767671162,0.11738500362851341,-0.03387170404819821,0.7760647804089861
file_mod5,873,0.08118573931191664,0.058849174440248175,-0.022336564871668463,0.7248708324764883,0.1526186927922838,0.11683622206633901,-0.03578247072594479,0.7655433284660271
file_mod5,874,0.07829484361034972,0.057325246413536646,-0.020969597196813072,0.7321714147463841,0.15140639605852843,0.11178745423495445,-0.03961894182357398,0.7383271588588722
file_mod5,875,0.081092884879883,0.060413616002380766,-0.020679268877502238,0.7449928078384074,0.15151499263233253,0.11903457069240433,-0.0324804219399282,0.7856289904013298
file_mod5,876,0.07970466372611698,0.05693262562699573,-0.022772038099121254,0.7142947848400558,0.15022383366401657,0.11495779332197216,-0.035266040342044405,0.7652433739580982
file_mod5,877,0.07906133984348196,0.05711748414507093,-0.02194385569841103,0.7224451831722892,0.1521343558830633,0.11309102397340787,-0.03904333190965542,0.7433628210864761
file_mod5,878,0.07906989210863294,0.05871410224209783,-0.020355789866535107,0.7425595340566724,0.14951632681302204,0.12006876081470824,-0.0294475659983138,0.8030478234317546
file_mod5,879,0.07784004054642318,0.056962993976852755,-0.02087704656957043,0.7317955332112203,0.1482145835747139,0.11511789606390972,-0.033096687510804176,0.7766974968821447
file_mod5,880,0.08045734162842011,0.05760933930241621,-0.022848002326003897,0.7160233999337948,0.14553964596027713,0.11643625063121664,-0.02910339532906049,0.8000311520820669
file_mod5,881,0.08269121158443084,0.05931620222645281,-0.023375009357978024,0.7173217212555743,0.15501812191374767,0.11937648098417906,-0.035641640929568605,0.7700808106203243
file_mod5,882,0.07960590956686735,0.05714539921106147,-0.022460510355805874,0.7178537312366301,0.14759497474140906,0.11689496580344229,-0.030700008937966775,0.7919982777750114
file_mod5,883,0.08040302508041905,0.058838375517535284,-0.021564649562883766,0.7317930570234786,0.15247353279728046,0.11490066524228443,-0.03757286755499603,0.753577772707932
file_mod5,884,0.07909039197878236,0.05648258595760024,-0.02260780602118212,0.7141523078144923,0.15056466583947,0.11301554836364766,-0.03754911747582235,0.7506113584720023
file_mod5,885,0.0789114479196832,0.05649296756231997,-0.022418480357363227,0.7159033201344758,0.14945570607692527,0.11512115325084202,-0.03433455282608325,0.7702693746037963
file_mod5,886,0.08221504977990468,0.059071723932489786,-0.023143325847414895,0.718502562373055,0.14969486529418455,0.1213919175755279,-0.028302947718656643,0.8109290678538981
file_mod5,887,0.08156191484830337,0.05957770506520791,-0.02198420978309546,0.7304598620080979,0.15313544160442547,0.12119373949173072,-0.031941702112694745,0.7914153524616103
file_mod5,888,0.07768542401995766,0.05642326279490545,-0.021262161225052215,0.7263043679907071,0.1483704900875108,0.11157370924355113,-0.03679678084395967,0.7519939388064536
file_mod5,889,0.08057659167560827,0.05869861888152684,-0.021877972794081428,0.7284822758182732,0.1482840763258184,0.12013142392106596,-0.028152652404752426,0.8101437922242319
file_mod5,890,0.08164992275856425,0.05824780070957654,-0.023402122048987714,0.713384639466385,0.15641995277899085,0.11724228900661711,-0.039177663772373736,0.7495353816675248
file_mod5,891,0.08120210207779129,0.05845465025839351,-0.022747451819397774,0.719866219748772,0.14741126855764292,0.12021299584303341,-0.027198272714609506,0.8154939376023751
file_mod5,892,0.08374706760486719,0.058837933094688814,-0.024909134510178378,0.7025670841670077,0.15432797378674198,0.11623176503911191,-0.038096208747630075,0.7531477423511482
file_mod5,893,0.0823472385139115,0.05847270314662508,-0.02387453536728642,0.7100748513472844,0.15315715834566945,0.11836780598996553,-0.03478935235570392,0.7728519337164393
file_mod5,894,0.07952453324414258,0.05771341705676385,-0.02181111618737873,0.7257309751140824,0.15070385261412453,0.11711459163590728,-0.03358926097821725,0.7771174366442896
file_mod5,895,0.08297866394220359,0.05821672329635583,-0.02476194064584776,0.701586655298584,0.154689096330796,0.11836515370273332,-0.03632394262806268,0.7651809759726989
file_mod5,896,0.07942597976470928,0.05812877469223854,-0.021297205072470737,0.7318609712393682,0.1495662603438627,0.11730174414719864,-0.03226451619666405,0.784279448302807
file_mod5,897,0.08035172806296634,0.0579508383710496,-0.02240088969191674,0.7212145870171872,0.1500179582824163,0.11612303294837721,-0.03389492533403908,0.7740608809631299
file_mod5,898,0.07971359847799003,0.05963123745433373,-0.020082361023656306,0.7480685678842951,0.14616949453755662,0.12032874179235849,-0.025840752745198134,0.8232137777656565
file_mod5,899,0.08028643241663798,0.056585073801076885,-0.023701358615561094,0.7047899887671507,0.14991198784683082,0.11516028452594865,-0.03475170332088218,0.768185961509703
file_mod5,900,0.08316609754403155,0.058254795882202885,-0.024911301661828665,0.7004632609022012,0.149370614229546,0.11722214071166344,-0.03214847351788257,0.784773774388594
file_mod5,901,0.07976461862732448,0.05807847808117146,-0.021686140546153018,0.7281233093149382,0.14887343493903166,0.11664183887732942,-0.03223159606170224,0.7834966589243938
file_mod5,902,0.0797377505114193,0.05742177431696041,-0.022315976194458895,0.720132859889708,0.14997597063661952,0.11754820167775169,-0.03242776895886783,0.7837802361190389
file_mod5,903,0.07994120668107695,0.058804236444010415,-0.02113697023706653,0.7355935553813712,0.1476674187216848,0.11200658669317995,-0.03566083202850484,0.7585057534206895
file_mod5,904,0.07939741748033569,0.05822571580964216,-0.021171701670693523,0.733345210177181,0.14599597667387207,0.11732834884568391,-0.028667627828188158,0.8036409736671969
file_mod5,905,0.08045639070259937,0.058928140257700976,-0.021528250444898395,0.7324233630554489,0.14516947156070265,0.1196463650530816,-0.025523106507621046,0.8241840640926453
file_mod5,906,0.08122286856493914,0.05726328297459934,-0.023959585590339803,0.705014289526309,0.1508852672559185,0.1192867312136753,-0.03159853604224319,0.7905790497845724
file_mod5,907,0.07989353102471694,0.05715559226814626,-0.02273793875657068,0.7153969981682726,0.1509709983784803,0.11687987261081692,-0.03409112576766338,0.774187584808853
file_mod5,908,0.08143203874555852,0.05734200555234741,-0.024090033193211104,0.7041700838599595,0.1468830053514301,0.11424136971883758,-0.03264163563259251,0.777771189018807
file_mod5,909,0.07841770470148718,0.058221335043569036,-0.020196369657918142,0.742451405141228,0.14927135679337553,0.12052137005104378,-0.028749986742331743,0.8073978333155498
file_mod5,910,0.08247191761244502,0.059396235023705946,-0.02307568258873907,0.7201995144919857,0.15106116255410862,0.12153184467817015,-0.029529317875938474,0.804520782333041
file_mod5,911,0.07829418625846084,0.05696260334517905,-0.021331582913281785,0.7275457612796047,0.14667876839829355,0.11896727737666477,-0.027711491021628787,0.8110736044198257
file_mod5,912,0.08300647728468077,0.05884759622222396,-0.02415888106245681,0.708951857099043,0.15130499549996285,0.12057078389418775,-0.030734211605775094,0.7968724594702318
file_mod5,913,0.07857641423958996,0.059049503841933554,-0.019526910397656402,0.7514914546989094,0.15213563339273822,0.11808138531727201,-0.03405424807546621,0.7761586334770425
file_mod5,914,0.07755912526354716,0.05867995545182512,-0.018879169811722045,0.7565835129319687,0.15447783585369004,0.12129183750980341,-0.033185998343886636,0.7851730757328971
file_mod5,915,0.08199309078928917,0.05762311675822537,-0.024369974031063793,0.7027801513948141,0.1522268052257725,0.113647913832017,-0.038578891393755504,0.7465696574493703
file_mod5,916,0.08013953904997274,0.05728071862082764,-0.022858820429145103,0.7147622671638904,0.1511650989303757,0.1197773228115045,-0.0313877761188712,0.7923609593684854
file_mod5,917,0.08195470508556414,0.05788103666649219,-0.02407366841907195,0.7062564206174858,0.1544396143856651,0.11700481162417915,-0.03743480276148596,0.7576088045130434
file_mod5,918,0.07964704743029677,0.058527115156576784,-0.021119932273719985,0.7348309453378906,0.1512643347785805,0.12019874812714264,-0.031065586651437868,0.7946271558532855
file_mod5,919,0.08093598094375805,0.05948179057543549,-0.021454190368322558,0.734923947073293,0.1506093059983657,0.11851550516585296,-0.03209380083251273,0.7869069203940094
file_mod5,920,0.07799591536944528,0.057728903371014065,-0.020267011998431214,0.7401529054126498,0.14821670714485918,0.11920341350914944,-0.029013293635709744,0.8042508554224344
file_mod5,921,0.08177559587906295,0.05876716690292879,-0.023008428976134164,0.7186394213481356,0.15326271607264702,0.11661902116679908,-0.03664369490584794,0.7609092684454404
file_mod5,922,0.08162412979934004,0.05916799914192109,-0.02245613065741895,0.7248836745626106,0.15546843035727634,0.11879837103188583,-0.03667005932539051,0.7641317967826626
file_mod5,923,0.08287879980526208,0.05727510656068999,-0.025603693244572095,0.6910706561300073,0.15340416428319495,0.11643523660754526,-0.03696892767564969,0.7590096210986657
file_mod5,924,0.08074922008800185,0.0601242129219176,-0.02062500716608425,0.7445794876581251,0.14903196538172298,0.11522856001565146,-0.033803405366071515,0.7731801678955976
file_mod5,925,0.08025584067982011,0.05948383356874008,-0.02077200711108003,0.7411776272589338,0.15012771654624824,0.11788702963457133,-0.032240686911676905,0.7852449390866152
file_mod5,926,0.0782180231793587,0.05976781674507774,-0.01845020643428097,0.7641182212957042,0.1490090206639469,0.11918799237870205,-0.02982102828524484,0.7998709866532254
file_mod5,927,0.08100228886834841,0.05967590825801514,-0.021326380610333276,0.7367187901937603,0.14628961184250389,0.11738285055559233,-0.028906761286911553,0.8024004512498624
file_mod5,928,0.07759479327157778,0.05957776728063509,-0.018017025990942695,0.7678062505059582,0.14647550191413142,0.1186552443074042,-0.02782025760672721,0.8100688699258642
file_mod5,929,0.08159924874525097,0.059382799906745144,-0.022216448838505827,0.7277370909643477,0.14750288738163053,0.11721924041573466,-0.030283646965895875,0.7946911582310674
file_mod5,930,0.07957615647547128,0.05683973213307367,-0.022736424342397615,0.7142809435712576,0.14841161010693707,0.11288675704488223,-0.03552485306205484,0.7606329246313167
file_mod5,931,0.08112566117199405,0.05821081985082684,-0.022914841321167202,0.7175389267696003,0.1532296148699503,0.1184587483057761,-0.03477086656417419,0.7730799846120799
file_mod5,932,0.08061017047638976,0.057272335698229725,-0.02333783477816003,0.7104852323194684,0.15305393748204027,0.11226360072988996,-0.04079033675215031,0.7334904451122877
file_mod5,933,0.08308679550367631,0.06073267841437682,-0.02235411708929949,0.730954636608769,0.15660847110946913,0.1214024998506428,-0.035205971258826324,0.7751975291667499
file_mod5,934,0.08029684337609065,0.057156883625741055,-0.023139959750349597,0.7118198078850034,0.14921933714725075,0.11444399473810724,-0.03477534240914351,0.7669515019033563
file_mod5,935,0.08005024929133607,0.05606095519110309,-0.023989294100232983,0.7003220563008369,0.14826382651186928,0.1167850612374584,-0.03147876527441089,0.7876841167869706
file_mod5,936,0.08054779477798803,0.05748968096579187,-0.023058113812196156,0.7137337666940394,0.14535719071979325,0.11653066670529039,-0.028826524014502863,0.8016849123751154
file_mod5,937,0.08054544219505616,0.05848202748999087,-0.022063414705065287,0.7260749447295289,0.14760975232540435,0.11856112662455526,-0.029048625700849096,0.8032065954774339
file_mod5,938,0.08062115977075833,0.05703261645242707,-0.02358854331833126,0.7074149840388809,0.14967155164892687,0.1169845353210566,-0.03268701632787027,0.7816083553102883
file_mod5,939,0.0815703510703236,0.05838437419879056,-0.02318597687153303,0.7157548475972123,0.1546873486366223,0.11607138443560602,-0.03861596420101629,0.7503611992747419
file_mod5,940,0.07888386460151592,0.057461339021150144,-0.021422525580365774,0.7284295630217628,0.15092012882641664,0.11927412618969377,-0.031646002636722875,0.7903129099954516
file_mod5,941,0.07787572771504565,0.05726359543201918,-0.020612132283026476,0.7353201968340105,0.14787791746606524,0.12307248223078449,-0.024805435235280754,0.8322573399711755
file_mod5,942,0.0768216591474774,0.05584499696895076,-0.020976662178526645,0.726943385351038,0.14731055069410015,0.11345913178953647,-0.03385141890456368,0.7702037040452158
file_mod5,943,0.08235869067606508,0.060184261762973916,-0.02217442891309116,0.7307578747177018,0.1482463502413503,0.11958900722782084,-0.028657343013529457,0.8066910722127439
file_mod5,944,0.07920988294434056,0.05838753617823103,-0.02082234676610953,0.7371243840779181,0.15143321888704725,0.11862375907674405,-0.0328094598103032,0.7833404054180774
file_mod5,945,0.08150743483865378,0.06032848345225503,-0.021178951386398748,0.7401592697853506,0.15043289194652268,0.12099858735600177,-0.029434304590520904,0.8043359785904768
file_mod5,946,0.0807653057485556,0.05843106053020154,-0.02233424521835406,0.7234673352455738,0.14821146828362308,0.12016743466160523,-0.02804403362201785,0.810783646186193
file_mod5,947,0.08106457305431176,0.05808214739759236,-0.022982425656719402,0.7164923616963775,0.1525288832167434,0.11388123880943704,-0.038647644407306364,0.7466208131060129
file_mod5,948,0.08093408313914575,0.05929151587418568,-0.021642567264960076,0.7325901965461061,0.15540796674189755,0.12063719255566047,-0.034770774186237086,0.7762613145567718
file_mod5,949,0.0804291011272216,0.05965772644700675,-0.020771374680214845,0.7417430458739184,0.1516910594647475,0.11889838555466441,-0.0327926739100831,0.7838193363155723
file_mod5,950,0.08177114356675375,0.059260532500701756,-0.02251061106605199,0.7247120428531676,0.1499136831087522,0.12075610362591617,-0.029157579482836024,0.8055042149709297
file_mod5,951,0.08378692642391775,0.060092796944215404,-0.02369412947970234,0.7172097069198777,0.15211206600027907,0.1198624596132228,-0.032249606387056276,0.7879878484656364
file_mod5,952,0.07905995125003641,0.059560588731390265,-0.019499362518646146,0.7533597958215644,0.15336210882009324,0.11883943899134507,-0.03452266982874817,0.7748943980077492
file_mod5,953,0.07898834225701072,0.0587631217586255,-0.020225220498385224,0.7439467658078354,0.14860131567028573,0.1176112265384999,-0.03099008913178583,0.7914548132228778
file_mod5,954,0.08114349279654383,0.05773455001428569,-0.023408942782258135,0.711511767912766,0.14999183123078202,0.11559038465417269,-0.03440144657660933,0.7706445324767173
file_mod5,955,0.08067228782519593,0.05812907691850711,-0.022543210906688822,0.7205581803315608,0.15450899982989033,0.11610119570331466,-0.03840780412657567,0.7514202786319147
file_mod5,956,0.0827364892268461,0.05669605430396012,-0.026040434922885977,0.6852605764853211,0.156596432173039,0.11580378114259085,-0.04079265103044816,0.7395045949362864
file_mod5,957,0.08274052923810239,0.059380560983421565,-0.023359968254680827,0.7176719985986812,0.15375592572651922,0.11792374914780272,-0.0358321765787165,0.7669541748755099
file_mod5,958,0.07843644304943796,0.05910111600342713,-0.019335327046010833,0.7534905167254473,0.1475112594969301,0.11654746218919905,-0.030963797307731064,0.7900919739053854
file_mod5,959,0.08086334336157991,0.057762015449286774,-0.023101327912293135,0.7143164386736311,0.15215052569089965,0.11763908865606368,-0.03451143703483597,0.7731756963827555
file_mod5,960,0.0810278052951705,0.055904248465332734,-0.02512355682983776,0.6899390679740501,0.15305269321510706,0.11899143189653087,-0.03406126131857619,0.7774540218596155
file_mod5,961,0.08065873240061361,0.058743761025972105,-0.021914971374641504,0.7283000770977305,0.14739788198767048,0.11738006137188438,-0.030017820615786103,0.7963483585313863
file_mod5,962,0.08068339941917428,0.06024791237166239,-0.020435487047511892,0.7467200540058624,0.14629159528554223,0.1195454296845252,-0.02674616560101703,0.8171722336555837
file_mod5,963,0.07967768979123162,0.059282413115278286,-0.020395276675953332,0.7440277607270963,0.14958390341374797,0.11851831151085754,-0.031065591902890433,0.7923199542602974
file_mod5,964,0.0801761617205291,0.058560178320411375,-0.02161598340011773,0.7303938859599591,0.14940157048797315,0.11483882240757651,-0.03456274808039664,0.7686587365346408
file_mod5,965,0.08261783234497398,0.05813717618020444,-0.02448065616476954,0.7036879875696859,0.1537091318634632,0.11504700936708445,-0.03866212249637874,0.7484721823117084
file_mod5,966,0.08053193377108978,0.05767702682155788,-0.0228549069495319,0.7162006935721119,0.15158425163697267,0.11428358572033524,-0.03730066591663743,0.753927828822427
file_mod5,967,0.0828744088352296,0.057383014695139546,-0.025491394140090058,0.6924093396458261,0.15508089768101643,0.11161364656569364,-0.04346725111532279,0.7197124096822684
file_mod5,968,0.08135428557177736,0.05741778016378975,-0.023936505407987613,0.7057744992810626,0.1522869421394755,0.11880632940224604,-0.03348061273722945,0.7801478428362856
file_mod5,969,0.08029718785020604,0.05813877099526304,-0.022158416854943,0.7240449205235008,0.15362876993358057,0.11409462031275723,-0.03953414962082334,0.7426644134564416
file_mod5,970,0.07837801031286816,0.0566860799859438,-0.02169193032692436,0.7232395892631768,0.15146091883673304,0.11669789655784082,-0.03476302227889222,0.770481900242762
file_mod5,971,0.0793029372867759,0.05841070691211768,-0.02089223037465822,0.7365516197829146,0.14586976154623157,0.11831926901868252,-0.027550492527549056,0.8111295155657242
file_mod5,972,0.07866520680481316,0.059486670331946455,-0.019178536472866707,0.7562005205115248,0.15121757906507646,0.12037996375909182,-0.03083761530598464,0.7960712273226271
file_mod5,973,0.07991738899729266,0.057758710154594786,-0.02215867884269787,0.7227301952588999,0.1493935918308898,0.1164790648042221,-0.032914527026667695,0.7796791239618484
file_mod5,974,0.07807700984644941,0.05888674635838852,-0.019190263488060896,0.7542136471952302,0.1470363453959097,0.11902917685178976,-0.028007168544119942,0.8095221391098377
file_mod5,975,0.07962668197925284,0.05827858541281065,-0.02134809656644219,0.7318977001703455,0.149700822164764,0.11580488804507343,-0.033895934119690566,0.7735754979195507
file_mod5,976,0.08042812495649107,0.059231424511559126,-0.021196700444931944,0.7364516398163123,0.14827095596765613,0.12148861803473272,-0.02678233793292341,0.81936895356117
file_mod5,977,0.07892252419276378,0.05959693619492386,-0.019325587997839927,0.7551321603622525,0.14856490060126434,0.12238533195214456,-0.026179568649119786,0.8237836222205436
file_mod5,978,0.07950248284303804,0.05633758338919272,-0.023164899453845318,0.7086267167331134,0.1512790421092388,0.11463471472639372,-0.036644327382845066,0.7577699668643846
file_mod5,979,0.07838646224379726,0.05788624106881534,-0.020500221174981924,0.7384724276594826,0.14699923770744336,0.11701628715096796,-0.029982950556475402,0.7960332922532074
file_mod5,980,0.07729779473518851,0.058816060104290864,-0.018481734630897646,0.7609021745806138,0.14491621110692002,0.11732033750700062,-0.0275958735999194,0.8095735916007423
file_mod5,981,0.08012356382100728,0.05887084742480502,-0.021252716396202263,0.7347507352059383,0.14934378198776435,0.11582266908263505,-0.0335211129051293,0.7755439666856992
file_mod5,982,0.0797881015852823,0.05820328090477413,-0.02158482068050817,0.7294731889636825,0.15205657914789614,0.12076749183976987,-0.03128908730812627,0.7942273364068431
file_mod5,983,0.07989395115153065,0.059385090522426194,-0.02050886062910446,0.7432989565104073,0.15421748558512077,0.12059101368350263,-0.033626471901618146,0.7819542202102762
file_mod5,984,0.08080723613931329,0.057610350943346794,-0.023196885195966493,0.7129355450794703,0.15223392430155303,0.11609687336536692,-0.036137050936186105,0.7626215634788215
file_mod5,985,0.08203097568483232,0.05976709429086172,-0.0222638813939706,0.7285917763612895,0.1492781430532453,0.12018449887395105,-0.029093644179294248,0.8051044608123442
file_mod5,986,0.080939743979657,0.06030154971597426,-0.02063819426368274,0.7450177965861883,0.15501638944454607,0.12139768598641848,-0.03361870345812759,0.783128070660206
file_mod5,987,0.08087270351677453,0.05869141686269316,-0.022181286654081367,0.7257259162916379,0.15383564752747794,0.11656433095289268,-0.03727131657458527,0.757719896697364
file_mod5,988,0.08018812779769786,0.05845032366657592,-0.021737804131121946,0.728914931322963,0.15221091192171438,0.11688459166182584,-0.035326320259888536,0.7679120385399327
file_mod5,989,0.07999413542980983,0.05864500631419854,-0.021349129115611293,0.7331163215790499,0.14827726437004185,0.11807299397395103,-0.030204270396090818,0.7962987075300174
file_mod5,990,0.08126523384871424,0.0581409656172225,-0.023124268231491746,0.7154469736155492,0.15291365899331147,0.11807011662505373,-0.034843542368257735,0.7721358405936659
file_mod5,991,0.07851206231750506,0.058102525393728434,-0.020409536923776624,0.7400458436406897,0.14797910760457558,0.11502335715906468,-0.0329557504455109,0.777294572328588
file_mod5,992,0.08208578548159555,0.05898086259821846,-0.023104922883377087,0.7185271146786134,0.15235995843762007,0.12016080946957527,-0.032199148968044794,0.7886639685503202
file_mod5,993,0.07949256943123298,0.05718664605990625,-0.02230592337132673,0.7193961205314539,0.15380361821482416,0.11657843443176663,-0.03722518378305753,0.7579693883984998
file_mod5,994,0.0822741368098496,0.058747595530542214,-0.023526541279307388,0.7140469387885348,0.1564949875852593,0.11823435967512716,-0.03826062791013213,0.7555153139375308
file_mod5,995,0.08186293621278064,0.05677402110964927,-0.025088915103131368,0.6935253453660702,0.14240454763254085,0.11787125781195557,-0.02453328982058528,0.8277211632040662
file_mod5,996,0.08281594594000705,0.05899361147335112,-0.02382233446665593,0.712346044034646,0.15272088181392388,0.12317808253771692,-0.029542799276206955,0.8065569100615717
file_mod5,997,0.07882452242516307,0.05793846888098884,-0.020886053544174228,0.7350310169782037,0.14479536620807432,0.11690705004010447,-0.027888316167969843,0.8073949678203536
file_mod5,998,0.0785944564629212,0.05892422942173564,-0.019670227041185553,0.7497250069988657,0.14980150081855242,0.12089767926719801,-0.028903821551354417,0.8070525235500526
file_mod5,999,0.07801130647973008,0.0580883651074885,-0.019922941372241577,0.7446146940582489,0.1499854459723592,0.11705556332147286,-0.032929882650886325,0.7804461463750625
