scheme,candidate,outer_fold,inner_validation_fold,alpha,train_scale,validation_r68,validation_r90,validation_tail_beyond_2r68
file_mod5,A0_raw,0,1,0.1,0.9938052612717654,0.14658261268466555,0.27651815393801477,0.08232711306256861
file_mod5,A0_raw,0,1,0.15000000000000002,0.9967486557561007,0.13481153435933024,0.25358335171664703,0.08232711306256861
file_mod5,A0_raw,0,1,0.2,0.9953191255185316,0.12321805493429505,0.23051629401774432,0.08122941822173436
file_mod5,A0_raw,0,1,0.25,1.0103048993450687,0.11187421841955719,0.20755294294884863,0.08342480790340286
file_mod5,A0_raw,0,1,0.30000000000000004,1.0116071217931764,0.1012082932096045,0.19076445334287861,0.08122941822173436
file_mod5,A0_raw,0,1,0.35,1.006211380052138,0.09571665383308653,0.17526770810335845,0.07135016465422613
file_mod5,A0_raw,0,1,0.4,1.0080476239696339,0.09018528418100141,0.16635838444787876,0.06695938529088913
file_mod5,A0_raw,0,1,0.45000000000000007,1.011319311286301,0.08655823787167105,0.15651523789427635,0.06695938529088913
file_mod5,A0_raw,0,1,0.5,1.0136346808680659,0.08157716129766929,0.15599688726911276,0.0801317233809001
file_mod5,A0_raw,0,1,0.55,1.0140827095626486,0.08049126460241884,0.15694946143598604,0.08562019758507135
file_mod5,A0_raw,0,1,0.6,1.013340600116997,0.08416285423198805,0.15748032091477382,0.0801317233809001
file_mod5,A0_raw,0,1,0.65,1.0112515157329285,0.09159249299453442,0.16346418261341844,0.08122941822173436
file_mod5,A0_raw,0,1,0.7000000000000001,1.0072340856581259,0.10034009872606847,0.17086318926503175,0.07903402854006586
file_mod5,A0_raw,0,1,0.75,1.0102042421700865,0.10857425055764669,0.18763819263716536,0.07683863885839737
file_mod5,A0_raw,0,1,0.8,1.0088950785184372,0.12204767175614506,0.204402687018525,0.06366630076838639
file_mod5,A0_raw,0,1,0.85,1.0066075192738695,0.13763183945658686,0.2222097627601366,0.059275521405049394
file_mod5,A0_raw,0,1,0.9,1.0046858608115028,0.15046350474961384,0.2414571137547319,0.054884742041712405
file_mod5,A0_raw,1,2,0.1,0.997056651699298,0.14646330844905636,0.2758392288064313,0.08859357696567
file_mod5,A0_raw,1,2,0.15000000000000002,1.0052071591015785,0.13412110816137912,0.2510972194625296,0.08637873754152824
file_mod5,A0_raw,1,2,0.2,1.002153664833347,0.12261627043189499,0.22860302293462997,0.08416389811738649
file_mod5,A0_raw,1,2,0.25,1.0051056434124273,0.1102308106530242,0.21158720186942126,0.08748615725359911
file_mod5,A0_raw,1,2,0.30000000000000004,1.0105327297866142,0.10087719648509758,0.18579627408520633,0.07419712070874862
file_mod5,A0_raw,1,2,0.35,1.012519976063781,0.09273079841335968,0.1663328015948874,0.07198228128460686
file_mod5,A0_raw,1,2,0.4,1.0125302608028903,0.08561497748570573,0.15597069064152658,0.07308970099667775
file_mod5,A0_raw,1,2,0.45000000000000007,1.0168139213130605,0.08339103719552876,0.14645949389163299,0.06090808416389812
file_mod5,A0_raw,1,2,0.5,1.0178350669780967,0.07915666343605487,0.13941956008080292,0.07308970099667775
file_mod5,A0_raw,1,2,0.55,1.0183134374328193,0.0778142216082306,0.14110091448523382,0.08084163898117387
file_mod5,A0_raw,1,2,0.6,1.018222792387796,0.0812545379608402,0.15271556976904954,0.08637873754152824
file_mod5,A0_raw,1,2,0.65,1.016381827018624,0.0841330607584696,0.1633035637755899,0.09302325581395349
file_mod5,A0_raw,1,2,0.7000000000000001,1.0145562267277355,0.09131256605369265,0.17489038038262295,0.09856035437430787
file_mod5,A0_raw,1,2,0.75,1.010711321574338,0.10243471944658705,0.19194809406610225,0.09191583610188261
file_mod5,A0_raw,1,2,0.8,1.0074704136959114,0.11497564507777103,0.20687057181637236,0.08305647840531562
file_mod5,A0_raw,1,2,0.85,1.0048585808552253,0.12944199939945622,0.22719578902625753,0.07419712070874862
file_mod5,A0_raw,1,2,0.9,1.0053656918201233,0.14268282748862832,0.25703905088099616,0.06866002214839424
file_mod5,A0_raw,2,3,0.1,1.002957612425498,0.16497888066147137,0.2975275675399672,0.07968574635241302
file_mod5,A0_raw,2,3,0.15000000000000002,1.0091136259824878,0.1508135887097825,0.2698841386603601,0.0819304152637486
file_mod5,A0_raw,2,3,0.2,0.9978647389225179,0.1325908057515766,0.24396751141089978,0.08754208754208755
file_mod5,A0_raw,2,3,0.25,1.0031532556489204,0.1205941152495133,0.22263638593152751,0.08305274971941638
file_mod5,A0_raw,2,3,0.30000000000000004,1.0081254188093751,0.11012016388181817,0.2009955512963021,0.07856341189674523
file_mod5,A0_raw,2,3,0.35,1.0151946242215277,0.1026048283213653,0.1804619522658203,0.07407407407407407
file_mod5,A0_raw,2,3,0.4,1.0170872766307675,0.09447010538802281,0.16920778732796382,0.07519640852974187
file_mod5,A0_raw,2,3,0.45000000000000007,1.020914340827109,0.08972504936459175,0.1544370826252256,0.06397306397306397
file_mod5,A0_raw,2,3,0.5,1.0228248729310274,0.08427226997493253,0.1515184179756059,0.06397306397306397
file_mod5,A0_raw,2,3,0.55,1.022227484232574,0.08201996276862028,0.14814533326294188,0.06734006734006734
file_mod5,A0_raw,2,3,0.6,1.020339803306815,0.08236811426666923,0.1477394672850666,0.07295173961840629
file_mod5,A0_raw,2,3,0.65,1.0187061498717331,0.0824505144635595,0.15619448569723887,0.07744107744107744
file_mod5,A0_raw,2,3,0.7000000000000001,1.0174308266145669,0.089923741105639,0.16747955791922736,0.08080808080808081
file_mod5,A0_raw,2,3,0.75,1.0112483493192856,0.10598747395576025,0.1850648656063878,0.06509539842873176
file_mod5,A0_raw,2,3,0.8,1.0071458345572073,0.11698712122365995,0.2029853351511266,0.06734006734006734
file_mod5,A0_raw,2,3,0.85,1.0047358865035756,0.1331877938374612,0.22045127567776168,0.06285072951739619
file_mod5,A0_raw,2,3,0.9,1.0028964567029122,0.14664191313372754,0.24584524537346275,0.06172839506172839
file_mod5,A0_raw,3,4,0.1,1.0039009763509905,0.15105406823537526,0.27993848395799265,0.08004268943436499
file_mod5,A0_raw,3,4,0.15000000000000002,1.0061714925996923,0.137840773248797,0.253921338951414,0.07790821771611527
file_mod5,A0_raw,3,4,0.2,1.0143207400522287,0.12632042764571655,0.22911912696461606,0.07897545357524013
file_mod5,A0_raw,3,4,0.25,1.0085289317964619,0.11725747680267956,0.2101561941131509,0.07257203842049093
file_mod5,A0_raw,3,4,0.30000000000000004,1.0136135351588331,0.10519939311223314,0.19270543987172722,0.07790821771611527
file_mod5,A0_raw,3,4,0.35,1.0169241807152412,0.09913788511119154,0.1736705649888992,0.07150480256136606
file_mod5,A0_raw,3,4,0.4,1.0193975453593553,0.09084721771132298,0.15996416616953657,0.07043756670224119
file_mod5,A0_raw,3,4,0.45000000000000007,1.0232452372242231,0.087716609533884,0.15136638793656554,0.06510138740661686
file_mod5,A0_raw,3,4,0.5,1.0251263074639987,0.08118006182043036,0.15136444792756998,0.08217716115261472
file_mod5,A0_raw,3,4,0.55,1.0233878188559258,0.0780779403241359,0.15205695850146284,0.08431163287086446
file_mod5,A0_raw,3,4,0.6,1.022251617562355,0.0805720708647007,0.1569947193538609,0.08217716115261472
file_mod5,A0_raw,3,4,0.65,1.0238426506672504,0.08616923424196993,0.1586097287742343,0.07897545357524013
file_mod5,A0_raw,3,4,0.7000000000000001,1.0183838019776397,0.0943107568508339,0.17359541060959,0.0768409818569904
file_mod5,A0_raw,3,4,0.75,1.0162197126359904,0.10977488040079969,0.18472599395070144,0.06616862326574173
file_mod5,A0_raw,3,4,0.8,1.0101232161431162,0.11867734183365136,0.20334310522870047,0.06616862326574173
file_mod5,A0_raw,3,4,0.85,1.0099295637843682,0.1323530865159288,0.2243069907152857,0.0672358591248666
file_mod5,A0_raw,3,4,0.9,1.0053614596364966,0.14598123551238001,0.24302258449188252,0.060832443970117396
file_mod5,A0_raw,4,0,0.1,1.0019109943430657,0.15556706228187162,0.28082656293461544,0.07575757575757576
file_mod5,A0_raw,4,0,0.15000000000000002,0.9824148218931181,0.13858719315700957,0.25458363272652595,0.07925407925407925
file_mod5,A0_raw,4,0,0.2,0.9891710597510617,0.12478320970956441,0.23201910028059086,0.08158508158508158
file_mod5,A0_raw,4,0,0.25,0.9963751418516904,0.11117902092026594,0.21042206547681064,0.08741258741258741
file_mod5,A0_raw,4,0,0.30000000000000004,0.9943968704184842,0.10278560084831684,0.1921445610692148,0.08158508158508158
file_mod5,A0_raw,4,0,0.35,1.0016735607439,0.09425073585947208,0.16994300444945054,0.07459207459207459
file_mod5,A0_raw,4,0,0.4,1.00452485551528,0.08387610560445485,0.15381960336797174,0.07459207459207459
file_mod5,A0_raw,4,0,0.45000000000000007,1.008912835532814,0.07876318303063534,0.14607427219847896,0.07575757575757576
file_mod5,A0_raw,4,0,0.5,1.010232497942725,0.07312858557083046,0.13603801785871478,0.08857808857808858
file_mod5,A0_raw,4,0,0.55,1.011725473090603,0.07261744207365317,0.13718645597789864,0.09207459207459208
file_mod5,A0_raw,4,0,0.6,1.0109026881358112,0.07659688649142088,0.14220321431872468,0.08857808857808858
file_mod5,A0_raw,4,0,0.65,1.0123274800093869,0.08263973762024807,0.1495111789663598,0.08624708624708624
file_mod5,A0_raw,4,0,0.7000000000000001,1.0101945934621082,0.0933296188272486,0.15995475645311863,0.07692307692307693
file_mod5,A0_raw,4,0,0.75,1.0103924857015167,0.1036317079475822,0.17260474284797228,0.07459207459207459
file_mod5,A0_raw,4,0,0.8,1.0079102967727767,0.11574325093913496,0.19235719423106978,0.06876456876456877
file_mod5,A0_raw,4,0,0.85,1.0076833479299792,0.12913511801247973,0.21198624878096373,0.06526806526806526
file_mod5,A0_raw,4,0,0.9,1.0056474842076903,0.14320659657548668,0.23509618711696972,0.05944055944055944
file_mod5,A1_s2_lifetime,0,1,0.1,1.0031592318863887,0.10593091211940264,0.20319432554329692,0.09220636663007684
file_mod5,A1_s2_lifetime,0,1,0.15000000000000002,1.009006695317055,0.09987261527249736,0.18940945376474172,0.09330406147091108
file_mod5,A1_s2_lifetime,0,1,0.2,1.0116450289101184,0.0964356968082386,0.1785250614043381,0.08562019758507135
file_mod5,A1_s2_lifetime,0,1,0.25,1.0144407107202755,0.09454656263101607,0.17216617129239442,0.07903402854006586
file_mod5,A1_s2_lifetime,0,1,0.30000000000000004,1.0154249050221797,0.09098515779697741,0.16856741694256672,0.07244785949506037
file_mod5,A1_s2_lifetime,0,1,0.35,1.0141439983810725,0.09053275175076186,0.16210933758058432,0.07135016465422613
file_mod5,A1_s2_lifetime,0,1,0.4,1.0122982885662384,0.08986143872773888,0.15939265726165225,0.06695938529088913
file_mod5,A1_s2_lifetime,0,1,0.45000000000000007,1.007614686252035,0.09219503139941715,0.160948582898363,0.06037321624588365
file_mod5,A1_s2_lifetime,0,1,0.5,1.0065532367481138,0.09567792472216685,0.16535236196396996,0.06037321624588365
file_mod5,A1_s2_lifetime,0,1,0.55,1.0035306334285905,0.10209553896618023,0.1702809527543887,0.05817782656421515
file_mod5,A1_s2_lifetime,0,1,0.6,1.008559886746424,0.10656092118749999,0.17852719857404536,0.06586169045005488
file_mod5,A1_s2_lifetime,0,1,0.65,1.0021289658625099,0.11423820603894413,0.1902708529422531,0.06586169045005488
file_mod5,A1_s2_lifetime,0,1,0.7000000000000001,1.0011552366123306,0.12233357496030445,0.19965489101511358,0.06695938529088913
file_mod5,A1_s2_lifetime,0,1,0.75,1.0066898927964287,0.13025378800736787,0.21222851580186824,0.06256860592755215
file_mod5,A1_s2_lifetime,0,1,0.8,1.0105717423264597,0.13999885690416564,0.22589558225229212,0.05598243688254665
file_mod5,A1_s2_lifetime,0,1,0.85,1.002143750769555,0.15067057138990425,0.23958033565988401,0.04939626783754116
file_mod5,A1_s2_lifetime,0,1,0.9,1.0056885401576598,0.15961887675568476,0.25510320498391603,0.048298572996706916
file_mod5,A1_s2_lifetime,1,2,0.1,1.0082388566378855,0.10545422925139242,0.19909572304242107,0.08859357696567
file_mod5,A1_s2_lifetime,1,2,0.15000000000000002,1.0134925708173341,0.10319850981001444,0.18706121731376396,0.07308970099667775
file_mod5,A1_s2_lifetime,1,2,0.2,1.0161455862127664,0.09816246046691401,0.17912170020202217,0.07419712070874862
file_mod5,A1_s2_lifetime,1,2,0.25,1.017349630835581,0.09558300029715466,0.17545070931397105,0.07308970099667775
file_mod5,A1_s2_lifetime,1,2,0.30000000000000004,1.0183561071377967,0.0940596397750581,0.1653192483532157,0.0664451827242525
file_mod5,A1_s2_lifetime,1,2,0.35,1.020728460728664,0.09183785286900237,0.1637255583713184,0.0664451827242525
file_mod5,A1_s2_lifetime,1,2,0.4,1.0206615840151247,0.08934803118558093,0.16198399563923027,0.06976744186046512
file_mod5,A1_s2_lifetime,1,2,0.45000000000000007,1.014338358269689,0.09094959508998401,0.16573956648934157,0.07641196013289037
file_mod5,A1_s2_lifetime,1,2,0.5,1.0115068351777041,0.09234854704886458,0.17044297106043615,0.07641196013289037
file_mod5,A1_s2_lifetime,1,2,0.55,1.0099566534368583,0.09576912213210148,0.17478764943385094,0.07973421926910298
file_mod5,A1_s2_lifetime,1,2,0.6,1.0100960364033373,0.10085848395523694,0.18464077467445822,0.07751937984496124
file_mod5,A1_s2_lifetime,1,2,0.65,1.0049853041235037,0.10618259038466604,0.19180150581499872,0.08194905869324474
file_mod5,A1_s2_lifetime,1,2,0.7000000000000001,1.0023728395206253,0.11237283853101543,0.20746269407415435,0.08194905869324474
file_mod5,A1_s2_lifetime,1,2,0.75,1.0074441555226714,0.12107207480895904,0.22371716824380428,0.08084163898117387
file_mod5,A1_s2_lifetime,1,2,0.8,1.0079103254746098,0.13011443102150388,0.2359121621401598,0.07862679955703211
file_mod5,A1_s2_lifetime,1,2,0.85,1.0049429248763366,0.141754109047333,0.25045994854381043,0.06866002214839424
file_mod5,A1_s2_lifetime,1,2,0.9,1.001576269524294,0.1531332910550252,0.2665946598770573,0.0664451827242525
file_mod5,A1_s2_lifetime,2,3,0.1,1.0166253423885963,0.11264902654885456,0.20627494333246577,0.08529741863075196
file_mod5,A1_s2_lifetime,2,3,0.15000000000000002,1.0147247155728654,0.10739865954974931,0.19416040288779035,0.08305274971941638
file_mod5,A1_s2_lifetime,2,3,0.2,1.016595289076474,0.10162633134887378,0.1829814617444221,0.0819304152637486
file_mod5,A1_s2_lifetime,2,3,0.25,1.0171896817784436,0.09915263624607706,0.17574206371085432,0.0718294051627385
file_mod5,A1_s2_lifetime,2,3,0.30000000000000004,1.0197156181104496,0.09646235827676503,0.17150067356188914,0.06621773288439955
file_mod5,A1_s2_lifetime,2,3,0.35,1.0217476175905493,0.09518700470030933,0.16934496539716748,0.06509539842873176
file_mod5,A1_s2_lifetime,2,3,0.4,1.021230248935052,0.09478503590516962,0.1679533764174173,0.06397306397306397
file_mod5,A1_s2_lifetime,2,3,0.45000000000000007,1.010559469136504,0.09460595850757314,0.16514975292811418,0.06397306397306397
file_mod5,A1_s2_lifetime,2,3,0.5,1.0077933163150938,0.09471574847227754,0.1685119503431997,0.06621773288439955
file_mod5,A1_s2_lifetime,2,3,0.55,1.010097169344524,0.09577647052338173,0.17286219428718524,0.07295173961840629
file_mod5,A1_s2_lifetime,2,3,0.6,1.0102006904962715,0.10077661147278999,0.17624308041073555,0.0718294051627385
file_mod5,A1_s2_lifetime,2,3,0.65,1.0078174499052555,0.10716354518705007,0.18608729449669592,0.06958473625140292
file_mod5,A1_s2_lifetime,2,3,0.7000000000000001,1.005139043522687,0.11544727931845733,0.1959490053542341,0.06621773288439955
file_mod5,A1_s2_lifetime,2,3,0.75,1.0023253683480888,0.1251528921166155,0.20956148275578734,0.06285072951739619
file_mod5,A1_s2_lifetime,2,3,0.8,1.004334630775269,0.13482227773449662,0.2283255333024038,0.06172839506172839
file_mod5,A1_s2_lifetime,2,3,0.85,1.0007547832899164,0.1454040626204367,0.2426174614341604,0.05948372615039282
file_mod5,A1_s2_lifetime,2,3,0.9,1.000847688488544,0.15782448785242842,0.26413949677559717,0.05723905723905724
file_mod5,A1_s2_lifetime,3,4,0.1,1.009107682108386,0.1098203953784323,0.20477765862507152,0.08004268943436499
file_mod5,A1_s2_lifetime,3,4,0.15000000000000002,1.0112184777233661,0.10413920492671214,0.1913013889857128,0.08110992529348986
file_mod5,A1_s2_lifetime,3,4,0.2,1.0138873322451176,0.09942183874603933,0.17931601665673652,0.08004268943436499
file_mod5,A1_s2_lifetime,3,4,0.25,1.0178724367325191,0.09501023506297479,0.17449451555092405,0.08004268943436499
file_mod5,A1_s2_lifetime,3,4,0.30000000000000004,1.0187787523136413,0.09295776551588963,0.1715652562178735,0.07790821771611527
file_mod5,A1_s2_lifetime,3,4,0.35,1.019504388276861,0.09377988501254259,0.17169712908032747,0.06616862326574173
file_mod5,A1_s2_lifetime,3,4,0.4,1.0115574069065572,0.09472599263928488,0.1673228157711536,0.06616862326574173
file_mod5,A1_s2_lifetime,3,4,0.45000000000000007,1.0073109755241152,0.09612425106220557,0.16772038673530032,0.064034151547492
file_mod5,A1_s2_lifetime,3,4,0.5,1.0061507804205356,0.09696187952874402,0.1771041026953401,0.07043756670224119
file_mod5,A1_s2_lifetime,3,4,0.55,1.0037761047926654,0.10142849335259746,0.18348837892726305,0.0672358591248666
file_mod5,A1_s2_lifetime,3,4,0.6,1.0072556941568689,0.10615119868017958,0.19288802813556216,0.06937033084311633
file_mod5,A1_s2_lifetime,3,4,0.65,1.0053986564638824,0.11172630500995812,0.19901249349676836,0.06830309498399147
file_mod5,A1_s2_lifetime,3,4,0.7000000000000001,1.0040746212630949,0.12093390847240348,0.212458073576402,0.05976520811099253
file_mod5,A1_s2_lifetime,3,4,0.75,1.0076096302014341,0.12845901312549102,0.2228681392468878,0.060832443970117396
file_mod5,A1_s2_lifetime,3,4,0.8,1.0035864644180987,0.1348967103303086,0.23371299058945721,0.064034151547492
file_mod5,A1_s2_lifetime,3,4,0.85,1.0037370725892338,0.14338915107267086,0.24551224018808004,0.061899679829242264
file_mod5,A1_s2_lifetime,3,4,0.9,1.0013914428420465,0.1540667530997018,0.25721701086737125,0.05869797225186766
file_mod5,A1_s2_lifetime,4,0,0.1,1.008051593261515,0.10522041216956407,0.19632135058428074,0.07692307692307693
file_mod5,A1_s2_lifetime,4,0,0.15000000000000002,1.0159651199527449,0.09996029269606788,0.1834805066365081,0.07459207459207459
file_mod5,A1_s2_lifetime,4,0,0.2,1.016794552342231,0.09524883028625314,0.1747766593489124,0.07226107226107226
file_mod5,A1_s2_lifetime,4,0,0.25,1.0178073707802278,0.09048447461430054,0.16613200651759563,0.07342657342657342
file_mod5,A1_s2_lifetime,4,0,0.30000000000000004,1.016581910764894,0.08817318799829937,0.16264694645093886,0.08041958041958042
file_mod5,A1_s2_lifetime,4,0,0.35,1.0133985572383257,0.08655147324850548,0.15996126575682545,0.07925407925407925
file_mod5,A1_s2_lifetime,4,0,0.4,1.011994924148201,0.08754256843642155,0.15604277075100226,0.07342657342657342
file_mod5,A1_s2_lifetime,4,0,0.45000000000000007,1.0095494869071127,0.08847060171764398,0.15501249272495,0.0675990675990676
file_mod5,A1_s2_lifetime,4,0,0.5,1.00616875392521,0.093449073014573,0.15793348235207755,0.05827505827505827
file_mod5,A1_s2_lifetime,4,0,0.55,1.004667603962988,0.09858048349397236,0.16491561812599148,0.053613053613053616
file_mod5,A1_s2_lifetime,4,0,0.6,1.0090771398848826,0.10500259774013793,0.16867378710322273,0.05128205128205128
file_mod5,A1_s2_lifetime,4,0,0.65,1.0026613268798066,0.11012275451625225,0.17901407251374812,0.05710955710955711
file_mod5,A1_s2_lifetime,4,0,0.7000000000000001,1.0035946273305982,0.11777771689013816,0.192713813506177,0.05710955710955711
file_mod5,A1_s2_lifetime,4,0,0.75,1.0090250214944558,0.12570241899756646,0.20403562371037698,0.053613053613053616
file_mod5,A1_s2_lifetime,4,0,0.8,1.0060361567203793,0.13381155897220437,0.21797389285863072,0.055944055944055944
file_mod5,A1_s2_lifetime,4,0,0.85,1.003384797828966,0.14320407976727106,0.23169549667036826,0.05244755244755245
file_mod5,A1_s2_lifetime,4,0,0.9,1.003075147603318,0.1528209474616522,0.2532378720602461,0.054778554778554776
file_mod5,A2_s1_dt_r2,0,1,0.1,1.0117209314166868,0.16043240708242318,0.2902931354634051,0.07354555433589462
file_mod5,A2_s1_dt_r2,0,1,0.15000000000000002,0.9964374620088436,0.15099836181224568,0.2756539565836269,0.07683863885839737
file_mod5,A2_s1_dt_r2,0,1,0.2,1.0068891185393054,0.14374888207505843,0.2578668834693576,0.07244785949506037
file_mod5,A2_s1_dt_r2,0,1,0.25,0.9961633732335512,0.13769467411768327,0.23902867667538036,0.06805708013172337
file_mod5,A2_s1_dt_r2,0,1,0.30000000000000004,1.0143020171384691,0.1286353904183638,0.22828513521882166,0.07025246981339188
file_mod5,A2_s1_dt_r2,0,1,0.35,1.0169338162955714,0.12069631739234515,0.21610301466855547,0.07354555433589462
file_mod5,A2_s1_dt_r2,0,1,0.4,1.0198497904572945,0.11335790966927195,0.20064122455352185,0.06915477497255763
file_mod5,A2_s1_dt_r2,0,1,0.45000000000000007,1.0041506244371106,0.10793603695532072,0.1947377378313211,0.06915477497255763
file_mod5,A2_s1_dt_r2,0,1,0.5,1.0036522625579956,0.10631318985831495,0.18251567820780168,0.059275521405049394
file_mod5,A2_s1_dt_r2,0,1,0.55,1.0069440029958132,0.10370891808754379,0.18015411323614222,0.05159165751920966
file_mod5,A2_s1_dt_r2,0,1,0.6,1.0100673056580147,0.10168363734978875,0.17467288313839158,0.052689352360043906
file_mod5,A2_s1_dt_r2,0,1,0.65,1.0078653007960106,0.09794881191083932,0.17105940597461639,0.06147091108671789
file_mod5,A2_s1_dt_r2,0,1,0.7000000000000001,1.0045899969315741,0.09519728640482145,0.17646735125306096,0.06805708013172337
file_mod5,A2_s1_dt_r2,0,1,0.75,1.003240907484474,0.09614895261262218,0.18455198411820312,0.07135016465422613
file_mod5,A2_s1_dt_r2,0,1,0.8,1.0043569671876584,0.09664412281642082,0.18654458738156132,0.07903402854006586
file_mod5,A2_s1_dt_r2,0,1,0.85,1.0040070952074498,0.09963773353472416,0.1901359472663962,0.08232711306256861
file_mod5,A2_s1_dt_r2,0,1,0.9,1.000970941153385,0.105992078251125,0.20041343034263887,0.08122941822173436
file_mod5,A2_s1_dt_r2,1,2,0.1,0.9949347778862607,0.15878122757023644,0.29426145161378137,0.08527131782945736
file_mod5,A2_s1_dt_r2,1,2,0.15000000000000002,0.9975802903784825,0.1502158222990599,0.2776325466088292,0.08305647840531562
file_mod5,A2_s1_dt_r2,1,2,0.2,1.0028174356493662,0.14479389046814506,0.2631257996738664,0.07308970099667775
file_mod5,A2_s1_dt_r2,1,2,0.25,1.0062108936448797,0.13615611563330254,0.24623556201649838,0.06866002214839424
file_mod5,A2_s1_dt_r2,1,2,0.30000000000000004,1.0229498137181592,0.12671492632029208,0.22846107461379356,0.07087486157253599
file_mod5,A2_s1_dt_r2,1,2,0.35,1.0233355210979767,0.12069713871582666,0.21077349161577946,0.06976744186046512
file_mod5,A2_s1_dt_r2,1,2,0.4,1.0304224470926107,0.11685564374524349,0.20109349131531024,0.06423034330011074
file_mod5,A2_s1_dt_r2,1,2,0.45000000000000007,1.026219636391525,0.11093244082765741,0.19053305693180372,0.06866002214839424
file_mod5,A2_s1_dt_r2,1,2,0.5,1.0076491108489471,0.10638824113462747,0.1805050117079881,0.059800664451827246
file_mod5,A2_s1_dt_r2,1,2,0.55,1.0075583922527134,0.10387466809162799,0.1768701174866985,0.05094130675526024
file_mod5,A2_s1_dt_r2,1,2,0.6,1.0060541643536745,0.09770187252650347,0.16990301961628224,0.06201550387596899
file_mod5,A2_s1_dt_r2,1,2,0.65,1.0135327733912174,0.09423733680146346,0.16942438646947083,0.06755260243632337
file_mod5,A2_s1_dt_r2,1,2,0.7000000000000001,1.0080424579188452,0.09357447141066533,0.17333650018609975,0.07087486157253599
file_mod5,A2_s1_dt_r2,1,2,0.75,1.006967895220046,0.09372536918232405,0.17737138843828826,0.07641196013289037
file_mod5,A2_s1_dt_r2,1,2,0.8,1.0073806599749044,0.09437523565366729,0.18537896405018073,0.08748615725359911
file_mod5,A2_s1_dt_r2,1,2,0.85,1.0060363261810121,0.1030597311200121,0.18891209513178892,0.08527131782945736
file_mod5,A2_s1_dt_r2,1,2,0.9,1.0039996754859928,0.10858519667436672,0.2010790255158068,0.08970099667774087
file_mod5,A2_s1_dt_r2,2,3,0.1,0.9964138966768712,0.17894433626381206,0.3144578893558897,0.07295173961840629
file_mod5,A2_s1_dt_r2,2,3,0.15000000000000002,0.9972963305177028,0.16855556360806556,0.29420310870444355,0.0707070707070707
file_mod5,A2_s1_dt_r2,2,3,0.2,1.004493330807465,0.15797077600239584,0.27653021165309116,0.0707070707070707
file_mod5,A2_s1_dt_r2,2,3,0.25,1.0109852738978127,0.1470836781423443,0.2565640342201011,0.06846240179573512
file_mod5,A2_s1_dt_r2,2,3,0.30000000000000004,1.0162784950507935,0.13698890271688707,0.24177985105999966,0.06846240179573512
file_mod5,A2_s1_dt_r2,2,3,0.35,1.0180133980323498,0.12922179336328354,0.22831282596943592,0.06397306397306397
file_mod5,A2_s1_dt_r2,2,3,0.4,1.0207958971433202,0.12334957164920973,0.21374378508694025,0.06846240179573512
file_mod5,A2_s1_dt_r2,2,3,0.45000000000000007,1.017178777612111,0.11838993074835413,0.2012967223727431,0.06397306397306397
file_mod5,A2_s1_dt_r2,2,3,0.5,1.0075133487728403,0.11074520843825608,0.19019646226025988,0.06285072951739619
file_mod5,A2_s1_dt_r2,2,3,0.55,1.0100303950777367,0.10547578369651744,0.17966951575999035,0.052749719416386086
file_mod5,A2_s1_dt_r2,2,3,0.6,1.012639720905454,0.09829770699947366,0.17482433119074092,0.05723905723905724
file_mod5,A2_s1_dt_r2,2,3,0.65,1.015670141157209,0.09163417164890159,0.16519717765033914,0.0718294051627385
file_mod5,A2_s1_dt_r2,2,3,0.7000000000000001,1.0115926260165464,0.08828233158979032,0.16730144531579583,0.07968574635241302
file_mod5,A2_s1_dt_r2,2,3,0.75,1.0105563830407636,0.0855179922328635,0.16943291980837305,0.08080808080808081
file_mod5,A2_s1_dt_r2,2,3,0.8,1.009055480931704,0.08551184060308531,0.1733811357270551,0.10101010101010101
file_mod5,A2_s1_dt_r2,2,3,0.85,1.0068761711264513,0.09242521706274048,0.18239925833750403,0.09427609427609428
file_mod5,A2_s1_dt_r2,2,3,0.9,1.0076875778966008,0.09733190691269111,0.19103058118963923,0.09427609427609428
file_mod5,A2_s1_dt_r2,3,4,0.1,1.001519084631493,0.16218195224432752,0.2951054423915971,0.07150480256136606
file_mod5,A2_s1_dt_r2,3,4,0.15000000000000002,1.0039237688591012,0.15142049326261736,0.27573320426992326,0.07150480256136606
file_mod5,A2_s1_dt_r2,3,4,0.2,1.0076722464193522,0.1453236014093669,0.2577670883761138,0.06830309498399147
file_mod5,A2_s1_dt_r2,3,4,0.25,1.012141741434425,0.138720983273817,0.24834722287729616,0.06937033084311633
file_mod5,A2_s1_dt_r2,3,4,0.30000000000000004,1.020531105562496,0.13324727825336385,0.23109418243191387,0.064034151547492
file_mod5,A2_s1_dt_r2,3,4,0.35,1.0231917370556396,0.1252383446875006,0.21377190285737213,0.05869797225186766
file_mod5,A2_s1_dt_r2,3,4,0.4,1.0227450316907087,0.11938487078528481,0.2030655326258498,0.051227321237993596
file_mod5,A2_s1_dt_r2,3,4,0.45000000000000007,1.0210059643160518,0.1149643676953504,0.18520161536543495,0.048025613660619
file_mod5,A2_s1_dt_r2,3,4,0.5,1.0132897968169474,0.10773740979447011,0.1834868314519803,0.05656350053361793
file_mod5,A2_s1_dt_r2,3,4,0.55,1.0135054499821479,0.10304560078788405,0.17834711914472134,0.060832443970117396
file_mod5,A2_s1_dt_r2,3,4,0.6,1.013487290944981,0.09847120456089126,0.16897404613946865,0.06510138740661686
file_mod5,A2_s1_dt_r2,3,4,0.65,1.0157057037895258,0.09363082338884032,0.17172601471501087,0.0736392742796158
file_mod5,A2_s1_dt_r2,3,4,0.7000000000000001,1.0117867697103597,0.09077274349603282,0.17256807171798638,0.08537886872998933
file_mod5,A2_s1_dt_r2,3,4,0.75,1.0169688661268643,0.09200966207541905,0.17877522632015624,0.08964781216648879
file_mod5,A2_s1_dt_r2,3,4,0.8,1.0142887267778888,0.09497904591390516,0.1867735569713841,0.08858057630736393
file_mod5,A2_s1_dt_r2,3,4,0.85,1.0054318674282883,0.09917150089479154,0.19335737859335295,0.08858057630736393
file_mod5,A2_s1_dt_r2,3,4,0.9,1.0085730986333423,0.10509359159078935,0.2021945954113165,0.0864461045891142
file_mod5,A2_s1_dt_r2,4,0,0.1,1.0099887036840696,0.1672039820520751,0.29055384017013375,0.06526806526806526
file_mod5,A2_s1_dt_r2,4,0,0.15000000000000002,0.9788458437766578,0.1551175006429505,0.2743036236001594,0.0675990675990676
file_mod5,A2_s1_dt_r2,4,0,0.2,0.9849662873146022,0.14586491230626525,0.25645660472705556,0.06643356643356643
file_mod5,A2_s1_dt_r2,4,0,0.25,0.9859162905643042,0.1385329543167741,0.24061454600278354,0.06060606060606061
file_mod5,A2_s1_dt_r2,4,0,0.30000000000000004,1.0056106941831011,0.13056585516733438,0.22702233186465998,0.05827505827505827
file_mod5,A2_s1_dt_r2,4,0,0.35,0.9967845183759809,0.12291553093916979,0.20801484921937002,0.05710955710955711
file_mod5,A2_s1_dt_r2,4,0,0.4,0.9991933493704187,0.11569807555503103,0.1928263876663765,0.05944055944055944
file_mod5,A2_s1_dt_r2,4,0,0.45000000000000007,0.9975914846232762,0.10837617011923062,0.18342901484357266,0.05944055944055944
file_mod5,A2_s1_dt_r2,4,0,0.5,0.9964598157715499,0.10199825094505582,0.17552206288335298,0.06177156177156177
file_mod5,A2_s1_dt_r2,4,0,0.55,0.9958663076130382,0.09596439088060699,0.1669777543306864,0.0641025641025641
file_mod5,A2_s1_dt_r2,4,0,0.6,1.0053637116433694,0.09158555679645153,0.16160846140049612,0.06526806526806526
file_mod5,A2_s1_dt_r2,4,0,0.65,1.000274228543677,0.08826827110954683,0.15777137353544773,0.07226107226107226
file_mod5,A2_s1_dt_r2,4,0,0.7000000000000001,1.0048685502139885,0.08613058884829733,0.16171935138833177,0.0780885780885781
file_mod5,A2_s1_dt_r2,4,0,0.75,1.0018106527024024,0.08620756410980479,0.1629137549858362,0.08508158508158509
file_mod5,A2_s1_dt_r2,4,0,0.8,0.9995080905837527,0.09058475660792609,0.17073407328797763,0.08741258741258741
file_mod5,A2_s1_dt_r2,4,0,0.85,0.997040484577202,0.09711978865496496,0.18093108132215757,0.08275058275058275
file_mod5,A2_s1_dt_r2,4,0,0.9,0.9974897798032062,0.10336615413529537,0.18752962337650358,0.07925407925407925
file_mod5,A3_s2_lifetime_r2,0,1,0.1,1.0067694882575637,0.08234143496472407,0.15892821505229893,0.0889132821075741
file_mod5,A3_s2_lifetime_r2,0,1,0.15000000000000002,1.0082386908477503,0.0800210191160653,0.15546958129699506,0.09110867178924259
file_mod5,A3_s2_lifetime_r2,0,1,0.2,1.011102055123413,0.07862774927347321,0.14744832958236476,0.08232711306256861
file_mod5,A3_s2_lifetime_r2,0,1,0.25,1.0154158211850646,0.08006618496116918,0.14463498119060636,0.07903402854006586
file_mod5,A3_s2_lifetime_r2,0,1,0.30000000000000004,1.0162249128877063,0.08170750476832411,0.1458003869736838,0.07135016465422613
file_mod5,A3_s2_lifetime_r2,0,1,0.35,1.0151329798689854,0.08211313270862092,0.1460991649231781,0.07244785949506037
file_mod5,A3_s2_lifetime_r2,0,1,0.4,1.0133823718291963,0.08607980198786686,0.15121126439817578,0.07135016465422613
file_mod5,A3_s2_lifetime_r2,0,1,0.45000000000000007,1.0140365121608605,0.09248382529640448,0.15481412430040065,0.0570801317233809
file_mod5,A3_s2_lifetime_r2,0,1,0.5,1.0069276581473916,0.0963332325694386,0.16013500899562794,0.0570801317233809
file_mod5,A3_s2_lifetime_r2,0,1,0.55,1.0077272576408476,0.1025631139615355,0.16811993367534678,0.059275521405049394
file_mod5,A3_s2_lifetime_r2,0,1,0.6,1.0055508039535637,0.10896108424803741,0.17922843792541726,0.05817782656421515
file_mod5,A3_s2_lifetime_r2,0,1,0.65,1.0055458851582215,0.11698305997186143,0.18852480881925243,0.0570801317233809
file_mod5,A3_s2_lifetime_r2,0,1,0.7000000000000001,1.00827124105099,0.12548551906947503,0.20211746636804795,0.05817782656421515
file_mod5,A3_s2_lifetime_r2,0,1,0.75,1.0081611091304872,0.13529785651084408,0.21529397742412537,0.05159165751920966
file_mod5,A3_s2_lifetime_r2,0,1,0.8,1.007059274448288,0.14509673169467757,0.22739411551339206,0.04720087815587267
file_mod5,A3_s2_lifetime_r2,0,1,0.85,1.0073197050595823,0.154576065272384,0.24166253044181762,0.043907793633369926
file_mod5,A3_s2_lifetime_r2,0,1,0.9,1.0043580493109483,0.16268451667221107,0.2548894869331738,0.043907793633369926
file_mod5,A3_s2_lifetime_r2,1,2,0.1,1.0035341518285876,0.08752467284844712,0.15905986022171414,0.07087486157253599
file_mod5,A3_s2_lifetime_r2,1,2,0.15000000000000002,1.004828923714191,0.08217278851401166,0.1552812664159377,0.07751937984496124
file_mod5,A3_s2_lifetime_r2,1,2,0.2,1.0072017023058617,0.07995245774389032,0.15012291699701902,0.08194905869324474
file_mod5,A3_s2_lifetime_r2,1,2,0.25,1.0111965644967003,0.08058914733579625,0.14792172608703108,0.07862679955703211
file_mod5,A3_s2_lifetime_r2,1,2,0.30000000000000004,1.011604883313733,0.08025777584270816,0.14886656128632975,0.08194905869324474
file_mod5,A3_s2_lifetime_r2,1,2,0.35,1.013207707377579,0.08431155888082748,0.14987091421070908,0.0664451827242525
file_mod5,A3_s2_lifetime_r2,1,2,0.4,1.0145866333512017,0.08792480209446768,0.15147694173216691,0.0664451827242525
file_mod5,A3_s2_lifetime_r2,1,2,0.45000000000000007,1.0102717859065966,0.08981637378009905,0.15514565766439053,0.06866002214839424
file_mod5,A3_s2_lifetime_r2,1,2,0.5,1.0130711307602933,0.09240386883692575,0.1634370097355859,0.07641196013289037
file_mod5,A3_s2_lifetime_r2,1,2,0.55,1.0154601955413334,0.09913972748666805,0.17416490940011264,0.0753045404208195
file_mod5,A3_s2_lifetime_r2,1,2,0.6,1.0153626249657717,0.10429364320405449,0.18571840315102933,0.07751937984496124
file_mod5,A3_s2_lifetime_r2,1,2,0.65,1.0068789367854383,0.11047671446589896,0.20127843174506294,0.07862679955703211
file_mod5,A3_s2_lifetime_r2,1,2,0.7000000000000001,1.0072654008856554,0.11728867430890999,0.21386285706696,0.07641196013289037
file_mod5,A3_s2_lifetime_r2,1,2,0.75,1.007029323329363,0.12577125756520524,0.22594241776056495,0.07198228128460686
file_mod5,A3_s2_lifetime_r2,1,2,0.8,1.00938606890602,0.1354100780619948,0.2386762065693271,0.07087486157253599
file_mod5,A3_s2_lifetime_r2,1,2,0.85,1.003870758140651,0.14632465002940437,0.2557433733705522,0.06312292358803986
file_mod5,A3_s2_lifetime_r2,1,2,0.9,1.0032394585402347,0.15548600605331098,0.2680316492377248,0.06423034330011074
file_mod5,A3_s2_lifetime_r2,2,3,0.1,1.0027727565968894,0.08821783129084615,0.16501941672818038,0.08754208754208755
file_mod5,A3_s2_lifetime_r2,2,3,0.15000000000000002,1.0048578961735593,0.08437862081250963,0.1596227074560745,0.08754208754208755
file_mod5,A3_s2_lifetime_r2,2,3,0.2,1.0057643889669028,0.0813914629877347,0.156210569199547,0.0920314253647587
file_mod5,A3_s2_lifetime_r2,2,3,0.25,1.0070074041131594,0.0820185114245301,0.15136616360702015,0.0819304152637486
file_mod5,A3_s2_lifetime_r2,2,3,0.30000000000000004,1.0095041881521394,0.08365973728964582,0.15489279232374864,0.07856341189674523
file_mod5,A3_s2_lifetime_r2,2,3,0.35,1.0109737309180185,0.08637120851668251,0.15681612893083818,0.07295173961840629
file_mod5,A3_s2_lifetime_r2,2,3,0.4,1.0054599256517376,0.08845372335006818,0.1572934151684578,0.06397306397306397
file_mod5,A3_s2_lifetime_r2,2,3,0.45000000000000007,1.0135633605026761,0.0931940500849282,0.15948018734522468,0.058361391694725026
file_mod5,A3_s2_lifetime_r2,2,3,0.5,1.0036740568321258,0.09903925817921794,0.1628562860133893,0.05499438832772166
file_mod5,A3_s2_lifetime_r2,2,3,0.55,1.008785575571047,0.10299273287459837,0.16973341464818548,0.05948372615039282
file_mod5,A3_s2_lifetime_r2,2,3,0.6,1.0112798451346272,0.10894607605483875,0.1780071538992306,0.052749719416386086
file_mod5,A3_s2_lifetime_r2,2,3,0.65,1.007731466353114,0.1149663975826638,0.18886734608194855,0.05611672278338945
file_mod5,A3_s2_lifetime_r2,2,3,0.7000000000000001,1.0088162423839562,0.12141235796011374,0.2021215018008008,0.06060606060606061
file_mod5,A3_s2_lifetime_r2,2,3,0.75,1.0075994995095479,0.13037870340153102,0.2148549705347954,0.05723905723905724
file_mod5,A3_s2_lifetime_r2,2,3,0.8,1.008250508206117,0.13926239391519946,0.22967183238291722,0.058361391694725026
file_mod5,A3_s2_lifetime_r2,2,3,0.85,1.008811877172335,0.14930758395586552,0.24784152354002603,0.05611672278338945
file_mod5,A3_s2_lifetime_r2,2,3,0.9,1.0025943328912452,0.16189116285762695,0.2683655304011457,0.05499438832772166
file_mod5,A3_s2_lifetime_r2,3,4,0.1,1.0017705885781902,0.09755623708213423,0.16386403627723845,0.061899679829242264
file_mod5,A3_s2_lifetime_r2,3,4,0.15000000000000002,1.0027767566558778,0.09459671937773811,0.15890114067616595,0.061899679829242264
file_mod5,A3_s2_lifetime_r2,3,4,0.2,1.0042497625432847,0.090078035849741,0.16084694456320026,0.06616862326574173
file_mod5,A3_s2_lifetime_r2,3,4,0.25,1.0078221933253273,0.08860794321141668,0.16073422306859197,0.06616862326574173
file_mod5,A3_s2_lifetime_r2,3,4,0.30000000000000004,1.009279672779437,0.0892315170633467,0.15934672020531082,0.0672358591248666
file_mod5,A3_s2_lifetime_r2,3,4,0.35,1.0107782963343253,0.09035515839720598,0.15973963660575435,0.064034151547492
file_mod5,A3_s2_lifetime_r2,3,4,0.4,1.0032881466499637,0.09175280931594765,0.16330099862220615,0.06510138740661686
file_mod5,A3_s2_lifetime_r2,3,4,0.45000000000000007,1.0032308979059432,0.09474566482638125,0.1661114949245257,0.060832443970117396
file_mod5,A3_s2_lifetime_r2,3,4,0.5,1.0024567768331312,0.10073156517209986,0.1764264544640876,0.0576307363927428
file_mod5,A3_s2_lifetime_r2,3,4,0.55,1.0057646320515667,0.10568927648120358,0.18509574609481028,0.060832443970117396
file_mod5,A3_s2_lifetime_r2,3,4,0.6,1.0077596390814354,0.11076599411905486,0.1945577366372671,0.05656350053361793
file_mod5,A3_s2_lifetime_r2,3,4,0.65,1.0056451431374498,0.11725893274227067,0.20243697291051244,0.05869797225186766
file_mod5,A3_s2_lifetime_r2,3,4,0.7000000000000001,1.0073558823025266,0.1238340838181074,0.21397931937610737,0.060832443970117396
file_mod5,A3_s2_lifetime_r2,3,4,0.75,1.0088217449474306,0.12941659224812146,0.22539957688143653,0.06296691568836713
file_mod5,A3_s2_lifetime_r2,3,4,0.8,1.0057550154020332,0.13789247742439653,0.23621108789572492,0.064034151547492
file_mod5,A3_s2_lifetime_r2,3,4,0.85,1.0046661906767769,0.14624659757931785,0.24852354233782914,0.06296691568836713
file_mod5,A3_s2_lifetime_r2,3,4,0.9,0.9987658790016112,0.15483698118687433,0.2562404860346345,0.0576307363927428
file_mod5,A3_s2_lifetime_r2,4,0,0.1,1.0024908599506897,0.08751849551985014,0.15645757106964242,0.07342657342657342
file_mod5,A3_s2_lifetime_r2,4,0,0.15000000000000002,1.0077044711566674,0.08432724516581319,0.14950714590858638,0.07226107226107226
file_mod5,A3_s2_lifetime_r2,4,0,0.2,1.008914719097073,0.08151398539410953,0.14848059459295115,0.0780885780885781
file_mod5,A3_s2_lifetime_r2,4,0,0.25,1.0119164876336113,0.08038727012199326,0.1462896810601207,0.08275058275058275
file_mod5,A3_s2_lifetime_r2,4,0,0.30000000000000004,1.0130578411414017,0.08044017022462469,0.14402759805053889,0.07692307692307693
file_mod5,A3_s2_lifetime_r2,4,0,0.35,1.0091270906554826,0.08300457151550805,0.14528914239605029,0.07109557109557109
file_mod5,A3_s2_lifetime_r2,4,0,0.4,1.0089150494466732,0.08809709143876959,0.1481713995702723,0.053613053613053616
file_mod5,A3_s2_lifetime_r2,4,0,0.45000000000000007,1.006473235846521,0.09076576715164547,0.15085774006873282,0.055944055944055944
file_mod5,A3_s2_lifetime_r2,4,0,0.5,1.0038941577620772,0.09564245073225752,0.15874610216647156,0.05244755244755245
file_mod5,A3_s2_lifetime_r2,4,0,0.55,1.0037224512103253,0.10182349058594037,0.16612129704640682,0.054778554778554776
file_mod5,A3_s2_lifetime_r2,4,0,0.6,1.004327347739087,0.1064285085036829,0.17443996841441523,0.05827505827505827
file_mod5,A3_s2_lifetime_r2,4,0,0.65,1.007321931846044,0.11164308269832851,0.1854034717659111,0.06177156177156177
file_mod5,A3_s2_lifetime_r2,4,0,0.7000000000000001,1.0081194955541237,0.1209338912948994,0.19663770641593264,0.05710955710955711
file_mod5,A3_s2_lifetime_r2,4,0,0.75,1.0095442840890807,0.12882849677657654,0.21102215771703603,0.055944055944055944
file_mod5,A3_s2_lifetime_r2,4,0,0.8,1.005837073307673,0.13735288351048425,0.22368984318778967,0.055944055944055944
file_mod5,A3_s2_lifetime_r2,4,0,0.85,1.0035901203191884,0.1458129088354691,0.23854339011862336,0.053613053613053616
file_mod5,A3_s2_lifetime_r2,4,0,0.9,1.0051934830610914,0.1538929616441212,0.2535292944468326,0.055944055944055944
file_mod5,A4_both,0,1,0.1,1.004850488547595,0.08010217115073315,0.15534544914518977,0.09330406147091108
file_mod5,A4_both,0,1,0.15000000000000002,1.00688108786863,0.07624345527052107,0.14906646065098228,0.09220636663007684
file_mod5,A4_both,0,1,0.2,1.008489499985751,0.0731928812051802,0.14399344300319583,0.09110867178924259
file_mod5,A4_both,0,1,0.25,1.0088661805223604,0.0719479143948899,0.1369376904656754,0.09330406147091108
file_mod5,A4_both,0,1,0.30000000000000004,1.0089644497818262,0.0685200275317796,0.13239903085163163,0.09330406147091108
file_mod5,A4_both,0,1,0.35,1.0083596248201243,0.06727618616718539,0.13223980598392027,0.10537870472008781
file_mod5,A4_both,0,1,0.4,1.0084727920994967,0.06756443399271345,0.13226198741344336,0.09659714599341383
file_mod5,A4_both,0,1,0.45000000000000007,1.0083292556351822,0.07012218853783092,0.13292193653744855,0.08342480790340286
file_mod5,A4_both,0,1,0.5,1.0075187225175435,0.0718198255650998,0.13258608747512934,0.07903402854006586
file_mod5,A4_both,0,1,0.55,1.0063868683931498,0.07414654477110516,0.13660329971766538,0.07574094401756312
file_mod5,A4_both,0,1,0.6,1.0042189896082165,0.076243099006434,0.1391171056583118,0.08122941822173436
file_mod5,A4_both,0,1,0.65,1.0042801885692394,0.07963964424916448,0.14949800126639318,0.08342480790340286
file_mod5,A4_both,0,1,0.7000000000000001,1.0032961461368988,0.08300157776387107,0.15608346734849954,0.0867178924259056
file_mod5,A4_both,0,1,0.75,1.002837617143041,0.08655199027063387,0.1656368594503615,0.0867178924259056
file_mod5,A4_both,0,1,0.8,1.0018850818784806,0.09222934817972356,0.17775830863464748,0.0845225027442371
file_mod5,A4_both,0,1,0.85,1.001159463415111,0.09718938997939502,0.18965546859351212,0.08342480790340286
file_mod5,A4_both,0,1,0.9,1.000702785140428,0.10428828912845672,0.19790373446357773,0.08122941822173436
file_mod5,A4_both,1,2,0.1,1.00129664884736,0.08417366438549034,0.15506982629770544,0.07751937984496124
file_mod5,A4_both,1,2,0.15000000000000002,1.0030157628526806,0.07944998129333342,0.14488082566316496,0.07751937984496124
file_mod5,A4_both,1,2,0.2,1.004284565368342,0.0723375282166982,0.13843313428402432,0.08748615725359911
file_mod5,A4_both,1,2,0.25,1.005628021106021,0.07008505963701522,0.13204368758041202,0.08970099667774087
file_mod5,A4_both,1,2,0.30000000000000004,1.005250910569768,0.06908493368894847,0.12656863697811732,0.08527131782945736
file_mod5,A4_both,1,2,0.35,1.0057697387260973,0.06802101376189401,0.12369485265321423,0.08637873754152824
file_mod5,A4_both,1,2,0.4,1.0051405445409878,0.06428310074705401,0.12812859546545063,0.09413067552602436
file_mod5,A4_both,1,2,0.45000000000000007,1.005620197175869,0.06448281251030236,0.12824720463525968,0.10188261351052048
file_mod5,A4_both,1,2,0.5,1.005253040130208,0.06337736158151297,0.133723940572802,0.11517165005537099
file_mod5,A4_both,1,2,0.55,1.003998218687255,0.0675690940967617,0.13546283288018124,0.10188261351052048
file_mod5,A4_both,1,2,0.6,1.002908860161284,0.06901055451367338,0.13964290647047656,0.10520487264673312
file_mod5,A4_both,1,2,0.65,1.0027889898465432,0.07590249806124943,0.1434181933871176,0.08859357696567
file_mod5,A4_both,1,2,0.7000000000000001,1.0026704029426852,0.08174509683970799,0.1521898610530571,0.09302325581395349
file_mod5,A4_both,1,2,0.75,1.0036503902080356,0.08944083387413398,0.15986589438411225,0.08970099667774087
file_mod5,A4_both,1,2,0.8,1.0017583878882748,0.09645892814646417,0.17110397689159051,0.08637873754152824
file_mod5,A4_both,1,2,0.85,1.0032862338392066,0.10386385592920627,0.18361363411045284,0.08305647840531562
file_mod5,A4_both,1,2,0.9,1.0044508787662019,0.11079393706010154,0.19818672462638048,0.08416389811738649
file_mod5,A4_both,2,3,0.1,1.0010046638457684,0.08868680182057403,0.16131420222809545,0.08080808080808081
file_mod5,A4_both,2,3,0.15000000000000002,1.0021546629565057,0.08490762307723598,0.1555645778864152,0.0819304152637486
file_mod5,A4_both,2,3,0.2,1.0037043440498237,0.07965561713567931,0.15327688971845954,0.08641975308641975
file_mod5,A4_both,2,3,0.25,1.0044393315549285,0.07518966261134591,0.14665278340038035,0.08978675645342311
file_mod5,A4_both,2,3,0.30000000000000004,1.005259631370222,0.0757328579679189,0.14062208544702054,0.08080808080808081
file_mod5,A4_both,2,3,0.35,1.0051555168194923,0.07454286376484026,0.1393843303386625,0.08305274971941638
file_mod5,A4_both,2,3,0.4,1.0049716687027743,0.07283270920181645,0.1358414351465871,0.07856341189674523
file_mod5,A4_both,2,3,0.45000000000000007,1.004886697824142,0.072541356023759,0.13681718265535736,0.08417508417508418
file_mod5,A4_both,2,3,0.5,1.004654409970187,0.06997022288313848,0.13633202876999428,0.09427609427609428
file_mod5,A4_both,2,3,0.55,1.0038894247657622,0.07045558247502842,0.13823590773762412,0.0931537598204265
file_mod5,A4_both,2,3,0.6,1.002301314067679,0.0714324178530259,0.1408582561346975,0.08866442199775533
file_mod5,A4_both,2,3,0.65,1.002173235823633,0.07225394027454396,0.1425889296997045,0.09988776655443322
file_mod5,A4_both,2,3,0.7000000000000001,1.002145010395113,0.07454852651580512,0.15154293521926715,0.10213243546576879
file_mod5,A4_both,2,3,0.75,1.0034427414014981,0.07703075572042684,0.15872340665888418,0.10549943883277217
file_mod5,A4_both,2,3,0.8,1.0044808410882133,0.08257537236228452,0.16790259939605673,0.10662177328843996
file_mod5,A4_both,2,3,0.85,1.0047718323654995,0.09144249149332573,0.18241676827562114,0.10101010101010101
file_mod5,A4_both,2,3,0.9,1.0043171396652046,0.09732917255415102,0.19324770448970174,0.10213243546576879
file_mod5,A4_both,3,4,0.1,1.0010170465411579,0.09438766278110822,0.16302799118393713,0.064034151547492
file_mod5,A4_both,3,4,0.15000000000000002,1.0023783139644427,0.08893660118827018,0.1521763864800615,0.0672358591248666
file_mod5,A4_both,3,4,0.2,1.0042000614950601,0.08304601661742883,0.14644594561297414,0.06830309498399147
file_mod5,A4_both,3,4,0.25,1.005270520228689,0.07798232190854987,0.14092813574688517,0.07043756670224119
file_mod5,A4_both,3,4,0.30000000000000004,1.0052489492086099,0.07361413726730226,0.13608364264332207,0.08537886872998933
file_mod5,A4_both,3,4,0.35,1.004975011685671,0.07172718370150549,0.1333159040427443,0.08110992529348986
file_mod5,A4_both,3,4,0.4,1.0042482858170916,0.06900754533006831,0.13180056323723421,0.09071504802561366
file_mod5,A4_both,3,4,0.45000000000000007,1.0046206868831158,0.06900972038666076,0.13063577571237034,0.09071504802561366
file_mod5,A4_both,3,4,0.5,1.0043974807507472,0.06885740389878248,0.1342329739271899,0.08751334044823907
file_mod5,A4_both,3,4,0.55,1.003802318155292,0.06862628593386977,0.14062034140907914,0.09284951974386339
file_mod5,A4_both,3,4,0.6,1.004293723867542,0.07265835622223715,0.14447480420872832,0.09391675560298826
file_mod5,A4_both,3,4,0.65,1.0027607284656264,0.0762976417271648,0.15175849080197246,0.09818569903948772
file_mod5,A4_both,3,4,0.7000000000000001,1.0027331200043492,0.0795249433404861,0.15877213930347278,0.09711846318036287
file_mod5,A4_both,3,4,0.75,1.0039237975891067,0.08606989966778034,0.16965879200986772,0.09391675560298826
file_mod5,A4_both,3,4,0.8,1.0035736933456691,0.09296850842427129,0.17666422348497124,0.09178228388473852
file_mod5,A4_both,3,4,0.85,1.0021811896862236,0.09766884462187875,0.18899635262575826,0.09391675560298826
file_mod5,A4_both,3,4,0.9,1.0018209237193259,0.10490464321563392,0.20114487380790558,0.08858057630736393
file_mod5,A4_both,4,0,0.1,1.0022756555327101,0.08450758162906202,0.15424073971743885,0.07459207459207459
file_mod5,A4_both,4,0,0.15000000000000002,1.0026667247470777,0.07988759048110061,0.1436739868093414,0.07342657342657342
file_mod5,A4_both,4,0,0.2,1.0046052292378043,0.07285787672642519,0.13948137413224904,0.08275058275058275
file_mod5,A4_both,4,0,0.25,1.004550663577548,0.06771404944961451,0.13397711861588119,0.0944055944055944
file_mod5,A4_both,4,0,0.30000000000000004,1.0063373149175212,0.06454738750866884,0.1295814862355527,0.10139860139860139
file_mod5,A4_both,4,0,0.35,1.0065579520091297,0.062246094101609806,0.1271110956276309,0.10139860139860139
file_mod5,A4_both,4,0,0.4,1.004459967563429,0.059332398929077046,0.12693271946007562,0.11538461538461539
file_mod5,A4_both,4,0,0.45000000000000007,1.004785122751132,0.059474943744548536,0.12331933801749734,0.10955710955710955
file_mod5,A4_both,4,0,0.5,1.0044894410914318,0.06076652832603646,0.1264135803227534,0.11188811188811189
file_mod5,A4_both,4,0,0.55,1.0031025907346216,0.06378249966753441,0.12648138585781082,0.10722610722610723
file_mod5,A4_both,4,0,0.6,1.000025513984315,0.0689507539630172,0.12493644989850466,0.09673659673659674
file_mod5,A4_both,4,0,0.65,0.9988598592152953,0.07390702025499152,0.13251134651584667,0.08624708624708624
file_mod5,A4_both,4,0,0.7000000000000001,0.9991077300151188,0.07796328951913428,0.14169428733423223,0.09324009324009325
file_mod5,A4_both,4,0,0.75,0.9980274250330874,0.08223139364505616,0.15369995978809325,0.08974358974358974
file_mod5,A4_both,4,0,0.8,0.9979037778376545,0.08915899156997148,0.1646731839863786,0.08508158508158509
file_mod5,A4_both,4,0,0.85,0.9986933983343311,0.09788038830341012,0.174521297464385,0.07575757575757576
file_mod5,A4_both,4,0,0.9,0.9973478714129586,0.10443838383307685,0.18687220894370865,0.07459207459207459
file_mod5,A5_both_file_linear,0,1,0.1,1.0041419671527787,0.08222103044257512,0.15454791029403037,0.0889132821075741
file_mod5,A5_both_file_linear,0,1,0.15000000000000002,1.0055405226059844,0.07694194137565724,0.14923289648650317,0.09330406147091108
file_mod5,A5_both_file_linear,0,1,0.2,1.0074274979574844,0.0734958837671259,0.14259926000443213,0.09110867178924259
file_mod5,A5_both_file_linear,0,1,0.25,1.008832083189004,0.07123985955018958,0.13567146589512535,0.09769484083424808
file_mod5,A5_both_file_linear,0,1,0.30000000000000004,1.0091176927012997,0.0686910645818693,0.13229141691315693,0.09220636663007684
file_mod5,A5_both_file_linear,0,1,0.35,1.008351086173362,0.0670009041436394,0.13168689573860687,0.10428100987925357
file_mod5,A5_both_file_linear,0,1,0.4,1.008459543751628,0.06814927363127049,0.1327023128386996,0.09001097694840834
file_mod5,A5_both_file_linear,0,1,0.45000000000000007,1.0075685288425245,0.07121184997226615,0.13333756263583119,0.0801317233809001
file_mod5,A5_both_file_linear,0,1,0.5,1.006689936864635,0.07244348345155943,0.1322436545957812,0.07683863885839737
file_mod5,A5_both_file_linear,0,1,0.55,1.0062264787043793,0.07413436843089821,0.13689857855951482,0.07793633369923161
file_mod5,A5_both_file_linear,0,1,0.6,1.0039907185733083,0.07564428028987236,0.14019803707814726,0.08122941822173436
file_mod5,A5_both_file_linear,0,1,0.65,1.0038928881369764,0.0791636385744327,0.1494536965627179,0.0845225027442371
file_mod5,A5_both_file_linear,0,1,0.7000000000000001,1.0032834694599384,0.08279016567303621,0.15612392144020276,0.08562019758507135
file_mod5,A5_both_file_linear,0,1,0.75,1.0032887686100758,0.08717903951283262,0.16594686548584997,0.0845225027442371
file_mod5,A5_both_file_linear,0,1,0.8,1.0017102158884439,0.09267873386614744,0.17789637900768734,0.08342480790340286
file_mod5,A5_both_file_linear,0,1,0.85,1.0014235135640677,0.09774149038031316,0.1902512839026257,0.08342480790340286
file_mod5,A5_both_file_linear,0,1,0.9,1.0004470388313147,0.10413642542073126,0.19814746390311,0.08122941822173436
file_mod5,A5_both_file_linear,1,2,0.1,1.0024146081889107,0.08478698837471227,0.1559264634942173,0.07862679955703211
file_mod5,A5_both_file_linear,1,2,0.15000000000000002,1.0032322030136736,0.0794750380466347,0.1442918320329169,0.07641196013289037
file_mod5,A5_both_file_linear,1,2,0.2,1.004513704796797,0.07344412016796398,0.1375257158330072,0.08527131782945736
file_mod5,A5_both_file_linear,1,2,0.25,1.0058965469209484,0.07034054263903755,0.1322827521373729,0.08859357696567
file_mod5,A5_both_file_linear,1,2,0.30000000000000004,1.0058877280449363,0.0695450663637171,0.12537645443615097,0.08416389811738649
file_mod5,A5_both_file_linear,1,2,0.35,1.0058958664362172,0.06756418203448117,0.12346672101478401,0.08859357696567
file_mod5,A5_both_file_linear,1,2,0.4,1.0055362357863644,0.06467562005676691,0.12749295775950903,0.09413067552602436
file_mod5,A5_both_file_linear,1,2,0.45000000000000007,1.0058927703708807,0.06410842348278639,0.12809226576734867,0.10409745293466224
file_mod5,A5_both_file_linear,1,2,0.5,1.0058518937247944,0.06328950042673948,0.13323801247311784,0.11406423034330011
file_mod5,A5_both_file_linear,1,2,0.55,1.0045077782342475,0.06729646513574361,0.135444349718445,0.10299003322259136
file_mod5,A5_both_file_linear,1,2,0.6,1.003348713114323,0.06881003155692,0.1398728935896439,0.10852713178294573
file_mod5,A5_both_file_linear,1,2,0.65,1.0034229907412135,0.07550120358732026,0.1434268665469326,0.08970099667774087
file_mod5,A5_both_file_linear,1,2,0.7000000000000001,1.003146730566031,0.08143276068793892,0.1521847348509694,0.09302325581395349
file_mod5,A5_both_file_linear,1,2,0.75,1.0039481796602365,0.08961552529391409,0.16051150340640474,0.08970099667774087
file_mod5,A5_both_file_linear,1,2,0.8,1.0017732115619669,0.09632405695706142,0.17142589773420558,0.08637873754152824
file_mod5,A5_both_file_linear,1,2,0.85,1.0032345246664913,0.1038561131865916,0.18335848595367077,0.08305647840531562
file_mod5,A5_both_file_linear,1,2,0.9,1.0048124444310251,0.11082282111596964,0.19679235812846468,0.08305647840531562
file_mod5,A5_both_file_linear,2,3,0.1,1.0007681585302497,0.08853322777575134,0.16150445993726503,0.0819304152637486
file_mod5,A5_both_file_linear,2,3,0.15000000000000002,1.0023866020155514,0.08477236937862415,0.15564459435124245,0.08305274971941638
file_mod5,A5_both_file_linear,2,3,0.2,1.004063069147107,0.07948867480680821,0.1535490488144719,0.08529741863075196
file_mod5,A5_both_file_linear,2,3,0.25,1.00377031551608,0.07506212934915113,0.14665478410160104,0.08978675645342311
file_mod5,A5_both_file_linear,2,3,0.30000000000000004,1.0048360662405051,0.07620244152558403,0.14148944835174548,0.07968574635241302
file_mod5,A5_both_file_linear,2,3,0.35,1.0043282476852364,0.07408271162019398,0.13797891594788342,0.08529741863075196
file_mod5,A5_both_file_linear,2,3,0.4,1.0039753958561486,0.0720192686314145,0.13607996193883465,0.08417508417508418
file_mod5,A5_both_file_linear,2,3,0.45000000000000007,1.004357823373632,0.07052238388001103,0.1373376041826604,0.0931537598204265
file_mod5,A5_both_file_linear,2,3,0.5,1.0044844783333047,0.07085525148323352,0.13637623262231247,0.08754208754208755
file_mod5,A5_both_file_linear,2,3,0.55,1.002114066871474,0.06980659775368242,0.13713770866555597,0.09539842873176206
file_mod5,A5_both_file_linear,2,3,0.6,1.0009701987106414,0.07134083546960301,0.14100214325942506,0.08978675645342311
file_mod5,A5_both_file_linear,2,3,0.65,1.0002833310028727,0.0728364581861981,0.14320133787488032,0.09539842873176206
file_mod5,A5_both_file_linear,2,3,0.7000000000000001,1.0005531098832012,0.07561548516282879,0.14953492161696602,0.10101010101010101
file_mod5,A5_both_file_linear,2,3,0.75,1.0025420441872654,0.07866509353456386,0.15709964908076934,0.10662177328843996
file_mod5,A5_both_file_linear,2,3,0.8,1.0037395436318568,0.08388100539061677,0.16592062060365337,0.10662177328843996
file_mod5,A5_both_file_linear,2,3,0.85,1.0042476016904271,0.09101898173899697,0.18139378960898056,0.10213243546576879
file_mod5,A5_both_file_linear,2,3,0.9,1.0023911192928439,0.0978323560146025,0.1928267417760131,0.10101010101010101
file_mod5,A5_both_file_linear,3,4,0.1,1.0016871176465911,0.09313347625092816,0.16231295684985064,0.06616862326574173
file_mod5,A5_both_file_linear,3,4,0.15000000000000002,1.002994781462381,0.08887172514881708,0.15382242705853516,0.06616862326574173
file_mod5,A5_both_file_linear,3,4,0.2,1.0040540903359474,0.08301569253186702,0.14751275866277008,0.06616862326574173
file_mod5,A5_both_file_linear,3,4,0.25,1.0048165869617411,0.07858080037403808,0.14004445215146633,0.07150480256136606
file_mod5,A5_both_file_linear,3,4,0.30000000000000004,1.0058642083129372,0.074095432670649,0.13778119027190688,0.08217716115261472
file_mod5,A5_both_file_linear,3,4,0.35,1.0072400364890641,0.07194548757798813,0.13346254717445039,0.08110992529348986
file_mod5,A5_both_file_linear,3,4,0.4,1.0051198002405664,0.06980947943193505,0.13241241399189196,0.08537886872998933
file_mod5,A5_both_file_linear,3,4,0.45000000000000007,1.0047889679375597,0.06888556003748347,0.13136721811969404,0.09178228388473852
file_mod5,A5_both_file_linear,3,4,0.5,1.0049488355510532,0.07128221704646909,0.1355777817655628,0.08217716115261472
file_mod5,A5_both_file_linear,3,4,0.55,1.0054806280580795,0.07042233286095828,0.13886282089832586,0.0864461045891142
file_mod5,A5_both_file_linear,3,4,0.6,1.0030615442481763,0.07267029094798272,0.1441192119197407,0.09498399146211313
file_mod5,A5_both_file_linear,3,4,0.65,1.002137567346013,0.07659798723704053,0.1513857840914108,0.09818569903948772
file_mod5,A5_both_file_linear,3,4,0.7000000000000001,1.0030308330252984,0.07986460538908552,0.1591455481149639,0.09711846318036287
file_mod5,A5_both_file_linear,3,4,0.75,1.0041025946773519,0.08606618522081916,0.16924986674303322,0.09498399146211313
file_mod5,A5_both_file_linear,3,4,0.8,1.0021031021473938,0.09287254847207682,0.1768813494990284,0.09178228388473852
file_mod5,A5_both_file_linear,3,4,0.85,1.002151067565364,0.09792258846376545,0.189092928146878,0.09391675560298826
file_mod5,A5_both_file_linear,3,4,0.9,1.001642913292071,0.10489385127180884,0.20115459552280862,0.08858057630736393
file_mod5,A5_both_file_linear,4,0,0.1,1.0042044569703548,0.08562476594141177,0.15356430902607504,0.07226107226107226
file_mod5,A5_both_file_linear,4,0,0.15000000000000002,1.005218116581731,0.07895831115942153,0.14470263420423235,0.07692307692307693
file_mod5,A5_both_file_linear,4,0,0.2,1.0054485669047541,0.07239672248441337,0.14037888860147363,0.08508158508158509
file_mod5,A5_both_file_linear,4,0,0.25,1.0059499798568663,0.06800039791801521,0.13451615117878046,0.09090909090909091
file_mod5,A5_both_file_linear,4,0,0.30000000000000004,1.0079352373942172,0.06496591915223043,0.1293426279762327,0.09557109557109557
file_mod5,A5_both_file_linear,4,0,0.35,1.0080537799280103,0.06305498890965966,0.12862236749540862,0.09673659673659674
file_mod5,A5_both_file_linear,4,0,0.4,1.005953509286396,0.060946164950614445,0.12791018010216249,0.10839160839160839
file_mod5,A5_both_file_linear,4,0,0.45000000000000007,1.0062241348838266,0.06084559249447141,0.12363233942186014,0.10606060606060606
file_mod5,A5_both_file_linear,4,0,0.5,1.0061698837487083,0.06157458896348844,0.12440802931079104,0.10955710955710955
file_mod5,A5_both_file_linear,4,0,0.55,1.0029152067297742,0.06476108139268022,0.12474008855947422,0.10023310023310024
file_mod5,A5_both_file_linear,4,0,0.6,1.0012000357523123,0.06901667311094828,0.12466971848870095,0.0979020979020979
file_mod5,A5_both_file_linear,4,0,0.65,1.000094198060981,0.07472732474634147,0.13294276520762854,0.08974358974358974
file_mod5,A5_both_file_linear,4,0,0.7000000000000001,0.9990780209591728,0.07821973807241422,0.14129426368063464,0.09324009324009325
file_mod5,A5_both_file_linear,4,0,0.75,0.9996945926169634,0.08215443140320666,0.15274192451229834,0.09207459207459208
file_mod5,A5_both_file_linear,4,0,0.8,0.9980161632719164,0.08895226907048132,0.16494175165642588,0.08508158508158509
file_mod5,A5_both_file_linear,4,0,0.85,0.9984192831323753,0.09771479571251873,0.17437917637670464,0.07575757575757576
file_mod5,A5_both_file_linear,4,0,0.9,0.9974727346709928,0.10435645413819539,0.18676772926187646,0.07459207459207459
contiguous_file_block,A0_raw,0,1,0.1,1.0109058272100562,0.15032076090812785,0.28478230620034406,0.08626198083067092
contiguous_file_block,A0_raw,0,1,0.15000000000000002,1.0138887108278625,0.13868214315710736,0.2614917017634055,0.08093716719914804
contiguous_file_block,A0_raw,0,1,0.2,1.0203554876368177,0.12592234675867375,0.23337017410105027,0.08200212992545261
contiguous_file_block,A0_raw,0,1,0.25,1.019355723802681,0.11477002605148307,0.21066406077695532,0.08093716719914804
contiguous_file_block,A0_raw,0,1,0.30000000000000004,1.019709177464148,0.1049583104244926,0.19291278292730485,0.07987220447284345
contiguous_file_block,A0_raw,0,1,0.35,1.0228986846134487,0.09690931055374463,0.17823071350271447,0.07561235356762513
contiguous_file_block,A0_raw,0,1,0.4,1.0247819384018755,0.08750552772798603,0.1603735735849478,0.07454739084132056
contiguous_file_block,A0_raw,0,1,0.45000000000000007,1.0280061559515543,0.08315616779859919,0.15046817406323515,0.07028753993610223
contiguous_file_block,A0_raw,0,1,0.5,1.029278760072346,0.0794818644684559,0.14704816602667076,0.07561235356762513
contiguous_file_block,A0_raw,0,1,0.55,1.0291178098276321,0.07592902970550935,0.14659797259187335,0.08519701810436635
contiguous_file_block,A0_raw,0,1,0.6,1.0280135193857758,0.07923179185588602,0.15459595746937888,0.08413205537806177
contiguous_file_block,A0_raw,0,1,0.65,1.0258741131885325,0.08479602050404927,0.15875059691265636,0.08839190628328009
contiguous_file_block,A0_raw,0,1,0.7000000000000001,1.0195615436887477,0.0950879271739587,0.16966228788118298,0.08093716719914804
contiguous_file_block,A0_raw,0,1,0.75,1.0183860195164185,0.10798540483732844,0.1872947263111836,0.07667731629392971
contiguous_file_block,A0_raw,0,1,0.8,1.0144650290458306,0.12038800951117345,0.20486550983488477,0.07028753993610223
contiguous_file_block,A0_raw,0,1,0.85,1.0119954585436153,0.13222581709757314,0.2248745966039511,0.06496272630457935
contiguous_file_block,A0_raw,0,1,0.9,1.0071880350773448,0.1496226526905549,0.25055349993407483,0.054313099041533544
contiguous_file_block,A0_raw,1,0,0.1,1.0109058272100562,0.15282110311331015,0.2824065637348089,0.07479861910241657
contiguous_file_block,A0_raw,1,0,0.15000000000000002,1.0138887108278625,0.13677130483249922,0.2520255589014369,0.08170310701956271
contiguous_file_block,A0_raw,1,0,0.2,1.0203554876368177,0.12604824734595887,0.23100681489228253,0.07479861910241657
contiguous_file_block,A0_raw,1,0,0.25,1.019355723802681,0.11753393541804225,0.2109425069664102,0.0713463751438435
contiguous_file_block,A0_raw,1,0,0.30000000000000004,1.019709177464148,0.10698079458793758,0.18686804302617144,0.07249712313003452
contiguous_file_block,A0_raw,1,0,0.35,1.0228986846134487,0.0987456761814463,0.17336282185609414,0.06214039125431531
contiguous_file_block,A0_raw,1,0,0.4,1.0247819384018755,0.09194120391276472,0.1597226252584622,0.06214039125431531
contiguous_file_block,A0_raw,1,0,0.45000000000000007,1.0280061559515543,0.08660679398057897,0.15036751151988903,0.05983889528193326
contiguous_file_block,A0_raw,1,0,0.5,1.029278760072346,0.08408318176941443,0.14748375363861638,0.06559263521288838
contiguous_file_block,A0_raw,1,0,0.55,1.0291178098276321,0.08141012736261366,0.1449068653078226,0.07710011507479862
contiguous_file_block,A0_raw,1,0,0.6,1.0280135193857758,0.08420005205758013,0.14905544572950874,0.07825086306098965
contiguous_file_block,A0_raw,1,0,0.65,1.0258741131885325,0.08787748483878455,0.15367525210405947,0.07825086306098965
contiguous_file_block,A0_raw,1,0,0.7000000000000001,1.0195615436887477,0.0968768364662822,0.16609926800428648,0.06789413118527042
contiguous_file_block,A0_raw,1,0,0.75,1.0183860195164185,0.10807308851900166,0.18025892431228152,0.06559263521288838
contiguous_file_block,A0_raw,1,0,0.8,1.0144650290458306,0.11937063122245811,0.19814936884494383,0.06904487917146145
contiguous_file_block,A0_raw,1,0,0.85,1.0119954585436153,0.1330088132716255,0.2167383471242118,0.06214039125431531
contiguous_file_block,A0_raw,1,0,0.9,1.0071880350773448,0.14797712176393618,0.23295329145409033,0.05753739930955121
contiguous_file_block,A0_raw,2,1,0.1,1.0287489133120022,0.151038575091396,0.2859446850459294,0.08626198083067092
contiguous_file_block,A0_raw,2,1,0.15000000000000002,1.0333801618564544,0.13993943014395355,0.26370008047014853,0.08093716719914804
contiguous_file_block,A0_raw,2,1,0.2,1.0319219330277254,0.12737526075624844,0.23502953540195598,0.0777422790202343
contiguous_file_block,A0_raw,2,1,0.25,1.0336362386215545,0.11571969868823917,0.21281712088368948,0.07987220447284345
contiguous_file_block,A0_raw,2,1,0.30000000000000004,1.0355463074081386,0.1062361722117206,0.19519975205391854,0.0777422790202343
contiguous_file_block,A0_raw,2,1,0.35,1.0380333433030837,0.09763994211828952,0.17936540012787394,0.07667731629392971
contiguous_file_block,A0_raw,2,1,0.4,1.039958812804523,0.08813288079690157,0.16064039114720852,0.07667731629392971
contiguous_file_block,A0_raw,2,1,0.45000000000000007,1.0409108993484506,0.08306044687028441,0.1516411408207402,0.06922257720979766
contiguous_file_block,A0_raw,2,1,0.5,1.0416519056063778,0.0802900134163288,0.1463862015679689,0.07135250266240682
contiguous_file_block,A0_raw,2,1,0.55,1.0404945208794154,0.07542976634554094,0.1464185395840164,0.08626198083067092
contiguous_file_block,A0_raw,2,1,0.6,1.036774121774103,0.07900197134364068,0.1530653712578754,0.08200212992545261
contiguous_file_block,A0_raw,2,1,0.65,1.0345793919348065,0.08487912290879168,0.1584721045872044,0.08519701810436635
contiguous_file_block,A0_raw,2,1,0.7000000000000001,1.028777601725065,0.0938185402672454,0.16831091593937586,0.08200212992545261
contiguous_file_block,A0_raw,2,1,0.75,1.0249765008977245,0.1072994267038665,0.18633001358596013,0.07667731629392971
contiguous_file_block,A0_raw,2,1,0.8,1.0189766314224036,0.11984669364233858,0.203254945878662,0.06922257720979766
contiguous_file_block,A0_raw,2,1,0.85,1.0155126601082112,0.13106926179389278,0.22324826660458935,0.06602768903088392
contiguous_file_block,A0_raw,2,1,0.9,1.00728241859701,0.14934830512739777,0.24911505859529243,0.054313099041533544
contiguous_file_block,A0_raw,3,2,0.1,0.9988756678974011,0.15945376020566038,0.28054086081582996,0.06896551724137931
contiguous_file_block,A0_raw,3,2,0.15000000000000002,1.0043113105251515,0.14379065886910652,0.2592284902281691,0.07219827586206896
contiguous_file_block,A0_raw,3,2,0.2,1.014699018790006,0.13039385516885554,0.23220795043193637,0.07327586206896551
contiguous_file_block,A0_raw,3,2,0.25,1.0152211591470692,0.11545893113317957,0.2125866974919569,0.07758620689655173
contiguous_file_block,A0_raw,3,2,0.30000000000000004,1.0159618549940368,0.10501709409821536,0.18850549565034808,0.07327586206896551
contiguous_file_block,A0_raw,3,2,0.35,1.0163151125278156,0.0959358706157632,0.17594291965471687,0.07435344827586207
contiguous_file_block,A0_raw,3,2,0.4,1.0134847716520197,0.08989679789317734,0.16005446304154008,0.06788793103448276
contiguous_file_block,A0_raw,3,2,0.45000000000000007,1.0152618356618837,0.08437402455076759,0.14744034224128327,0.061422413793103446
contiguous_file_block,A0_raw,3,2,0.5,1.018150956472548,0.07789200795927964,0.1454772801262112,0.08081896551724138
contiguous_file_block,A0_raw,3,2,0.55,1.0177178715942814,0.07825090584942473,0.14422529138086393,0.08081896551724138
contiguous_file_block,A0_raw,3,2,0.6,1.0176947806887857,0.08029175992423282,0.1485921536154156,0.08189655172413793
contiguous_file_block,A0_raw,3,2,0.65,1.016440999394392,0.08479660473025341,0.15447270086513826,0.0894396551724138
contiguous_file_block,A0_raw,3,2,0.7000000000000001,1.0159532975825816,0.09367831041073876,0.16970900443168824,0.07974137931034483
contiguous_file_block,A0_raw,3,2,0.75,1.0129445557363561,0.10585750662615778,0.18529330494461754,0.07004310344827586
contiguous_file_block,A0_raw,3,2,0.8,1.0093745851938567,0.11994936392270766,0.19860881296133082,0.06465517241379311
contiguous_file_block,A0_raw,3,2,0.85,1.0066258675270896,0.1334585402757067,0.2196002954338891,0.0625
contiguous_file_block,A0_raw,3,2,0.9,1.003381468602269,0.1502134968971066,0.24339640384414946,0.05387931034482758
contiguous_file_block,A0_raw,4,3,0.1,1.007310138639427,0.15713100612891878,0.28096773665621394,0.07560137457044673
contiguous_file_block,A0_raw,4,3,0.15000000000000002,1.0082796799209643,0.1400293885881172,0.2569577785901304,0.08018327605956473
contiguous_file_block,A0_raw,4,3,0.2,1.0112165604886743,0.1270627025398533,0.23265971551040482,0.08247422680412371
contiguous_file_block,A0_raw,4,3,0.25,1.0154922436676581,0.11412787463225527,0.211357495578066,0.08705612829324169
contiguous_file_block,A0_raw,4,3,0.30000000000000004,1.0240720563787762,0.10111850962178581,0.19385939485763493,0.09507445589919816
contiguous_file_block,A0_raw,4,3,0.35,1.0174358978225366,0.09463216369696881,0.1790644587227988,0.0836197021764032
contiguous_file_block,A0_raw,4,3,0.4,1.0207485690529263,0.08933564612497225,0.16610909366435989,0.07216494845360824
contiguous_file_block,A0_raw,4,3,0.45000000000000007,1.0242045387696839,0.08498089374912116,0.15257592977479828,0.06529209621993128
contiguous_file_block,A0_raw,4,3,0.5,1.0246548740100039,0.07982618236423261,0.1470538133048498,0.07674684994272624
contiguous_file_block,A0_raw,4,3,0.55,1.0236815125160876,0.07251183142230333,0.14667461474426435,0.10194730813287514
contiguous_file_block,A0_raw,4,3,0.6,1.0220593939356588,0.0762616045056696,0.15174300737509866,0.08934707903780069
contiguous_file_block,A0_raw,4,3,0.65,1.0196489421038026,0.07925970463097148,0.1579011918319752,0.0882016036655212
contiguous_file_block,A0_raw,4,3,0.7000000000000001,1.0185005404851313,0.08755730588328176,0.17082307088516352,0.08132875143184422
contiguous_file_block,A0_raw,4,3,0.75,1.0159640136308847,0.09859267892010726,0.18540620669159247,0.08018327605956473
contiguous_file_block,A0_raw,4,3,0.8,1.0141292060445564,0.11231844219485387,0.20208305607709104,0.07674684994272624
contiguous_file_block,A0_raw,4,3,0.85,1.0114555604991136,0.12564266499201587,0.2246342289249884,0.07560137457044673
contiguous_file_block,A0_raw,4,3,0.9,1.0081281890328613,0.13885327535184333,0.2450424018425275,0.07101947308132875
contiguous_file_block,A1_s2_lifetime,0,1,0.1,1.007709468874384,0.10749354119081417,0.19603637128601215,0.07348242811501597
contiguous_file_block,A1_s2_lifetime,0,1,0.15000000000000002,1.0104563148633603,0.10468819524995682,0.18725407677569994,0.06922257720979766
contiguous_file_block,A1_s2_lifetime,0,1,0.2,1.0136003442770687,0.10207851264064371,0.17936355407400945,0.06283280085197018
contiguous_file_block,A1_s2_lifetime,0,1,0.25,1.016767237785954,0.09754379378303601,0.1732177079897309,0.06496272630457935
contiguous_file_block,A1_s2_lifetime,0,1,0.30000000000000004,1.01576273013078,0.09424951952208765,0.16916057559574643,0.0724174653887114
contiguous_file_block,A1_s2_lifetime,0,1,0.35,1.020126469562948,0.09147096172496988,0.16991571339346623,0.07561235356762513
contiguous_file_block,A1_s2_lifetime,0,1,0.4,1.0209788219933122,0.09067233120644913,0.16802528629993685,0.07880724174653887
contiguous_file_block,A1_s2_lifetime,0,1,0.45000000000000007,1.012194859594746,0.09269176979551141,0.16776741267028394,0.07454739084132056
contiguous_file_block,A1_s2_lifetime,0,1,0.5,1.0106943773926496,0.0989029150359712,0.17157721987774405,0.0670926517571885
contiguous_file_block,A1_s2_lifetime,0,1,0.55,1.0095356798919148,0.1028923388575328,0.17553267438609016,0.06496272630457935
contiguous_file_block,A1_s2_lifetime,0,1,0.6,1.0104712570778829,0.10842904991747476,0.18096542916445457,0.06283280085197018
contiguous_file_block,A1_s2_lifetime,0,1,0.65,1.0083944142215993,0.11676318211425124,0.19138755678639902,0.05750798722044728
contiguous_file_block,A1_s2_lifetime,0,1,0.7000000000000001,1.0024065558865392,0.12423719065570354,0.2032624009439521,0.058572949946751864
contiguous_file_block,A1_s2_lifetime,0,1,0.75,1.0046896362018942,0.1337839627764545,0.21799485868173202,0.051118210862619806
contiguous_file_block,A1_s2_lifetime,0,1,0.8,1.0117511595214905,0.14225698899295908,0.23357025495136935,0.05005324813631523
contiguous_file_block,A1_s2_lifetime,0,1,0.85,1.002637280969973,0.1496683875656969,0.25028219594655704,0.05218317358892439
contiguous_file_block,A1_s2_lifetime,0,1,0.9,1.0044035885013611,0.15967791083023225,0.2650057150783499,0.051118210862619806
contiguous_file_block,A1_s2_lifetime,1,0,0.1,1.007709468874384,0.10840911662647063,0.19298437421208703,0.07825086306098965
contiguous_file_block,A1_s2_lifetime,1,0,0.15000000000000002,1.0104563148633603,0.10585509904766621,0.18540452440710636,0.07019562715765247
contiguous_file_block,A1_s2_lifetime,1,0,0.2,1.0136003442770687,0.10032788810984095,0.17889311599393204,0.07249712313003452
contiguous_file_block,A1_s2_lifetime,1,0,0.25,1.016767237785954,0.09548391138681905,0.17647232519688943,0.08170310701956271
contiguous_file_block,A1_s2_lifetime,1,0,0.30000000000000004,1.01576273013078,0.09306168359918948,0.1730123615921615,0.0805523590333717
contiguous_file_block,A1_s2_lifetime,1,0,0.35,1.020126469562948,0.0940348054677172,0.17134738041480913,0.0713463751438435
contiguous_file_block,A1_s2_lifetime,1,0,0.4,1.0209788219933122,0.09427857593341266,0.1666626757048233,0.06559263521288838
contiguous_file_block,A1_s2_lifetime,1,0,0.45000000000000007,1.012194859594746,0.09772290456069321,0.16836890289583828,0.05293440736478711
contiguous_file_block,A1_s2_lifetime,1,0,0.5,1.0106943773926496,0.09920509019422902,0.1704721588308894,0.06214039125431531
contiguous_file_block,A1_s2_lifetime,1,0,0.55,1.0095356798919148,0.1016811533840461,0.17291994094311008,0.06904487917146145
contiguous_file_block,A1_s2_lifetime,1,0,0.6,1.0104712570778829,0.10566862544900507,0.1806575301047767,0.07364787111622555
contiguous_file_block,A1_s2_lifetime,1,0,0.65,1.0083944142215993,0.11266509192521429,0.18998488957753212,0.07019562715765247
contiguous_file_block,A1_s2_lifetime,1,0,0.7000000000000001,1.0024065558865392,0.11833038440176641,0.2002042048814266,0.06789413118527042
contiguous_file_block,A1_s2_lifetime,1,0,0.75,1.0046896362018942,0.1255131678807423,0.21102016106618787,0.06904487917146145
contiguous_file_block,A1_s2_lifetime,1,0,0.8,1.0117511595214905,0.1359783241892445,0.22394817619223645,0.06444188722669736
contiguous_file_block,A1_s2_lifetime,1,0,0.85,1.002637280969973,0.1460541005164651,0.2390523915073105,0.06098964326812428
contiguous_file_block,A1_s2_lifetime,1,0,0.9,1.0044035885013611,0.15731425726024834,0.2505845156863647,0.05753739930955121
contiguous_file_block,A1_s2_lifetime,2,1,0.1,1.0065555374840685,0.10745975721174672,0.1959843425126674,0.07348242811501597
contiguous_file_block,A1_s2_lifetime,2,1,0.15000000000000002,1.0091305234827805,0.10467812402785848,0.18721420636262626,0.06922257720979766
contiguous_file_block,A1_s2_lifetime,2,1,0.2,1.0124081801794318,0.10208088194130716,0.1793390869759668,0.06283280085197018
contiguous_file_block,A1_s2_lifetime,2,1,0.25,1.0150164517620754,0.09753340649626341,0.17319590896931208,0.06496272630457935
contiguous_file_block,A1_s2_lifetime,2,1,0.30000000000000004,1.0184112845283233,0.09423968091035351,0.1691734393333123,0.0724174653887114
contiguous_file_block,A1_s2_lifetime,2,1,0.35,1.0188676110946748,0.09147934475795905,0.16989477824795662,0.07561235356762513
contiguous_file_block,A1_s2_lifetime,2,1,0.4,1.019255939525594,0.0906651312319261,0.16797793474229178,0.07880724174653887
contiguous_file_block,A1_s2_lifetime,2,1,0.45000000000000007,1.0103170800299546,0.09268799001942418,0.16779522309112455,0.07454739084132056
contiguous_file_block,A1_s2_lifetime,2,1,0.5,1.0089532658170184,0.09886882991977386,0.17159435556852864,0.0670926517571885
contiguous_file_block,A1_s2_lifetime,2,1,0.55,1.0051197230149882,0.10293106586782885,0.17554838331339773,0.06496272630457935
contiguous_file_block,A1_s2_lifetime,2,1,0.6,1.0056557607768557,0.10844150644999917,0.18096532583568425,0.06283280085197018
contiguous_file_block,A1_s2_lifetime,2,1,0.65,1.00394494590802,0.11677708742763276,0.19145267263450583,0.05750798722044728
contiguous_file_block,A1_s2_lifetime,2,1,0.7000000000000001,1.0024482309235487,0.1242745698334472,0.20332600086540198,0.05750798722044728
contiguous_file_block,A1_s2_lifetime,2,1,0.75,1.0028433051175467,0.13381478671460795,0.21805842019611865,0.051118210862619806
contiguous_file_block,A1_s2_lifetime,2,1,0.8,1.0065420790503725,0.14226971081564294,0.23364418536519194,0.05005324813631523
contiguous_file_block,A1_s2_lifetime,2,1,0.85,1.003106017900781,0.14969766426178338,0.25033331835701067,0.05218317358892439
contiguous_file_block,A1_s2_lifetime,2,1,0.9,1.0023732983369171,0.15968988775337412,0.2650313686675969,0.051118210862619806
contiguous_file_block,A1_s2_lifetime,3,2,0.1,1.0093590936171173,0.11103613323740269,0.19697577528223503,0.07219827586206896
contiguous_file_block,A1_s2_lifetime,3,2,0.15000000000000002,1.0102367621586064,0.10671887438367345,0.18440910519520387,0.06788793103448276
contiguous_file_block,A1_s2_lifetime,3,2,0.2,1.0111745062670359,0.10126920407435902,0.17613593414826612,0.0668103448275862
contiguous_file_block,A1_s2_lifetime,3,2,0.25,1.0159937042619023,0.09714319068220495,0.16936893162592032,0.06357758620689655
contiguous_file_block,A1_s2_lifetime,3,2,0.30000000000000004,1.0177248662544582,0.0929732693775927,0.16694766315851167,0.0603448275862069
contiguous_file_block,A1_s2_lifetime,3,2,0.35,1.0188823579166613,0.09343289387537229,0.16383174792332095,0.06357758620689655
contiguous_file_block,A1_s2_lifetime,3,2,0.4,1.0098801473581953,0.09491905465130823,0.16196998805863794,0.05818965517241379
contiguous_file_block,A1_s2_lifetime,3,2,0.45000000000000007,1.0064730377434232,0.09467453893438238,0.166215029054545,0.057112068965517244
contiguous_file_block,A1_s2_lifetime,3,2,0.5,1.0054105711006283,0.09726824506239656,0.17139127662010295,0.06573275862068965
contiguous_file_block,A1_s2_lifetime,3,2,0.55,1.0076640790034868,0.1028429678398633,0.17594858538485236,0.06573275862068965
contiguous_file_block,A1_s2_lifetime,3,2,0.6,1.0086629011864223,0.10656183210971709,0.1839861528711625,0.06896551724137931
contiguous_file_block,A1_s2_lifetime,3,2,0.65,1.00361435839052,0.11122444557450406,0.19261014853378483,0.06896551724137931
contiguous_file_block,A1_s2_lifetime,3,2,0.7000000000000001,1.0060747117629265,0.12004552020755449,0.20098255606300397,0.06357758620689655
contiguous_file_block,A1_s2_lifetime,3,2,0.75,1.0070866215028662,0.13212961033418275,0.21120759806752182,0.05495689655172414
contiguous_file_block,A1_s2_lifetime,3,2,0.8,1.0063101616968146,0.14247713048716848,0.22397018380402728,0.05387931034482758
contiguous_file_block,A1_s2_lifetime,3,2,0.85,1.003074512668282,0.15206281657970044,0.24103938555645515,0.05172413793103448
contiguous_file_block,A1_s2_lifetime,3,2,0.9,1.0019845284509592,0.16073808976758142,0.25744031199534073,0.05387931034482758
contiguous_file_block,A1_s2_lifetime,4,3,0.1,1.0090035943494682,0.10477518450498247,0.21143713874904385,0.09621993127147767
contiguous_file_block,A1_s2_lifetime,4,3,0.15000000000000002,1.0155458116557807,0.0997017410261904,0.19686800998480325,0.09507445589919816
contiguous_file_block,A1_s2_lifetime,4,3,0.2,1.011857562133076,0.09753876476576867,0.18659813571152833,0.08934707903780069
contiguous_file_block,A1_s2_lifetime,4,3,0.25,1.0169815561990674,0.09667483623933915,0.1781998127751595,0.07903780068728522
contiguous_file_block,A1_s2_lifetime,4,3,0.30000000000000004,1.016986151875759,0.09491537528417399,0.17364625887792157,0.07331042382588775
contiguous_file_block,A1_s2_lifetime,4,3,0.35,1.010718648136121,0.09183876165844934,0.1696563317348429,0.07903780068728522
contiguous_file_block,A1_s2_lifetime,4,3,0.4,1.0086341508909349,0.09219408193310963,0.1686578416452824,0.07445589919816724
contiguous_file_block,A1_s2_lifetime,4,3,0.45000000000000007,1.0077789192973614,0.09296261717686372,0.16912313656292455,0.06987399770904926
contiguous_file_block,A1_s2_lifetime,4,3,0.5,1.0037789535245458,0.0933178472796869,0.17154058411252954,0.07903780068728522
contiguous_file_block,A1_s2_lifetime,4,3,0.55,1.0049952176299242,0.09590886839828067,0.1779659959931209,0.07445589919816724
contiguous_file_block,A1_s2_lifetime,4,3,0.6,1.0057404233190634,0.10050603565077448,0.18528434731739857,0.07216494845360824
contiguous_file_block,A1_s2_lifetime,4,3,0.65,1.0038984882326365,0.10401246168540274,0.1950064488016982,0.07560137457044673
contiguous_file_block,A1_s2_lifetime,4,3,0.7000000000000001,1.0056382000988244,0.11092636801178607,0.20793059453216228,0.07674684994272624
contiguous_file_block,A1_s2_lifetime,4,3,0.75,1.00686353659013,0.11967000034473207,0.22096627259246532,0.07445589919816724
contiguous_file_block,A1_s2_lifetime,4,3,0.8,1.0048487804196993,0.12899824533346704,0.2325190012001756,0.07445589919816724
contiguous_file_block,A1_s2_lifetime,4,3,0.85,1.003518535893314,0.1410004261686264,0.24670971798611113,0.06758304696449026
contiguous_file_block,A1_s2_lifetime,4,3,0.9,0.999480368120161,0.15074571022439698,0.2591815036306449,0.06414662084765177
contiguous_file_block,A2_s1_dt_r2,0,1,0.1,1.0076509602392227,0.16003648389812974,0.29898940312930505,0.08413205537806177
contiguous_file_block,A2_s1_dt_r2,0,1,0.15000000000000002,1.0119433015208716,0.1508643484042535,0.2772535172747339,0.08200212992545261
contiguous_file_block,A2_s1_dt_r2,0,1,0.2,1.0138468312844673,0.1431139105882263,0.25972863219571746,0.07561235356762513
contiguous_file_block,A2_s1_dt_r2,0,1,0.25,1.0233170618019694,0.1348855425479054,0.24330578484174414,0.07667731629392971
contiguous_file_block,A2_s1_dt_r2,0,1,0.30000000000000004,1.031731010186006,0.127969155475543,0.23016967026955382,0.07667731629392971
contiguous_file_block,A2_s1_dt_r2,0,1,0.35,1.0291573325612535,0.12281629780919817,0.21453634057988058,0.07348242811501597
contiguous_file_block,A2_s1_dt_r2,0,1,0.4,1.026868051999122,0.11801454649957194,0.20175117009746918,0.06922257720979766
contiguous_file_block,A2_s1_dt_r2,0,1,0.45000000000000007,1.0217657420956472,0.11189864311411635,0.19125049659880555,0.06283280085197018
contiguous_file_block,A2_s1_dt_r2,0,1,0.5,1.0221291620383484,0.10637762809494089,0.18355813542902072,0.06602768903088392
contiguous_file_block,A2_s1_dt_r2,0,1,0.55,1.0225489590443786,0.10009211860903605,0.1771602853895382,0.07348242811501597
contiguous_file_block,A2_s1_dt_r2,0,1,0.6,1.0149756518524469,0.09502514712540522,0.17566509259909935,0.07561235356762513
contiguous_file_block,A2_s1_dt_r2,0,1,0.65,1.0187370794957435,0.09214153249774393,0.17711845024123501,0.07987220447284345
contiguous_file_block,A2_s1_dt_r2,0,1,0.7000000000000001,1.0146001009509376,0.09134405140944235,0.17821325147257938,0.08306709265175719
contiguous_file_block,A2_s1_dt_r2,0,1,0.75,1.0131370719786903,0.09109293245454342,0.18418281859209795,0.08626198083067092
contiguous_file_block,A2_s1_dt_r2,0,1,0.8,1.014550452248687,0.0926303571446691,0.18541534687115552,0.09478168264110756
contiguous_file_block,A2_s1_dt_r2,0,1,0.85,1.0097236553145001,0.09758870910002981,0.19048218186956917,0.10010649627263046
contiguous_file_block,A2_s1_dt_r2,0,1,0.9,1.011162312481105,0.10576885934531333,0.19809973029438455,0.08945686900958466
contiguous_file_block,A2_s1_dt_r2,1,0,0.1,1.0076509602392227,0.16296583739565046,0.2969100701136191,0.07479861910241657
contiguous_file_block,A2_s1_dt_r2,1,0,0.15000000000000002,1.0119433015208716,0.15219378758750562,0.2808478856756802,0.07940161104718067
contiguous_file_block,A2_s1_dt_r2,1,0,0.2,1.0138468312844673,0.14444738615503783,0.2630868646451348,0.07364787111622555
contiguous_file_block,A2_s1_dt_r2,1,0,0.25,1.0233170618019694,0.1400325030134848,0.2479280213004289,0.06444188722669736
contiguous_file_block,A2_s1_dt_r2,1,0,0.30000000000000004,1.031731010186006,0.1330065073683182,0.23225131408757022,0.06559263521288838
contiguous_file_block,A2_s1_dt_r2,1,0,0.35,1.0291573325612535,0.12622442112530124,0.21731177135482527,0.05983889528193326
contiguous_file_block,A2_s1_dt_r2,1,0,0.4,1.026868051999122,0.12149741618778354,0.2106108439557856,0.05983889528193326
contiguous_file_block,A2_s1_dt_r2,1,0,0.45000000000000007,1.0217657420956472,0.1136744024519542,0.2008013406400393,0.06789413118527042
contiguous_file_block,A2_s1_dt_r2,1,0,0.5,1.0221291620383484,0.10945573904588018,0.19745464887455205,0.06329113924050633
contiguous_file_block,A2_s1_dt_r2,1,0,0.55,1.0225489590443786,0.10304516668208791,0.18801128360785385,0.07019562715765247
contiguous_file_block,A2_s1_dt_r2,1,0,0.6,1.0149756518524469,0.10055226163277226,0.17659975280176365,0.06098964326812428
contiguous_file_block,A2_s1_dt_r2,1,0,0.65,1.0187370794957435,0.09952500568724792,0.17064528532687095,0.05868814729574223
contiguous_file_block,A2_s1_dt_r2,1,0,0.7000000000000001,1.0146001009509376,0.09825003764255963,0.16858787299281303,0.06559263521288838
contiguous_file_block,A2_s1_dt_r2,1,0,0.75,1.0131370719786903,0.09817515491510015,0.17285224779973518,0.06904487917146145
contiguous_file_block,A2_s1_dt_r2,1,0,0.8,1.014550452248687,0.10122934364710168,0.18275775229619629,0.07249712313003452
contiguous_file_block,A2_s1_dt_r2,1,0,0.85,1.0097236553145001,0.10241304820986002,0.19022276506323899,0.08170310701956271
contiguous_file_block,A2_s1_dt_r2,1,0,0.9,1.011162312481105,0.10952705438435184,0.19962059725507575,0.07940161104718067
contiguous_file_block,A2_s1_dt_r2,2,1,0.1,1.012484363920976,0.1608335550595575,0.3000350989306055,0.08413205537806177
contiguous_file_block,A2_s1_dt_r2,2,1,0.15000000000000002,1.0295949243822298,0.15087244437393166,0.27899560707127347,0.08413205537806177
contiguous_file_block,A2_s1_dt_r2,2,1,0.2,1.0296746040566087,0.1430250775643735,0.26113408694553014,0.07987220447284345
contiguous_file_block,A2_s1_dt_r2,2,1,0.25,1.031740315027473,0.13625654505327528,0.24399017964670927,0.07454739084132056
contiguous_file_block,A2_s1_dt_r2,2,1,0.30000000000000004,1.0526255719540933,0.128639852922862,0.23119807006683313,0.07880724174653887
contiguous_file_block,A2_s1_dt_r2,2,1,0.35,1.0524512286384042,0.1232830160482567,0.21565016810354282,0.07561235356762513
contiguous_file_block,A2_s1_dt_r2,2,1,0.4,1.0496636130654293,0.11878128935906052,0.20443068451341534,0.0670926517571885
contiguous_file_block,A2_s1_dt_r2,2,1,0.45000000000000007,1.0198487490203534,0.11370956938023552,0.1930001859601123,0.059637912673056445
contiguous_file_block,A2_s1_dt_r2,2,1,0.5,1.0281677316408613,0.10578784546216535,0.18546930162447728,0.0670926517571885
contiguous_file_block,A2_s1_dt_r2,2,1,0.55,1.0393105597703964,0.10035178139037915,0.1768324354289172,0.07135250266240682
contiguous_file_block,A2_s1_dt_r2,2,1,0.6,1.024627474918994,0.09656956648256843,0.1745543116662988,0.07135250266240682
contiguous_file_block,A2_s1_dt_r2,2,1,0.65,1.029212696625878,0.09281823257537491,0.1752271509811446,0.07561235356762513
contiguous_file_block,A2_s1_dt_r2,2,1,0.7000000000000001,1.0275907045401862,0.09110864510074496,0.17696238875069614,0.08519701810436635
contiguous_file_block,A2_s1_dt_r2,2,1,0.75,1.0198779495221153,0.09146665939319315,0.1841126720423984,0.08413205537806177
contiguous_file_block,A2_s1_dt_r2,2,1,0.8,1.0166946165148398,0.09343457395664656,0.1855358056973186,0.08839190628328009
contiguous_file_block,A2_s1_dt_r2,2,1,0.85,1.0123742059228908,0.0989683891252317,0.19150775043725926,0.09691160809371673
contiguous_file_block,A2_s1_dt_r2,2,1,0.9,1.0113048498175878,0.10644692337657258,0.19758764634271292,0.08945686900958466
contiguous_file_block,A2_s1_dt_r2,3,2,0.1,0.9957706970116302,0.17143874685050842,0.2949249751673397,0.059267241379310345
contiguous_file_block,A2_s1_dt_r2,3,2,0.15000000000000002,0.9961675117530244,0.16225753210964605,0.27780262398369726,0.059267241379310345
contiguous_file_block,A2_s1_dt_r2,3,2,0.2,0.9983322548328776,0.15162856382194706,0.26254753892181165,0.0625
contiguous_file_block,A2_s1_dt_r2,3,2,0.25,1.0207997721024884,0.14364333270877327,0.24775765107027298,0.05818965517241379
contiguous_file_block,A2_s1_dt_r2,3,2,0.30000000000000004,1.0166232002676299,0.1335419692069454,0.22760907466192898,0.0603448275862069
contiguous_file_block,A2_s1_dt_r2,3,2,0.35,1.0121700820970696,0.12629775793764036,0.2126648505371358,0.05495689655172414
contiguous_file_block,A2_s1_dt_r2,3,2,0.4,1.0118891428678323,0.11600891830816057,0.20086139249342344,0.0603448275862069
contiguous_file_block,A2_s1_dt_r2,3,2,0.45000000000000007,1.00648495457892,0.11262081692041093,0.18696180426274023,0.04849137931034483
contiguous_file_block,A2_s1_dt_r2,3,2,0.5,1.0030553018653707,0.10576011527323625,0.1751292125770335,0.04849137931034483
contiguous_file_block,A2_s1_dt_r2,3,2,0.55,1.0041899324565715,0.10164490116214975,0.17024528431000902,0.04956896551724138
contiguous_file_block,A2_s1_dt_r2,3,2,0.6,1.0118680474251096,0.098543379039364,0.1679092600349708,0.05603448275862069
contiguous_file_block,A2_s1_dt_r2,3,2,0.65,1.0115552500964204,0.09344948591536995,0.16439505099476065,0.0625
contiguous_file_block,A2_s1_dt_r2,3,2,0.7000000000000001,1.0060227465109453,0.09077504111399376,0.16895536865961092,0.07004310344827586
contiguous_file_block,A2_s1_dt_r2,3,2,0.75,1.0110751010332173,0.08916652785050261,0.1693406574151058,0.08512931034482758
contiguous_file_block,A2_s1_dt_r2,3,2,0.8,1.005444507126278,0.09242469228197392,0.17532741583721584,0.08620689655172414
contiguous_file_block,A2_s1_dt_r2,3,2,0.85,1.0024806644319002,0.10013266117077663,0.18032566999095417,0.07866379310344827
contiguous_file_block,A2_s1_dt_r2,3,2,0.9,1.0057159235014634,0.10646546273678653,0.1914071611765522,0.07543103448275862
contiguous_file_block,A2_s1_dt_r2,4,3,0.1,1.003306387546874,0.16938366329638582,0.290811380273608,0.06987399770904926
contiguous_file_block,A2_s1_dt_r2,4,3,0.15000000000000002,1.0087149574707137,0.16051554034848214,0.2747617664228232,0.06872852233676977
contiguous_file_block,A2_s1_dt_r2,4,3,0.2,1.0078107823029252,0.15141625915022838,0.25679956962481626,0.06300114547537228
contiguous_file_block,A2_s1_dt_r2,4,3,0.25,1.0082276429287425,0.1412689242193687,0.23907162097590973,0.05956471935853379
contiguous_file_block,A2_s1_dt_r2,4,3,0.30000000000000004,1.0101901654227217,0.13292852174186887,0.2276981212840381,0.06071019473081329
contiguous_file_block,A2_s1_dt_r2,4,3,0.35,1.0132480396181291,0.12412128478239187,0.21183460171468732,0.06414662084765177
contiguous_file_block,A2_s1_dt_r2,4,3,0.4,1.032072790281814,0.11635587919650686,0.2008820514525877,0.0572737686139748
contiguous_file_block,A2_s1_dt_r2,4,3,0.45000000000000007,1.0303873471285796,0.1135750010055252,0.18192506841369277,0.050400916380297825
contiguous_file_block,A2_s1_dt_r2,4,3,0.5,1.011985932533077,0.10677219333561061,0.17390789410529028,0.045819014891179836
contiguous_file_block,A2_s1_dt_r2,4,3,0.55,1.011348703032472,0.10242131941253707,0.16733544816044166,0.043528064146620846
contiguous_file_block,A2_s1_dt_r2,4,3,0.6,1.0130979702477836,0.09475299777472368,0.16340698874518306,0.056128293241695305
contiguous_file_block,A2_s1_dt_r2,4,3,0.65,1.0170297867621638,0.09105236663772726,0.16236975372340895,0.06529209621993128
contiguous_file_block,A2_s1_dt_r2,4,3,0.7000000000000001,1.0170936706522158,0.08801145820723688,0.16398834755915404,0.07445589919816724
contiguous_file_block,A2_s1_dt_r2,4,3,0.75,1.0070586177230223,0.08596767332683841,0.1689709236409368,0.0859106529209622
contiguous_file_block,A2_s1_dt_r2,4,3,0.8,1.0056063714481578,0.08705941439290715,0.17594308081179233,0.09163802978235967
contiguous_file_block,A2_s1_dt_r2,4,3,0.85,1.0035665003953553,0.09421740637317838,0.18539600668089173,0.08934707903780069
contiguous_file_block,A2_s1_dt_r2,4,3,0.9,1.0054572683539644,0.10288986652704424,0.19121813425475992,0.0836197021764032
contiguous_file_block,A3_s2_lifetime_r2,0,1,0.1,1.002862837155986,0.09175686990670023,0.16747543843857576,0.06922257720979766
contiguous_file_block,A3_s2_lifetime_r2,0,1,0.15000000000000002,1.0073748810064886,0.0898972338375103,0.1616540784838535,0.06815761448349308
contiguous_file_block,A3_s2_lifetime_r2,0,1,0.2,1.008792953239347,0.08652614177583479,0.1590030015979691,0.06922257720979766
contiguous_file_block,A3_s2_lifetime_r2,0,1,0.25,1.012176826334282,0.08658627117898032,0.156975116972139,0.0724174653887114
contiguous_file_block,A3_s2_lifetime_r2,0,1,0.30000000000000004,1.013363636085447,0.0868703293707343,0.15465606838908558,0.07348242811501597
contiguous_file_block,A3_s2_lifetime_r2,0,1,0.35,1.0152876205392674,0.09005716398656544,0.156642502625705,0.06815761448349308
contiguous_file_block,A3_s2_lifetime_r2,0,1,0.4,1.0107622378448542,0.0947263003285112,0.15989525382269515,0.059637912673056445
contiguous_file_block,A3_s2_lifetime_r2,0,1,0.45000000000000007,1.0114280195794922,0.09844736389358633,0.16541401805005784,0.05324813631522897
contiguous_file_block,A3_s2_lifetime_r2,0,1,0.5,1.0124450223759087,0.1034174957076347,0.17106254587853098,0.05218317358892439
contiguous_file_block,A3_s2_lifetime_r2,0,1,0.55,1.007604557402165,0.1104649904974409,0.17397997483719485,0.055378061767838126
contiguous_file_block,A3_s2_lifetime_r2,0,1,0.6,1.0135181152506143,0.11640051988247452,0.18493122683030055,0.05218317358892439
contiguous_file_block,A3_s2_lifetime_r2,0,1,0.65,1.0067458552129904,0.12355439246057703,0.19716531009989718,0.05005324813631523
contiguous_file_block,A3_s2_lifetime_r2,0,1,0.7000000000000001,1.0082628329388066,0.12898952030378452,0.21014612776813252,0.05324813631522897
contiguous_file_block,A3_s2_lifetime_r2,0,1,0.75,1.011003657768855,0.1372666692072182,0.2258737160971639,0.05005324813631523
contiguous_file_block,A3_s2_lifetime_r2,0,1,0.8,1.015660633401573,0.14376751801558424,0.2415265803450513,0.05218317358892439
contiguous_file_block,A3_s2_lifetime_r2,0,1,0.85,1.014711849682894,0.15287026976448692,0.25423586701307077,0.051118210862619806
contiguous_file_block,A3_s2_lifetime_r2,0,1,0.9,1.0096239325573486,0.16190079710002347,0.26772168002656216,0.04579339723109691
contiguous_file_block,A3_s2_lifetime_r2,1,0,0.1,1.002862837155986,0.09474682871604323,0.16118712828836412,0.06329113924050633
contiguous_file_block,A3_s2_lifetime_r2,1,0,0.15000000000000002,1.0073748810064886,0.0909990785142899,0.15876616578383995,0.06559263521288838
contiguous_file_block,A3_s2_lifetime_r2,1,0,0.2,1.008792953239347,0.08816053755593617,0.15419995449763946,0.0713463751438435
contiguous_file_block,A3_s2_lifetime_r2,1,0,0.25,1.012176826334282,0.0862709692998711,0.15911440581580688,0.0713463751438435
contiguous_file_block,A3_s2_lifetime_r2,1,0,0.30000000000000004,1.013363636085447,0.08815337512248056,0.159258375365868,0.0667433831990794
contiguous_file_block,A3_s2_lifetime_r2,1,0,0.35,1.0152876205392674,0.08996714933566963,0.15857000569019403,0.05753739930955121
contiguous_file_block,A3_s2_lifetime_r2,1,0,0.4,1.0107622378448542,0.09168871805969242,0.15597381151209755,0.05753739930955121
contiguous_file_block,A3_s2_lifetime_r2,1,0,0.45000000000000007,1.0114280195794922,0.09376748029000354,0.16053601843487753,0.06214039125431531
contiguous_file_block,A3_s2_lifetime_r2,1,0,0.5,1.0124450223759087,0.09758649872194652,0.16719787138434522,0.07249712313003452
contiguous_file_block,A3_s2_lifetime_r2,1,0,0.55,1.007604557402165,0.10243275770134047,0.1745596356715735,0.06904487917146145
contiguous_file_block,A3_s2_lifetime_r2,1,0,0.6,1.0135181152506143,0.10739802336014609,0.1876108525348671,0.06559263521288838
contiguous_file_block,A3_s2_lifetime_r2,1,0,0.65,1.0067458552129904,0.11444145649538351,0.19734126712277872,0.06789413118527042
contiguous_file_block,A3_s2_lifetime_r2,1,0,0.7000000000000001,1.0082628329388066,0.12053818462876265,0.20527575076214383,0.06904487917146145
contiguous_file_block,A3_s2_lifetime_r2,1,0,0.75,1.011003657768855,0.12857028947165255,0.21763976797269552,0.06904487917146145
contiguous_file_block,A3_s2_lifetime_r2,1,0,0.8,1.015660633401573,0.1390519837702478,0.22872778757479706,0.06098964326812428
contiguous_file_block,A3_s2_lifetime_r2,1,0,0.85,1.014711849682894,0.14783663762517452,0.23970464316794482,0.05983889528193326
contiguous_file_block,A3_s2_lifetime_r2,1,0,0.9,1.0096239325573486,0.15611088467683853,0.252652381329824,0.05638665132336018
contiguous_file_block,A3_s2_lifetime_r2,2,1,0.1,1.0016101086519724,0.09244701866034782,0.16661610967546298,0.06815761448349308
contiguous_file_block,A3_s2_lifetime_r2,2,1,0.15000000000000002,1.0025142374463367,0.09038312015495453,0.16209602609880774,0.06496272630457935
contiguous_file_block,A3_s2_lifetime_r2,2,1,0.2,1.006210897950408,0.0870869633333946,0.15977009804992914,0.06815761448349308
contiguous_file_block,A3_s2_lifetime_r2,2,1,0.25,1.0096830969785828,0.08669301855338934,0.1570430325170329,0.0724174653887114
contiguous_file_block,A3_s2_lifetime_r2,2,1,0.30000000000000004,1.0112749510544154,0.08717968518745023,0.15512108694610388,0.07348242811501597
contiguous_file_block,A3_s2_lifetime_r2,2,1,0.35,1.005952850765254,0.0895111898630655,0.1569117772476376,0.06815761448349308
contiguous_file_block,A3_s2_lifetime_r2,2,1,0.4,1.0068994579370951,0.09464479914467544,0.15962372354531867,0.059637912673056445
contiguous_file_block,A3_s2_lifetime_r2,2,1,0.45000000000000007,1.005895482556802,0.098333169965723,0.16601424090367095,0.05324813631522897
contiguous_file_block,A3_s2_lifetime_r2,2,1,0.5,1.0032563608258083,0.1031865717853897,0.1709659388269139,0.054313099041533544
contiguous_file_block,A3_s2_lifetime_r2,2,1,0.55,1.0036385978297382,0.11008250037487743,0.17413156111069983,0.055378061767838126
contiguous_file_block,A3_s2_lifetime_r2,2,1,0.6,1.0124552414673633,0.11620103380703872,0.18500039670999013,0.054313099041533544
contiguous_file_block,A3_s2_lifetime_r2,2,1,0.65,1.0053730756755348,0.12343475607240773,0.197340016428111,0.051118210862619806
contiguous_file_block,A3_s2_lifetime_r2,2,1,0.7000000000000001,1.0060560272347026,0.1292706439721497,0.21049300178333413,0.05324813631522897
contiguous_file_block,A3_s2_lifetime_r2,2,1,0.75,1.0067653726952337,0.1372493817715158,0.22573022036300067,0.04898828541001065
contiguous_file_block,A3_s2_lifetime_r2,2,1,0.8,1.003563323678437,0.1438842906744492,0.2412862116115475,0.05218317358892439
contiguous_file_block,A3_s2_lifetime_r2,2,1,0.85,1.0022429087224212,0.15286420531714368,0.25395912727633674,0.051118210862619806
contiguous_file_block,A3_s2_lifetime_r2,2,1,0.9,1.0015526979408487,0.16198134198791497,0.26772283440632877,0.04579339723109691
contiguous_file_block,A3_s2_lifetime_r2,3,2,0.1,1.0036549963069727,0.08732664219026931,0.16211259886385554,0.07974137931034483
contiguous_file_block,A3_s2_lifetime_r2,3,2,0.15000000000000002,1.0061041722017217,0.0863296729487324,0.1593875466739445,0.07435344827586207
contiguous_file_block,A3_s2_lifetime_r2,3,2,0.2,1.0068098244157837,0.08541911397451385,0.15502902617622655,0.07219827586206896
contiguous_file_block,A3_s2_lifetime_r2,3,2,0.25,1.0120015614802889,0.08588075652754884,0.150153916133428,0.07112068965517242
contiguous_file_block,A3_s2_lifetime_r2,3,2,0.30000000000000004,1.0141183300285175,0.08678170893086873,0.15055110409440825,0.0668103448275862
contiguous_file_block,A3_s2_lifetime_r2,3,2,0.35,1.007682418831242,0.08872806246610587,0.153631793547368,0.0625
contiguous_file_block,A3_s2_lifetime_r2,3,2,0.4,1.0074802795052795,0.09110022200098461,0.15641986678058123,0.061422413793103446
contiguous_file_block,A3_s2_lifetime_r2,3,2,0.45000000000000007,1.0062437015927166,0.09583527848710732,0.16233184160023967,0.059267241379310345
contiguous_file_block,A3_s2_lifetime_r2,3,2,0.5,1.005139616514945,0.10053192566284386,0.16676621494071542,0.05818965517241379
contiguous_file_block,A3_s2_lifetime_r2,3,2,0.55,1.0034169918200813,0.1061848527170608,0.17368698458796145,0.05818965517241379
contiguous_file_block,A3_s2_lifetime_r2,3,2,0.6,1.0152633787562064,0.11129112740850122,0.18293532601032442,0.0603448275862069
contiguous_file_block,A3_s2_lifetime_r2,3,2,0.65,1.0087469511654887,0.11714116142072228,0.1963419841064959,0.059267241379310345
contiguous_file_block,A3_s2_lifetime_r2,3,2,0.7000000000000001,1.0065203425715756,0.12603054780357892,0.20699570284069302,0.057112068965517244
contiguous_file_block,A3_s2_lifetime_r2,3,2,0.75,1.0085906481197775,0.13561702818953114,0.22178645107993805,0.05603448275862069
contiguous_file_block,A3_s2_lifetime_r2,3,2,0.8,1.0071320070922105,0.14696291070294581,0.2338328752126846,0.05387931034482758
contiguous_file_block,A3_s2_lifetime_r2,3,2,0.85,1.0018337712116656,0.1545770375298292,0.2439978423371767,0.04956896551724138
contiguous_file_block,A3_s2_lifetime_r2,3,2,0.9,1.0000240526724682,0.1629512913561899,0.25772408820798054,0.04956896551724138
contiguous_file_block,A3_s2_lifetime_r2,4,3,0.1,1.0065372263861652,0.08778492971449736,0.17028963678129594,0.08132875143184422
contiguous_file_block,A3_s2_lifetime_r2,4,3,0.15000000000000002,1.0093798698354473,0.08728303110068708,0.1638042104081462,0.07789232531500573
contiguous_file_block,A3_s2_lifetime_r2,4,3,0.2,1.0074334356960704,0.08474711942505647,0.16008123845478467,0.08247422680412371
contiguous_file_block,A3_s2_lifetime_r2,4,3,0.25,1.011454293253284,0.08354264194117317,0.15883638199405997,0.0859106529209622
contiguous_file_block,A3_s2_lifetime_r2,4,3,0.30000000000000004,1.011877777567398,0.08565026059589637,0.15649688776723913,0.07331042382588775
contiguous_file_block,A3_s2_lifetime_r2,4,3,0.35,1.0067816370065725,0.08835396040313931,0.1575939686700788,0.06071019473081329
contiguous_file_block,A3_s2_lifetime_r2,4,3,0.4,1.007593020504479,0.09096184203344476,0.1632546878369941,0.06071019473081329
contiguous_file_block,A3_s2_lifetime_r2,4,3,0.45000000000000007,1.0056772899229154,0.09322072897489331,0.16601636558555477,0.06414662084765177
contiguous_file_block,A3_s2_lifetime_r2,4,3,0.5,1.0038704770689981,0.09540136540060612,0.1727127966798055,0.07216494845360824
contiguous_file_block,A3_s2_lifetime_r2,4,3,0.55,1.0024660423963283,0.09967137998823927,0.18167083177740118,0.06529209621993128
contiguous_file_block,A3_s2_lifetime_r2,4,3,0.6,1.0043381361358343,0.10691323418516313,0.19006362689917683,0.06300114547537228
contiguous_file_block,A3_s2_lifetime_r2,4,3,0.65,1.0079632380004218,0.11282596168564196,0.1995117183740372,0.06529209621993128
contiguous_file_block,A3_s2_lifetime_r2,4,3,0.7000000000000001,1.0083969199443192,0.11999710436417987,0.20893476938524191,0.06643757159221077
contiguous_file_block,A3_s2_lifetime_r2,4,3,0.75,1.006847705856829,0.1277212663162426,0.22177486452966544,0.06414662084765177
contiguous_file_block,A3_s2_lifetime_r2,4,3,0.8,1.0046779546474993,0.13570158954661216,0.23625069273791738,0.06643757159221077
contiguous_file_block,A3_s2_lifetime_r2,4,3,0.85,1.003501594476579,0.1435047535563143,0.24937267630044269,0.06300114547537228
contiguous_file_block,A3_s2_lifetime_r2,4,3,0.9,1.002363907586285,0.14950031349808185,0.26211343889242306,0.06643757159221077
contiguous_file_block,A4_both,0,1,0.1,1.0016065712960223,0.08972366791703057,0.16148826663480592,0.0724174653887114
contiguous_file_block,A4_both,0,1,0.15000000000000002,1.0033298587954942,0.08469918616001754,0.15460224025268754,0.0724174653887114
contiguous_file_block,A4_both,0,1,0.2,1.004713553549318,0.08025754028040522,0.1479438864121937,0.07348242811501597
contiguous_file_block,A4_both,0,1,0.25,1.006995026452746,0.07596751601234991,0.14199035536781301,0.07987220447284345
contiguous_file_block,A4_both,0,1,0.30000000000000004,1.0079138277399757,0.07080645437511829,0.1366435949494741,0.09371671991480299
contiguous_file_block,A4_both,0,1,0.35,1.0068161494501502,0.07001685097579674,0.13418053986386164,0.09478168264110756
contiguous_file_block,A4_both,0,1,0.4,1.0062229189599639,0.06804100008297903,0.13149904256771577,0.09478168264110756
contiguous_file_block,A4_both,0,1,0.45000000000000007,1.0066664945173969,0.06708796483828583,0.1337361362271094,0.09904153354632587
contiguous_file_block,A4_both,0,1,0.5,1.0058742005742813,0.06869345704240909,0.13614127264309478,0.09691160809371673
contiguous_file_block,A4_both,0,1,0.55,1.0045752140306687,0.07059528177681262,0.1398348025651736,0.0926517571884984
contiguous_file_block,A4_both,0,1,0.6,1.0024948769419515,0.0753409688486627,0.14350447908685482,0.08519701810436635
contiguous_file_block,A4_both,0,1,0.65,1.00212422112752,0.07935702534181127,0.1505252762808192,0.0926517571884984
contiguous_file_block,A4_both,0,1,0.7000000000000001,1.0014711910376666,0.08508592036324969,0.16036927845686733,0.09371671991480299
contiguous_file_block,A4_both,0,1,0.75,1.0024190381641487,0.08805621279587117,0.16924149432470037,0.09691160809371673
contiguous_file_block,A4_both,0,1,0.8,1.0011601185650516,0.09270036878288879,0.17757789346496494,0.09691160809371673
contiguous_file_block,A4_both,0,1,0.85,1.0020038020672282,0.10014733186505259,0.19071752910842887,0.09584664536741214
contiguous_file_block,A4_both,0,1,0.9,1.0007679752124234,0.10793033505461036,0.19838844890467705,0.09158679446219382
contiguous_file_block,A4_both,1,0,0.1,1.0016065712960223,0.09095498480862024,0.1617018784201934,0.0713463751438435
contiguous_file_block,A4_both,1,0,0.15000000000000002,1.0033298587954942,0.08600199866328306,0.1517948603219853,0.07019562715765247
contiguous_file_block,A4_both,1,0,0.2,1.004713553549318,0.08287837221498656,0.14487446552575145,0.07019562715765247
contiguous_file_block,A4_both,1,0,0.25,1.006995026452746,0.07820116799748933,0.13971167762373665,0.07479861910241657
contiguous_file_block,A4_both,1,0,0.30000000000000004,1.0079138277399757,0.07650715792116669,0.1325195353937943,0.0713463751438435
contiguous_file_block,A4_both,1,0,0.35,1.0068161494501502,0.07567990182765788,0.133581255720923,0.07019562715765247
contiguous_file_block,A4_both,1,0,0.4,1.0062229189599639,0.07108721010353503,0.13331152376166316,0.08285385500575373
contiguous_file_block,A4_both,1,0,0.45000000000000007,1.0066664945173969,0.07281146972482783,0.1329672732413008,0.07479861910241657
contiguous_file_block,A4_both,1,0,0.5,1.0058742005742813,0.07253905781656622,0.1340241736696388,0.0805523590333717
contiguous_file_block,A4_both,1,0,0.55,1.0045752140306687,0.07375177499895758,0.1366761369544101,0.07940161104718067
contiguous_file_block,A4_both,1,0,0.6,1.0024948769419515,0.07557435672126661,0.14012426310419607,0.08400460299194476
contiguous_file_block,A4_both,1,0,0.65,1.00212422112752,0.07840455823693648,0.14472641892174415,0.0805523590333717
contiguous_file_block,A4_both,1,0,0.7000000000000001,1.0014711910376666,0.08468619498678909,0.1506025939675386,0.07710011507479862
contiguous_file_block,A4_both,1,0,0.75,1.0024190381641487,0.09017268157307512,0.15878860483548024,0.07825086306098965
contiguous_file_block,A4_both,1,0,0.8,1.0011601185650516,0.09480017923564654,0.17083373999803203,0.08285385500575373
contiguous_file_block,A4_both,1,0,0.85,1.0020038020672282,0.09956806622398928,0.18092192702377835,0.08170310701956271
contiguous_file_block,A4_both,1,0,0.9,1.0007679752124234,0.10656170651613739,0.19215760843599167,0.0805523590333717
contiguous_file_block,A4_both,2,1,0.1,1.0005074490741055,0.0892111209361447,0.1613432753472792,0.07667731629392971
contiguous_file_block,A4_both,2,1,0.15000000000000002,1.0025331914394522,0.08399877787919224,0.15423392422002835,0.07454739084132056
contiguous_file_block,A4_both,2,1,0.2,1.0037552891695494,0.07952804212199005,0.14770703484533004,0.0777422790202343
contiguous_file_block,A4_both,2,1,0.25,1.0058262282883317,0.07631517930376303,0.14262883927156156,0.07561235356762513
contiguous_file_block,A4_both,2,1,0.30000000000000004,1.0062981064513599,0.0717332387510492,0.13660292065660068,0.0926517571884984
contiguous_file_block,A4_both,2,1,0.35,1.0053268841842313,0.07086126342556293,0.13559841953000407,0.0926517571884984
contiguous_file_block,A4_both,2,1,0.4,1.0045462502854479,0.06934426524576526,0.13309817093257026,0.08945686900958466
contiguous_file_block,A4_both,2,1,0.45000000000000007,1.004384500296339,0.06793587025156861,0.13157039384524033,0.09371671991480299
contiguous_file_block,A4_both,2,1,0.5,1.0046406725225454,0.06866575133553432,0.13427370568824903,0.09584664536741214
contiguous_file_block,A4_both,2,1,0.55,1.0029080842563474,0.07126322216147102,0.1394662791162613,0.09371671991480299
contiguous_file_block,A4_both,2,1,0.6,1.001829104399159,0.07402391389331714,0.14492480721083473,0.08839190628328009
contiguous_file_block,A4_both,2,1,0.65,1.0020298950714053,0.07901132397082977,0.15136200972408392,0.08945686900958466
contiguous_file_block,A4_both,2,1,0.7000000000000001,1.0013503182779815,0.08385513559985358,0.16061475177778223,0.0926517571884984
contiguous_file_block,A4_both,2,1,0.75,1.0034674895161981,0.08879917514301555,0.16866251126581738,0.09584664536741214
contiguous_file_block,A4_both,2,1,0.8,1.0008306266479141,0.0953826063426968,0.17657230770990284,0.09052183173588925
contiguous_file_block,A4_both,2,1,0.85,1.0004745234339216,0.10147312426898436,0.18762049796901126,0.0926517571884984
contiguous_file_block,A4_both,2,1,0.9,1.0035947804473184,0.10723121813239139,0.19571789323165867,0.09158679446219382
contiguous_file_block,A4_both,3,2,0.1,1.0026295946641266,0.08530407873190238,0.15944394162133535,0.08297413793103449
contiguous_file_block,A4_both,3,2,0.15000000000000002,1.0049718827739231,0.08105446932996646,0.15139116204494468,0.08405172413793104
contiguous_file_block,A4_both,3,2,0.2,1.005672792219237,0.0773520592785989,0.14651596804978717,0.08512931034482758
contiguous_file_block,A4_both,3,2,0.25,1.0059246491160203,0.07318115997547459,0.13985638942510475,0.08836206896551724
contiguous_file_block,A4_both,3,2,0.30000000000000004,1.0052366536403012,0.07193697563323448,0.13533695733385803,0.08512931034482758
contiguous_file_block,A4_both,3,2,0.35,1.0048926348569673,0.06942805738872454,0.13372127136536954,0.08728448275862069
contiguous_file_block,A4_both,3,2,0.4,1.0048244542278528,0.06522328581520137,0.13153561846567596,0.10452586206896551
contiguous_file_block,A4_both,3,2,0.45000000000000007,1.0052701485683349,0.06541435478596247,0.1335111637843962,0.10237068965517242
contiguous_file_block,A4_both,3,2,0.5,1.0048393150666302,0.06826742605656083,0.13494412410740214,0.08728448275862069
contiguous_file_block,A4_both,3,2,0.55,1.004129379864522,0.07062156861841734,0.13545723129840664,0.08728448275862069
contiguous_file_block,A4_both,3,2,0.6,1.002178336419514,0.07311922689095546,0.13646341608649815,0.08728448275862069
contiguous_file_block,A4_both,3,2,0.65,1.0021627272250595,0.07718845653626094,0.1455201389591172,0.08405172413793104
contiguous_file_block,A4_both,3,2,0.7000000000000001,1.001375352077644,0.07968769313589091,0.153696020661919,0.09590517241379311
contiguous_file_block,A4_both,3,2,0.75,1.0035177189587525,0.08512788576829905,0.1596394709337826,0.09159482758620689
contiguous_file_block,A4_both,3,2,0.8,1.0039651146500537,0.09344405306526204,0.17170862622435595,0.08620689655172414
contiguous_file_block,A4_both,3,2,0.85,1.0022272924966038,0.10066408625094919,0.1805523778207031,0.08081896551724138
contiguous_file_block,A4_both,3,2,0.9,1.0015677275011265,0.1061873307909173,0.18973144836793526,0.07758620689655173
contiguous_file_block,A4_both,4,3,0.1,1.003309888048341,0.08556860475636335,0.16418184717998036,0.08018327605956473
contiguous_file_block,A4_both,4,3,0.15000000000000002,1.0040835295056683,0.0802317818956838,0.1576432903476767,0.0836197021764032
contiguous_file_block,A4_both,4,3,0.2,1.0071237665148756,0.07625248766450177,0.14978895591210828,0.0859106529209622
contiguous_file_block,A4_both,4,3,0.25,1.0074574328562096,0.07223790421686127,0.14210133514607454,0.08705612829324169
contiguous_file_block,A4_both,4,3,0.30000000000000004,1.0072047803954893,0.07004147742306499,0.13704530794033376,0.08934707903780069
contiguous_file_block,A4_both,4,3,0.35,1.0062264745862497,0.06647942926018491,0.13174807195421123,0.10423825887743414
contiguous_file_block,A4_both,4,3,0.4,1.0052489116546885,0.0656982816948199,0.13162688326673805,0.10538373424971363
contiguous_file_block,A4_both,4,3,0.45000000000000007,1.007274776323385,0.06464593836272636,0.1298604499431899,0.10309278350515463
contiguous_file_block,A4_both,4,3,0.5,1.0065183786533585,0.06498065629187139,0.1304220688486077,0.10309278350515463
contiguous_file_block,A4_both,4,3,0.55,1.0053388130176832,0.06815033636756529,0.1301311664333466,0.08934707903780069
contiguous_file_block,A4_both,4,3,0.6,1.0028517313825291,0.06931971648615248,0.13366834977870523,0.09621993127147767
contiguous_file_block,A4_both,4,3,0.65,1.0018591748699432,0.07117350303173842,0.14084087785122412,0.09736540664375716
contiguous_file_block,A4_both,4,3,0.7000000000000001,1.0021630084331232,0.07615634463050402,0.14885170033129397,0.09392898052691867
contiguous_file_block,A4_both,4,3,0.75,1.0021638486469548,0.08070196823666176,0.15789237861855487,0.09163802978235967
contiguous_file_block,A4_both,4,3,0.8,1.0003831255394595,0.08498319318625258,0.17086922198684645,0.09621993127147767
contiguous_file_block,A4_both,4,3,0.85,1.0007211807410068,0.09343223291175112,0.18185290982905017,0.0882016036655212
contiguous_file_block,A4_both,4,3,0.9,0.9994815157036265,0.10150070634440994,0.19160186023644188,0.08476517754868271
contiguous_file_block,A5_both_file_linear,0,1,0.1,0.9999141535636227,0.09020288806214904,0.16225616872516124,0.07135250266240682
contiguous_file_block,A5_both_file_linear,0,1,0.15000000000000002,1.002305720449328,0.08429748286004624,0.15576480211608973,0.07561235356762513
contiguous_file_block,A5_both_file_linear,0,1,0.2,1.0045632914809663,0.08054671761288301,0.14853837962463595,0.07135250266240682
contiguous_file_block,A5_both_file_linear,0,1,0.25,1.0060044529925982,0.07610907608750528,0.14241809124325677,0.07987220447284345
contiguous_file_block,A5_both_file_linear,0,1,0.30000000000000004,1.0062382099207396,0.0714677093922016,0.13702442463409614,0.08945686900958466
contiguous_file_block,A5_both_file_linear,0,1,0.35,1.0056260815616294,0.06986850228434932,0.1344054080976026,0.0926517571884984
contiguous_file_block,A5_both_file_linear,0,1,0.4,1.0052949919467395,0.06792263861217601,0.1318510338272817,0.09691160809371673
contiguous_file_block,A5_both_file_linear,0,1,0.45000000000000007,1.0057990315769318,0.06681595640881266,0.13377882679247766,0.10010649627263046
contiguous_file_block,A5_both_file_linear,0,1,0.5,1.0048832127376612,0.06878152836934076,0.13606601526471507,0.09478168264110756
contiguous_file_block,A5_both_file_linear,0,1,0.55,1.0040402431053899,0.06997340688089843,0.1397311319018973,0.0926517571884984
contiguous_file_block,A5_both_file_linear,0,1,0.6,1.003039009740648,0.07551478827211028,0.14288940609155726,0.08519701810436635
contiguous_file_block,A5_both_file_linear,0,1,0.65,1.0026401262795128,0.07959870534539915,0.15018125136115873,0.09052183173588925
contiguous_file_block,A5_both_file_linear,0,1,0.7000000000000001,1.0020328679963384,0.08411285300523019,0.15993805324138133,0.09478168264110756
contiguous_file_block,A5_both_file_linear,0,1,0.75,1.0029046263958319,0.08848960673567668,0.16919819935557595,0.09691160809371673
contiguous_file_block,A5_both_file_linear,0,1,0.8,1.0019720884990242,0.0931195670749303,0.17793311966872744,0.09691160809371673
contiguous_file_block,A5_both_file_linear,0,1,0.85,1.0026352865825219,0.10026914722669328,0.19051612003835783,0.09584664536741214
contiguous_file_block,A5_both_file_linear,0,1,0.9,1.0009793628530905,0.10785977459643753,0.19865469298071542,0.09158679446219382
contiguous_file_block,A5_both_file_linear,1,0,0.1,0.9999141535636227,0.09117272467176696,0.16265248910277386,0.06904487917146145
contiguous_file_block,A5_both_file_linear,1,0,0.15000000000000002,1.002305720449328,0.08603880745410031,0.15180069190738416,0.06904487917146145
contiguous_file_block,A5_both_file_linear,1,0,0.2,1.0045632914809663,0.08259160596757464,0.14537218670303925,0.0713463751438435
contiguous_file_block,A5_both_file_linear,1,0,0.25,1.0060044529925982,0.07896157315760882,0.14004552005887277,0.07364787111622555
contiguous_file_block,A5_both_file_linear,1,0,0.30000000000000004,1.0062382099207396,0.07658893152387974,0.13371017794541157,0.0713463751438435
contiguous_file_block,A5_both_file_linear,1,0,0.35,1.0056260815616294,0.07599472281591907,0.1335218008416595,0.06904487917146145
contiguous_file_block,A5_both_file_linear,1,0,0.4,1.0052949919467395,0.07161300918838426,0.1321940330206926,0.08170310701956271
contiguous_file_block,A5_both_file_linear,1,0,0.45000000000000007,1.0057990315769318,0.07322070553952131,0.13263158992797902,0.07364787111622555
contiguous_file_block,A5_both_file_linear,1,0,0.5,1.0048832127376612,0.07216638983946683,0.13321474415404505,0.07825086306098965
contiguous_file_block,A5_both_file_linear,1,0,0.55,1.0040402431053899,0.07404414712719704,0.1360215751837351,0.07710011507479862
contiguous_file_block,A5_both_file_linear,1,0,0.6,1.003039009740648,0.0755463351284888,0.1398827701698706,0.08400460299194476
contiguous_file_block,A5_both_file_linear,1,0,0.65,1.0026401262795128,0.07807962743789304,0.1443332568342529,0.0805523590333717
contiguous_file_block,A5_both_file_linear,1,0,0.7000000000000001,1.0020328679963384,0.08413998067906292,0.15070272509296662,0.07825086306098965
contiguous_file_block,A5_both_file_linear,1,0,0.75,1.0029046263958319,0.08983067684549328,0.1580311102932389,0.07825086306098965
contiguous_file_block,A5_both_file_linear,1,0,0.8,1.0019720884990242,0.09442324133091506,0.16994612078422627,0.08170310701956271
contiguous_file_block,A5_both_file_linear,1,0,0.85,1.0026352865825219,0.09943994335400352,0.18070248798287525,0.08170310701956271
contiguous_file_block,A5_both_file_linear,1,0,0.9,1.0009793628530905,0.10707346834421294,0.1929213620494663,0.07940161104718067
contiguous_file_block,A5_both_file_linear,2,1,0.1,1.0000783564220694,0.08944481882096528,0.16153107319303966,0.07561235356762513
contiguous_file_block,A5_both_file_linear,2,1,0.15000000000000002,1.0022751452732894,0.08412782687920412,0.15439199919456564,0.07454739084132056
contiguous_file_block,A5_both_file_linear,2,1,0.2,1.00375604049976,0.079634372704592,0.14784759216328314,0.07667731629392971
contiguous_file_block,A5_both_file_linear,2,1,0.25,1.0058713550728102,0.07640058824926499,0.14266271402494768,0.07667731629392971
contiguous_file_block,A5_both_file_linear,2,1,0.30000000000000004,1.0059751733585558,0.07195795683895095,0.1364854057953438,0.09158679446219382
contiguous_file_block,A5_both_file_linear,2,1,0.35,1.005282578082906,0.07077982113428366,0.13575445892007748,0.09371671991480299
contiguous_file_block,A5_both_file_linear,2,1,0.4,1.0045975122712578,0.06934018623283472,0.13324976316033382,0.09052183173588925
contiguous_file_block,A5_both_file_linear,2,1,0.45000000000000007,1.0047503738455128,0.06785015555482043,0.13138428210877334,0.09478168264110756
contiguous_file_block,A5_both_file_linear,2,1,0.5,1.0044462407024461,0.06872946847342509,0.1339915718838569,0.09584664536741214
contiguous_file_block,A5_both_file_linear,2,1,0.55,1.003148688575454,0.07117250264590919,0.1394781465904794,0.09371671991480299
contiguous_file_block,A5_both_file_linear,2,1,0.6,1.0017122641910619,0.07415475746952166,0.14468947619621808,0.08732694355697551
contiguous_file_block,A5_both_file_linear,2,1,0.65,1.0021007339376857,0.07889024730751981,0.15112665005727427,0.08945686900958466
contiguous_file_block,A5_both_file_linear,2,1,0.7000000000000001,1.001801568525107,0.08373513596583398,0.16049096782552486,0.0926517571884984
contiguous_file_block,A5_both_file_linear,2,1,0.75,1.0032911526546644,0.08874835092249439,0.16869799498559046,0.09584664536741214
contiguous_file_block,A5_both_file_linear,2,1,0.8,1.0040517893232437,0.09518566006091533,0.1765491232841257,0.09052183173588925
contiguous_file_block,A5_both_file_linear,2,1,0.85,1.0006520042748117,0.10111476350308923,0.1876227940916546,0.0926517571884984
contiguous_file_block,A5_both_file_linear,2,1,0.9,1.0029663811730727,0.10683469687819541,0.1953065312440384,0.0926517571884984
contiguous_file_block,A5_both_file_linear,3,2,0.1,1.0056813791325148,0.08539002427164805,0.15965332446326952,0.08297413793103449
contiguous_file_block,A5_both_file_linear,3,2,0.15000000000000002,1.005973946901916,0.08131099358928562,0.1514998792376434,0.08297413793103449
contiguous_file_block,A5_both_file_linear,3,2,0.2,1.008438967779864,0.0774023113798657,0.14662109316128447,0.08405172413793104
contiguous_file_block,A5_both_file_linear,3,2,0.25,1.0080132430806645,0.07303493325798954,0.13964735378991766,0.08836206896551724
contiguous_file_block,A5_both_file_linear,3,2,0.30000000000000004,1.0075779699736183,0.0720361085397268,0.13540240236287637,0.08405172413793104
contiguous_file_block,A5_both_file_linear,3,2,0.35,1.0070614947606646,0.06953345067410382,0.13353765723610245,0.08728448275862069
contiguous_file_block,A5_both_file_linear,3,2,0.4,1.0067679709466797,0.06529978113435259,0.13144503654005651,0.10452586206896551
contiguous_file_block,A5_both_file_linear,3,2,0.45000000000000007,1.006566010652187,0.06541844288026771,0.13355141857137576,0.10237068965517242
contiguous_file_block,A5_both_file_linear,3,2,0.5,1.0065811431132285,0.06822099602781628,0.1349671486577138,0.08728448275862069
contiguous_file_block,A5_both_file_linear,3,2,0.55,1.0053669580653977,0.07060678823591726,0.13542897511574242,0.08728448275862069
contiguous_file_block,A5_both_file_linear,3,2,0.6,1.0037553670418249,0.07306214695289776,0.13647158278069854,0.08728448275862069
contiguous_file_block,A5_both_file_linear,3,2,0.65,1.0052712516005033,0.07726379226743163,0.14545643293234384,0.08405172413793104
contiguous_file_block,A5_both_file_linear,3,2,0.7000000000000001,1.0028337562169598,0.07963997546486218,0.15386218281112507,0.09590517241379311
contiguous_file_block,A5_both_file_linear,3,2,0.75,1.0048919602258362,0.08516134731548858,0.15961372452201622,0.09267241379310345
contiguous_file_block,A5_both_file_linear,3,2,0.8,1.0019507794037104,0.09334741555955878,0.17161890219998144,0.08620689655172414
contiguous_file_block,A5_both_file_linear,3,2,0.85,1.0029642259216192,0.10056954355947656,0.1803838503971591,0.08081896551724138
contiguous_file_block,A5_both_file_linear,3,2,0.9,1.0029779078799401,0.10594642063018483,0.18957092022911876,0.07758620689655173
contiguous_file_block,A5_both_file_linear,4,3,0.1,1.0036268892067333,0.0846229629754946,0.16472019580830538,0.08132875143184422
contiguous_file_block,A5_both_file_linear,4,3,0.15000000000000002,1.0042387050772996,0.0803353334766081,0.15789485253634833,0.08247422680412371
contiguous_file_block,A5_both_file_linear,4,3,0.2,1.0069403044268186,0.07628063666930518,0.14919967078615737,0.0859106529209622
contiguous_file_block,A5_both_file_linear,4,3,0.25,1.0069737603562112,0.07179512844550229,0.14246459241766846,0.08934707903780069
contiguous_file_block,A5_both_file_linear,4,3,0.30000000000000004,1.0066977831432553,0.07002693827275092,0.13650082255263002,0.0882016036655212
contiguous_file_block,A5_both_file_linear,4,3,0.35,1.0063283468745114,0.06618417161433227,0.13117354014640392,0.10538373424971363
contiguous_file_block,A5_both_file_linear,4,3,0.4,1.0059061810151526,0.06515740172343626,0.13176515412246248,0.10538373424971363
contiguous_file_block,A5_both_file_linear,4,3,0.45000000000000007,1.0070434270385271,0.06455308754297728,0.13008778798451082,0.10538373424971363
contiguous_file_block,A5_both_file_linear,4,3,0.5,1.0068982915517872,0.06519610262266018,0.13036809870110888,0.10194730813287514
contiguous_file_block,A5_both_file_linear,4,3,0.55,1.0055335488117447,0.0685034634155341,0.13079064928644357,0.09049255441008018
contiguous_file_block,A5_both_file_linear,4,3,0.6,1.0030331088260558,0.06887745910565757,0.13468010578731027,0.10080183276059565
contiguous_file_block,A5_both_file_linear,4,3,0.65,1.0026661597141497,0.0707996883150171,0.14181102833112957,0.09851088201603665
contiguous_file_block,A5_both_file_linear,4,3,0.7000000000000001,1.0022541056674776,0.07565740343765748,0.14972803047908478,0.09621993127147767
contiguous_file_block,A5_both_file_linear,4,3,0.75,1.001761342482899,0.08056641252750624,0.15817975699468423,0.09049255441008018
contiguous_file_block,A5_both_file_linear,4,3,0.8,1.0005629364486313,0.08422558155282778,0.1698462464092345,0.09621993127147767
contiguous_file_block,A5_both_file_linear,4,3,0.85,1.0016309723991363,0.09322484414044807,0.1818130775612713,0.0859106529209622
contiguous_file_block,A5_both_file_linear,4,3,0.9,1.0007440110629355,0.10067759234797341,0.19163072752175153,0.08476517754868271
